Charm++: standalone mode (not using charmrun)
Charm++> Running in Multicore mode: 8 threads (PEs)
Charm++> Using recursive bisection (scheme 3) for topology aware partitions
Converse/Charm++ Commit ID: 
CharmLB> Load balancer assumes all CPUs are same.
Charm++> Running on 1 hosts (1 sockets x 4 cores x 2 PUs = 8-way SMP)
Charm++> cpu topology info is gathered in 0.000 seconds.
Info: Built with CUDA version 11080
Did not find +devices i,j,k,... argument, using all
Pe 7 physical rank 7 will use CUDA device of pe 4
Pe 1 physical rank 1 will use CUDA device of pe 4
Pe 0 physical rank 0 will use CUDA device of pe 4
Pe 2 physical rank 2 will use CUDA device of pe 4
Pe 3 physical rank 3 will use CUDA device of pe 4
Pe 5 physical rank 5 will use CUDA device of pe 4
Pe 6 physical rank 6 will use CUDA device of pe 4
Pe 4 physical rank 4 binding to CUDA device 0 on pcd311e.icmab-csic.icmab.es: 'NVIDIA GeForce GTX 1080'  Mem: 8100MB  Rev: 6.1  PCI: 0:65:0
CharmLB> Load balancing instrumentation for communication is off.
Info: NAMD 3.0.2 for Linux-x86_64-multicore-CUDA
Info: 
Info: Please visit http://www.ks.uiuc.edu/Research/namd/
Info: for updates, documentation, and support information.
Info: 
Info: Please cite Phillips et al., J. Chem. Phys. 153:044130 (2020) doi:10.1063/5.0014475
Info: in all publications reporting results obtained with NAMD.
Info: 
Info: Based on Charm++/Converse 80000 for multicore-linux-x86_64-gcc
Info: Built Wed Aug 27 15:48:11 CDT 2025 by dhardy on athine.ks.uiuc.edu
Info: 1 NAMD  3.0.2  Linux-x86_64-multicore-CUDA  8    pcd311e.icmab-csic.icmab.es  jordi
Info: Running on 8 processors, 1 nodes, 1 physical nodes.
Info: CPU topology information available.
Info: Charm++/Converse parallel runtime startup completed at 0.179927 s
CkLoopLib is used in SMP with simple dynamic scheduling (converse-level notification)
Info: 0 MB of memory in use based on /proc/self/stat
Info: Configuration file is Forcez_NVT.namd
Info: Working in the current directory /home/jordi/Cursos/SSN_2026/tutorial_nanotubs_membrana_modificat/simulation/nonequilibrium4
TCL: Suspending until startup complete.
Warning: Option "1-4scaling" has been deprecated. Instead use "oneFourScaling".
Info: EXTENDED SYSTEM FILE   ../equilibration/MDequil.restart.xsc
Warning: The Langevin gamma parameters differ over the particles,
Warning: requiring extra work per step to constrain rigid bonds.
Info: SIMULATION PARAMETERS:
Info: TIMESTEP               2
Info: NUMBER OF STEPS        0
Info: STEPS PER CYCLE        10
Info: PERIODIC CELL BASIS 1  23 0 0
Info: PERIODIC CELL BASIS 2  0 19.919 0
Info: PERIODIC CELL BASIS 3  0 0 49.2169
Info: PERIODIC CELL CENTER   0 0 0
Info: WRAPPING WATERS AROUND PERIODIC BOUNDARIES ON OUTPUT.
Info: WRAPPING ALL CLUSTERS AROUND PERIODIC BOUNDARIES ON OUTPUT.
Info: LOAD BALANCER  Centralized
Info: LOAD BALANCING STRATEGY  New Load Balancers -- DEFAULT
Info: LDB PERIOD             2000 steps
Info: FIRST LDB TIMESTEP     50
Info: LAST LDB TIMESTEP     -1
Info: LDB BACKGROUND SCALING 1
Info: HOM BACKGROUND SCALING 1
Info: PME BACKGROUND SCALING 1
Info: MIN ATOMS PER PATCH    40
Info: EMPTY PATCH LOAD       40 ATOMS
Info: VELOCITY FILE          ../equilibration/MDequil.restart.vel
Info: CENTER OF MASS MOVING INITIALLY? NO
Info: DIELECTRIC             1
Info: EXCLUDE                SCALED ONE-FOUR
Info: 1-4 ELECTROSTATICS SCALED BY 1
Info: MODIFIED 1-4 VDW PARAMETERS WILL BE USED
Info: DCD FILENAME           MD.dcd
Info: DCD FREQUENCY          5000
Info: DCD FIRST STEP         5000
Info: DCD FILE WILL CONTAIN UNIT CELL DATA
Info: XST FILENAME           MD.xst
Info: XST FREQUENCY          5000
Info: NO VELOCITY DCD OUTPUT
Info: NO FORCE DCD OUTPUT
Info: OUTPUT FILENAME        MD
Info: BINARY OUTPUT FILES WILL BE USED
Info: RESTART FILENAME       MD.restart
Info: RESTART FREQUENCY      50000
Info: BINARY RESTART FILES WILL BE USED
Info: SWITCHING ACTIVE
Info: SWITCHING ON           10
Info: SWITCHING OFF          12
Info: PAIRLIST DISTANCE      14
Info: PAIRLIST SHRINK RATE   0.01
Info: PAIRLIST GROW RATE     0.01
Info: PAIRLIST TRIGGER       0.3
Info: PAIRLISTS PER CYCLE    2
Info: PAIRLISTS ENABLED
Info: MARGIN                 0
Info: HYDROGEN GROUP CUTOFF  2.5
Info: PATCH DIMENSION        16.5
Info: ENERGY OUTPUT STEPS    5000
Info: ENERGY EVALUATION STEPS    5000
Info: OUTPUT ENERGY PRECISION 4
Info: CROSSTERM ENERGY INCLUDED IN DIHEDRAL
Info: TIMING OUTPUT STEPS    50000
Info: PRESSURE OUTPUT STEPS  5000
Info: FIXED ATOMS ACTIVE
Info: TCL GLOBAL FORCES ACTIVE
Info: TCL GLOBAL FORCES SCRIPT INLINED IN CONFIG FILE
Info: LANGEVIN DYNAMICS ACTIVE
Info: LANGEVIN TEMPERATURE   300
Info: LANGEVIN USING BBK INTEGRATOR
Info: LANGEVIN DAMPING COEFFICIENT IS 1 INVERSE PS
Info: LANGEVIN DYNAMICS NOT APPLIED TO HYDROGENS
Info: PARTICLE MESH EWALD (PME) ACTIVE
Info: PME TOLERANCE               1e-06
Info: PME EWALD COEFFICIENT       0.257952
Info: PME INTERPOLATION ORDER     4
Info: PME GRID DIMENSIONS         24 20 54
Info: PME MAXIMUM GRID SPACING    1
Info: PME CALCULATION WILL BE PERFORMED ON GPU
Info: FULL ELECTROSTATIC EVALUATION FREQUENCY      2
Info: USING VERLET I (r-RESPA) MTS SCHEME.
Info: C1 SPLITTING OF LONG RANGE ELECTROSTATICS
Info: PLACING ATOMS IN PATCHES BY HYDROGEN GROUPS
Info: RIGID BONDS TO HYDROGEN : ALL
Info:         ERROR TOLERANCE : 1e-08
Info:          MAX ITERATIONS : 100
Info: RIGID WATER USING SETTLE ALGORITHM
Info: RANDOM NUMBER SEED     1777568480
Info: USE HYDROGEN BONDS?    NO
Info: COORDINATE PDB         ../input/system.pdb
Info: STRUCTURE FILE         ../input/system.psf
Info: PARAMETER file: CHARMM format! 
Info: PARAMETERS             ../input/par_nanotubes.inp
Info: PARAMETERS             ../input/par_water_ions.inp
Info: USING ARITHMETIC MEAN TO COMBINE L-J SIGMA PARAMETERS
Info: BINARY COORDINATES     ../equilibration/MDequil.restart.coor
Info: SUMMARY OF PARAMETERS:
Info: 4 BONDS
Info: 2 ANGLES
Info: 1 DIHEDRAL
Info: 0 IMPROPER
Info: 0 CROSSTERM
Info: 16 VDW
Info: 2 VDW_PAIRS
Info: 0 NBTHOLE_PAIRS
Info: TIME FOR READING PSF FILE: 0.0153945
Info: Reading pdb file ../input/system.pdb
Info: TIME FOR READING PDB FILE: 0.0033294
Info: 
Info: ****************************
Info: STRUCTURE SUMMARY:
Info: 2160 ATOMS
Info: 1872 BONDS
Info: 2064 ANGLES
Info: 2928 DIHEDRALS
Info: 0 IMPROPERS
Info: 0 CROSSTERMS
Info: 0 EXCLUSIONS
Info: 576 FIXED ATOMS
Info: 1584 RIGID BONDS
Info: 0 RIGID BONDS BETWEEN FIXED ATOMS
Info: 3168 DEGREES OF FREEDOM
Info: 1104 HYDROGEN GROUPS
Info: 3 ATOMS IN LARGEST HYDROGEN GROUP
Info: 1104 MIGRATION GROUPS
Info: 3 ATOMS IN LARGEST MIGRATION GROUP
Info: 576 HYDROGEN GROUPS WITH ALL ATOMS FIXED
Info: TOTAL MASS = 16430.5 amu
Info: TOTAL CHARGE = 0 e
Info: MASS DENSITY = 1.21004 g/cm^3
Info: ATOM DENSITY = 0.0957952 atoms/A^3
Info: *****************************
Info: Reading from binary file ../equilibration/MDequil.restart.coor
Info: 
Info: Entering startup at 0.210915 s, 0 MB of memory in use
Info: Startup phase 0 took 7.1612e-05 s, 0 MB of memory in use
Info: ADDED 6144 IMPLICIT EXCLUSIONS
Info: Startup phase 1 took 0.00157946 s, 0 MB of memory in use
Info: NONBONDED TABLE R-SQUARED SPACING: 0.0625
Info: NONBONDED TABLE SIZE: 769 POINTS
Info: INCONSISTENCY IN FAST TABLE ENERGY VS FORCE: 0.000325096 AT 11.9556
Info: INCONSISTENCY IN SCOR TABLE ENERGY VS FORCE: 0.000324844 AT 11.9556
Info: INCONSISTENCY IN VDWA TABLE ENERGY VS FORCE: 0.0040507 AT 0.251946
Info: INCONSISTENCY IN VDWB TABLE ENERGY VS FORCE: 0.00150189 AT 0.251946
Info: Startup phase 2 took 0.000566211 s, 0 MB of memory in use
Info: Startup phase 3 took 6.5395e-05 s, 0 MB of memory in use
Info: Startup phase 4 took 6.7717e-05 s, 0 MB of memory in use
Info: Startup phase 5 took 5.9424e-05 s, 0 MB of memory in use
Info: PATCH GRID IS 2 (PERIODIC) BY 2 (PERIODIC) BY 2 (PERIODIC)
Info: PATCH GRID IS 2-AWAY BY 2-AWAY BY 1-AWAY
Info: Reading from binary file ../equilibration/MDequil.restart.vel
Info: REMOVING COM VELOCITY 0.0869811 0.0846564 -0.120092
Info: LARGEST PATCH (5) HAS 282 ATOMS
Info: TORUS A SIZE 1 USING 0
Info: TORUS B SIZE 1 USING 0
Info: TORUS C SIZE 1 USING 0
Info: TORUS MINIMAL MESH SIZE IS 1 BY 1 BY 1
Info: Placed 100% of base nodes on same physical node as patch
Info: Startup phase 6 took 0.000799862 s, 0 MB of memory in use
Info: Use 3D box decompostion in PME FFT.
Info: PME using 1 x 1 x 1 pencil grid for FFT and reciprocal sum.
Info: Startup phase 7 took 0.00015651 s, 0 MB of memory in use
Info: Updated CUDA force table with 4096 elements.
Info: Updated CUDA LJ table with 16 x 16 elements.
Info: Startup phase 8 took 0.00228869 s, 0 MB of memory in use
Info: Startup phase 9 took 8.1501e-05 s, 0 MB of memory in use
Info: Startup phase 10 took 6.2039e-05 s, 0 MB of memory in use
Info: Startup phase 11 took 0.00028113 s, 0 MB of memory in use
LDB: Central LB being created...
Info: Startup phase 12 took 0.0495495 s, 0 MB of memory in use
Info: CREATING 432 COMPUTE OBJECTS
Info: Found 4 unique exclusion lists needing 4 bytes
Info: useSync: 0 useProxySync: 0
Info: Startup phase 13 took 0.0495707 s, 0 MB of memory in use
Info: Startup phase 14 took 0.000149119 s, 0 MB of memory in use
Info: Startup phase 15 took 5.7937e-05 s, 0 MB of memory in use
Info: Finished startup at 0.316322 s, 0 MB of memory in use

TCL: Running for 500000 steps
PRESSURE: 0 -491.88 335.624 193.634 184.578 -897.257 -65.2886 77.9046 26.3639 177.365
GPRESSURE: 0 -623.783 299.081 217.936 263.921 -792.497 -39.8055 -76.7871 -71.6142 248.488
ETITLE:      TS           BOND          ANGLE          DIHED          IMPRP               ELECT            VDW       BOUNDARY           MISC        KINETIC               TOTAL           TEMP      POTENTIAL         TOTAL3        TEMPAVG            PRESSURE      GPRESSURE         VOLUME       PRESSAVG      GPRESSAVG

ENERGY:       0         0.0000         0.0000         0.0000         0.0000          -5640.6480       400.2066         0.0000         0.0000       915.3194          -4325.1221       290.7889     -5240.4415     -4323.2117       290.7889           -403.9237      -389.2639     22548.0941      -403.9237      -389.2639

OPENING EXTENDED SYSTEM TRAJECTORY FILE
LDB: ============= START OF LOAD BALANCING ============== 0.48401
LDB: ============== END OF LOAD BALANCING =============== 0.484521
Info: useSync: 0 useProxySync: 0
LDB: =============== DONE WITH MIGRATION ================ 0.484609
LDB: ============= START OF LOAD BALANCING ============== 0.671089
LDB: Partitioning computes with target load 0.000000
LDB: Increased migratable compute count from 0 to 0
LDB: Largest unpartitionable compute is 0.000000
LDB: ============== END OF LOAD BALANCING =============== 0.671253
Info: useSync: 0 useProxySync: 0
LDB: =============== DONE WITH MIGRATION ================ 0.671506
Info: Initial time: 8 CPUs 0.00463148 s/step 0.0268025 days/ns 0 MB memory
LDB: ============= START OF LOAD BALANCING ============== 0.720307
LDB: ============== END OF LOAD BALANCING =============== 0.721409
Info: useSync: 0 useProxySync: 0
LDB: =============== DONE WITH MIGRATION ================ 0.721693
LDB: ============= START OF LOAD BALANCING ============== 0.896829
LDB: TIME 0.896932 LOAD: AVG 0.0258557 MAX 0.16567  PROXIES: TOTAL 56 MAXPE 7 MAXPATCH 7 None MEM: 0 MB
LDB: TIME 0.897002 LOAD: AVG 0.0258557 MAX 0.16567  PROXIES: TOTAL 56 MAXPE 7 MAXPATCH 7 TorusLB MEM: 0 MB
LDB: ============== END OF LOAD BALANCING =============== 0.897094
Info: useSync: 0 useProxySync: 0
LDB: =============== DONE WITH MIGRATION ================ 0.897342
Info: Initial time: 8 CPUs 0.00443196 s/step 0.0256479 days/ns 0 MB memory
LDB: ============= START OF LOAD BALANCING ============== 1.1382
LDB: TIME 1.13913 LOAD: AVG 0.0320406 MAX 0.208114  PROXIES: TOTAL 56 MAXPE 7 MAXPATCH 7 None MEM: 0 MB
LDB: TIME 1.13919 LOAD: AVG 0.0320406 MAX 0.208114  PROXIES: TOTAL 56 MAXPE 7 MAXPATCH 7 RefineTorusLB MEM: 0 MB
LDB: TIME 1.13923 LOAD: AVG 0.0320406 MAX 0.208114  PROXIES: TOTAL 56 MAXPE 7 MAXPATCH 7 RefineTorusLB MEM: 0 MB
LDB: Reverting to original mapping
LDB: ============== END OF LOAD BALANCING =============== 1.14209
Info: useSync: 0 useProxySync: 0
LDB: =============== DONE WITH MIGRATION ================ 1.18909
Info: Initial time: 8 CPUs 0.00552368 s/step 0.0319658 days/ns 0 MB memory
LDB: ============= START OF LOAD BALANCING ============== 1.84009
LDB: TIME 1.85211 LOAD: AVG 0.0586759 MAX 0.398686  PROXIES: TOTAL 56 MAXPE 7 MAXPATCH 7 None MEM: 0 MB
LDB: TIME 1.8522 LOAD: AVG 0.0586759 MAX 0.398686  PROXIES: TOTAL 56 MAXPE 7 MAXPATCH 7 RefineTorusLB MEM: 0 MB
LDB: TIME 1.85223 LOAD: AVG 0.0586759 MAX 0.398686  PROXIES: TOTAL 56 MAXPE 7 MAXPATCH 7 RefineTorusLB MEM: 0 MB
LDB: Reverting to original mapping
LDB: ============== END OF LOAD BALANCING =============== 1.86409
Info: useSync: 0 useProxySync: 0
LDB: =============== DONE WITH MIGRATION ================ 1.95587
Info: Benchmark time: 8 CPUs 0.0123852 s/step 0.0716737 days/ns 0 MB memory
Info: Benchmark time: 8 CPUs 0.00919765 s/step 0.0532271 days/ns 0 MB memory
Info: Benchmark time: 8 CPUs 0.00923792 s/step 0.0534602 days/ns 0 MB memory
Info: Benchmark time: 8 CPUs 0.00929819 s/step 0.053809 days/ns 0 MB memory
Info: Benchmark time: 8 CPUs 0.00941804 s/step 0.0545025 days/ns 0 MB memory
Info: Benchmark time: 8 CPUs 0.00625744 s/step 0.036212 days/ns 0 MB memory
LDB: ============= START OF LOAD BALANCING ============== 13.1173
LDB: ============== END OF LOAD BALANCING =============== 13.1174
Info: useSync: 0 useProxySync: 0
LDB: =============== DONE WITH MIGRATION ================ 13.1174
LDB: ============= START OF LOAD BALANCING ============== 13.3246
LDB: TIME 13.3247 LOAD: AVG 0.0306402 MAX 0.19596  PROXIES: TOTAL 56 MAXPE 7 MAXPATCH 7 None MEM: 0 MB
LDB: TIME 13.3248 LOAD: AVG 0.0306402 MAX 0.19596  PROXIES: TOTAL 56 MAXPE 7 MAXPATCH 7 RefineTorusLB MEM: 0 MB
LDB: TIME 13.3248 LOAD: AVG 0.0306402 MAX 0.19596  PROXIES: TOTAL 56 MAXPE 7 MAXPATCH 7 RefineTorusLB MEM: 0 MB
LDB: ============== END OF LOAD BALANCING =============== 13.3249
Info: useSync: 0 useProxySync: 0
LDB: =============== DONE WITH MIGRATION ================ 13.3252
LDB: ============= START OF LOAD BALANCING ============== 24.9986
LDB: ============== END OF LOAD BALANCING =============== 24.9986
Info: useSync: 0 useProxySync: 0
LDB: =============== DONE WITH MIGRATION ================ 24.9987
LDB: ============= START OF LOAD BALANCING ============== 25.2681
LDB: TIME 25.2731 LOAD: AVG 0.0357412 MAX 0.199698  PROXIES: TOTAL 56 MAXPE 7 MAXPATCH 7 None MEM: 0 MB
LDB: TIME 25.2732 LOAD: AVG 0.0357412 MAX 0.199698  PROXIES: TOTAL 56 MAXPE 7 MAXPATCH 7 RefineTorusLB MEM: 0 MB
LDB: TIME 25.2732 LOAD: AVG 0.0357412 MAX 0.199698  PROXIES: TOTAL 56 MAXPE 7 MAXPATCH 7 RefineTorusLB MEM: 0 MB
LDB: ============== END OF LOAD BALANCING =============== 25.2775
Info: useSync: 0 useProxySync: 0
LDB: =============== DONE WITH MIGRATION ================ 25.2811
OPENING COORDINATE DCD FILE
WRITING COORDINATES TO DCD FILE MD.dcd AT STEP 5000
The last position output (seq=5000) takes 0.002 seconds, 0.000 MB of memory in use
PRESSURE: 5000 -903.81 469.941 278.815 274.511 -97.1035 652.45 -382.093 332.735 1234.9
GPRESSURE: 5000 -832.767 547.635 263.67 76.5532 69.9415 195.341 -518.529 595.283 1083.62
PRESSAVG: 5000 -268.562 39.8654 -43.4035 19.3738 -277.818 -11.7806 16.7086 20.8099 164.011
GPRESSAVG: 5000 -268.509 39.8368 -43.684 18.8823 -277.744 -11.7319 16.8722 20.9149 164.105
ENERGY:    5000         0.0000         0.0000         0.0000         0.0000          -5579.3749       390.4101         0.0000         0.0000       958.8678          -4230.0970       304.6239     -5188.9648     -4227.3397       295.2843             77.9944       106.9330     22548.0941      -127.4565      -127.3827

LDB: ============= START OF LOAD BALANCING ============== 38.4146
LDB: ============== END OF LOAD BALANCING =============== 38.4147
Info: useSync: 0 useProxySync: 0
LDB: =============== DONE WITH MIGRATION ================ 38.4148
LDB: ============= START OF LOAD BALANCING ============== 38.6271
LDB: TIME 38.6272 LOAD: AVG 0.0312211 MAX 0.198441  PROXIES: TOTAL 56 MAXPE 7 MAXPATCH 7 None MEM: 0 MB
LDB: TIME 38.6273 LOAD: AVG 0.0312211 MAX 0.198441  PROXIES: TOTAL 56 MAXPE 7 MAXPATCH 7 RefineTorusLB MEM: 0 MB
LDB: TIME 38.6273 LOAD: AVG 0.0312211 MAX 0.198441  PROXIES: TOTAL 56 MAXPE 7 MAXPATCH 7 RefineTorusLB MEM: 0 MB
LDB: ============== END OF LOAD BALANCING =============== 38.6274
Info: useSync: 0 useProxySync: 0
LDB: =============== DONE WITH MIGRATION ================ 38.6277
LDB: ============= START OF LOAD BALANCING ============== 50.8739
LDB: ============== END OF LOAD BALANCING =============== 50.874
Info: useSync: 0 useProxySync: 0
LDB: =============== DONE WITH MIGRATION ================ 50.8741
LDB: ============= START OF LOAD BALANCING ============== 51.1012
LDB: TIME 51.1067 LOAD: AVG 0.031469 MAX 0.201289  PROXIES: TOTAL 56 MAXPE 7 MAXPATCH 7 None MEM: 0 MB
LDB: TIME 51.1067 LOAD: AVG 0.031469 MAX 0.201289  PROXIES: TOTAL 56 MAXPE 7 MAXPATCH 7 RefineTorusLB MEM: 0 MB
LDB: TIME 51.1068 LOAD: AVG 0.031469 MAX 0.201289  PROXIES: TOTAL 56 MAXPE 7 MAXPATCH 7 RefineTorusLB MEM: 0 MB
LDB: Reverting to original mapping
LDB: ============== END OF LOAD BALANCING =============== 51.1069
Info: useSync: 0 useProxySync: 0
LDB: =============== DONE WITH MIGRATION ================ 51.1071
WRITING COORDINATES TO DCD FILE MD.dcd AT STEP 10000
The last position output (seq=10000) takes 0.000 seconds, 0.000 MB of memory in use
PRESSURE: 10000 1069.99 -12.9704 -148.757 146.271 45.2639 -330.66 -508.905 -297.351 335.525
GPRESSURE: 10000 1071.94 -268.967 -300.774 97.7712 135.632 -515.278 -597.21 -385.592 302.839
PRESSAVG: 10000 -168.206 -32.2363 40.8561 -39.8894 -42.1528 34.0206 27.8362 49.9627 196.085
GPRESSAVG: 10000 -167.876 -32.2275 41.086 -39.7552 -42.0369 33.8564 28.0786 49.9604 195.983
ENERGY:   10000         0.0000         0.0000         0.0000         0.0000          -5649.1517       445.5150         0.0000         0.0000       959.4875          -4244.1491       304.8208     -5203.6366     -4242.2609       300.8255            483.5939       503.4691     22548.0941        -4.7579        -4.6435

LDB: ============= START OF LOAD BALANCING ============== 63.7503
LDB: ============== END OF LOAD BALANCING =============== 63.7504
Info: useSync: 0 useProxySync: 0
LDB: =============== DONE WITH MIGRATION ================ 63.7505
LDB: ============= START OF LOAD BALANCING ============== 64.0178
LDB: TIME 64.0179 LOAD: AVG 0.0372746 MAX 0.248238  PROXIES: TOTAL 56 MAXPE 7 MAXPATCH 7 None MEM: 0 MB
LDB: TIME 64.0179 LOAD: AVG 0.0372746 MAX 0.248238  PROXIES: TOTAL 56 MAXPE 7 MAXPATCH 7 RefineTorusLB MEM: 0 MB
LDB: TIME 64.018 LOAD: AVG 0.0372746 MAX 0.248238  PROXIES: TOTAL 56 MAXPE 7 MAXPATCH 7 RefineTorusLB MEM: 0 MB
LDB: Reverting to original mapping
LDB: ============== END OF LOAD BALANCING =============== 64.0181
Info: useSync: 0 useProxySync: 0
LDB: =============== DONE WITH MIGRATION ================ 64.0183
LDB: ============= START OF LOAD BALANCING ============== 79.1072
LDB: ============== END OF LOAD BALANCING =============== 79.1072
Info: useSync: 0 useProxySync: 0
LDB: =============== DONE WITH MIGRATION ================ 79.1073
LDB: ============= START OF LOAD BALANCING ============== 79.33
LDB: TIME 79.3301 LOAD: AVG 0.03117 MAX 0.19865  PROXIES: TOTAL 56 MAXPE 7 MAXPATCH 7 None MEM: 0 MB
LDB: TIME 79.3302 LOAD: AVG 0.03117 MAX 0.19865  PROXIES: TOTAL 56 MAXPE 7 MAXPATCH 7 RefineTorusLB MEM: 0 MB
LDB: TIME 79.3302 LOAD: AVG 0.03117 MAX 0.19865  PROXIES: TOTAL 56 MAXPE 7 MAXPATCH 7 RefineTorusLB MEM: 0 MB
LDB: ============== END OF LOAD BALANCING =============== 79.3303
Info: useSync: 0 useProxySync: 0
LDB: =============== DONE WITH MIGRATION ================ 79.3306
LDB: ============= START OF LOAD BALANCING ============== 93.1621
LDB: ============== END OF LOAD BALANCING =============== 93.1651
Info: useSync: 0 useProxySync: 0
LDB: =============== DONE WITH MIGRATION ================ 93.1741
LDB: ============= START OF LOAD BALANCING ============== 93.689
LDB: TIME 93.6892 LOAD: AVG 0.0456925 MAX 0.271834  PROXIES: TOTAL 56 MAXPE 7 MAXPATCH 7 None MEM: 0 MB
LDB: TIME 93.6892 LOAD: AVG 0.0456925 MAX 0.271834  PROXIES: TOTAL 56 MAXPE 7 MAXPATCH 7 RefineTorusLB MEM: 0 MB
LDB: TIME 93.6893 LOAD: AVG 0.0456925 MAX 0.271834  PROXIES: TOTAL 56 MAXPE 7 MAXPATCH 7 RefineTorusLB MEM: 0 MB
LDB: Reverting to original mapping
LDB: ============== END OF LOAD BALANCING =============== 93.6893
Info: useSync: 0 useProxySync: 0
LDB: =============== DONE WITH MIGRATION ================ 93.6899
PRESSURE: 15000 191.448 -247.648 -23.091 32.3431 802.255 457.808 -198.213 584.335 -287.465
GPRESSURE: 15000 224.315 -356.175 236.744 258.26 513.953 516.945 -427.467 681.334 -1.74122
PRESSAVG: 15000 -166.502 29.5278 -57.8797 45.554 -178.435 -24.8977 -31.4972 -18.3586 184.741
GPRESSAVG: 15000 -166.421 29.0681 -57.3709 45.6059 -178.1 -25.1401 -31.686 -17.919 184.619
ENERGY:   15000         0.0000         0.0000         0.0000         0.0000          -5600.1338       416.7721         0.0000         0.0000       934.2539          -4249.1078       296.8043     -5183.3617     -4246.5411       303.9757            235.4127       245.5087     22548.0941       -53.3989       -53.3005

WRITING COORDINATES TO DCD FILE MD.dcd AT STEP 15000
The last position output (seq=15000) takes 0.000 seconds, 0.000 MB of memory in use
LDB: ============= START OF LOAD BALANCING ============== 107.496
LDB: ============== END OF LOAD BALANCING =============== 107.496
Info: useSync: 0 useProxySync: 0
LDB: =============== DONE WITH MIGRATION ================ 107.496
LDB: ============= START OF LOAD BALANCING ============== 107.742
LDB: TIME 107.742 LOAD: AVG 0.0331913 MAX 0.213654  PROXIES: TOTAL 56 MAXPE 7 MAXPATCH 7 None MEM: 0 MB
LDB: TIME 107.742 LOAD: AVG 0.0331913 MAX 0.213654  PROXIES: TOTAL 56 MAXPE 7 MAXPATCH 7 RefineTorusLB MEM: 0 MB
LDB: TIME 107.742 LOAD: AVG 0.0331913 MAX 0.213654  PROXIES: TOTAL 56 MAXPE 7 MAXPATCH 7 RefineTorusLB MEM: 0 MB
LDB: ============== END OF LOAD BALANCING =============== 107.742
Info: useSync: 0 useProxySync: 0
LDB: =============== DONE WITH MIGRATION ================ 107.743
LDB: ============= START OF LOAD BALANCING ============== 122.561
LDB: ============== END OF LOAD BALANCING =============== 122.567
Info: useSync: 0 useProxySync: 0
LDB: =============== DONE WITH MIGRATION ================ 122.591
LDB: ============= START OF LOAD BALANCING ============== 123.085
LDB: TIME 123.09 LOAD: AVG 0.0476803 MAX 0.296785  PROXIES: TOTAL 56 MAXPE 7 MAXPATCH 7 None MEM: 0 MB
LDB: TIME 123.09 LOAD: AVG 0.0476803 MAX 0.296785  PROXIES: TOTAL 56 MAXPE 7 MAXPATCH 7 RefineTorusLB MEM: 0 MB
LDB: TIME 123.09 LOAD: AVG 0.0476803 MAX 0.296785  PROXIES: TOTAL 56 MAXPE 7 MAXPATCH 7 RefineTorusLB MEM: 0 MB
LDB: ============== END OF LOAD BALANCING =============== 123.094
Info: useSync: 0 useProxySync: 0
LDB: =============== DONE WITH MIGRATION ================ 123.191
PRESSURE: 20000 -325.035 -225.755 -297.934 -360.244 -295.814 666.566 -304.224 191.09 490.767
GPRESSURE: 20000 -249.314 -567.331 -532.637 -233.061 -290.425 585.8 -204.666 118.279 495.922
PRESSAVG: 20000 -175.308 1.13678 31.6455 -19.4134 -154.986 51.834 37.4144 34.9524 129.813
GPRESSAVG: 20000 -175.589 1.33259 31.8507 -19.7922 -154.662 51.7564 37.3937 35.1061 129.631
ENERGY:   20000         0.0000         0.0000         0.0000         0.0000          -5639.6879       403.2903         0.0000         0.0000       957.9109          -4278.4868       304.3199     -5236.3976     -4275.4606       296.9910            -43.3606       -14.6056     22548.0941       -66.8271       -66.8730

WRITING COORDINATES TO DCD FILE MD.dcd AT STEP 20000
The last position output (seq=20000) takes 0.000 seconds, 0.000 MB of memory in use
LDB: ============= START OF LOAD BALANCING ============== 136.544
LDB: ============== END OF LOAD BALANCING =============== 136.547
Info: useSync: 0 useProxySync: 0
LDB: =============== DONE WITH MIGRATION ================ 136.559
LDB: ============= START OF LOAD BALANCING ============== 137.02
LDB: TIME 137.026 LOAD: AVG 0.0412074 MAX 0.273135  PROXIES: TOTAL 56 MAXPE 7 MAXPATCH 7 None MEM: 0 MB
LDB: TIME 137.026 LOAD: AVG 0.0412074 MAX 0.273135  PROXIES: TOTAL 56 MAXPE 7 MAXPATCH 7 RefineTorusLB MEM: 0 MB
LDB: TIME 137.026 LOAD: AVG 0.0412074 MAX 0.273135  PROXIES: TOTAL 56 MAXPE 7 MAXPATCH 7 RefineTorusLB MEM: 0 MB
LDB: ============== END OF LOAD BALANCING =============== 137.032
Info: useSync: 0 useProxySync: 0
LDB: =============== DONE WITH MIGRATION ================ 137.079
LDB: ============= START OF LOAD BALANCING ============== 150.189
LDB: ============== END OF LOAD BALANCING =============== 150.189
Info: useSync: 0 useProxySync: 0
LDB: =============== DONE WITH MIGRATION ================ 150.19
LDB: ============= START OF LOAD BALANCING ============== 150.416
LDB: TIME 150.416 LOAD: AVG 0.0323635 MAX 0.20888  PROXIES: TOTAL 56 MAXPE 7 MAXPATCH 7 None MEM: 0 MB
LDB: TIME 150.416 LOAD: AVG 0.0323635 MAX 0.20888  PROXIES: TOTAL 56 MAXPE 7 MAXPATCH 7 RefineTorusLB MEM: 0 MB
LDB: TIME 150.416 LOAD: AVG 0.0323635 MAX 0.20888  PROXIES: TOTAL 56 MAXPE 7 MAXPATCH 7 RefineTorusLB MEM: 0 MB
LDB: ============== END OF LOAD BALANCING =============== 150.417
Info: useSync: 0 useProxySync: 0
LDB: =============== DONE WITH MIGRATION ================ 150.417
LDB: ============= START OF LOAD BALANCING ============== 167.265
LDB: ============== END OF LOAD BALANCING =============== 167.269
Info: useSync: 0 useProxySync: 0
LDB: =============== DONE WITH MIGRATION ================ 167.281
LDB: ============= START OF LOAD BALANCING ============== 167.674
LDB: TIME 167.686 LOAD: AVG 0.0376431 MAX 0.235425  PROXIES: TOTAL 56 MAXPE 7 MAXPATCH 7 None MEM: 0 MB
LDB: TIME 167.686 LOAD: AVG 0.0376431 MAX 0.235425  PROXIES: TOTAL 56 MAXPE 7 MAXPATCH 7 RefineTorusLB MEM: 0 MB
LDB: TIME 167.686 LOAD: AVG 0.0376431 MAX 0.235425  PROXIES: TOTAL 56 MAXPE 7 MAXPATCH 7 RefineTorusLB MEM: 0 MB
LDB: ============== END OF LOAD BALANCING =============== 167.698
Info: useSync: 0 useProxySync: 0
LDB: =============== DONE WITH MIGRATION ================ 167.752
WRITING COORDINATES TO DCD FILE MD.dcd AT STEP 25000
The last position output (seq=25000) takes 0.000 seconds, 0.000 MB of memory in use
PRESSURE: 25000 -536.143 -429.869 -298.301 -78.4727 11.4315 -307.967 -273.172 -186.431 1030.25
GPRESSURE: 25000 -459.469 -361.125 -579.436 -188.853 95.0764 -178.847 -36.7536 -204.117 926.292
PRESSAVG: 25000 -214.752 -16.021 44.0326 13.9001 -242.681 18.1014 2.88779 -6.74111 201.775
GPRESSAVG: 25000 -214.751 -16.4112 43.9326 14.3784 -242.721 18.1216 2.82901 -6.62216 201.46
ENERGY:   25000         0.0000         0.0000         0.0000         0.0000          -5627.9325       408.5202         0.0000         0.0000       971.1555          -4248.2567       308.5276     -5219.4122     -4245.4166       299.6348            168.5142       187.2998     22548.0941       -85.2192       -85.3374

LDB: ============= START OF LOAD BALANCING ============== 180.767
LDB: ============== END OF LOAD BALANCING =============== 180.773
Info: useSync: 0 useProxySync: 0
LDB: =============== DONE WITH MIGRATION ================ 180.789
LDB: ============= START OF LOAD BALANCING ============== 181.205
LDB: TIME 181.216 LOAD: AVG 0.03839 MAX 0.252181  PROXIES: TOTAL 56 MAXPE 7 MAXPATCH 7 None MEM: 0 MB
LDB: TIME 181.216 LOAD: AVG 0.03839 MAX 0.252181  PROXIES: TOTAL 56 MAXPE 7 MAXPATCH 7 RefineTorusLB MEM: 0 MB
LDB: TIME 181.216 LOAD: AVG 0.03839 MAX 0.252181  PROXIES: TOTAL 56 MAXPE 7 MAXPATCH 7 RefineTorusLB MEM: 0 MB
LDB: ============== END OF LOAD BALANCING =============== 181.228
Info: useSync: 0 useProxySync: 0
LDB: =============== DONE WITH MIGRATION ================ 181.285
LDB: ============= START OF LOAD BALANCING ============== 194.399
LDB: ============== END OF LOAD BALANCING =============== 194.404
Info: useSync: 0 useProxySync: 0
LDB: =============== DONE WITH MIGRATION ================ 194.424
LDB: ============= START OF LOAD BALANCING ============== 194.798
LDB: TIME 194.802 LOAD: AVG 0.0376129 MAX 0.245664  PROXIES: TOTAL 56 MAXPE 7 MAXPATCH 7 None MEM: 0 MB
LDB: TIME 194.802 LOAD: AVG 0.0376129 MAX 0.245664  PROXIES: TOTAL 56 MAXPE 7 MAXPATCH 7 RefineTorusLB MEM: 0 MB
LDB: TIME 194.802 LOAD: AVG 0.0376129 MAX 0.245664  PROXIES: TOTAL 56 MAXPE 7 MAXPATCH 7 RefineTorusLB MEM: 0 MB
LDB: Reverting to original mapping
LDB: ============== END OF LOAD BALANCING =============== 194.808
Info: useSync: 0 useProxySync: 0
LDB: =============== DONE WITH MIGRATION ================ 194.912
PRESSURE: 30000 -977.173 -335.094 -65.173 11.7029 -279.963 -969.753 758.15 -384.059 419.089
GPRESSURE: 30000 -835.954 -155.154 -79.4396 -98.1078 -382.072 -810.359 778.551 -900.309 408.129
PRESSAVG: 30000 -71.6132 -14.821 -20.2974 -39.017 -175.906 13.5293 1.53774 48.3196 296.186
GPRESSAVG: 30000 -71.4327 -14.0206 -20.353 -39.4472 -176.199 13.612 1.79424 48.2209 296.403
ENERGY:   30000         0.0000         0.0000         0.0000         0.0000          -5598.5933       374.2678         0.0000         0.0000       956.5896          -4267.7359       303.9001     -5224.3254     -4265.3746       305.8782           -279.3488      -269.9656     22548.0941        16.2222        16.2574

WRITING COORDINATES TO DCD FILE MD.dcd AT STEP 30000
The last position output (seq=30000) takes 0.000 seconds, 0.000 MB of memory in use
LDB: ============= START OF LOAD BALANCING ============== 209.577
LDB: ============== END OF LOAD BALANCING =============== 209.577
Info: useSync: 0 useProxySync: 0
LDB: =============== DONE WITH MIGRATION ================ 209.577
LDB: ============= START OF LOAD BALANCING ============== 209.8
LDB: TIME 209.8 LOAD: AVG 0.0307104 MAX 0.198482  PROXIES: TOTAL 56 MAXPE 7 MAXPATCH 7 None MEM: 0 MB
LDB: TIME 209.8 LOAD: AVG 0.0307104 MAX 0.198482  PROXIES: TOTAL 56 MAXPE 7 MAXPATCH 7 RefineTorusLB MEM: 0 MB
LDB: TIME 209.8 LOAD: AVG 0.0307104 MAX 0.198482  PROXIES: TOTAL 56 MAXPE 7 MAXPATCH 7 RefineTorusLB MEM: 0 MB
LDB: ============== END OF LOAD BALANCING =============== 209.8
Info: useSync: 0 useProxySync: 0
LDB: =============== DONE WITH MIGRATION ================ 209.801
LDB: ============= START OF LOAD BALANCING ============== 224.296
LDB: ============== END OF LOAD BALANCING =============== 224.296
Info: useSync: 0 useProxySync: 0
LDB: =============== DONE WITH MIGRATION ================ 224.297
LDB: ============= START OF LOAD BALANCING ============== 224.531
LDB: TIME 224.531 LOAD: AVG 0.0311148 MAX 0.19887  PROXIES: TOTAL 56 MAXPE 7 MAXPATCH 7 None MEM: 0 MB
LDB: TIME 224.531 LOAD: AVG 0.0311148 MAX 0.19887  PROXIES: TOTAL 56 MAXPE 7 MAXPATCH 7 RefineTorusLB MEM: 0 MB
LDB: TIME 224.531 LOAD: AVG 0.0311148 MAX 0.19887  PROXIES: TOTAL 56 MAXPE 7 MAXPATCH 7 RefineTorusLB MEM: 0 MB
LDB: ============== END OF LOAD BALANCING =============== 224.531
Info: useSync: 0 useProxySync: 0
LDB: =============== DONE WITH MIGRATION ================ 224.532
LDB: ============= START OF LOAD BALANCING ============== 237.383
LDB: ============== END OF LOAD BALANCING =============== 237.384
Info: useSync: 0 useProxySync: 0
LDB: =============== DONE WITH MIGRATION ================ 237.384
LDB: ============= START OF LOAD BALANCING ============== 237.608
LDB: TIME 237.609 LOAD: AVG 0.0321456 MAX 0.198027  PROXIES: TOTAL 56 MAXPE 7 MAXPATCH 7 None MEM: 0 MB
LDB: TIME 237.609 LOAD: AVG 0.0321456 MAX 0.198027  PROXIES: TOTAL 56 MAXPE 7 MAXPATCH 7 RefineTorusLB MEM: 0 MB
LDB: TIME 237.609 LOAD: AVG 0.0321456 MAX 0.198027  PROXIES: TOTAL 56 MAXPE 7 MAXPATCH 7 RefineTorusLB MEM: 0 MB
LDB: Reverting to original mapping
LDB: ============== END OF LOAD BALANCING =============== 237.61
Info: useSync: 0 useProxySync: 0
LDB: =============== DONE WITH MIGRATION ================ 237.61
WRITING COORDINATES TO DCD FILE MD.dcd AT STEP 35000
The last position output (seq=35000) takes 0.000 seconds, 0.000 MB of memory in use
PRESSURE: 35000 -135.126 569.361 100.123 728.042 -187.861 -289.07 -106.226 -346.347 584.75
GPRESSURE: 35000 -185.01 526.266 -102.617 701.19 -33.0628 -140.917 186.087 -399.584 565.913
PRESSAVG: 35000 -180.626 39.7287 41.8247 27.1727 -199.254 -63.7556 -27.5472 -33.7687 157.818
GPRESSAVG: 35000 -180.685 38.5215 41.7238 27.2747 -199.181 -63.62 -27.5414 -34.7108 157.693
ENERGY:   35000         0.0000         0.0000         0.0000         0.0000          -5668.6398       412.0822         0.0000         0.0000       948.0175          -4308.5402       301.1768     -5256.5577     -4306.8532       299.6590             87.2542       115.9466     22548.0941       -74.0208       -74.0579

LDB: ============= START OF LOAD BALANCING ============== 252.326
LDB: ============== END OF LOAD BALANCING =============== 252.326
Info: useSync: 0 useProxySync: 0
LDB: =============== DONE WITH MIGRATION ================ 252.326
LDB: ============= START OF LOAD BALANCING ============== 252.538
LDB: TIME 252.538 LOAD: AVG 0.0307005 MAX 0.196848  PROXIES: TOTAL 56 MAXPE 7 MAXPATCH 7 None MEM: 0 MB
LDB: TIME 252.538 LOAD: AVG 0.0307005 MAX 0.196848  PROXIES: TOTAL 56 MAXPE 7 MAXPATCH 7 RefineTorusLB MEM: 0 MB
LDB: TIME 252.538 LOAD: AVG 0.0307005 MAX 0.196848  PROXIES: TOTAL 56 MAXPE 7 MAXPATCH 7 RefineTorusLB MEM: 0 MB
LDB: ============== END OF LOAD BALANCING =============== 252.538
Info: useSync: 0 useProxySync: 0
LDB: =============== DONE WITH MIGRATION ================ 252.539
LDB: ============= START OF LOAD BALANCING ============== 269.132
LDB: ============== END OF LOAD BALANCING =============== 269.138
Info: useSync: 0 useProxySync: 0
LDB: =============== DONE WITH MIGRATION ================ 269.154
LDB: ============= START OF LOAD BALANCING ============== 269.677
LDB: TIME 269.683 LOAD: AVG 0.0445976 MAX 0.296049  PROXIES: TOTAL 56 MAXPE 7 MAXPATCH 7 None MEM: 0 MB
LDB: TIME 269.683 LOAD: AVG 0.0445976 MAX 0.296049  PROXIES: TOTAL 56 MAXPE 7 MAXPATCH 7 RefineTorusLB MEM: 0 MB
LDB: TIME 269.683 LOAD: AVG 0.0445976 MAX 0.296049  PROXIES: TOTAL 56 MAXPE 7 MAXPATCH 7 RefineTorusLB MEM: 0 MB
LDB: Reverting to original mapping
LDB: ============== END OF LOAD BALANCING =============== 269.691
Info: useSync: 0 useProxySync: 0
LDB: =============== DONE WITH MIGRATION ================ 269.769
WRITING COORDINATES TO DCD FILE MD.dcd AT STEP 40000
The last position output (seq=40000) takes 0.000 seconds, 0.000 MB of memory in use
PRESSURE: 40000 75.2595 359.748 423.352 236.355 -734.307 -408.871 268.082 -303.011 697.471
GPRESSURE: 40000 -5.14531 337.945 416.987 -135.148 -668.496 -239.645 352.396 -498.325 707.531
PRESSAVG: 40000 -207.52 -21.3558 14.0649 -21.2753 -123.977 -6.81766 67.752 64.2637 105.146
GPRESSAVG: 40000 -207.41 -21.0524 14.5505 -21.3215 -124.082 -7.01537 67.778 65.2443 105.255
ENERGY:   40000         0.0000         0.0000         0.0000         0.0000          -5734.2635       418.5183         0.0000         0.0000       958.7157          -4357.0295       304.5756     -5315.7452     -4355.2228       294.8652             12.8081        11.2964     22548.0941       -75.4506       -75.4124

LDB: ============= START OF LOAD BALANCING ============== 283.863
LDB: ============== END OF LOAD BALANCING =============== 283.863
Info: useSync: 0 useProxySync: 0
LDB: =============== DONE WITH MIGRATION ================ 283.863
LDB: ============= START OF LOAD BALANCING ============== 284.076
LDB: TIME 284.076 LOAD: AVG 0.030811 MAX 0.196444  PROXIES: TOTAL 56 MAXPE 7 MAXPATCH 7 None MEM: 0 MB
LDB: TIME 284.076 LOAD: AVG 0.030811 MAX 0.196444  PROXIES: TOTAL 56 MAXPE 7 MAXPATCH 7 RefineTorusLB MEM: 0 MB
LDB: TIME 284.076 LOAD: AVG 0.030811 MAX 0.196444  PROXIES: TOTAL 56 MAXPE 7 MAXPATCH 7 RefineTorusLB MEM: 0 MB
LDB: Reverting to original mapping
LDB: ============== END OF LOAD BALANCING =============== 284.076
Info: useSync: 0 useProxySync: 0
LDB: =============== DONE WITH MIGRATION ================ 284.076
LDB: ============= START OF LOAD BALANCING ============== 299.039
LDB: ============== END OF LOAD BALANCING =============== 299.039
Info: useSync: 0 useProxySync: 0
LDB: =============== DONE WITH MIGRATION ================ 299.04
LDB: ============= START OF LOAD BALANCING ============== 299.272
LDB: TIME 299.272 LOAD: AVG 0.0323171 MAX 0.208264  PROXIES: TOTAL 56 MAXPE 7 MAXPATCH 7 None MEM: 0 MB
LDB: TIME 299.272 LOAD: AVG 0.0323171 MAX 0.208264  PROXIES: TOTAL 56 MAXPE 7 MAXPATCH 7 RefineTorusLB MEM: 0 MB
LDB: TIME 299.272 LOAD: AVG 0.0323171 MAX 0.208264  PROXIES: TOTAL 56 MAXPE 7 MAXPATCH 7 RefineTorusLB MEM: 0 MB
LDB: Reverting to original mapping
LDB: ============== END OF LOAD BALANCING =============== 299.273
Info: useSync: 0 useProxySync: 0
LDB: =============== DONE WITH MIGRATION ================ 299.273
LDB: ============= START OF LOAD BALANCING ============== 314.072
LDB: ============== END OF LOAD BALANCING =============== 314.072
Info: useSync: 0 useProxySync: 0
LDB: =============== DONE WITH MIGRATION ================ 314.073
LDB: ============= START OF LOAD BALANCING ============== 314.586
LDB: TIME 314.592 LOAD: AVG 0.042411 MAX 0.258298  PROXIES: TOTAL 56 MAXPE 7 MAXPATCH 7 None MEM: 0 MB
LDB: TIME 314.592 LOAD: AVG 0.042411 MAX 0.258298  PROXIES: TOTAL 56 MAXPE 7 MAXPATCH 7 RefineTorusLB MEM: 0 MB
LDB: TIME 314.592 LOAD: AVG 0.042411 MAX 0.258298  PROXIES: TOTAL 56 MAXPE 7 MAXPATCH 7 RefineTorusLB MEM: 0 MB
LDB: Reverting to original mapping
LDB: ============== END OF LOAD BALANCING =============== 314.6
Info: useSync: 0 useProxySync: 0
LDB: =============== DONE WITH MIGRATION ================ 314.647
WRITING COORDINATES TO DCD FILE MD.dcd AT STEP 45000
The last position output (seq=45000) takes 0.000 seconds, 0.000 MB of memory in use
PRESSURE: 45000 -560.57 249.897 -228.741 305.316 -41.0321 -57.9954 -455.876 126.328 343.911
GPRESSURE: 45000 -748.727 38.9754 -464.224 453.771 85.3598 -171.048 -425.963 402.823 457.222
PRESSAVG: 45000 -342.428 -38.1773 17.8137 18.4995 -351.191 -91.292 32.8786 0.390166 118.89
GPRESSAVG: 45000 -342.773 -37.883 17.1255 18.63 -350.728 -91.1793 33.3936 -0.0468107 119.22
ENERGY:   45000         0.0000         0.0000         0.0000         0.0000          -5599.8120       382.0633         0.0000         0.0000       916.6340          -4301.1147       291.2066     -5217.7487     -4297.5492       293.8228            -85.8970       -68.7148     22548.0941      -191.5763      -191.4271

LDB: ============= START OF LOAD BALANCING ============== 327.726
LDB: ============== END OF LOAD BALANCING =============== 327.727
Info: useSync: 0 useProxySync: 0
LDB: =============== DONE WITH MIGRATION ================ 327.727
LDB: ============= START OF LOAD BALANCING ============== 327.931
LDB: TIME 327.931 LOAD: AVG 0.0304307 MAX 0.194689  PROXIES: TOTAL 56 MAXPE 7 MAXPATCH 7 None MEM: 0 MB
LDB: TIME 327.932 LOAD: AVG 0.0304307 MAX 0.194689  PROXIES: TOTAL 56 MAXPE 7 MAXPATCH 7 RefineTorusLB MEM: 0 MB
LDB: TIME 327.932 LOAD: AVG 0.0304307 MAX 0.194689  PROXIES: TOTAL 56 MAXPE 7 MAXPATCH 7 RefineTorusLB MEM: 0 MB
LDB: ============== END OF LOAD BALANCING =============== 327.932
Info: useSync: 0 useProxySync: 0
LDB: =============== DONE WITH MIGRATION ================ 327.932
LDB: ============= START OF LOAD BALANCING ============== 342.353
LDB: ============== END OF LOAD BALANCING =============== 342.359
Info: useSync: 0 useProxySync: 0
LDB: =============== DONE WITH MIGRATION ================ 342.376
LDB: ============= START OF LOAD BALANCING ============== 342.892
LDB: TIME 342.9 LOAD: AVG 0.044663 MAX 0.297211  PROXIES: TOTAL 56 MAXPE 7 MAXPATCH 7 None MEM: 0 MB
LDB: TIME 342.9 LOAD: AVG 0.044663 MAX 0.297211  PROXIES: TOTAL 56 MAXPE 7 MAXPATCH 7 RefineTorusLB MEM: 0 MB
LDB: TIME 342.9 LOAD: AVG 0.044663 MAX 0.297211  PROXIES: TOTAL 56 MAXPE 7 MAXPATCH 7 RefineTorusLB MEM: 0 MB
LDB: Reverting to original mapping
LDB: ============== END OF LOAD BALANCING =============== 342.912
Info: useSync: 0 useProxySync: 0
LDB: =============== DONE WITH MIGRATION ================ 342.936
PRESSURE: 50000 -283.583 -538.639 431.269 -520.2 -81.2343 -590.127 617.046 -216.44 -774.685
GPRESSURE: 50000 -332.663 -619.809 135.646 -460.994 -75.074 -486.679 586.81 -381.622 -674.528
PRESSAVG: 50000 -266.476 36.4919 -29.8644 -9.11165 -275.074 -8.48942 -58.6597 3.35382 159.623
GPRESSAVG: 50000 -266.191 36.343 -30.0228 -9.02317 -275.02 -8.42144 -58.9398 3.43973 159.271
TIMING: 50000  CPU: 275.433, 0.00550649/step  Wall: 356.618, 0.00712881/step, 0.891101 hours remaining, 0.000000 MB of memory in use.
PERFORMANCE: 50000  averaging 24.2397 ns/day, 0.00712881 sec/step with standard deviation 0
ETITLE:      TS           BOND          ANGLE          DIHED          IMPRP               ELECT            VDW       BOUNDARY           MISC        KINETIC               TOTAL           TEMP      POTENTIAL         TOTAL3        TEMPAVG            PRESSURE      GPRESSURE         VOLUME       PRESSAVG      GPRESSAVG

ENERGY:   50000         0.0000         0.0000         0.0000         0.0000          -5579.7304       375.3102         0.0000         0.0000       981.6241          -4222.7961       311.8534     -5204.4202     -4219.9578       299.4040           -379.8338      -360.7548     22548.0941      -127.3092      -127.3135

WRITING EXTENDED SYSTEM TO RESTART FILE AT STEP 50000
WRITING COORDINATES TO DCD FILE MD.dcd AT STEP 50000
WRITING COORDINATES TO RESTART FILE AT STEP 50000
FINISHED WRITING RESTART COORDINATES
The last position output (seq=50000) takes 0.001 seconds, 0.000 MB of memory in use
WRITING VELOCITIES TO RESTART FILE AT STEP 50000
FINISHED WRITING RESTART VELOCITIES
The last velocity output (seq=50000) takes 0.000 seconds, 0.000 MB of memory in use
LDB: ============= START OF LOAD BALANCING ============== 359.289
LDB: ============== END OF LOAD BALANCING =============== 359.388
Info: useSync: 0 useProxySync: 0
LDB: =============== DONE WITH MIGRATION ================ 359.47
LDB: ============= START OF LOAD BALANCING ============== 361.045
LDB: TIME 361.054 LOAD: AVG 0.102081 MAX 0.714871  PROXIES: TOTAL 56 MAXPE 7 MAXPATCH 7 None MEM: 0 MB
LDB: TIME 361.056 LOAD: AVG 0.102081 MAX 0.714871  PROXIES: TOTAL 56 MAXPE 7 MAXPATCH 7 RefineTorusLB MEM: 0 MB
LDB: TIME 361.056 LOAD: AVG 0.102081 MAX 0.714871  PROXIES: TOTAL 56 MAXPE 7 MAXPATCH 7 RefineTorusLB MEM: 0 MB
LDB: Reverting to original mapping
LDB: ============== END OF LOAD BALANCING =============== 361.066
Info: useSync: 0 useProxySync: 0
LDB: =============== DONE WITH MIGRATION ================ 361.218
LDB: ============= START OF LOAD BALANCING ============== 382.243
LDB: ============== END OF LOAD BALANCING =============== 382.243
Info: useSync: 0 useProxySync: 0
LDB: =============== DONE WITH MIGRATION ================ 382.243
LDB: ============= START OF LOAD BALANCING ============== 382.462
LDB: TIME 382.462 LOAD: AVG 0.0320732 MAX 0.206908  PROXIES: TOTAL 56 MAXPE 7 MAXPATCH 7 None MEM: 0 MB
LDB: TIME 382.462 LOAD: AVG 0.0320732 MAX 0.206908  PROXIES: TOTAL 56 MAXPE 7 MAXPATCH 7 RefineTorusLB MEM: 0 MB
LDB: TIME 382.462 LOAD: AVG 0.0320732 MAX 0.206908  PROXIES: TOTAL 56 MAXPE 7 MAXPATCH 7 RefineTorusLB MEM: 0 MB
LDB: Reverting to original mapping
LDB: ============== END OF LOAD BALANCING =============== 382.462
Info: useSync: 0 useProxySync: 0
LDB: =============== DONE WITH MIGRATION ================ 382.462
LDB: ============= START OF LOAD BALANCING ============== 397.595
LDB: ============== END OF LOAD BALANCING =============== 397.597
Info: useSync: 0 useProxySync: 0
LDB: =============== DONE WITH MIGRATION ================ 397.607
LDB: ============= START OF LOAD BALANCING ============== 398.194
LDB: TIME 398.204 LOAD: AVG 0.0507619 MAX 0.345209  PROXIES: TOTAL 56 MAXPE 7 MAXPATCH 7 None MEM: 0 MB
LDB: TIME 398.204 LOAD: AVG 0.0507619 MAX 0.345209  PROXIES: TOTAL 56 MAXPE 7 MAXPATCH 7 RefineTorusLB MEM: 0 MB
LDB: TIME 398.204 LOAD: AVG 0.0507619 MAX 0.345209  PROXIES: TOTAL 56 MAXPE 7 MAXPATCH 7 RefineTorusLB MEM: 0 MB
LDB: ============== END OF LOAD BALANCING =============== 398.211
Info: useSync: 0 useProxySync: 0
LDB: =============== DONE WITH MIGRATION ================ 398.266
PRESSURE: 55000 -583.81 -47.6774 -48.5515 -106.806 318.394 164.04 -327.055 162.522 -815.777
GPRESSURE: 55000 -484.264 -365.891 -192.562 55.1304 312.894 96.2221 -85.722 380.203 -876.116
PRESSAVG: 55000 -169.928 -3.01751 -64.3408 13.6431 -196.469 30.7692 41.8355 -6.48419 55.9087
GPRESSAVG: 55000 -169.794 -2.7721 -63.7983 13.633 -196.526 31.0351 41.8063 -6.8598 55.8727
ENERGY:   55000         0.0000         0.0000         0.0000         0.0000          -5525.7632       359.7390         0.0000         0.0000       927.2115          -4238.8126       294.5670     -5166.0241     -4235.4661       300.5550           -360.3974      -349.1617     22548.0941      -103.4961      -103.4823

WRITING COORDINATES TO DCD FILE MD.dcd AT STEP 55000
LDB: ============= START OF LOAD BALANCING ============== 413.674
LDB: ============== END OF LOAD BALANCING =============== 413.674
Info: useSync: 0 useProxySync: 0
LDB: =============== DONE WITH MIGRATION ================ 413.674
LDB: ============= START OF LOAD BALANCING ============== 413.883
LDB: TIME 413.884 LOAD: AVG 0.03083 MAX 0.198632  PROXIES: TOTAL 56 MAXPE 7 MAXPATCH 7 None MEM: 0 MB
LDB: TIME 413.884 LOAD: AVG 0.03083 MAX 0.198632  PROXIES: TOTAL 56 MAXPE 7 MAXPATCH 7 RefineTorusLB MEM: 0 MB
LDB: TIME 413.884 LOAD: AVG 0.03083 MAX 0.198632  PROXIES: TOTAL 56 MAXPE 7 MAXPATCH 7 RefineTorusLB MEM: 0 MB
LDB: ============== END OF LOAD BALANCING =============== 413.884
Info: useSync: 0 useProxySync: 0
LDB: =============== DONE WITH MIGRATION ================ 413.884
LDB: ============= START OF LOAD BALANCING ============== 426.899
LDB: ============== END OF LOAD BALANCING =============== 426.9
Info: useSync: 0 useProxySync: 0
LDB: =============== DONE WITH MIGRATION ================ 426.9
LDB: ============= START OF LOAD BALANCING ============== 427.254
LDB: TIME 427.258 LOAD: AVG 0.038632 MAX 0.250764  PROXIES: TOTAL 56 MAXPE 7 MAXPATCH 7 None MEM: 0 MB
LDB: TIME 427.258 LOAD: AVG 0.038632 MAX 0.250764  PROXIES: TOTAL 56 MAXPE 7 MAXPATCH 7 RefineTorusLB MEM: 0 MB
LDB: TIME 427.258 LOAD: AVG 0.038632 MAX 0.250764  PROXIES: TOTAL 56 MAXPE 7 MAXPATCH 7 RefineTorusLB MEM: 0 MB
LDB: Reverting to original mapping
LDB: ============== END OF LOAD BALANCING =============== 427.263
Info: useSync: 0 useProxySync: 0
LDB: =============== DONE WITH MIGRATION ================ 427.337
WRITING COORDINATES TO DCD FILE MD.dcd AT STEP 60000
PRESSURE: 60000 672.804 -349.931 -65.9428 -299.892 -94.2395 -153.026 -363.809 -21.0662 537.672
GPRESSURE: 60000 602.47 -5.68455 140.318 -283.06 -128.255 -70.35 -398.049 -167.85 727.721
PRESSAVG: 60000 -132.505 -23.3634 -14.8689 -65.716 -176.682 -8.27027 -23.1362 -66.4048 28.9064
GPRESSAVG: 60000 -132.25 -23.3747 -15.0255 -65.7081 -176.482 -8.36451 -23.0435 -66.1779 28.7801
ENERGY:   60000         0.0000         0.0000         0.0000         0.0000          -5610.2792       420.8069         0.0000         0.0000       920.8775          -4268.5948       292.5547     -5189.4723     -4266.8667       300.5885            372.0789       400.6453     22548.0941       -93.4271       -93.3172

LDB: ============= START OF LOAD BALANCING ============== 443.934
LDB: ============== END OF LOAD BALANCING =============== 443.935
Info: useSync: 0 useProxySync: 0
LDB: =============== DONE WITH MIGRATION ================ 443.935
LDB: ============= START OF LOAD BALANCING ============== 444.178
LDB: TIME 444.178 LOAD: AVG 0.0355637 MAX 0.22743  PROXIES: TOTAL 56 MAXPE 7 MAXPATCH 7 None MEM: 0 MB
LDB: TIME 444.178 LOAD: AVG 0.0355637 MAX 0.22743  PROXIES: TOTAL 56 MAXPE 7 MAXPATCH 7 RefineTorusLB MEM: 0 MB
LDB: TIME 444.178 LOAD: AVG 0.0355637 MAX 0.22743  PROXIES: TOTAL 56 MAXPE 7 MAXPATCH 7 RefineTorusLB MEM: 0 MB
LDB: ============== END OF LOAD BALANCING =============== 444.178
Info: useSync: 0 useProxySync: 0
LDB: =============== DONE WITH MIGRATION ================ 444.178
LDB: ============= START OF LOAD BALANCING ============== 458.592
LDB: ============== END OF LOAD BALANCING =============== 458.594
Info: useSync: 0 useProxySync: 0
LDB: =============== DONE WITH MIGRATION ================ 458.618
LDB: ============= START OF LOAD BALANCING ============== 459.125
LDB: TIME 459.128 LOAD: AVG 0.0452714 MAX 0.305707  PROXIES: TOTAL 56 MAXPE 7 MAXPATCH 7 None MEM: 0 MB
LDB: TIME 459.128 LOAD: AVG 0.0452714 MAX 0.305707  PROXIES: TOTAL 56 MAXPE 7 MAXPATCH 7 RefineTorusLB MEM: 0 MB
LDB: TIME 459.128 LOAD: AVG 0.0452714 MAX 0.305707  PROXIES: TOTAL 56 MAXPE 7 MAXPATCH 7 RefineTorusLB MEM: 0 MB
LDB: Reverting to original mapping
LDB: ============== END OF LOAD BALANCING =============== 459.132
Info: useSync: 0 useProxySync: 0
LDB: =============== DONE WITH MIGRATION ================ 459.179
LDB: ============= START OF LOAD BALANCING ============== 473.935
LDB: ============== END OF LOAD BALANCING =============== 473.935
Info: useSync: 0 useProxySync: 0
LDB: =============== DONE WITH MIGRATION ================ 473.935
LDB: ============= START OF LOAD BALANCING ============== 474.15
LDB: TIME 474.15 LOAD: AVG 0.0320163 MAX 0.202496  PROXIES: TOTAL 56 MAXPE 7 MAXPATCH 7 None MEM: 0 MB
LDB: TIME 474.15 LOAD: AVG 0.0320163 MAX 0.202496  PROXIES: TOTAL 56 MAXPE 7 MAXPATCH 7 RefineTorusLB MEM: 0 MB
LDB: TIME 474.15 LOAD: AVG 0.0320163 MAX 0.202496  PROXIES: TOTAL 56 MAXPE 7 MAXPATCH 7 RefineTorusLB MEM: 0 MB
LDB: ============== END OF LOAD BALANCING =============== 474.15
Info: useSync: 0 useProxySync: 0
LDB: =============== DONE WITH MIGRATION ================ 474.15
WRITING COORDINATES TO DCD FILE MD.dcd AT STEP 65000
PRESSURE: 65000 463.668 1103.55 -158.201 1050.35 744.6 -207.693 -221.365 148.425 285.414
GPRESSURE: 65000 430.254 1421.03 -245.262 752.583 947.74 -91.385 203.02 113.412 171.428
PRESSAVG: 65000 -212.082 12.1042 15.7258 9.99114 -133.954 126.984 -4.90494 118.127 217.712
GPRESSAVG: 65000 -211.917 12.0704 15.7377 9.93502 -134.128 127.063 -5.00806 118.192 217.35
ENERGY:   65000         0.0000         0.0000         0.0000         0.0000          -5650.4544       434.1890         0.0000         0.0000       942.0236          -4274.2418       299.2726     -5216.2654     -4271.8311       299.7244            497.8941       516.4741     22548.0941       -42.7746       -42.8983

LDB: ============= START OF LOAD BALANCING ============== 489.689
LDB: ============== END OF LOAD BALANCING =============== 489.689
Info: useSync: 0 useProxySync: 0
LDB: =============== DONE WITH MIGRATION ================ 489.689
LDB: ============= START OF LOAD BALANCING ============== 489.905
LDB: TIME 489.905 LOAD: AVG 0.0312429 MAX 0.200072  PROXIES: TOTAL 56 MAXPE 7 MAXPATCH 7 None MEM: 0 MB
LDB: TIME 489.905 LOAD: AVG 0.0312429 MAX 0.200072  PROXIES: TOTAL 56 MAXPE 7 MAXPATCH 7 RefineTorusLB MEM: 0 MB
LDB: TIME 489.905 LOAD: AVG 0.0312429 MAX 0.200072  PROXIES: TOTAL 56 MAXPE 7 MAXPATCH 7 RefineTorusLB MEM: 0 MB
LDB: ============== END OF LOAD BALANCING =============== 489.906
Info: useSync: 0 useProxySync: 0
LDB: =============== DONE WITH MIGRATION ================ 489.906
LDB: ============= START OF LOAD BALANCING ============== 503.349
LDB: ============== END OF LOAD BALANCING =============== 503.349
Info: useSync: 0 useProxySync: 0
LDB: =============== DONE WITH MIGRATION ================ 503.35
LDB: ============= START OF LOAD BALANCING ============== 503.557
LDB: TIME 503.557 LOAD: AVG 0.0307456 MAX 0.197426  PROXIES: TOTAL 56 MAXPE 7 MAXPATCH 7 None MEM: 0 MB
LDB: TIME 503.557 LOAD: AVG 0.0307456 MAX 0.197426  PROXIES: TOTAL 56 MAXPE 7 MAXPATCH 7 RefineTorusLB MEM: 0 MB
LDB: TIME 503.557 LOAD: AVG 0.0307456 MAX 0.197426  PROXIES: TOTAL 56 MAXPE 7 MAXPATCH 7 RefineTorusLB MEM: 0 MB
LDB: Reverting to original mapping
LDB: ============== END OF LOAD BALANCING =============== 503.558
Info: useSync: 0 useProxySync: 0
LDB: =============== DONE WITH MIGRATION ================ 503.558
WRITING COORDINATES TO DCD FILE MD.dcd AT STEP 70000
PRESSURE: 70000 197.858 -563.681 119.171 -260.188 193.338 -48.509 -398.018 -229.004 -783.155
GPRESSURE: 70000 220.08 -769.183 389.377 -169.191 13.025 204.491 -925.928 -395.898 -593.152
PRESSAVG: 70000 -302.321 18.096 28.5842 22.3151 -275.102 85.6074 8.47428 100.338 164.604
GPRESSAVG: 70000 -302.24 18.0418 28.4221 22.4015 -275.417 86.0764 8.57695 99.7226 164.279
ENERGY:   70000         0.0000         0.0000         0.0000         0.0000          -5664.4359       407.0348         0.0000         0.0000       943.4040          -4313.9972       299.7112     -5257.4012     -4311.0291       299.9234           -130.6527      -120.0159     22548.0941      -137.6060      -137.7925

LDB: ============= START OF LOAD BALANCING ============== 515.754
LDB: ============== END OF LOAD BALANCING =============== 515.754
Info: useSync: 0 useProxySync: 0
LDB: =============== DONE WITH MIGRATION ================ 515.754
LDB: ============= START OF LOAD BALANCING ============== 515.96
LDB: TIME 515.961 LOAD: AVG 0.0304432 MAX 0.194637  PROXIES: TOTAL 56 MAXPE 7 MAXPATCH 7 None MEM: 0 MB
LDB: TIME 515.961 LOAD: AVG 0.0304432 MAX 0.194637  PROXIES: TOTAL 56 MAXPE 7 MAXPATCH 7 RefineTorusLB MEM: 0 MB
LDB: TIME 515.961 LOAD: AVG 0.0304432 MAX 0.194637  PROXIES: TOTAL 56 MAXPE 7 MAXPATCH 7 RefineTorusLB MEM: 0 MB
LDB: ============== END OF LOAD BALANCING =============== 515.961
Info: useSync: 0 useProxySync: 0
LDB: =============== DONE WITH MIGRATION ================ 515.961
LDB: ============= START OF LOAD BALANCING ============== 528.658
LDB: ============== END OF LOAD BALANCING =============== 528.659
Info: useSync: 0 useProxySync: 0
LDB: =============== DONE WITH MIGRATION ================ 528.659
LDB: ============= START OF LOAD BALANCING ============== 528.866
LDB: TIME 528.866 LOAD: AVG 0.030488 MAX 0.196155  PROXIES: TOTAL 56 MAXPE 7 MAXPATCH 7 None MEM: 0 MB
LDB: TIME 528.866 LOAD: AVG 0.030488 MAX 0.196155  PROXIES: TOTAL 56 MAXPE 7 MAXPATCH 7 RefineTorusLB MEM: 0 MB
LDB: TIME 528.866 LOAD: AVG 0.030488 MAX 0.196155  PROXIES: TOTAL 56 MAXPE 7 MAXPATCH 7 RefineTorusLB MEM: 0 MB
LDB: Reverting to original mapping
LDB: ============== END OF LOAD BALANCING =============== 528.867
Info: useSync: 0 useProxySync: 0
LDB: =============== DONE WITH MIGRATION ================ 528.867
LDB: ============= START OF LOAD BALANCING ============== 543.791
LDB: ============== END OF LOAD BALANCING =============== 543.791
Info: useSync: 0 useProxySync: 0
LDB: =============== DONE WITH MIGRATION ================ 543.791
LDB: ============= START OF LOAD BALANCING ============== 543.997
LDB: TIME 543.997 LOAD: AVG 0.0304768 MAX 0.195114  PROXIES: TOTAL 56 MAXPE 7 MAXPATCH 7 None MEM: 0 MB
LDB: TIME 543.997 LOAD: AVG 0.0304768 MAX 0.195114  PROXIES: TOTAL 56 MAXPE 7 MAXPATCH 7 RefineTorusLB MEM: 0 MB
LDB: TIME 543.997 LOAD: AVG 0.0304768 MAX 0.195114  PROXIES: TOTAL 56 MAXPE 7 MAXPATCH 7 RefineTorusLB MEM: 0 MB
LDB: ============== END OF LOAD BALANCING =============== 543.997
Info: useSync: 0 useProxySync: 0
LDB: =============== DONE WITH MIGRATION ================ 543.997
WRITING COORDINATES TO DCD FILE MD.dcd AT STEP 75000
PRESSURE: 75000 -1150.79 9.66363 251.742 -142.443 -914.005 -315.274 -40.502 -255.03 678.926
GPRESSURE: 75000 -1025.48 -146.922 -66.5242 2.4569 -961.113 -372.863 58.5858 -308.084 672.4
PRESSAVG: 75000 -300.746 -0.177397 18.4604 -7.30584 -440.857 -20.0699 83.2306 5.26794 -60.2211
GPRESSAVG: 75000 -300.377 -0.459494 18.6005 -7.5121 -440.45 -20.1064 83.3834 5.49783 -60.3707
ENERGY:   75000         0.0000         0.0000         0.0000         0.0000          -5650.5276       375.0550         0.0000         0.0000       950.0131          -4325.4595       301.8108     -5275.4726     -4323.2366       291.8899           -461.9545      -438.0647     22548.0941      -267.2747      -267.0660

LDB: ============= START OF LOAD BALANCING ============== 554.985
LDB: ============== END OF LOAD BALANCING =============== 554.989
Info: useSync: 0 useProxySync: 0
LDB: =============== DONE WITH MIGRATION ================ 555.013
LDB: ============= START OF LOAD BALANCING ============== 555.523
LDB: TIME 555.526 LOAD: AVG 0.0421584 MAX 0.287357  PROXIES: TOTAL 56 MAXPE 7 MAXPATCH 7 None MEM: 0 MB
LDB: TIME 555.526 LOAD: AVG 0.0421584 MAX 0.287357  PROXIES: TOTAL 56 MAXPE 7 MAXPATCH 7 RefineTorusLB MEM: 0 MB
LDB: TIME 555.526 LOAD: AVG 0.0421584 MAX 0.287357  PROXIES: TOTAL 56 MAXPE 7 MAXPATCH 7 RefineTorusLB MEM: 0 MB
LDB: ============== END OF LOAD BALANCING =============== 555.532
Info: useSync: 0 useProxySync: 0
LDB: =============== DONE WITH MIGRATION ================ 555.582
LDB: ============= START OF LOAD BALANCING ============== 569.273
LDB: ============== END OF LOAD BALANCING =============== 569.28
Info: useSync: 0 useProxySync: 0
LDB: =============== DONE WITH MIGRATION ================ 569.301
LDB: ============= START OF LOAD BALANCING ============== 569.924
LDB: TIME 569.93 LOAD: AVG 0.0457684 MAX 0.316191  PROXIES: TOTAL 56 MAXPE 7 MAXPATCH 7 None MEM: 0 MB
LDB: TIME 569.93 LOAD: AVG 0.0457684 MAX 0.316191  PROXIES: TOTAL 56 MAXPE 7 MAXPATCH 7 RefineTorusLB MEM: 0 MB
LDB: TIME 569.93 LOAD: AVG 0.0457684 MAX 0.316191  PROXIES: TOTAL 56 MAXPE 7 MAXPATCH 7 RefineTorusLB MEM: 0 MB
LDB: Reverting to original mapping
LDB: ============== END OF LOAD BALANCING =============== 569.941
Info: useSync: 0 useProxySync: 0
LDB: =============== DONE WITH MIGRATION ================ 570.027
PRESSURE: 80000 -389.617 -146.065 -197.825 -21.0725 375.299 -329.376 -379.413 -393.469 -683.713
GPRESSURE: 80000 -322.749 -250.14 -380.488 -109.398 287.307 -501.795 -266.503 -96.3096 -597.963
PRESSAVG: 80000 -351.332 14.512 -30.6816 -8.93144 -263.585 -32.2841 16.3201 -89.6505 91.4216
GPRESSAVG: 80000 -351.537 14.6559 -30.3282 -9.1752 -263.313 -32.2098 16.2822 -89.5688 91.2589
ENERGY:   80000         0.0000         0.0000         0.0000         0.0000          -5563.8885       366.0271         0.0000         0.0000       939.3574          -4258.5040       298.4256     -5197.8614     -4256.4394       298.2885           -232.6767      -211.1350     22548.0941      -174.4984      -174.5305

WRITING COORDINATES TO DCD FILE MD.dcd AT STEP 80000
LDB: ============= START OF LOAD BALANCING ============== 584.144
LDB: ============== END OF LOAD BALANCING =============== 584.144
Info: useSync: 0 useProxySync: 0
LDB: =============== DONE WITH MIGRATION ================ 584.144
LDB: ============= START OF LOAD BALANCING ============== 584.349
LDB: TIME 584.349 LOAD: AVG 0.0304596 MAX 0.195746  PROXIES: TOTAL 56 MAXPE 7 MAXPATCH 7 None MEM: 0 MB
LDB: TIME 584.349 LOAD: AVG 0.0304596 MAX 0.195746  PROXIES: TOTAL 56 MAXPE 7 MAXPATCH 7 RefineTorusLB MEM: 0 MB
LDB: TIME 584.349 LOAD: AVG 0.0304596 MAX 0.195746  PROXIES: TOTAL 56 MAXPE 7 MAXPATCH 7 RefineTorusLB MEM: 0 MB
LDB: ============== END OF LOAD BALANCING =============== 584.349
Info: useSync: 0 useProxySync: 0
LDB: =============== DONE WITH MIGRATION ================ 584.35
LDB: ============= START OF LOAD BALANCING ============== 595.842
LDB: ============== END OF LOAD BALANCING =============== 595.842
Info: useSync: 0 useProxySync: 0
LDB: =============== DONE WITH MIGRATION ================ 595.843
LDB: ============= START OF LOAD BALANCING ============== 596.049
LDB: TIME 596.049 LOAD: AVG 0.0304862 MAX 0.195572  PROXIES: TOTAL 56 MAXPE 7 MAXPATCH 7 None MEM: 0 MB
LDB: TIME 596.049 LOAD: AVG 0.0304862 MAX 0.195572  PROXIES: TOTAL 56 MAXPE 7 MAXPATCH 7 RefineTorusLB MEM: 0 MB
LDB: TIME 596.049 LOAD: AVG 0.0304862 MAX 0.195572  PROXIES: TOTAL 56 MAXPE 7 MAXPATCH 7 RefineTorusLB MEM: 0 MB
LDB: Reverting to original mapping
LDB: ============== END OF LOAD BALANCING =============== 596.049
Info: useSync: 0 useProxySync: 0
LDB: =============== DONE WITH MIGRATION ================ 596.05
LDB: ============= START OF LOAD BALANCING ============== 608.699
LDB: ============== END OF LOAD BALANCING =============== 608.699
Info: useSync: 0 useProxySync: 0
LDB: =============== DONE WITH MIGRATION ================ 608.699
LDB: ============= START OF LOAD BALANCING ============== 608.908
LDB: TIME 608.908 LOAD: AVG 0.0305804 MAX 0.196176  PROXIES: TOTAL 56 MAXPE 7 MAXPATCH 7 None MEM: 0 MB
LDB: TIME 608.908 LOAD: AVG 0.0305804 MAX 0.196176  PROXIES: TOTAL 56 MAXPE 7 MAXPATCH 7 RefineTorusLB MEM: 0 MB
LDB: TIME 608.908 LOAD: AVG 0.0305804 MAX 0.196176  PROXIES: TOTAL 56 MAXPE 7 MAXPATCH 7 RefineTorusLB MEM: 0 MB
LDB: Reverting to original mapping
LDB: ============== END OF LOAD BALANCING =============== 608.908
Info: useSync: 0 useProxySync: 0
LDB: =============== DONE WITH MIGRATION ================ 608.908
WRITING COORDINATES TO DCD FILE MD.dcd AT STEP 85000
PRESSURE: 85000 -1050.79 -349.605 -533.612 47.6876 -935.243 -394.089 -493.1 5.18484 -590.5
GPRESSURE: 85000 -1149.32 -498.415 -666.538 174.405 -859.666 -210.798 -252.027 138.143 -478.875
PRESSAVG: 85000 -157.187 8.15445 -37.0305 2.00917 -162.173 -45.4892 -77.1694 -9.56817 323.576
GPRESSAVG: 85000 -157.044 7.83161 -37.1979 2.56147 -162.477 -45.6018 -77.5307 -9.20353 323.574
ENERGY:   85000         0.0000         0.0000         0.0000         0.0000          -5543.0786       336.2312         0.0000         0.0000       974.8349          -4232.0125       309.6965     -5206.8474     -4229.3890       297.8059           -858.8435      -829.2872     22548.0941         1.4050         1.3509

LDB: ============= START OF LOAD BALANCING ============== 620.86
LDB: ============== END OF LOAD BALANCING =============== 620.86
Info: useSync: 0 useProxySync: 0
LDB: =============== DONE WITH MIGRATION ================ 620.86
LDB: ============= START OF LOAD BALANCING ============== 621.082
LDB: TIME 621.083 LOAD: AVG 0.0320459 MAX 0.205694  PROXIES: TOTAL 56 MAXPE 7 MAXPATCH 7 None MEM: 0 MB
LDB: TIME 621.083 LOAD: AVG 0.0320459 MAX 0.205694  PROXIES: TOTAL 56 MAXPE 7 MAXPATCH 7 RefineTorusLB MEM: 0 MB
LDB: TIME 621.083 LOAD: AVG 0.0320459 MAX 0.205694  PROXIES: TOTAL 56 MAXPE 7 MAXPATCH 7 RefineTorusLB MEM: 0 MB
LDB: ============== END OF LOAD BALANCING =============== 621.083
Info: useSync: 0 useProxySync: 0
LDB: =============== DONE WITH MIGRATION ================ 621.083
LDB: ============= START OF LOAD BALANCING ============== 633.414
LDB: ============== END OF LOAD BALANCING =============== 633.414
Info: useSync: 0 useProxySync: 0
LDB: =============== DONE WITH MIGRATION ================ 633.414
LDB: ============= START OF LOAD BALANCING ============== 633.623
LDB: TIME 633.623 LOAD: AVG 0.0305046 MAX 0.196626  PROXIES: TOTAL 56 MAXPE 7 MAXPATCH 7 None MEM: 0 MB
LDB: TIME 633.623 LOAD: AVG 0.0305046 MAX 0.196626  PROXIES: TOTAL 56 MAXPE 7 MAXPATCH 7 RefineTorusLB MEM: 0 MB
LDB: TIME 633.623 LOAD: AVG 0.0305046 MAX 0.196626  PROXIES: TOTAL 56 MAXPE 7 MAXPATCH 7 RefineTorusLB MEM: 0 MB
LDB: Reverting to original mapping
LDB: ============== END OF LOAD BALANCING =============== 633.623
Info: useSync: 0 useProxySync: 0
LDB: =============== DONE WITH MIGRATION ================ 633.623
WRITING COORDINATES TO DCD FILE MD.dcd AT STEP 90000
PRESSURE: 90000 62.3825 280.869 191.034 -493.389 112.897 51.9497 1032.84 525.492 1802.91
GPRESSURE: 90000 41.8665 142.32 -245.505 -520.627 123.943 41.3606 1282.66 700.273 1864.84
PRESSAVG: 90000 -256.793 -60.4812 -23.1569 -49.9569 -315.819 -21.4733 54.3894 -8.33499 228.553
GPRESSAVG: 90000 -257.001 -60.5409 -23.3959 -49.8398 -315.58 -21.6592 54.5606 -8.18872 228.788
ENERGY:   90000         0.0000         0.0000         0.0000         0.0000          -5619.5961       433.1041         0.0000         0.0000       956.6696          -4229.8223       303.9255     -5186.4919     -4228.1768       300.1415            659.3956       676.8827     22548.0941      -114.6864      -114.5978

LDB: ============= START OF LOAD BALANCING ============== 645.756
LDB: ============== END OF LOAD BALANCING =============== 645.757
Info: useSync: 0 useProxySync: 0
LDB: =============== DONE WITH MIGRATION ================ 645.757
LDB: ============= START OF LOAD BALANCING ============== 645.965
LDB: TIME 645.965 LOAD: AVG 0.0306116 MAX 0.197113  PROXIES: TOTAL 56 MAXPE 7 MAXPATCH 7 None MEM: 0 MB
LDB: TIME 645.965 LOAD: AVG 0.0306116 MAX 0.197113  PROXIES: TOTAL 56 MAXPE 7 MAXPATCH 7 RefineTorusLB MEM: 0 MB
LDB: TIME 645.965 LOAD: AVG 0.0306116 MAX 0.197113  PROXIES: TOTAL 56 MAXPE 7 MAXPATCH 7 RefineTorusLB MEM: 0 MB
LDB: ============== END OF LOAD BALANCING =============== 645.965
Info: useSync: 0 useProxySync: 0
LDB: =============== DONE WITH MIGRATION ================ 645.966
LDB: ============= START OF LOAD BALANCING ============== 657.269
LDB: ============== END OF LOAD BALANCING =============== 657.269
Info: useSync: 0 useProxySync: 0
LDB: =============== DONE WITH MIGRATION ================ 657.269
LDB: ============= START OF LOAD BALANCING ============== 657.514
LDB: TIME 657.514 LOAD: AVG 0.0360179 MAX 0.232503  PROXIES: TOTAL 56 MAXPE 7 MAXPATCH 7 None MEM: 0 MB
LDB: TIME 657.514 LOAD: AVG 0.0360179 MAX 0.232503  PROXIES: TOTAL 56 MAXPE 7 MAXPATCH 7 RefineTorusLB MEM: 0 MB
LDB: TIME 657.514 LOAD: AVG 0.0360179 MAX 0.232503  PROXIES: TOTAL 56 MAXPE 7 MAXPATCH 7 RefineTorusLB MEM: 0 MB
LDB: Reverting to original mapping
LDB: ============== END OF LOAD BALANCING =============== 657.514
Info: useSync: 0 useProxySync: 0
LDB: =============== DONE WITH MIGRATION ================ 657.515
LDB: ============= START OF LOAD BALANCING ============== 671.574
LDB: ============== END OF LOAD BALANCING =============== 671.574
Info: useSync: 0 useProxySync: 0
LDB: =============== DONE WITH MIGRATION ================ 671.574
LDB: ============= START OF LOAD BALANCING ============== 671.795
LDB: TIME 671.795 LOAD: AVG 0.0322961 MAX 0.203183  PROXIES: TOTAL 56 MAXPE 7 MAXPATCH 7 None MEM: 0 MB
LDB: TIME 671.796 LOAD: AVG 0.0322961 MAX 0.203183  PROXIES: TOTAL 56 MAXPE 7 MAXPATCH 7 RefineTorusLB MEM: 0 MB
LDB: TIME 671.796 LOAD: AVG 0.0322961 MAX 0.203183  PROXIES: TOTAL 56 MAXPE 7 MAXPATCH 7 RefineTorusLB MEM: 0 MB
LDB: Reverting to original mapping
LDB: ============== END OF LOAD BALANCING =============== 671.796
Info: useSync: 0 useProxySync: 0
LDB: =============== DONE WITH MIGRATION ================ 671.797
WRITING COORDINATES TO DCD FILE MD.dcd AT STEP 95000
PRESSURE: 95000 331.534 157.463 254.666 -44.5634 737.096 -381.072 110.749 -357.226 121.117
GPRESSURE: 95000 310.481 -137.637 325.407 19.0529 511.777 -256.183 -217.708 -367.759 423.303
PRESSAVG: 95000 -229.631 76.6892 -21.8451 51.1673 -270.533 28.11 8.51416 42.0236 199.188
GPRESSAVG: 95000 -229.674 76.843 -21.5228 50.8991 -270.475 28.6335 8.37923 41.2454 199.453
ENERGY:   95000         0.0000         0.0000         0.0000         0.0000          -5625.6255       430.0698         0.0000         0.0000       918.5172          -4277.0384       291.8049     -5195.5556     -4274.8905       302.8525            396.5824       415.1867     22548.0941      -100.3254      -100.2318

LDB: ============= START OF LOAD BALANCING ============== 686.51
LDB: ============== END OF LOAD BALANCING =============== 686.514
Info: useSync: 0 useProxySync: 0
LDB: =============== DONE WITH MIGRATION ================ 686.533
LDB: ============= START OF LOAD BALANCING ============== 687.475
LDB: TIME 687.494 LOAD: AVG 0.0609357 MAX 0.387038  PROXIES: TOTAL 56 MAXPE 7 MAXPATCH 7 None MEM: 0 MB
LDB: TIME 687.494 LOAD: AVG 0.0609357 MAX 0.387038  PROXIES: TOTAL 56 MAXPE 7 MAXPATCH 7 RefineTorusLB MEM: 0 MB
LDB: TIME 687.494 LOAD: AVG 0.0609357 MAX 0.387038  PROXIES: TOTAL 56 MAXPE 7 MAXPATCH 7 RefineTorusLB MEM: 0 MB
LDB: ============== END OF LOAD BALANCING =============== 687.503
Info: useSync: 0 useProxySync: 0
LDB: =============== DONE WITH MIGRATION ================ 687.571
LDB: ============= START OF LOAD BALANCING ============== 706.156
LDB: ============== END OF LOAD BALANCING =============== 706.157
Info: useSync: 0 useProxySync: 0
LDB: =============== DONE WITH MIGRATION ================ 706.157
LDB: ============= START OF LOAD BALANCING ============== 706.37
LDB: TIME 706.37 LOAD: AVG 0.0317698 MAX 0.199684  PROXIES: TOTAL 56 MAXPE 7 MAXPATCH 7 None MEM: 0 MB
LDB: TIME 706.37 LOAD: AVG 0.0317698 MAX 0.199684  PROXIES: TOTAL 56 MAXPE 7 MAXPATCH 7 RefineTorusLB MEM: 0 MB
LDB: TIME 706.37 LOAD: AVG 0.0317698 MAX 0.199684  PROXIES: TOTAL 56 MAXPE 7 MAXPATCH 7 RefineTorusLB MEM: 0 MB
LDB: Reverting to original mapping
LDB: ============== END OF LOAD BALANCING =============== 706.37
Info: useSync: 0 useProxySync: 0
LDB: =============== DONE WITH MIGRATION ================ 706.37
WRITING COORDINATES TO DCD FILE MD.dcd AT STEP 100000
WRITING COORDINATES TO RESTART FILE AT STEP 100000
FINISHED WRITING RESTART COORDINATES
WRITING VELOCITIES TO RESTART FILE AT STEP 100000
FINISHED WRITING RESTART VELOCITIES
The last velocity output (seq=100000) takes 0.000 seconds, 0.000 MB of memory in use
PRESSURE: 100000 67.0714 -224.787 -149.702 -174.531 -731.945 165.151 -75.2745 226.711 -206.928
GPRESSURE: 100000 115.039 -584.339 40.0946 158.205 -618.895 -83.6465 -179.54 266.098 -284.389
PRESSAVG: 100000 -149.214 -28.0077 29.8049 -89.3434 -247.06 13.7686 -23.8024 1.92566 360.219
GPRESSAVG: 100000 -149.063 -28.0631 29.6928 -89.2407 -246.954 13.4247 -23.5798 1.97178 359.968
TIMING: 100000  CPU: 551.341, 0.00551816/step  Wall: 717.448, 0.0072166/step, 0.801844 hours remaining, 0.000000 MB of memory in use.
PERFORMANCE: 100000  averaging 24.0913 ns/day, 0.0071727 sec/step with standard deviation 6.20766e-05
ETITLE:      TS           BOND          ANGLE          DIHED          IMPRP               ELECT            VDW       BOUNDARY           MISC        KINETIC               TOTAL           TEMP      POTENTIAL         TOTAL3        TEMPAVG            PRESSURE      GPRESSURE         VOLUME       PRESSAVG      GPRESSAVG

ENERGY:  100000         0.0000         0.0000         0.0000         0.0000          -5645.8527       384.6446         0.0000         0.0000       944.7208          -4316.4873       300.1295     -5261.2081     -4314.8839       299.4397           -290.6003      -262.7482     22548.0941       -12.0185       -12.0162

WRITING EXTENDED SYSTEM TO RESTART FILE AT STEP 100000
LDB: ============= START OF LOAD BALANCING ============== 718.873
LDB: ============== END OF LOAD BALANCING =============== 718.879
Info: useSync: 0 useProxySync: 0
LDB: =============== DONE WITH MIGRATION ================ 718.899
LDB: ============= START OF LOAD BALANCING ============== 719.448
LDB: TIME 719.46 LOAD: AVG 0.0424103 MAX 0.286925  PROXIES: TOTAL 56 MAXPE 7 MAXPATCH 7 None MEM: 0 MB
LDB: TIME 719.46 LOAD: AVG 0.0424103 MAX 0.286925  PROXIES: TOTAL 56 MAXPE 7 MAXPATCH 7 RefineTorusLB MEM: 0 MB
LDB: TIME 719.46 LOAD: AVG 0.0424103 MAX 0.286925  PROXIES: TOTAL 56 MAXPE 7 MAXPATCH 7 RefineTorusLB MEM: 0 MB
LDB: Reverting to original mapping
LDB: ============== END OF LOAD BALANCING =============== 719.469
Info: useSync: 0 useProxySync: 0
LDB: =============== DONE WITH MIGRATION ================ 719.523
LDB: ============= START OF LOAD BALANCING ============== 732.128
LDB: ============== END OF LOAD BALANCING =============== 732.129
Info: useSync: 0 useProxySync: 0
LDB: =============== DONE WITH MIGRATION ================ 732.129
LDB: ============= START OF LOAD BALANCING ============== 732.405
LDB: TIME 732.405 LOAD: AVG 0.032213 MAX 0.199028  PROXIES: TOTAL 56 MAXPE 7 MAXPATCH 7 None MEM: 0 MB
LDB: TIME 732.406 LOAD: AVG 0.032213 MAX 0.199028  PROXIES: TOTAL 56 MAXPE 7 MAXPATCH 7 RefineTorusLB MEM: 0 MB
LDB: TIME 732.406 LOAD: AVG 0.032213 MAX 0.199028  PROXIES: TOTAL 56 MAXPE 7 MAXPATCH 7 RefineTorusLB MEM: 0 MB
LDB: Reverting to original mapping
LDB: ============== END OF LOAD BALANCING =============== 732.406
Info: useSync: 0 useProxySync: 0
LDB: =============== DONE WITH MIGRATION ================ 732.406
LDB: ============= START OF LOAD BALANCING ============== 743.766
LDB: ============== END OF LOAD BALANCING =============== 743.766
Info: useSync: 0 useProxySync: 0
LDB: =============== DONE WITH MIGRATION ================ 743.767
LDB: ============= START OF LOAD BALANCING ============== 744.217
LDB: TIME 744.218 LOAD: AVG 0.0416521 MAX 0.281098  PROXIES: TOTAL 56 MAXPE 7 MAXPATCH 7 None MEM: 0 MB
LDB: TIME 744.218 LOAD: AVG 0.0416521 MAX 0.281098  PROXIES: TOTAL 56 MAXPE 7 MAXPATCH 7 RefineTorusLB MEM: 0 MB
LDB: TIME 744.218 LOAD: AVG 0.0416521 MAX 0.281098  PROXIES: TOTAL 56 MAXPE 7 MAXPATCH 7 RefineTorusLB MEM: 0 MB
LDB: Reverting to original mapping
LDB: ============== END OF LOAD BALANCING =============== 744.224
Info: useSync: 0 useProxySync: 0
LDB: =============== DONE WITH MIGRATION ================ 744.266
PRESSURE: 105000 -62.9713 -217.815 -401.592 470.494 340.561 -1107.74 -323.769 -931.332 -332.653
GPRESSURE: 105000 61.129 -189.587 -402.196 373.31 363.786 -1072.39 -341.087 -874.381 -420.307
PRESSAVG: 105000 -227.309 -27.8364 -22.7813 -41.7699 -136.066 -48.2872 -43.3174 -13.0582 286.706
GPRESSAVG: 105000 -227.257 -27.9377 -22.5738 -41.5264 -135.928 -47.6739 -43.4521 -13.1085 286.778
ENERGY:  105000         0.0000         0.0000         0.0000         0.0000          -5616.7521       407.6203         0.0000         0.0000       981.1538          -4227.9781       311.7039     -5209.1319     -4224.9893       298.5887            -18.3546         1.5361     22548.0941       -25.5560       -25.4692

WRITING COORDINATES TO DCD FILE MD.dcd AT STEP 105000
LDB: ============= START OF LOAD BALANCING ============== 758.283
LDB: ============== END OF LOAD BALANCING =============== 758.283
Info: useSync: 0 useProxySync: 0
LDB: =============== DONE WITH MIGRATION ================ 758.284
LDB: ============= START OF LOAD BALANCING ============== 758.491
LDB: TIME 758.491 LOAD: AVG 0.0304048 MAX 0.196265  PROXIES: TOTAL 56 MAXPE 7 MAXPATCH 7 None MEM: 0 MB
LDB: TIME 758.491 LOAD: AVG 0.0304048 MAX 0.196265  PROXIES: TOTAL 56 MAXPE 7 MAXPATCH 7 RefineTorusLB MEM: 0 MB
LDB: TIME 758.491 LOAD: AVG 0.0304048 MAX 0.196265  PROXIES: TOTAL 56 MAXPE 7 MAXPATCH 7 RefineTorusLB MEM: 0 MB
LDB: ============== END OF LOAD BALANCING =============== 758.491
Info: useSync: 0 useProxySync: 0
LDB: =============== DONE WITH MIGRATION ================ 758.492
LDB: ============= START OF LOAD BALANCING ============== 768.828
LDB: ============== END OF LOAD BALANCING =============== 768.829
Info: useSync: 0 useProxySync: 0
LDB: =============== DONE WITH MIGRATION ================ 768.829
LDB: ============= START OF LOAD BALANCING ============== 769.039
LDB: TIME 769.039 LOAD: AVG 0.0308989 MAX 0.199429  PROXIES: TOTAL 56 MAXPE 7 MAXPATCH 7 None MEM: 0 MB
LDB: TIME 769.039 LOAD: AVG 0.0308989 MAX 0.199429  PROXIES: TOTAL 56 MAXPE 7 MAXPATCH 7 RefineTorusLB MEM: 0 MB
LDB: TIME 769.039 LOAD: AVG 0.0308989 MAX 0.199429  PROXIES: TOTAL 56 MAXPE 7 MAXPATCH 7 RefineTorusLB MEM: 0 MB
LDB: ============== END OF LOAD BALANCING =============== 769.04
Info: useSync: 0 useProxySync: 0
LDB: =============== DONE WITH MIGRATION ================ 769.04
WRITING COORDINATES TO DCD FILE MD.dcd AT STEP 110000
PRESSURE: 110000 -1329.6 525.21 -21.7698 667.433 -789.955 -165.927 -184.272 -363.044 -415.463
GPRESSURE: 110000 -1316.42 142.956 64.998 838.941 -823.339 -12.9372 -181.555 -318.901 -338.312
PRESSAVG: 110000 -294.575 22.7528 28.6089 45.3592 -226.852 -31.3486 -66.1185 -48.6306 196.799
GPRESSAVG: 110000 -294.915 22.7925 28.6711 45.5298 -226.848 -31.3359 -65.9963 -48.8088 196.61
ENERGY:  110000         0.0000         0.0000         0.0000         0.0000          -5577.4871       345.5477         0.0000         0.0000       909.0908          -4322.8486       288.8102     -5231.9394     -4320.1250       299.3510           -845.0066      -826.0225     22548.0941      -108.2093      -108.3842

LDB: ============= START OF LOAD BALANCING ============== 781.729
LDB: ============== END OF LOAD BALANCING =============== 781.732
Info: useSync: 0 useProxySync: 0
LDB: =============== DONE WITH MIGRATION ================ 781.733
LDB: ============= START OF LOAD BALANCING ============== 782.184
LDB: TIME 782.191 LOAD: AVG 0.0439956 MAX 0.2611  PROXIES: TOTAL 56 MAXPE 7 MAXPATCH 7 None MEM: 0 MB
LDB: TIME 782.191 LOAD: AVG 0.0439956 MAX 0.2611  PROXIES: TOTAL 56 MAXPE 7 MAXPATCH 7 RefineTorusLB MEM: 0 MB
LDB: TIME 782.191 LOAD: AVG 0.0439956 MAX 0.2611  PROXIES: TOTAL 56 MAXPE 7 MAXPATCH 7 RefineTorusLB MEM: 0 MB
LDB: Reverting to original mapping
LDB: ============== END OF LOAD BALANCING =============== 782.197
Info: useSync: 0 useProxySync: 0
LDB: =============== DONE WITH MIGRATION ================ 782.24
LDB: ============= START OF LOAD BALANCING ============== 793.577
LDB: ============== END OF LOAD BALANCING =============== 793.577
Info: useSync: 0 useProxySync: 0
LDB: =============== DONE WITH MIGRATION ================ 793.577
LDB: ============= START OF LOAD BALANCING ============== 793.785
LDB: TIME 793.785 LOAD: AVG 0.0304672 MAX 0.195115  PROXIES: TOTAL 56 MAXPE 7 MAXPATCH 7 None MEM: 0 MB
LDB: TIME 793.785 LOAD: AVG 0.0304672 MAX 0.195115  PROXIES: TOTAL 56 MAXPE 7 MAXPATCH 7 RefineTorusLB MEM: 0 MB
LDB: TIME 793.785 LOAD: AVG 0.0304672 MAX 0.195115  PROXIES: TOTAL 56 MAXPE 7 MAXPATCH 7 RefineTorusLB MEM: 0 MB
LDB: ============== END OF LOAD BALANCING =============== 793.785
Info: useSync: 0 useProxySync: 0
LDB: =============== DONE WITH MIGRATION ================ 793.785
LDB: ============= START OF LOAD BALANCING ============== 804.756
LDB: ============== END OF LOAD BALANCING =============== 804.759
Info: useSync: 0 useProxySync: 0
LDB: =============== DONE WITH MIGRATION ================ 804.771
LDB: ============= START OF LOAD BALANCING ============== 805.253
LDB: TIME 805.259 LOAD: AVG 0.0376362 MAX 0.247056  PROXIES: TOTAL 56 MAXPE 7 MAXPATCH 7 None MEM: 0 MB
LDB: TIME 805.259 LOAD: AVG 0.0376362 MAX 0.247056  PROXIES: TOTAL 56 MAXPE 7 MAXPATCH 7 RefineTorusLB MEM: 0 MB
LDB: TIME 805.259 LOAD: AVG 0.0376362 MAX 0.247056  PROXIES: TOTAL 56 MAXPE 7 MAXPATCH 7 RefineTorusLB MEM: 0 MB
LDB: Reverting to original mapping
LDB: ============== END OF LOAD BALANCING =============== 805.265
Info: useSync: 0 useProxySync: 0
LDB: =============== DONE WITH MIGRATION ================ 805.313
PRESSURE: 115000 -490.524 -651.289 320.781 -683.202 -160.521 -564.798 498.303 -32.4786 158.419
GPRESSURE: 115000 -522.578 -225.203 256.487 -724.918 -246.179 -440.042 600.352 -80.8421 310.121
PRESSAVG: 115000 -237.855 -6.62301 55.5625 -22.9289 -283.837 -68.6227 -87.1208 -108.284 87.0122
GPRESSAVG: 115000 -237.908 -6.7674 55.6162 -22.913 -283.739 -68.3702 -86.6807 -108.199 86.6444
ENERGY:  115000         0.0000         0.0000         0.0000         0.0000          -5646.5509       415.1928         0.0000         0.0000       949.4542          -4281.9039       301.6333     -5231.3581     -4279.5678       297.6584           -164.2086      -152.8786     22548.0941      -144.8934      -145.0010

WRITING COORDINATES TO DCD FILE MD.dcd AT STEP 115000
LDB: ============= START OF LOAD BALANCING ============== 817.28
LDB: ============== END OF LOAD BALANCING =============== 817.283
Info: useSync: 0 useProxySync: 0
LDB: =============== DONE WITH MIGRATION ================ 817.291
LDB: ============= START OF LOAD BALANCING ============== 817.822
LDB: TIME 817.826 LOAD: AVG 0.0466774 MAX 0.312698  PROXIES: TOTAL 56 MAXPE 7 MAXPATCH 7 None MEM: 0 MB
LDB: TIME 817.826 LOAD: AVG 0.0466774 MAX 0.312698  PROXIES: TOTAL 56 MAXPE 7 MAXPATCH 7 RefineTorusLB MEM: 0 MB
LDB: TIME 817.826 LOAD: AVG 0.0466774 MAX 0.312698  PROXIES: TOTAL 56 MAXPE 7 MAXPATCH 7 RefineTorusLB MEM: 0 MB
LDB: Reverting to original mapping
LDB: ============== END OF LOAD BALANCING =============== 817.831
Info: useSync: 0 useProxySync: 0
LDB: =============== DONE WITH MIGRATION ================ 817.897
LDB: ============= START OF LOAD BALANCING ============== 830.775
LDB: ============== END OF LOAD BALANCING =============== 830.778
Info: useSync: 0 useProxySync: 0
LDB: =============== DONE WITH MIGRATION ================ 830.79
LDB: ============= START OF LOAD BALANCING ============== 831.053
LDB: TIME 831.053 LOAD: AVG 0.0324351 MAX 0.20243  PROXIES: TOTAL 56 MAXPE 7 MAXPATCH 7 None MEM: 0 MB
LDB: TIME 831.053 LOAD: AVG 0.0324351 MAX 0.20243  PROXIES: TOTAL 56 MAXPE 7 MAXPATCH 7 RefineTorusLB MEM: 0 MB
LDB: TIME 831.053 LOAD: AVG 0.0324351 MAX 0.20243  PROXIES: TOTAL 56 MAXPE 7 MAXPATCH 7 RefineTorusLB MEM: 0 MB
LDB: Reverting to original mapping
LDB: ============== END OF LOAD BALANCING =============== 831.054
Info: useSync: 0 useProxySync: 0
LDB: =============== DONE WITH MIGRATION ================ 831.054
WRITING COORDINATES TO DCD FILE MD.dcd AT STEP 120000
PRESSURE: 120000 902.874 498.318 -296.233 565.497 196.189 -344.043 -326.835 55.2828 -222.234
GPRESSURE: 120000 948.19 203.691 -269.908 799.808 209.52 -537.897 -106.118 -218.629 -197.029
PRESSAVG: 120000 -215.716 19.7165 45.5517 36.4126 -307.465 -5.52454 9.76231 25.2709 155.341
GPRESSAVG: 120000 -215.501 19.941 45.5142 35.9003 -307.644 -5.68393 9.57996 25.4944 155.184
ENERGY:  120000         0.0000         0.0000         0.0000         0.0000          -5585.9369       404.3810         0.0000         0.0000       928.8444          -4252.7115       295.0857     -5181.5559     -4250.9176       299.9675            292.2762       320.2271     22548.0941      -122.6132      -122.6538

LDB: ============= START OF LOAD BALANCING ============== 844.628
LDB: ============== END OF LOAD BALANCING =============== 844.628
Info: useSync: 0 useProxySync: 0
LDB: =============== DONE WITH MIGRATION ================ 844.629
LDB: ============= START OF LOAD BALANCING ============== 844.834
LDB: TIME 844.834 LOAD: AVG 0.0306625 MAX 0.196491  PROXIES: TOTAL 56 MAXPE 7 MAXPATCH 7 None MEM: 0 MB
LDB: TIME 844.834 LOAD: AVG 0.0306625 MAX 0.196491  PROXIES: TOTAL 56 MAXPE 7 MAXPATCH 7 RefineTorusLB MEM: 0 MB
LDB: TIME 844.834 LOAD: AVG 0.0306625 MAX 0.196491  PROXIES: TOTAL 56 MAXPE 7 MAXPATCH 7 RefineTorusLB MEM: 0 MB
LDB: Reverting to original mapping
LDB: ============== END OF LOAD BALANCING =============== 844.835
Info: useSync: 0 useProxySync: 0
LDB: =============== DONE WITH MIGRATION ================ 844.835
LDB: ============= START OF LOAD BALANCING ============== 856.314
LDB: ============== END OF LOAD BALANCING =============== 856.314
Info: useSync: 0 useProxySync: 0
LDB: =============== DONE WITH MIGRATION ================ 856.314
LDB: ============= START OF LOAD BALANCING ============== 856.522
LDB: TIME 856.522 LOAD: AVG 0.0304396 MAX 0.195676  PROXIES: TOTAL 56 MAXPE 7 MAXPATCH 7 None MEM: 0 MB
LDB: TIME 856.522 LOAD: AVG 0.0304396 MAX 0.195676  PROXIES: TOTAL 56 MAXPE 7 MAXPATCH 7 RefineTorusLB MEM: 0 MB
LDB: TIME 856.522 LOAD: AVG 0.0304396 MAX 0.195676  PROXIES: TOTAL 56 MAXPE 7 MAXPATCH 7 RefineTorusLB MEM: 0 MB
LDB: ============== END OF LOAD BALANCING =============== 856.522
Info: useSync: 0 useProxySync: 0
LDB: =============== DONE WITH MIGRATION ================ 856.523
LDB: ============= START OF LOAD BALANCING ============== 871.802
LDB: ============== END OF LOAD BALANCING =============== 871.805
Info: useSync: 0 useProxySync: 0
LDB: =============== DONE WITH MIGRATION ================ 871.813
LDB: ============= START OF LOAD BALANCING ============== 872.341
LDB: TIME 872.348 LOAD: AVG 0.0508314 MAX 0.332483  PROXIES: TOTAL 56 MAXPE 7 MAXPATCH 7 None MEM: 0 MB
LDB: TIME 872.348 LOAD: AVG 0.0508314 MAX 0.332483  PROXIES: TOTAL 56 MAXPE 7 MAXPATCH 7 RefineTorusLB MEM: 0 MB
LDB: TIME 872.348 LOAD: AVG 0.0508314 MAX 0.332483  PROXIES: TOTAL 56 MAXPE 7 MAXPATCH 7 RefineTorusLB MEM: 0 MB
LDB: ============== END OF LOAD BALANCING =============== 872.362
Info: useSync: 0 useProxySync: 0
LDB: =============== DONE WITH MIGRATION ================ 872.362
WRITING COORDINATES TO DCD FILE MD.dcd AT STEP 125000
PRESSURE: 125000 -517.913 301.155 -802.904 31.4938 746.168 -368.363 -520.418 -200.551 1.10304
GPRESSURE: 125000 -279.591 36.3831 -841.693 476.393 752.339 -120.72 -358.971 -380.37 -177.747
PRESSAVG: 125000 -196.078 19.4942 -51.737 -3.57352 -176.622 26.1371 3.69099 15.6224 134.379
GPRESSAVG: 125000 -196.21 19.169 -52.1225 -2.95563 -177.05 26.0929 4.04633 15.5858 134.505
ENERGY:  125000         0.0000         0.0000         0.0000         0.0000          -5604.2008       411.6429         0.0000         0.0000       935.0998          -4257.4580       297.0730     -5192.5578     -4256.0045       298.3845             76.4527        98.3336     22548.0941       -79.4403       -79.5850

LDB: ============= START OF LOAD BALANCING ============== 885.447
LDB: ============== END OF LOAD BALANCING =============== 885.45
Info: useSync: 0 useProxySync: 0
LDB: =============== DONE WITH MIGRATION ================ 885.459
LDB: ============= START OF LOAD BALANCING ============== 885.741
LDB: TIME 885.742 LOAD: AVG 0.0322323 MAX 0.200828  PROXIES: TOTAL 56 MAXPE 7 MAXPATCH 7 None MEM: 0 MB
LDB: TIME 885.742 LOAD: AVG 0.0322323 MAX 0.200828  PROXIES: TOTAL 56 MAXPE 7 MAXPATCH 7 RefineTorusLB MEM: 0 MB
LDB: TIME 885.742 LOAD: AVG 0.0322323 MAX 0.200828  PROXIES: TOTAL 56 MAXPE 7 MAXPATCH 7 RefineTorusLB MEM: 0 MB
LDB: Reverting to original mapping
LDB: ============== END OF LOAD BALANCING =============== 885.742
Info: useSync: 0 useProxySync: 0
LDB: =============== DONE WITH MIGRATION ================ 885.743
LDB: ============= START OF LOAD BALANCING ============== 896.522
LDB: ============== END OF LOAD BALANCING =============== 896.526
Info: useSync: 0 useProxySync: 0
LDB: =============== DONE WITH MIGRATION ================ 896.557
LDB: ============= START OF LOAD BALANCING ============== 897.081
LDB: TIME 897.086 LOAD: AVG 0.0472097 MAX 0.313787  PROXIES: TOTAL 56 MAXPE 7 MAXPATCH 7 None MEM: 0 MB
LDB: TIME 897.087 LOAD: AVG 0.0472097 MAX 0.313787  PROXIES: TOTAL 56 MAXPE 7 MAXPATCH 7 RefineTorusLB MEM: 0 MB
LDB: TIME 897.087 LOAD: AVG 0.0472097 MAX 0.313787  PROXIES: TOTAL 56 MAXPE 7 MAXPATCH 7 RefineTorusLB MEM: 0 MB
LDB: Reverting to original mapping
LDB: ============== END OF LOAD BALANCING =============== 897.091
Info: useSync: 0 useProxySync: 0
LDB: =============== DONE WITH MIGRATION ================ 897.124
PRESSURE: 130000 1397.21 -610.413 -371.863 -595.861 801.847 395.925 -146.658 685.92 705.184
GPRESSURE: 130000 1545.82 -525.347 -526.376 -538.514 502.493 281.844 -121.875 701.495 953.426
PRESSAVG: 130000 -226.007 27.1756 57.6828 20.9046 -184.771 0.888585 27.6948 16.1303 57.8082
GPRESSAVG: 130000 -226.13 27.7339 57.7882 20.1912 -184.657 0.922324 27.3051 16.049 58.2151
ENERGY:  130000         0.0000         0.0000         0.0000         0.0000          -5677.2973       492.3727         0.0000         0.0000       912.3355          -4272.5891       289.8410     -5184.9246     -4269.7879       298.8098            968.0789      1000.5791     22548.0941      -117.6566      -117.5240

WRITING COORDINATES TO DCD FILE MD.dcd AT STEP 130000
LDB: ============= START OF LOAD BALANCING ============== 912.099
LDB: ============== END OF LOAD BALANCING =============== 912.1
Info: useSync: 0 useProxySync: 0
LDB: =============== DONE WITH MIGRATION ================ 912.1
LDB: ============= START OF LOAD BALANCING ============== 912.314
LDB: TIME 912.315 LOAD: AVG 0.0309294 MAX 0.198655  PROXIES: TOTAL 56 MAXPE 7 MAXPATCH 7 None MEM: 0 MB
LDB: TIME 912.315 LOAD: AVG 0.0309294 MAX 0.198655  PROXIES: TOTAL 56 MAXPE 7 MAXPATCH 7 RefineTorusLB MEM: 0 MB
LDB: TIME 912.315 LOAD: AVG 0.0309294 MAX 0.198655  PROXIES: TOTAL 56 MAXPE 7 MAXPATCH 7 RefineTorusLB MEM: 0 MB
LDB: Reverting to original mapping
LDB: ============== END OF LOAD BALANCING =============== 912.315
Info: useSync: 0 useProxySync: 0
LDB: =============== DONE WITH MIGRATION ================ 912.315
LDB: ============= START OF LOAD BALANCING ============== 925.162
LDB: ============== END OF LOAD BALANCING =============== 925.168
Info: useSync: 0 useProxySync: 0
LDB: =============== DONE WITH MIGRATION ================ 925.192
LDB: ============= START OF LOAD BALANCING ============== 925.643
LDB: TIME 925.647 LOAD: AVG 0.0379813 MAX 0.249164  PROXIES: TOTAL 56 MAXPE 7 MAXPATCH 7 None MEM: 0 MB
LDB: TIME 925.647 LOAD: AVG 0.0379813 MAX 0.249164  PROXIES: TOTAL 56 MAXPE 7 MAXPATCH 7 RefineTorusLB MEM: 0 MB
LDB: TIME 925.647 LOAD: AVG 0.0379813 MAX 0.249164  PROXIES: TOTAL 56 MAXPE 7 MAXPATCH 7 RefineTorusLB MEM: 0 MB
LDB: Reverting to original mapping
LDB: ============== END OF LOAD BALANCING =============== 925.65
Info: useSync: 0 useProxySync: 0
LDB: =============== DONE WITH MIGRATION ================ 925.696
LDB: ============= START OF LOAD BALANCING ============== 940.841
LDB: ============== END OF LOAD BALANCING =============== 940.841
Info: useSync: 0 useProxySync: 0
LDB: =============== DONE WITH MIGRATION ================ 940.841
LDB: ============= START OF LOAD BALANCING ============== 941.152
LDB: TIME 941.152 LOAD: AVG 0.037613 MAX 0.233687  PROXIES: TOTAL 56 MAXPE 7 MAXPATCH 7 None MEM: 0 MB
LDB: TIME 941.152 LOAD: AVG 0.037613 MAX 0.233687  PROXIES: TOTAL 56 MAXPE 7 MAXPATCH 7 RefineTorusLB MEM: 0 MB
LDB: TIME 941.152 LOAD: AVG 0.037613 MAX 0.233687  PROXIES: TOTAL 56 MAXPE 7 MAXPATCH 7 RefineTorusLB MEM: 0 MB
LDB: ============== END OF LOAD BALANCING =============== 941.152
Info: useSync: 0 useProxySync: 0
LDB: =============== DONE WITH MIGRATION ================ 941.152
PRESSURE: 135000 768.701 -554.819 -154.909 -414.668 -249.945 -209.032 178.346 -99.2445 628.305
GPRESSURE: 135000 967.446 -716.138 -378.036 -394.822 -214.692 -275.387 392.679 149.212 468.971
PRESSAVG: 135000 -101.993 0.299342 20.203 28.9332 -183.174 20.7715 18.5511 58.2107 413.305
GPRESSAVG: 135000 -102.033 0.0324549 20.2232 29.0261 -183.611 20.4457 18.5459 58.3184 413.285
ENERGY:  135000         0.0000         0.0000         0.0000         0.0000          -5537.4196       417.7776         0.0000         0.0000       984.1397          -4135.5023       312.6525     -5119.6420     -4134.1773       307.4112            382.3540       407.2417     22548.0941        42.7128        42.5469

WRITING COORDINATES TO DCD FILE MD.dcd AT STEP 135000
LDB: ============= START OF LOAD BALANCING ============== 955.417
LDB: ============== END OF LOAD BALANCING =============== 955.418
Info: useSync: 0 useProxySync: 0
LDB: =============== DONE WITH MIGRATION ================ 955.426
LDB: ============= START OF LOAD BALANCING ============== 955.941
LDB: TIME 955.952 LOAD: AVG 0.05093 MAX 0.338814  PROXIES: TOTAL 56 MAXPE 7 MAXPATCH 7 None MEM: 0 MB
LDB: TIME 955.952 LOAD: AVG 0.05093 MAX 0.338814  PROXIES: TOTAL 56 MAXPE 7 MAXPATCH 7 RefineTorusLB MEM: 0 MB
LDB: TIME 955.952 LOAD: AVG 0.05093 MAX 0.338814  PROXIES: TOTAL 56 MAXPE 7 MAXPATCH 7 RefineTorusLB MEM: 0 MB
LDB: Reverting to original mapping
LDB: ============== END OF LOAD BALANCING =============== 955.956
Info: useSync: 0 useProxySync: 0
LDB: =============== DONE WITH MIGRATION ================ 956.005
LDB: ============= START OF LOAD BALANCING ============== 969.918
LDB: ============== END OF LOAD BALANCING =============== 969.919
Info: useSync: 0 useProxySync: 0
LDB: =============== DONE WITH MIGRATION ================ 969.919
LDB: ============= START OF LOAD BALANCING ============== 970.13
LDB: TIME 970.131 LOAD: AVG 0.0310036 MAX 0.19978  PROXIES: TOTAL 56 MAXPE 7 MAXPATCH 7 None MEM: 0 MB
LDB: TIME 970.131 LOAD: AVG 0.0310036 MAX 0.19978  PROXIES: TOTAL 56 MAXPE 7 MAXPATCH 7 RefineTorusLB MEM: 0 MB
LDB: TIME 970.131 LOAD: AVG 0.0310036 MAX 0.19978  PROXIES: TOTAL 56 MAXPE 7 MAXPATCH 7 RefineTorusLB MEM: 0 MB
LDB: Reverting to original mapping
LDB: ============== END OF LOAD BALANCING =============== 970.131
Info: useSync: 0 useProxySync: 0
LDB: =============== DONE WITH MIGRATION ================ 970.131
WRITING COORDINATES TO DCD FILE MD.dcd AT STEP 140000
PRESSURE: 140000 178.041 -215.278 40.3139 -26.1673 263.154 59.5227 434.166 165.631 1135.27
GPRESSURE: 140000 384.184 -50.9514 16.1575 -220.035 58.6892 -101.969 239.111 -32.0397 1200.66
PRESSAVG: 140000 -164.28 -7.57519 -46.1159 7.3155 -127.152 -33.3854 -12.3754 -17.6748 270.435
GPRESSAVG: 140000 -164.346 -7.30958 -45.9934 6.87886 -127.39 -33.2391 -12.5694 -17.8432 270.381
ENERGY:  140000         0.0000         0.0000         0.0000         0.0000          -5573.4067       419.1078         0.0000         0.0000       972.1502          -4182.1487       308.8436     -5154.2989     -4180.1027       306.6831            525.4887       547.8452     22548.0941        -6.9989        -7.1186

LDB: ============= START OF LOAD BALANCING ============== 984.7
LDB: ============== END OF LOAD BALANCING =============== 984.7
Info: useSync: 0 useProxySync: 0
LDB: =============== DONE WITH MIGRATION ================ 984.7
LDB: ============= START OF LOAD BALANCING ============== 984.942
LDB: TIME 984.942 LOAD: AVG 0.0348628 MAX 0.23023  PROXIES: TOTAL 56 MAXPE 7 MAXPATCH 7 None MEM: 0 MB
LDB: TIME 984.943 LOAD: AVG 0.0348628 MAX 0.23023  PROXIES: TOTAL 56 MAXPE 7 MAXPATCH 7 RefineTorusLB MEM: 0 MB
LDB: TIME 984.943 LOAD: AVG 0.0348628 MAX 0.23023  PROXIES: TOTAL 56 MAXPE 7 MAXPATCH 7 RefineTorusLB MEM: 0 MB
LDB: ============== END OF LOAD BALANCING =============== 984.943
Info: useSync: 0 useProxySync: 0
LDB: =============== DONE WITH MIGRATION ================ 984.943
LDB: ============= START OF LOAD BALANCING ============== 996.305
LDB: ============== END OF LOAD BALANCING =============== 996.306
Info: useSync: 0 useProxySync: 0
LDB: =============== DONE WITH MIGRATION ================ 996.306
LDB: ============= START OF LOAD BALANCING ============== 996.569
LDB: TIME 996.571 LOAD: AVG 0.0323597 MAX 0.199921  PROXIES: TOTAL 56 MAXPE 7 MAXPATCH 7 None MEM: 0 MB
LDB: TIME 996.572 LOAD: AVG 0.0323597 MAX 0.199921  PROXIES: TOTAL 56 MAXPE 7 MAXPATCH 7 RefineTorusLB MEM: 0 MB
LDB: TIME 996.572 LOAD: AVG 0.0323597 MAX 0.199921  PROXIES: TOTAL 56 MAXPE 7 MAXPATCH 7 RefineTorusLB MEM: 0 MB
LDB: Reverting to original mapping
LDB: ============== END OF LOAD BALANCING =============== 996.572
Info: useSync: 0 useProxySync: 0
LDB: =============== DONE WITH MIGRATION ================ 996.572
LDB: ============= START OF LOAD BALANCING ============== 1009.6
LDB: ============== END OF LOAD BALANCING =============== 1009.6
Info: useSync: 0 useProxySync: 0
LDB: =============== DONE WITH MIGRATION ================ 1009.6
LDB: ============= START OF LOAD BALANCING ============== 1009.81
LDB: TIME 1009.81 LOAD: AVG 0.0307712 MAX 0.196949  PROXIES: TOTAL 56 MAXPE 7 MAXPATCH 7 None MEM: 0 MB
LDB: TIME 1009.81 LOAD: AVG 0.0307712 MAX 0.196949  PROXIES: TOTAL 56 MAXPE 7 MAXPATCH 7 RefineTorusLB MEM: 0 MB
LDB: TIME 1009.81 LOAD: AVG 0.0307712 MAX 0.196949  PROXIES: TOTAL 56 MAXPE 7 MAXPATCH 7 RefineTorusLB MEM: 0 MB
LDB: ============== END OF LOAD BALANCING =============== 1009.81
Info: useSync: 0 useProxySync: 0
LDB: =============== DONE WITH MIGRATION ================ 1009.81
WRITING COORDINATES TO DCD FILE MD.dcd AT STEP 145000
PRESSURE: 145000 -504.773 280.984 527.953 238.843 -935.404 -515.041 152.771 -567.638 -420.911
GPRESSURE: 145000 -407.775 391.988 378.723 372.536 -896.844 -384.013 333.489 -810.801 -517.919
PRESSAVG: 145000 -87.214 9.51192 29.3274 21.4041 -185.277 14.9511 -6.43631 15.069 361.574
GPRESSAVG: 145000 -87.6786 10.1341 29.346 20.8851 -185.526 15.1801 -6.53643 14.9712 361.571
ENERGY:  145000         0.0000         0.0000         0.0000         0.0000          -5606.0858       359.7024         0.0000         0.0000       956.2062          -4290.1772       303.7783     -5246.3834     -4288.4385       303.0997           -620.3624      -607.5126     22548.0941        29.6944        29.4553

LDB: ============= START OF LOAD BALANCING ============== 1022.34
LDB: ============== END OF LOAD BALANCING =============== 1022.34
Info: useSync: 0 useProxySync: 0
LDB: =============== DONE WITH MIGRATION ================ 1022.34
LDB: ============= START OF LOAD BALANCING ============== 1022.55
LDB: TIME 1022.55 LOAD: AVG 0.0304809 MAX 0.195666  PROXIES: TOTAL 56 MAXPE 7 MAXPATCH 7 None MEM: 0 MB
LDB: TIME 1022.55 LOAD: AVG 0.0304809 MAX 0.195666  PROXIES: TOTAL 56 MAXPE 7 MAXPATCH 7 RefineTorusLB MEM: 0 MB
LDB: TIME 1022.55 LOAD: AVG 0.0304809 MAX 0.195666  PROXIES: TOTAL 56 MAXPE 7 MAXPATCH 7 RefineTorusLB MEM: 0 MB
LDB: ============== END OF LOAD BALANCING =============== 1022.55
Info: useSync: 0 useProxySync: 0
LDB: =============== DONE WITH MIGRATION ================ 1022.55
LDB: ============= START OF LOAD BALANCING ============== 1033.78
LDB: ============== END OF LOAD BALANCING =============== 1033.78
Info: useSync: 0 useProxySync: 0
LDB: =============== DONE WITH MIGRATION ================ 1033.78
LDB: ============= START OF LOAD BALANCING ============== 1033.98
LDB: TIME 1033.98 LOAD: AVG 0.0312918 MAX 0.198102  PROXIES: TOTAL 56 MAXPE 7 MAXPATCH 7 None MEM: 0 MB
LDB: TIME 1033.98 LOAD: AVG 0.0312918 MAX 0.198102  PROXIES: TOTAL 56 MAXPE 7 MAXPATCH 7 RefineTorusLB MEM: 0 MB
LDB: TIME 1033.98 LOAD: AVG 0.0312918 MAX 0.198102  PROXIES: TOTAL 56 MAXPE 7 MAXPATCH 7 RefineTorusLB MEM: 0 MB
LDB: ============== END OF LOAD BALANCING =============== 1033.98
Info: useSync: 0 useProxySync: 0
LDB: =============== DONE WITH MIGRATION ================ 1033.99
PRESSURE: 150000 1082.16 -689.275 -826.892 -458.537 287.939 -354.788 -433.969 -85.6603 279.13
GPRESSURE: 150000 1061.89 -570.206 -958.125 -473.48 436.386 -65.3042 -442.741 -201.575 215.263
PRESSAVG: 150000 -368.079 -51.4885 -56.8876 -24.9347 -315.338 45.2668 -87.5577 51.3 124.633
GPRESSAVG: 150000 -367.593 -51.6754 -56.9502 -24.4733 -315.149 45.0161 -87.3299 51.8268 124.389
TIMING: 150000  CPU: 816.447, 0.00530213/step  Wall: 1044.39, 0.00653878/step, 0.635715 hours remaining, 0.000000 MB of memory in use.
PERFORMANCE: 150000  averaging 24.8226 ns/day, 0.0069614 sec/step with standard deviation 0.000368618
ETITLE:      TS           BOND          ANGLE          DIHED          IMPRP               ELECT            VDW       BOUNDARY           MISC        KINETIC               TOTAL           TEMP      POTENTIAL         TOTAL3        TEMPAVG            PRESSURE      GPRESSURE         VOLUME       PRESSAVG      GPRESSAVG

ENERGY:  150000         0.0000         0.0000         0.0000         0.0000          -5660.5073       441.8329         0.0000         0.0000       936.6001          -4282.0743       297.5496     -5218.6744     -4279.5060       297.1803            549.7439       571.1795     22548.0941      -186.2617      -186.1178

WRITING EXTENDED SYSTEM TO RESTART FILE AT STEP 150000
WRITING COORDINATES TO DCD FILE MD.dcd AT STEP 150000
WRITING COORDINATES TO RESTART FILE AT STEP 150000
FINISHED WRITING RESTART COORDINATES
WRITING VELOCITIES TO RESTART FILE AT STEP 150000
FINISHED WRITING RESTART VELOCITIES
The last velocity output (seq=150000) takes 0.001 seconds, 0.000 MB of memory in use
LDB: ============= START OF LOAD BALANCING ============== 1045.84
LDB: ============== END OF LOAD BALANCING =============== 1045.86
Info: useSync: 0 useProxySync: 0
LDB: =============== DONE WITH MIGRATION ================ 1045.88
LDB: ============= START OF LOAD BALANCING ============== 1046.39
LDB: TIME 1046.4 LOAD: AVG 0.0446303 MAX 0.278615  PROXIES: TOTAL 56 MAXPE 7 MAXPATCH 7 None MEM: 0 MB
LDB: TIME 1046.4 LOAD: AVG 0.0446303 MAX 0.278615  PROXIES: TOTAL 56 MAXPE 7 MAXPATCH 7 RefineTorusLB MEM: 0 MB
LDB: TIME 1046.4 LOAD: AVG 0.0446303 MAX 0.278615  PROXIES: TOTAL 56 MAXPE 7 MAXPATCH 7 RefineTorusLB MEM: 0 MB
LDB: ============== END OF LOAD BALANCING =============== 1046.4
Info: useSync: 0 useProxySync: 0
LDB: =============== DONE WITH MIGRATION ================ 1046.44
LDB: ============= START OF LOAD BALANCING ============== 1058.69
LDB: ============== END OF LOAD BALANCING =============== 1058.69
Info: useSync: 0 useProxySync: 0
LDB: =============== DONE WITH MIGRATION ================ 1058.71
LDB: ============= START OF LOAD BALANCING ============== 1059.14
LDB: TIME 1059.15 LOAD: AVG 0.0408858 MAX 0.272947  PROXIES: TOTAL 56 MAXPE 7 MAXPATCH 7 None MEM: 0 MB
LDB: TIME 1059.15 LOAD: AVG 0.0408858 MAX 0.272947  PROXIES: TOTAL 56 MAXPE 7 MAXPATCH 7 RefineTorusLB MEM: 0 MB
LDB: TIME 1059.15 LOAD: AVG 0.0408858 MAX 0.272947  PROXIES: TOTAL 56 MAXPE 7 MAXPATCH 7 RefineTorusLB MEM: 0 MB
LDB: ============== END OF LOAD BALANCING =============== 1059.16
Info: useSync: 0 useProxySync: 0
LDB: =============== DONE WITH MIGRATION ================ 1059.23
LDB: ============= START OF LOAD BALANCING ============== 1070.86
LDB: ============== END OF LOAD BALANCING =============== 1070.87
Info: useSync: 0 useProxySync: 0
LDB: =============== DONE WITH MIGRATION ================ 1070.88
LDB: ============= START OF LOAD BALANCING ============== 1071.58
LDB: TIME 1071.59 LOAD: AVG 0.0483249 MAX 0.319276  PROXIES: TOTAL 56 MAXPE 7 MAXPATCH 7 None MEM: 0 MB
LDB: TIME 1071.59 LOAD: AVG 0.0483249 MAX 0.319276  PROXIES: TOTAL 56 MAXPE 7 MAXPATCH 7 RefineTorusLB MEM: 0 MB
LDB: TIME 1071.59 LOAD: AVG 0.0483249 MAX 0.319276  PROXIES: TOTAL 56 MAXPE 7 MAXPATCH 7 RefineTorusLB MEM: 0 MB
LDB: Reverting to original mapping
LDB: ============== END OF LOAD BALANCING =============== 1071.6
Info: useSync: 0 useProxySync: 0
LDB: =============== DONE WITH MIGRATION ================ 1071.7
PRESSURE: 155000 -1515.64 -655.985 358.123 -248.287 -1439.85 52.8075 457.744 -319.353 -777.628
GPRESSURE: 155000 -1413.29 -204.352 693.866 -458.641 -1194.9 -30.8852 414.794 -72.0464 -1042.15
PRESSAVG: 155000 -326.879 -8.5898 88.9036 26.7923 -348.688 5.04255 78.8205 23.8301 12.3028
GPRESSAVG: 155000 -327.119 -8.58347 88.9337 27.1547 -348.352 5.64685 78.8343 23.716 12.2995
ENERGY:  155000         0.0000         0.0000         0.0000         0.0000          -5615.6189       328.3831         0.0000         0.0000       968.8973          -4318.3385       307.8102     -5287.2358     -4316.7558       297.7351          -1244.3728     -1216.7764     22548.0941      -221.0878      -221.0572

WRITING COORDINATES TO DCD FILE MD.dcd AT STEP 155000
LDB: ============= START OF LOAD BALANCING ============== 1085.67
LDB: ============== END OF LOAD BALANCING =============== 1085.67
Info: useSync: 0 useProxySync: 0
LDB: =============== DONE WITH MIGRATION ================ 1085.67
LDB: ============= START OF LOAD BALANCING ============== 1085.88
LDB: TIME 1085.88 LOAD: AVG 0.0305626 MAX 0.197123  PROXIES: TOTAL 56 MAXPE 7 MAXPATCH 7 None MEM: 0 MB
LDB: TIME 1085.88 LOAD: AVG 0.0305626 MAX 0.197123  PROXIES: TOTAL 56 MAXPE 7 MAXPATCH 7 RefineTorusLB MEM: 0 MB
LDB: TIME 1085.88 LOAD: AVG 0.0305626 MAX 0.197123  PROXIES: TOTAL 56 MAXPE 7 MAXPATCH 7 RefineTorusLB MEM: 0 MB
LDB: Reverting to original mapping
LDB: ============== END OF LOAD BALANCING =============== 1085.88
Info: useSync: 0 useProxySync: 0
LDB: =============== DONE WITH MIGRATION ================ 1085.88
LDB: ============= START OF LOAD BALANCING ============== 1098.12
LDB: ============== END OF LOAD BALANCING =============== 1098.12
Info: useSync: 0 useProxySync: 0
LDB: =============== DONE WITH MIGRATION ================ 1098.12
LDB: ============= START OF LOAD BALANCING ============== 1098.36
LDB: TIME 1098.36 LOAD: AVG 0.0348962 MAX 0.230068  PROXIES: TOTAL 56 MAXPE 7 MAXPATCH 7 None MEM: 0 MB
LDB: TIME 1098.36 LOAD: AVG 0.0348962 MAX 0.230068  PROXIES: TOTAL 56 MAXPE 7 MAXPATCH 7 RefineTorusLB MEM: 0 MB
LDB: TIME 1098.36 LOAD: AVG 0.0348962 MAX 0.230068  PROXIES: TOTAL 56 MAXPE 7 MAXPATCH 7 RefineTorusLB MEM: 0 MB
LDB: ============== END OF LOAD BALANCING =============== 1098.36
Info: useSync: 0 useProxySync: 0
LDB: =============== DONE WITH MIGRATION ================ 1098.36
WRITING COORDINATES TO DCD FILE MD.dcd AT STEP 160000
PRESSURE: 160000 379.331 173.598 -143.213 366.494 -247.669 976.938 131.848 335.17 -388.115
GPRESSURE: 160000 419.216 478.121 -309.243 175.738 -329.166 903.711 -177.979 335.767 -301.686
PRESSAVG: 160000 -235.334 -37.5498 88.053 -30.134 -274.331 15.8749 38.9334 -18.9973 252.392
GPRESSAVG: 160000 -235.228 -37.688 87.8459 -30.0468 -274.336 15.542 38.608 -19.0819 252.199
ENERGY:  160000         0.0000         0.0000         0.0000         0.0000          -5618.8013       413.5649         0.0000         0.0000       988.4985          -4216.7378       314.0373     -5205.2363     -4213.5839       297.8593            -85.4847       -70.5454     22548.0941       -85.7575       -85.7884

LDB: ============= START OF LOAD BALANCING ============== 1114.93
LDB: ============== END OF LOAD BALANCING =============== 1114.93
Info: useSync: 0 useProxySync: 0
LDB: =============== DONE WITH MIGRATION ================ 1114.93
LDB: ============= START OF LOAD BALANCING ============== 1115.15
LDB: TIME 1115.15 LOAD: AVG 0.0316036 MAX 0.203177  PROXIES: TOTAL 56 MAXPE 7 MAXPATCH 7 None MEM: 0 MB
LDB: TIME 1115.15 LOAD: AVG 0.0316036 MAX 0.203177  PROXIES: TOTAL 56 MAXPE 7 MAXPATCH 7 RefineTorusLB MEM: 0 MB
LDB: TIME 1115.15 LOAD: AVG 0.0316036 MAX 0.203177  PROXIES: TOTAL 56 MAXPE 7 MAXPATCH 7 RefineTorusLB MEM: 0 MB
LDB: ============== END OF LOAD BALANCING =============== 1115.15
Info: useSync: 0 useProxySync: 0
LDB: =============== DONE WITH MIGRATION ================ 1115.15
LDB: ============= START OF LOAD BALANCING ============== 1127.49
LDB: ============== END OF LOAD BALANCING =============== 1127.49
Info: useSync: 0 useProxySync: 0
LDB: =============== DONE WITH MIGRATION ================ 1127.49
LDB: ============= START OF LOAD BALANCING ============== 1127.71
LDB: TIME 1127.71 LOAD: AVG 0.0322173 MAX 0.206585  PROXIES: TOTAL 56 MAXPE 7 MAXPATCH 7 None MEM: 0 MB
LDB: TIME 1127.71 LOAD: AVG 0.0322173 MAX 0.206585  PROXIES: TOTAL 56 MAXPE 7 MAXPATCH 7 RefineTorusLB MEM: 0 MB
LDB: TIME 1127.71 LOAD: AVG 0.0322173 MAX 0.206585  PROXIES: TOTAL 56 MAXPE 7 MAXPATCH 7 RefineTorusLB MEM: 0 MB
LDB: Reverting to original mapping
LDB: ============== END OF LOAD BALANCING =============== 1127.71
Info: useSync: 0 useProxySync: 0
LDB: =============== DONE WITH MIGRATION ================ 1127.71
LDB: ============= START OF LOAD BALANCING ============== 1140.28
LDB: ============== END OF LOAD BALANCING =============== 1140.28
Info: useSync: 0 useProxySync: 0
LDB: =============== DONE WITH MIGRATION ================ 1140.28
LDB: ============= START OF LOAD BALANCING ============== 1140.49
LDB: TIME 1140.49 LOAD: AVG 0.0307343 MAX 0.196838  PROXIES: TOTAL 56 MAXPE 7 MAXPATCH 7 None MEM: 0 MB
LDB: TIME 1140.49 LOAD: AVG 0.0307343 MAX 0.196838  PROXIES: TOTAL 56 MAXPE 7 MAXPATCH 7 RefineTorusLB MEM: 0 MB
LDB: TIME 1140.49 LOAD: AVG 0.0307343 MAX 0.196838  PROXIES: TOTAL 56 MAXPE 7 MAXPATCH 7 RefineTorusLB MEM: 0 MB
LDB: ============== END OF LOAD BALANCING =============== 1140.49
Info: useSync: 0 useProxySync: 0
LDB: =============== DONE WITH MIGRATION ================ 1140.49
WRITING COORDINATES TO DCD FILE MD.dcd AT STEP 165000
PRESSURE: 165000 580.682 559.203 507.424 230.996 655.984 -142.12 -144.684 -490.078 462.484
GPRESSURE: 165000 616.936 205.304 240.091 495.59 795.36 205.89 31.692 -556.487 356.757
PRESSAVG: 165000 -175 -26.0869 -37.0467 -59.0413 -185.271 -15.2536 77.4765 67.8011 222.982
GPRESSAVG: 165000 -175.154 -25.6159 -37.4248 -59.3628 -185.241 -15.5985 77.721 67.7036 222.856
ENERGY:  165000         0.0000         0.0000         0.0000         0.0000          -5602.5921       430.8544         0.0000         0.0000       951.4738          -4220.2639       302.2749     -5171.7377     -4218.5357       302.3017            566.3833       589.6845     22548.0941       -45.7629       -45.8462

LDB: ============= START OF LOAD BALANCING ============== 1151.84
LDB: ============== END OF LOAD BALANCING =============== 1151.84
Info: useSync: 0 useProxySync: 0
LDB: =============== DONE WITH MIGRATION ================ 1151.84
LDB: ============= START OF LOAD BALANCING ============== 1152.05
LDB: TIME 1152.05 LOAD: AVG 0.0304238 MAX 0.195672  PROXIES: TOTAL 56 MAXPE 7 MAXPATCH 7 None MEM: 0 MB
LDB: TIME 1152.05 LOAD: AVG 0.0304238 MAX 0.195672  PROXIES: TOTAL 56 MAXPE 7 MAXPATCH 7 RefineTorusLB MEM: 0 MB
LDB: TIME 1152.05 LOAD: AVG 0.0304238 MAX 0.195672  PROXIES: TOTAL 56 MAXPE 7 MAXPATCH 7 RefineTorusLB MEM: 0 MB
LDB: Reverting to original mapping
LDB: ============== END OF LOAD BALANCING =============== 1152.05
Info: useSync: 0 useProxySync: 0
LDB: =============== DONE WITH MIGRATION ================ 1152.05
LDB: ============= START OF LOAD BALANCING ============== 1164.89
LDB: ============== END OF LOAD BALANCING =============== 1164.89
Info: useSync: 0 useProxySync: 0
LDB: =============== DONE WITH MIGRATION ================ 1164.89
LDB: ============= START OF LOAD BALANCING ============== 1165.12
LDB: TIME 1165.12 LOAD: AVG 0.0310004 MAX 0.198805  PROXIES: TOTAL 56 MAXPE 7 MAXPATCH 7 None MEM: 0 MB
LDB: TIME 1165.12 LOAD: AVG 0.0310004 MAX 0.198805  PROXIES: TOTAL 56 MAXPE 7 MAXPATCH 7 RefineTorusLB MEM: 0 MB
LDB: TIME 1165.12 LOAD: AVG 0.0310004 MAX 0.198805  PROXIES: TOTAL 56 MAXPE 7 MAXPATCH 7 RefineTorusLB MEM: 0 MB
LDB: Reverting to original mapping
LDB: ============== END OF LOAD BALANCING =============== 1165.12
Info: useSync: 0 useProxySync: 0
LDB: =============== DONE WITH MIGRATION ================ 1165.12
PRESSURE: 170000 -567.855 281.292 -138.585 243.948 192.998 -390.901 632.115 102.211 1261.31
GPRESSURE: 170000 -637.594 109.648 -708.3 313.347 461.419 -522.199 592.37 -100.394 1127.48
PRESSAVG: 170000 -175.638 75.1601 7.86466 56.8075 -150.803 11.8875 18.3079 -51.609 313.228
GPRESSAVG: 170000 -175.426 75.1156 7.53828 57.049 -151.137 12.3619 18.5857 -51.7175 312.958
ENERGY:  170000         0.0000         0.0000         0.0000         0.0000          -5542.0581       378.7755         0.0000         0.0000       954.9720          -4208.3105       303.3862     -5163.2825     -4206.6044       303.8220            295.4848       317.1030     22548.0941        -4.4046        -4.5349

WRITING COORDINATES TO DCD FILE MD.dcd AT STEP 170000
LDB: ============= START OF LOAD BALANCING ============== 1177.7
LDB: ============== END OF LOAD BALANCING =============== 1177.7
Info: useSync: 0 useProxySync: 0
LDB: =============== DONE WITH MIGRATION ================ 1177.7
LDB: ============= START OF LOAD BALANCING ============== 1177.94
LDB: TIME 1177.94 LOAD: AVG 0.0308728 MAX 0.199616  PROXIES: TOTAL 56 MAXPE 7 MAXPATCH 7 None MEM: 0 MB
LDB: TIME 1177.94 LOAD: AVG 0.0308728 MAX 0.199616  PROXIES: TOTAL 56 MAXPE 7 MAXPATCH 7 RefineTorusLB MEM: 0 MB
LDB: TIME 1177.94 LOAD: AVG 0.0308728 MAX 0.199616  PROXIES: TOTAL 56 MAXPE 7 MAXPATCH 7 RefineTorusLB MEM: 0 MB
LDB: Reverting to original mapping
LDB: ============== END OF LOAD BALANCING =============== 1177.94
Info: useSync: 0 useProxySync: 0
LDB: =============== DONE WITH MIGRATION ================ 1177.94
LDB: ============= START OF LOAD BALANCING ============== 1189.93
LDB: ============== END OF LOAD BALANCING =============== 1189.94
Info: useSync: 0 useProxySync: 0
LDB: =============== DONE WITH MIGRATION ================ 1189.96
LDB: ============= START OF LOAD BALANCING ============== 1190.51
LDB: TIME 1190.52 LOAD: AVG 0.0521638 MAX 0.338581  PROXIES: TOTAL 56 MAXPE 7 MAXPATCH 7 None MEM: 0 MB
LDB: TIME 1190.52 LOAD: AVG 0.0521638 MAX 0.338581  PROXIES: TOTAL 56 MAXPE 7 MAXPATCH 7 RefineTorusLB MEM: 0 MB
LDB: TIME 1190.52 LOAD: AVG 0.0521638 MAX 0.338581  PROXIES: TOTAL 56 MAXPE 7 MAXPATCH 7 RefineTorusLB MEM: 0 MB
LDB: ============== END OF LOAD BALANCING =============== 1190.53
Info: useSync: 0 useProxySync: 0
LDB: =============== DONE WITH MIGRATION ================ 1190.63
LDB: ============= START OF LOAD BALANCING ============== 1205.08
LDB: ============== END OF LOAD BALANCING =============== 1205.08
Info: useSync: 0 useProxySync: 0
LDB: =============== DONE WITH MIGRATION ================ 1205.08
LDB: ============= START OF LOAD BALANCING ============== 1205.29
LDB: TIME 1205.29 LOAD: AVG 0.030934 MAX 0.199827  PROXIES: TOTAL 56 MAXPE 7 MAXPATCH 7 None MEM: 0 MB
LDB: TIME 1205.29 LOAD: AVG 0.030934 MAX 0.199827  PROXIES: TOTAL 56 MAXPE 7 MAXPATCH 7 RefineTorusLB MEM: 0 MB
LDB: TIME 1205.29 LOAD: AVG 0.030934 MAX 0.199827  PROXIES: TOTAL 56 MAXPE 7 MAXPATCH 7 RefineTorusLB MEM: 0 MB
LDB: ============== END OF LOAD BALANCING =============== 1205.29
Info: useSync: 0 useProxySync: 0
LDB: =============== DONE WITH MIGRATION ================ 1205.29
WRITING COORDINATES TO DCD FILE MD.dcd AT STEP 175000
PRESSURE: 175000 26.9548 -206.856 -256.073 135.602 -202.393 -243.387 -430.675 -384.577 -98.6879
GPRESSURE: 175000 -139.737 82.5249 -170.923 53.9199 -120.785 -280.956 -396.492 -211.231 49.2288
PRESSAVG: 175000 -294.425 27.1887 -62.2649 -11.2852 -254.168 73.5163 -92.2227 78.9379 154.564
GPRESSAVG: 175000 -294.058 27.8648 -62.2047 -11.6091 -254.206 73.0225 -92.5089 79.4351 154.997
ENERGY:  175000         0.0000         0.0000         0.0000         0.0000          -5609.1147       397.2964         0.0000         0.0000       923.1597          -4288.6587       293.2797     -5211.8184     -4285.6238       301.1225            -91.3755       -70.4312     22548.0941      -131.3428      -131.0888

LDB: ============= START OF LOAD BALANCING ============== 1220.19
LDB: ============== END OF LOAD BALANCING =============== 1220.19
Info: useSync: 0 useProxySync: 0
LDB: =============== DONE WITH MIGRATION ================ 1220.19
LDB: ============= START OF LOAD BALANCING ============== 1220.43
LDB: TIME 1220.43 LOAD: AVG 0.0333578 MAX 0.204937  PROXIES: TOTAL 56 MAXPE 7 MAXPATCH 7 None MEM: 0 MB
LDB: TIME 1220.43 LOAD: AVG 0.0333578 MAX 0.204937  PROXIES: TOTAL 56 MAXPE 7 MAXPATCH 7 RefineTorusLB MEM: 0 MB
LDB: TIME 1220.43 LOAD: AVG 0.0333578 MAX 0.204937  PROXIES: TOTAL 56 MAXPE 7 MAXPATCH 7 RefineTorusLB MEM: 0 MB
LDB: Reverting to original mapping
LDB: ============== END OF LOAD BALANCING =============== 1220.43
Info: useSync: 0 useProxySync: 0
LDB: =============== DONE WITH MIGRATION ================ 1220.43
LDB: ============= START OF LOAD BALANCING ============== 1232.67
LDB: ============== END OF LOAD BALANCING =============== 1232.67
Info: useSync: 0 useProxySync: 0
LDB: =============== DONE WITH MIGRATION ================ 1232.67
LDB: ============= START OF LOAD BALANCING ============== 1232.89
LDB: TIME 1232.89 LOAD: AVG 0.0309331 MAX 0.198498  PROXIES: TOTAL 56 MAXPE 7 MAXPATCH 7 None MEM: 0 MB
LDB: TIME 1232.89 LOAD: AVG 0.0309331 MAX 0.198498  PROXIES: TOTAL 56 MAXPE 7 MAXPATCH 7 RefineTorusLB MEM: 0 MB
LDB: TIME 1232.89 LOAD: AVG 0.0309331 MAX 0.198498  PROXIES: TOTAL 56 MAXPE 7 MAXPATCH 7 RefineTorusLB MEM: 0 MB
LDB: Reverting to original mapping
LDB: ============== END OF LOAD BALANCING =============== 1232.89
Info: useSync: 0 useProxySync: 0
LDB: =============== DONE WITH MIGRATION ================ 1232.89
PRESSURE: 180000 -678.313 -172.739 -97.5132 -15.2064 -648.646 -131.392 145.141 -298.17 -394.264
GPRESSURE: 180000 -596.201 -68.9063 138.952 -356.606 -614.247 -173.87 -158.762 1.0227 -430.541
PRESSAVG: 180000 -219.159 18.2314 5.61982 2.71604 -174.984 27.0743 -24.19 43.4424 123.742
GPRESSAVG: 180000 -219.281 17.7326 5.33939 2.82179 -174.698 27.4167 -23.867 43.1364 123.457
ENERGY:  180000         0.0000         0.0000         0.0000         0.0000          -5622.1929       356.6584         0.0000         0.0000       960.9051          -4304.6293       305.2711     -5265.5345     -4302.1964       300.9247           -573.7410      -546.9963     22548.0941       -90.1338       -90.1740

WRITING COORDINATES TO DCD FILE MD.dcd AT STEP 180000
LDB: ============= START OF LOAD BALANCING ============== 1244.39
LDB: ============== END OF LOAD BALANCING =============== 1244.39
Info: useSync: 0 useProxySync: 0
LDB: =============== DONE WITH MIGRATION ================ 1244.39
LDB: ============= START OF LOAD BALANCING ============== 1244.6
LDB: TIME 1244.6 LOAD: AVG 0.0304364 MAX 0.195923  PROXIES: TOTAL 56 MAXPE 7 MAXPATCH 7 None MEM: 0 MB
LDB: TIME 1244.6 LOAD: AVG 0.0304364 MAX 0.195923  PROXIES: TOTAL 56 MAXPE 7 MAXPATCH 7 RefineTorusLB MEM: 0 MB
LDB: TIME 1244.6 LOAD: AVG 0.0304364 MAX 0.195923  PROXIES: TOTAL 56 MAXPE 7 MAXPATCH 7 RefineTorusLB MEM: 0 MB
LDB: Reverting to original mapping
LDB: ============== END OF LOAD BALANCING =============== 1244.6
Info: useSync: 0 useProxySync: 0
LDB: =============== DONE WITH MIGRATION ================ 1244.6
LDB: ============= START OF LOAD BALANCING ============== 1256.09
LDB: ============== END OF LOAD BALANCING =============== 1256.09
Info: useSync: 0 useProxySync: 0
LDB: =============== DONE WITH MIGRATION ================ 1256.09
LDB: ============= START OF LOAD BALANCING ============== 1256.31
LDB: TIME 1256.31 LOAD: AVG 0.0309653 MAX 0.197053  PROXIES: TOTAL 56 MAXPE 7 MAXPATCH 7 None MEM: 0 MB
LDB: TIME 1256.31 LOAD: AVG 0.0309653 MAX 0.197053  PROXIES: TOTAL 56 MAXPE 7 MAXPATCH 7 RefineTorusLB MEM: 0 MB
LDB: TIME 1256.31 LOAD: AVG 0.0309653 MAX 0.197053  PROXIES: TOTAL 56 MAXPE 7 MAXPATCH 7 RefineTorusLB MEM: 0 MB
LDB: Reverting to original mapping
LDB: ============== END OF LOAD BALANCING =============== 1256.31
Info: useSync: 0 useProxySync: 0
LDB: =============== DONE WITH MIGRATION ================ 1256.31
LDB: ============= START OF LOAD BALANCING ============== 1266.23
LDB: ============== END OF LOAD BALANCING =============== 1266.23
Info: useSync: 0 useProxySync: 0
LDB: =============== DONE WITH MIGRATION ================ 1266.24
LDB: ============= START OF LOAD BALANCING ============== 1266.46
LDB: TIME 1266.46 LOAD: AVG 0.0318565 MAX 0.206325  PROXIES: TOTAL 56 MAXPE 7 MAXPATCH 7 None MEM: 0 MB
LDB: TIME 1266.46 LOAD: AVG 0.0318565 MAX 0.206325  PROXIES: TOTAL 56 MAXPE 7 MAXPATCH 7 RefineTorusLB MEM: 0 MB
LDB: TIME 1266.46 LOAD: AVG 0.0318565 MAX 0.206325  PROXIES: TOTAL 56 MAXPE 7 MAXPATCH 7 RefineTorusLB MEM: 0 MB
LDB: Reverting to original mapping
LDB: ============== END OF LOAD BALANCING =============== 1266.46
Info: useSync: 0 useProxySync: 0
LDB: =============== DONE WITH MIGRATION ================ 1266.46
WRITING COORDINATES TO DCD FILE MD.dcd AT STEP 185000
PRESSURE: 185000 -973.017 104.834 -568.22 510.872 -994.868 -227.921 -493.913 8.82173 -1117.73
GPRESSURE: 185000 -901.459 119.826 -734.024 334.764 -801.993 -168.872 -166.543 -205.23 -1257.8
PRESSAVG: 185000 -430.114 46.581 -12.2093 42.9988 -343.834 -0.460327 -10.4678 -7.43081 109.843
GPRESSAVG: 185000 -429.942 46.6661 -12.0077 42.6217 -343.744 -0.937621 -10.1767 -7.35101 109.968
ENERGY:  185000         0.0000         0.0000         0.0000         0.0000          -5477.2653       295.5548         0.0000         0.0000       910.4163          -4271.2943       289.2312     -5181.7105     -4267.5929       292.9147          -1028.5372      -987.0840     22548.0941      -221.3685      -221.2393

LDB: ============= START OF LOAD BALANCING ============== 1278.47
LDB: ============== END OF LOAD BALANCING =============== 1278.47
Info: useSync: 0 useProxySync: 0
LDB: =============== DONE WITH MIGRATION ================ 1278.47
LDB: ============= START OF LOAD BALANCING ============== 1278.68
LDB: TIME 1278.68 LOAD: AVG 0.0304114 MAX 0.196096  PROXIES: TOTAL 56 MAXPE 7 MAXPATCH 7 None MEM: 0 MB
LDB: TIME 1278.68 LOAD: AVG 0.0304114 MAX 0.196096  PROXIES: TOTAL 56 MAXPE 7 MAXPATCH 7 RefineTorusLB MEM: 0 MB
LDB: TIME 1278.68 LOAD: AVG 0.0304114 MAX 0.196096  PROXIES: TOTAL 56 MAXPE 7 MAXPATCH 7 RefineTorusLB MEM: 0 MB
LDB: ============== END OF LOAD BALANCING =============== 1278.68
Info: useSync: 0 useProxySync: 0
LDB: =============== DONE WITH MIGRATION ================ 1278.68
LDB: ============= START OF LOAD BALANCING ============== 1292.7
LDB: ============== END OF LOAD BALANCING =============== 1292.71
Info: useSync: 0 useProxySync: 0
LDB: =============== DONE WITH MIGRATION ================ 1292.72
LDB: ============= START OF LOAD BALANCING ============== 1293.16
LDB: TIME 1293.16 LOAD: AVG 0.0428978 MAX 0.281352  PROXIES: TOTAL 56 MAXPE 7 MAXPATCH 7 None MEM: 0 MB
LDB: TIME 1293.16 LOAD: AVG 0.0428978 MAX 0.281352  PROXIES: TOTAL 56 MAXPE 7 MAXPATCH 7 RefineTorusLB MEM: 0 MB
LDB: TIME 1293.16 LOAD: AVG 0.0428978 MAX 0.281352  PROXIES: TOTAL 56 MAXPE 7 MAXPATCH 7 RefineTorusLB MEM: 0 MB
LDB: ============== END OF LOAD BALANCING =============== 1293.16
Info: useSync: 0 useProxySync: 0
LDB: =============== DONE WITH MIGRATION ================ 1293.16
WRITING COORDINATES TO DCD FILE MD.dcd AT STEP 190000
PRESSURE: 190000 172.205 -192.819 32.722 187.342 -251.552 -330.923 235.359 -175.584 236.603
GPRESSURE: 190000 89.0431 -439.816 175.562 518.232 -78.9922 115.666 163.961 -614.796 236.558
PRESSAVG: 190000 -150.97 -38.2061 -42.6344 -47.2027 -172.457 65.6558 -63.1208 -8.67013 267.181
GPRESSAVG: 190000 -151.2 -38.0552 -43.3464 -46.7065 -172.79 65.6744 -63.0505 -8.61912 267.438
ENERGY:  190000         0.0000         0.0000         0.0000         0.0000          -5571.9907       401.8870         0.0000         0.0000       995.8515          -4174.2522       316.3733     -5170.1037     -4172.5667       302.5395             52.4189        82.2031     22548.0941       -18.7488       -18.8505

LDB: ============= START OF LOAD BALANCING ============== 1303.1
LDB: ============== END OF LOAD BALANCING =============== 1303.1
Info: useSync: 0 useProxySync: 0
LDB: =============== DONE WITH MIGRATION ================ 1303.1
LDB: ============= START OF LOAD BALANCING ============== 1303.59
LDB: TIME 1303.6 LOAD: AVG 0.0418975 MAX 0.279473  PROXIES: TOTAL 56 MAXPE 7 MAXPATCH 7 None MEM: 0 MB
LDB: TIME 1303.6 LOAD: AVG 0.0418975 MAX 0.279473  PROXIES: TOTAL 56 MAXPE 7 MAXPATCH 7 RefineTorusLB MEM: 0 MB
LDB: TIME 1303.6 LOAD: AVG 0.0418975 MAX 0.279473  PROXIES: TOTAL 56 MAXPE 7 MAXPATCH 7 RefineTorusLB MEM: 0 MB
LDB: Reverting to original mapping
LDB: ============== END OF LOAD BALANCING =============== 1303.63
Info: useSync: 0 useProxySync: 0
LDB: =============== DONE WITH MIGRATION ================ 1303.67
LDB: ============= START OF LOAD BALANCING ============== 1316.76
LDB: ============== END OF LOAD BALANCING =============== 1316.76
Info: useSync: 0 useProxySync: 0
LDB: =============== DONE WITH MIGRATION ================ 1316.76
LDB: ============= START OF LOAD BALANCING ============== 1316.96
LDB: TIME 1316.96 LOAD: AVG 0.03063 MAX 0.19722  PROXIES: TOTAL 56 MAXPE 7 MAXPATCH 7 None MEM: 0 MB
LDB: TIME 1316.96 LOAD: AVG 0.03063 MAX 0.19722  PROXIES: TOTAL 56 MAXPE 7 MAXPATCH 7 RefineTorusLB MEM: 0 MB
LDB: TIME 1316.96 LOAD: AVG 0.03063 MAX 0.19722  PROXIES: TOTAL 56 MAXPE 7 MAXPATCH 7 RefineTorusLB MEM: 0 MB
LDB: Reverting to original mapping
LDB: ============== END OF LOAD BALANCING =============== 1316.96
Info: useSync: 0 useProxySync: 0
LDB: =============== DONE WITH MIGRATION ================ 1316.97
LDB: ============= START OF LOAD BALANCING ============== 1329.22
LDB: ============== END OF LOAD BALANCING =============== 1329.22
Info: useSync: 0 useProxySync: 0
LDB: =============== DONE WITH MIGRATION ================ 1329.22
LDB: ============= START OF LOAD BALANCING ============== 1329.45
LDB: TIME 1329.45 LOAD: AVG 0.0330443 MAX 0.215715  PROXIES: TOTAL 56 MAXPE 7 MAXPATCH 7 None MEM: 0 MB
LDB: TIME 1329.45 LOAD: AVG 0.0330443 MAX 0.215715  PROXIES: TOTAL 56 MAXPE 7 MAXPATCH 7 RefineTorusLB MEM: 0 MB
LDB: TIME 1329.45 LOAD: AVG 0.0330443 MAX 0.215715  PROXIES: TOTAL 56 MAXPE 7 MAXPATCH 7 RefineTorusLB MEM: 0 MB
LDB: ============== END OF LOAD BALANCING =============== 1329.45
Info: useSync: 0 useProxySync: 0
LDB: =============== DONE WITH MIGRATION ================ 1329.45
WRITING COORDINATES TO DCD FILE MD.dcd AT STEP 195000
PRESSURE: 195000 -584.684 673.37 -497.706 604.146 -628.058 -203.936 -574.511 218.706 660.983
GPRESSURE: 195000 -457.31 250.964 -416.992 744.549 -789.566 -173.491 -540.656 269.616 761.617
PRESSAVG: 195000 -174.15 59.3482 -67.653 44.186 -250.134 -17.3137 -4.85405 18.2869 257.282
GPRESSAVG: 195000 -174.135 59.0367 -67.6313 44.6926 -249.808 -17.3226 -4.60628 18.6267 257.064
ENERGY:  195000         0.0000         0.0000         0.0000         0.0000          -5562.9542       364.3541         0.0000         0.0000       965.0077          -4233.5925       306.5745     -5198.6001     -4231.3019       302.3889           -183.9199      -161.7531     22548.0941       -55.6671       -55.6263

LDB: ============= START OF LOAD BALANCING ============== 1344.36
LDB: ============== END OF LOAD BALANCING =============== 1344.36
Info: useSync: 0 useProxySync: 0
LDB: =============== DONE WITH MIGRATION ================ 1344.36
LDB: ============= START OF LOAD BALANCING ============== 1344.65
LDB: TIME 1344.66 LOAD: AVG 0.0348291 MAX 0.223435  PROXIES: TOTAL 56 MAXPE 7 MAXPATCH 7 None MEM: 0 MB
LDB: TIME 1344.66 LOAD: AVG 0.0348291 MAX 0.223435  PROXIES: TOTAL 56 MAXPE 7 MAXPATCH 7 RefineTorusLB MEM: 0 MB
LDB: TIME 1344.66 LOAD: AVG 0.0348291 MAX 0.223435  PROXIES: TOTAL 56 MAXPE 7 MAXPATCH 7 RefineTorusLB MEM: 0 MB
LDB: Reverting to original mapping
LDB: ============== END OF LOAD BALANCING =============== 1344.66
Info: useSync: 0 useProxySync: 0
LDB: =============== DONE WITH MIGRATION ================ 1344.66
LDB: ============= START OF LOAD BALANCING ============== 1358.63
LDB: ============== END OF LOAD BALANCING =============== 1358.63
Info: useSync: 0 useProxySync: 0
LDB: =============== DONE WITH MIGRATION ================ 1358.64
LDB: ============= START OF LOAD BALANCING ============== 1358.85
LDB: TIME 1358.85 LOAD: AVG 0.0316148 MAX 0.199954  PROXIES: TOTAL 56 MAXPE 7 MAXPATCH 7 None MEM: 0 MB
LDB: TIME 1358.85 LOAD: AVG 0.0316148 MAX 0.199954  PROXIES: TOTAL 56 MAXPE 7 MAXPATCH 7 RefineTorusLB MEM: 0 MB
LDB: TIME 1358.85 LOAD: AVG 0.0316148 MAX 0.199954  PROXIES: TOTAL 56 MAXPE 7 MAXPATCH 7 RefineTorusLB MEM: 0 MB
LDB: ============== END OF LOAD BALANCING =============== 1358.85
Info: useSync: 0 useProxySync: 0
LDB: =============== DONE WITH MIGRATION ================ 1358.85
PRESSURE: 200000 -1179.8 314.881 122.725 117.104 144.128 -320.462 -21.6325 -443.203 439.297
GPRESSURE: 200000 -1097.53 -155.931 -240.812 351.208 174.26 -294.434 271.389 -427.152 419.507
PRESSAVG: 200000 -251.553 12.8933 5.41482 20.5755 -258.611 -40.6981 34.324 11.0699 229.897
GPRESSAVG: 200000 -251.819 13.253 5.80429 20.1267 -259.209 -40.687 33.9644 11.3852 230.182
TIMING: 200000  CPU: 1078.47, 0.00524041/step  Wall: 1370.12, 0.00651461/step, 0.542884 hours remaining, 0.000000 MB of memory in use.
PERFORMANCE: 200000  averaging 25.2274 ns/day, 0.0068497 sec/step with standard deviation 0.000374822
ETITLE:      TS           BOND          ANGLE          DIHED          IMPRP               ELECT            VDW       BOUNDARY           MISC        KINETIC               TOTAL           TEMP      POTENTIAL         TOTAL3        TEMPAVG            PRESSURE      GPRESSURE         VOLUME       PRESSAVG      GPRESSAVG

ENERGY:  200000         0.0000         0.0000         0.0000         0.0000          -5592.2897       382.8319         0.0000         0.0000       956.3525          -4253.1053       303.8248     -5209.4578     -4251.1715       299.8726           -198.7909      -167.9200     22548.0941       -93.4224       -93.6153

WRITING EXTENDED SYSTEM TO RESTART FILE AT STEP 200000
WRITING COORDINATES TO DCD FILE MD.dcd AT STEP 200000
WRITING COORDINATES TO RESTART FILE AT STEP 200000
FINISHED WRITING RESTART COORDINATES
WRITING VELOCITIES TO RESTART FILE AT STEP 200000
FINISHED WRITING RESTART VELOCITIES
The last velocity output (seq=200000) takes 0.002 seconds, 0.000 MB of memory in use
LDB: ============= START OF LOAD BALANCING ============== 1371.79
LDB: ============== END OF LOAD BALANCING =============== 1371.79
Info: useSync: 0 useProxySync: 0
LDB: =============== DONE WITH MIGRATION ================ 1371.8
LDB: ============= START OF LOAD BALANCING ============== 1372.31
LDB: TIME 1372.32 LOAD: AVG 0.0397946 MAX 0.265188  PROXIES: TOTAL 56 MAXPE 7 MAXPATCH 7 None MEM: 0 MB
LDB: TIME 1372.32 LOAD: AVG 0.0397946 MAX 0.265188  PROXIES: TOTAL 56 MAXPE 7 MAXPATCH 7 RefineTorusLB MEM: 0 MB
LDB: TIME 1372.32 LOAD: AVG 0.0397946 MAX 0.265188  PROXIES: TOTAL 56 MAXPE 7 MAXPATCH 7 RefineTorusLB MEM: 0 MB
LDB: ============== END OF LOAD BALANCING =============== 1372.32
Info: useSync: 0 useProxySync: 0
LDB: =============== DONE WITH MIGRATION ================ 1372.39
LDB: ============= START OF LOAD BALANCING ============== 1384.13
LDB: ============== END OF LOAD BALANCING =============== 1384.13
Info: useSync: 0 useProxySync: 0
LDB: =============== DONE WITH MIGRATION ================ 1384.13
LDB: ============= START OF LOAD BALANCING ============== 1384.39
LDB: TIME 1384.39 LOAD: AVG 0.0341254 MAX 0.21342  PROXIES: TOTAL 56 MAXPE 7 MAXPATCH 7 None MEM: 0 MB
LDB: TIME 1384.39 LOAD: AVG 0.0341254 MAX 0.21342  PROXIES: TOTAL 56 MAXPE 7 MAXPATCH 7 RefineTorusLB MEM: 0 MB
LDB: TIME 1384.39 LOAD: AVG 0.0341254 MAX 0.21342  PROXIES: TOTAL 56 MAXPE 7 MAXPATCH 7 RefineTorusLB MEM: 0 MB
LDB: ============== END OF LOAD BALANCING =============== 1384.4
Info: useSync: 0 useProxySync: 0
LDB: =============== DONE WITH MIGRATION ================ 1384.4
LDB: ============= START OF LOAD BALANCING ============== 1397.64
LDB: ============== END OF LOAD BALANCING =============== 1397.64
Info: useSync: 0 useProxySync: 0
LDB: =============== DONE WITH MIGRATION ================ 1397.67
LDB: ============= START OF LOAD BALANCING ============== 1398.15
LDB: TIME 1398.16 LOAD: AVG 0.0448737 MAX 0.304799  PROXIES: TOTAL 56 MAXPE 7 MAXPATCH 7 None MEM: 0 MB
LDB: TIME 1398.16 LOAD: AVG 0.0448737 MAX 0.304799  PROXIES: TOTAL 56 MAXPE 7 MAXPATCH 7 RefineTorusLB MEM: 0 MB
LDB: TIME 1398.16 LOAD: AVG 0.0448737 MAX 0.304799  PROXIES: TOTAL 56 MAXPE 7 MAXPATCH 7 RefineTorusLB MEM: 0 MB
LDB: Reverting to original mapping
LDB: ============== END OF LOAD BALANCING =============== 1398.16
Info: useSync: 0 useProxySync: 0
LDB: =============== DONE WITH MIGRATION ================ 1398.26
WRITING COORDINATES TO DCD FILE MD.dcd AT STEP 205000
PRESSURE: 205000 -631.496 -250.529 -205.569 -372.158 -944.866 -222.844 -781.625 85.6791 16.4882
GPRESSURE: 205000 -716.154 -559.297 62.5799 -222.137 -934.013 -192.985 -763.922 119.419 182.342
PRESSAVG: 205000 -240.357 -20.3303 -15.8715 11.7338 -258.85 23.2016 17.1722 43.1342 235.298
GPRESSAVG: 205000 -240.54 -20.1477 -16.1512 11.3776 -258.766 23.0966 17.1433 42.7297 235.453
ENERGY:  205000         0.0000         0.0000         0.0000         0.0000          -5531.9215       337.8604         0.0000         0.0000       953.8175          -4240.2436       303.0195     -5194.0611     -4239.0936       301.8131           -519.9580      -489.2749     22548.0941       -87.9697       -87.9511

LDB: ============= START OF LOAD BALANCING ============== 1409.89
LDB: ============== END OF LOAD BALANCING =============== 1409.9
Info: useSync: 0 useProxySync: 0
LDB: =============== DONE WITH MIGRATION ================ 1409.9
LDB: ============= START OF LOAD BALANCING ============== 1410.11
LDB: TIME 1410.11 LOAD: AVG 0.0313001 MAX 0.198439  PROXIES: TOTAL 56 MAXPE 7 MAXPATCH 7 None MEM: 0 MB
LDB: TIME 1410.11 LOAD: AVG 0.0313001 MAX 0.198439  PROXIES: TOTAL 56 MAXPE 7 MAXPATCH 7 RefineTorusLB MEM: 0 MB
LDB: TIME 1410.11 LOAD: AVG 0.0313001 MAX 0.198439  PROXIES: TOTAL 56 MAXPE 7 MAXPATCH 7 RefineTorusLB MEM: 0 MB
LDB: ============== END OF LOAD BALANCING =============== 1410.11
Info: useSync: 0 useProxySync: 0
LDB: =============== DONE WITH MIGRATION ================ 1410.11
LDB: ============= START OF LOAD BALANCING ============== 1423.63
LDB: ============== END OF LOAD BALANCING =============== 1423.63
Info: useSync: 0 useProxySync: 0
LDB: =============== DONE WITH MIGRATION ================ 1423.63
LDB: ============= START OF LOAD BALANCING ============== 1423.84
LDB: TIME 1423.84 LOAD: AVG 0.0308574 MAX 0.198383  PROXIES: TOTAL 56 MAXPE 7 MAXPATCH 7 None MEM: 0 MB
LDB: TIME 1423.84 LOAD: AVG 0.0308574 MAX 0.198383  PROXIES: TOTAL 56 MAXPE 7 MAXPATCH 7 RefineTorusLB MEM: 0 MB
LDB: TIME 1423.84 LOAD: AVG 0.0308574 MAX 0.198383  PROXIES: TOTAL 56 MAXPE 7 MAXPATCH 7 RefineTorusLB MEM: 0 MB
LDB: Reverting to original mapping
LDB: ============== END OF LOAD BALANCING =============== 1423.84
Info: useSync: 0 useProxySync: 0
LDB: =============== DONE WITH MIGRATION ================ 1423.84
PRESSURE: 210000 -682.604 139.955 -262.282 463.691 -964.775 -142.805 -349.547 52.3574 -240.622
GPRESSURE: 210000 -733.781 -333.187 35.337 825.44 -1041.21 -207.842 -442.032 -73.7553 -67.902
PRESSAVG: 210000 -218.828 -15.3416 52.4924 9.28487 -169.957 28.0826 -25.1469 27.849 209.312
GPRESSAVG: 210000 -218.727 -15.1082 52.977 9.53135 -169.786 28.0594 -25.5466 27.9489 209.456
ENERGY:  210000         0.0000         0.0000         0.0000         0.0000          -5597.2971       368.3036         0.0000         0.0000       974.7261          -4254.2674       309.6619     -5228.9934     -4252.6173       300.8947           -629.3335      -614.2985     22548.0941       -59.8244       -59.6855

WRITING COORDINATES TO DCD FILE MD.dcd AT STEP 210000
LDB: ============= START OF LOAD BALANCING ============== 1436.37
LDB: ============== END OF LOAD BALANCING =============== 1436.37
Info: useSync: 0 useProxySync: 0
LDB: =============== DONE WITH MIGRATION ================ 1436.37
LDB: ============= START OF LOAD BALANCING ============== 1436.57
LDB: TIME 1436.57 LOAD: AVG 0.0306214 MAX 0.19729  PROXIES: TOTAL 56 MAXPE 7 MAXPATCH 7 None MEM: 0 MB
LDB: TIME 1436.57 LOAD: AVG 0.0306214 MAX 0.19729  PROXIES: TOTAL 56 MAXPE 7 MAXPATCH 7 RefineTorusLB MEM: 0 MB
LDB: TIME 1436.57 LOAD: AVG 0.0306214 MAX 0.19729  PROXIES: TOTAL 56 MAXPE 7 MAXPATCH 7 RefineTorusLB MEM: 0 MB
LDB: Reverting to original mapping
LDB: ============== END OF LOAD BALANCING =============== 1436.57
Info: useSync: 0 useProxySync: 0
LDB: =============== DONE WITH MIGRATION ================ 1436.57
LDB: ============= START OF LOAD BALANCING ============== 1448.45
LDB: ============== END OF LOAD BALANCING =============== 1448.45
Info: useSync: 0 useProxySync: 0
LDB: =============== DONE WITH MIGRATION ================ 1448.45
LDB: ============= START OF LOAD BALANCING ============== 1448.66
LDB: TIME 1448.66 LOAD: AVG 0.0305315 MAX 0.19656  PROXIES: TOTAL 56 MAXPE 7 MAXPATCH 7 None MEM: 0 MB
LDB: TIME 1448.66 LOAD: AVG 0.0305315 MAX 0.19656  PROXIES: TOTAL 56 MAXPE 7 MAXPATCH 7 RefineTorusLB MEM: 0 MB
LDB: TIME 1448.66 LOAD: AVG 0.0305315 MAX 0.19656  PROXIES: TOTAL 56 MAXPE 7 MAXPATCH 7 RefineTorusLB MEM: 0 MB
LDB: ============== END OF LOAD BALANCING =============== 1448.66
Info: useSync: 0 useProxySync: 0
LDB: =============== DONE WITH MIGRATION ================ 1448.66
LDB: ============= START OF LOAD BALANCING ============== 1460.98
LDB: ============== END OF LOAD BALANCING =============== 1460.99
Info: useSync: 0 useProxySync: 0
LDB: =============== DONE WITH MIGRATION ================ 1461.01
LDB: ============= START OF LOAD BALANCING ============== 1461.54
LDB: TIME 1461.55 LOAD: AVG 0.0471979 MAX 0.267849  PROXIES: TOTAL 56 MAXPE 7 MAXPATCH 7 None MEM: 0 MB
LDB: TIME 1461.55 LOAD: AVG 0.0471979 MAX 0.267849  PROXIES: TOTAL 56 MAXPE 7 MAXPATCH 7 RefineTorusLB MEM: 0 MB
LDB: TIME 1461.55 LOAD: AVG 0.0471979 MAX 0.267849  PROXIES: TOTAL 56 MAXPE 7 MAXPATCH 7 RefineTorusLB MEM: 0 MB
LDB: ============== END OF LOAD BALANCING =============== 1461.56
Info: useSync: 0 useProxySync: 0
LDB: =============== DONE WITH MIGRATION ================ 1461.63
WRITING COORDINATES TO DCD FILE MD.dcd AT STEP 215000
PRESSURE: 215000 -530.341 85.519 -194.921 302.482 216.649 177.536 -432.87 -33.0924 155.065
GPRESSURE: 215000 -579.812 -149.736 -256.827 226.839 316.192 -72.5883 -124.081 174.903 198.567
PRESSAVG: 215000 -249.844 3.69249 -62.3066 61.4384 -213.843 -19.6517 -74.4915 11.4648 163.307
GPRESSAVG: 215000 -249.884 3.8716 -62.2308 61.3305 -213.952 -19.4713 -74.5393 11.8182 162.921
ENERGY:  215000         0.0000         0.0000         0.0000         0.0000          -5612.1870       407.9084         0.0000         0.0000       937.1096          -4267.1690       297.7115     -5204.2786     -4266.0909       299.6718            -52.8761       -21.6843     22548.0941      -100.1267      -100.3048

LDB: ============= START OF LOAD BALANCING ============== 1476.5
LDB: ============== END OF LOAD BALANCING =============== 1476.5
Info: useSync: 0 useProxySync: 0
LDB: =============== DONE WITH MIGRATION ================ 1476.5
LDB: ============= START OF LOAD BALANCING ============== 1477.07
LDB: TIME 1477.07 LOAD: AVG 0.053106 MAX 0.294874  PROXIES: TOTAL 56 MAXPE 7 MAXPATCH 7 None MEM: 0 MB
LDB: TIME 1477.07 LOAD: AVG 0.053106 MAX 0.294874  PROXIES: TOTAL 56 MAXPE 7 MAXPATCH 7 RefineTorusLB MEM: 0 MB
LDB: TIME 1477.07 LOAD: AVG 0.053106 MAX 0.294874  PROXIES: TOTAL 56 MAXPE 7 MAXPATCH 7 RefineTorusLB MEM: 0 MB
LDB: Reverting to original mapping
LDB: ============== END OF LOAD BALANCING =============== 1477.08
Info: useSync: 0 useProxySync: 0
LDB: =============== DONE WITH MIGRATION ================ 1477.11
LDB: ============= START OF LOAD BALANCING ============== 1491.81
LDB: ============== END OF LOAD BALANCING =============== 1491.82
Info: useSync: 0 useProxySync: 0
LDB: =============== DONE WITH MIGRATION ================ 1491.84
LDB: ============= START OF LOAD BALANCING ============== 1492.3
LDB: TIME 1492.32 LOAD: AVG 0.0443982 MAX 0.296536  PROXIES: TOTAL 56 MAXPE 7 MAXPATCH 7 None MEM: 0 MB
LDB: TIME 1492.32 LOAD: AVG 0.0443982 MAX 0.296536  PROXIES: TOTAL 56 MAXPE 7 MAXPATCH 7 RefineTorusLB MEM: 0 MB
LDB: TIME 1492.32 LOAD: AVG 0.0443982 MAX 0.296536  PROXIES: TOTAL 56 MAXPE 7 MAXPATCH 7 RefineTorusLB MEM: 0 MB
LDB: ============== END OF LOAD BALANCING =============== 1492.33
Info: useSync: 0 useProxySync: 0
LDB: =============== DONE WITH MIGRATION ================ 1492.41
WRITING COORDINATES TO DCD FILE MD.dcd AT STEP 220000
PRESSURE: 220000 -573.511 -493.794 -827.514 -88.8909 -9.88162 600.659 -492.281 620.845 15.8652
GPRESSURE: 220000 -663.742 -447.212 -869.207 -60.7999 45.3572 221.482 -326.155 749.183 106.627
PRESSAVG: 220000 -213.867 13.2336 13.2708 -17.8513 -228.927 6.96074 -64.3096 -7.82629 141.94
GPRESSAVG: 220000 -214 12.8652 12.7921 -17.6758 -228.586 6.53833 -64.0761 -7.58758 141.78
ENERGY:  220000         0.0000         0.0000         0.0000         0.0000          -5614.4329       400.7431         0.0000         0.0000       948.3671          -4265.3227       301.2879     -5213.6899     -4262.0374       305.8439           -189.1758      -170.5857     22548.0941      -100.2845      -100.2686

LDB: ============= START OF LOAD BALANCING ============== 1505.42
LDB: ============== END OF LOAD BALANCING =============== 1505.42
Info: useSync: 0 useProxySync: 0
LDB: =============== DONE WITH MIGRATION ================ 1505.42
LDB: ============= START OF LOAD BALANCING ============== 1505.62
LDB: TIME 1505.62 LOAD: AVG 0.0304372 MAX 0.195207  PROXIES: TOTAL 56 MAXPE 7 MAXPATCH 7 None MEM: 0 MB
LDB: TIME 1505.62 LOAD: AVG 0.0304372 MAX 0.195207  PROXIES: TOTAL 56 MAXPE 7 MAXPATCH 7 RefineTorusLB MEM: 0 MB
LDB: TIME 1505.62 LOAD: AVG 0.0304372 MAX 0.195207  PROXIES: TOTAL 56 MAXPE 7 MAXPATCH 7 RefineTorusLB MEM: 0 MB
LDB: ============== END OF LOAD BALANCING =============== 1505.62
Info: useSync: 0 useProxySync: 0
LDB: =============== DONE WITH MIGRATION ================ 1505.62
LDB: ============= START OF LOAD BALANCING ============== 1517.48
LDB: ============== END OF LOAD BALANCING =============== 1517.48
Info: useSync: 0 useProxySync: 0
LDB: =============== DONE WITH MIGRATION ================ 1517.48
LDB: ============= START OF LOAD BALANCING ============== 1517.69
LDB: TIME 1517.69 LOAD: AVG 0.0310965 MAX 0.196351  PROXIES: TOTAL 56 MAXPE 7 MAXPATCH 7 None MEM: 0 MB
LDB: TIME 1517.69 LOAD: AVG 0.0310965 MAX 0.196351  PROXIES: TOTAL 56 MAXPE 7 MAXPATCH 7 RefineTorusLB MEM: 0 MB
LDB: TIME 1517.69 LOAD: AVG 0.0310965 MAX 0.196351  PROXIES: TOTAL 56 MAXPE 7 MAXPATCH 7 RefineTorusLB MEM: 0 MB
LDB: ============== END OF LOAD BALANCING =============== 1517.69
Info: useSync: 0 useProxySync: 0
LDB: =============== DONE WITH MIGRATION ================ 1517.69
LDB: ============= START OF LOAD BALANCING ============== 1529.34
LDB: ============== END OF LOAD BALANCING =============== 1529.34
Info: useSync: 0 useProxySync: 0
LDB: =============== DONE WITH MIGRATION ================ 1529.35
LDB: ============= START OF LOAD BALANCING ============== 1529.81
LDB: TIME 1529.82 LOAD: AVG 0.0426269 MAX 0.277329  PROXIES: TOTAL 56 MAXPE 7 MAXPATCH 7 None MEM: 0 MB
LDB: TIME 1529.82 LOAD: AVG 0.0426269 MAX 0.277329  PROXIES: TOTAL 56 MAXPE 7 MAXPATCH 7 RefineTorusLB MEM: 0 MB
LDB: TIME 1529.82 LOAD: AVG 0.0426269 MAX 0.277329  PROXIES: TOTAL 56 MAXPE 7 MAXPATCH 7 RefineTorusLB MEM: 0 MB
LDB: Reverting to original mapping
LDB: ============== END OF LOAD BALANCING =============== 1529.83
Info: useSync: 0 useProxySync: 0
LDB: =============== DONE WITH MIGRATION ================ 1529.92
WRITING COORDINATES TO DCD FILE MD.dcd AT STEP 225000
PRESSURE: 225000 -2371.72 71.8571 206.809 84.1753 -1571.94 -167.985 691.403 -1.93008 -832.971
GPRESSURE: 225000 -2475.35 253.709 308.438 80.51 -1421.13 -445.651 717.056 317.527 -796.809
PRESSAVG: 225000 -218.67 -13.5407 -54.2519 1.69485 -179.339 15.8396 -63.7658 30.133 218.674
GPRESSAVG: 225000 -218.901 -13.3535 -53.938 1.60905 -179.235 15.8062 -64.5402 30.445 219.051
ENERGY:  225000         0.0000         0.0000         0.0000         0.0000          -5479.6894       277.9816         0.0000         0.0000       939.7783          -4261.9295       298.5593     -5201.7078     -4260.4693       303.3440          -1592.2086     -1564.4296     22548.0941       -59.7780       -59.6951

LDB: ============= START OF LOAD BALANCING ============== 1543.38
LDB: ============== END OF LOAD BALANCING =============== 1543.39
Info: useSync: 0 useProxySync: 0
LDB: =============== DONE WITH MIGRATION ================ 1543.4
LDB: ============= START OF LOAD BALANCING ============== 1543.88
LDB: TIME 1543.89 LOAD: AVG 0.0410027 MAX 0.271292  PROXIES: TOTAL 56 MAXPE 7 MAXPATCH 7 None MEM: 0 MB
LDB: TIME 1543.89 LOAD: AVG 0.0410027 MAX 0.271292  PROXIES: TOTAL 56 MAXPE 7 MAXPATCH 7 RefineTorusLB MEM: 0 MB
LDB: TIME 1543.89 LOAD: AVG 0.0410027 MAX 0.271292  PROXIES: TOTAL 56 MAXPE 7 MAXPATCH 7 RefineTorusLB MEM: 0 MB
LDB: Reverting to original mapping
LDB: ============== END OF LOAD BALANCING =============== 1543.9
Info: useSync: 0 useProxySync: 0
LDB: =============== DONE WITH MIGRATION ================ 1543.99
LDB: ============= START OF LOAD BALANCING ============== 1555.81
LDB: ============== END OF LOAD BALANCING =============== 1555.82
Info: useSync: 0 useProxySync: 0
LDB: =============== DONE WITH MIGRATION ================ 1555.83
LDB: ============= START OF LOAD BALANCING ============== 1556.43
LDB: TIME 1556.44 LOAD: AVG 0.0540113 MAX 0.370484  PROXIES: TOTAL 56 MAXPE 7 MAXPATCH 7 None MEM: 0 MB
LDB: TIME 1556.44 LOAD: AVG 0.0540113 MAX 0.370484  PROXIES: TOTAL 56 MAXPE 7 MAXPATCH 7 RefineTorusLB MEM: 0 MB
LDB: TIME 1556.44 LOAD: AVG 0.0540113 MAX 0.370484  PROXIES: TOTAL 56 MAXPE 7 MAXPATCH 7 RefineTorusLB MEM: 0 MB
LDB: ============== END OF LOAD BALANCING =============== 1556.44
Info: useSync: 0 useProxySync: 0
LDB: =============== DONE WITH MIGRATION ================ 1556.49
WRITING COORDINATES TO DCD FILE MD.dcd AT STEP 230000
PRESSURE: 230000 110.083 105.892 39.7439 470.974 -121.379 -129.899 -104.333 166.056 588.545
GPRESSURE: 230000 114.668 102.121 -191.171 535.172 -181.205 -145.053 -44.3623 245.142 646.763
PRESSAVG: 230000 -262.058 38.1037 -37.5524 15.8897 -225.348 -19.7258 2.51529 -10.5501 188.977
GPRESSAVG: 230000 -261.789 37.8706 -38.0049 16.3217 -225.891 -19.5972 2.93885 -10.7377 188.872
ENERGY:  230000         0.0000         0.0000         0.0000         0.0000          -5655.1192       435.0233         0.0000         0.0000       950.3006          -4269.7953       301.9022     -5220.0959     -4268.2132       298.0578            192.4163       193.4086     22548.0941       -99.4762       -99.6028

LDB: ============= START OF LOAD BALANCING ============== 1569.94
LDB: ============== END OF LOAD BALANCING =============== 1569.94
Info: useSync: 0 useProxySync: 0
LDB: =============== DONE WITH MIGRATION ================ 1569.94
LDB: ============= START OF LOAD BALANCING ============== 1570.36
LDB: TIME 1570.37 LOAD: AVG 0.0418601 MAX 0.281671  PROXIES: TOTAL 56 MAXPE 7 MAXPATCH 7 None MEM: 0 MB
LDB: TIME 1570.37 LOAD: AVG 0.0418601 MAX 0.281671  PROXIES: TOTAL 56 MAXPE 7 MAXPATCH 7 RefineTorusLB MEM: 0 MB
LDB: TIME 1570.37 LOAD: AVG 0.0418601 MAX 0.281671  PROXIES: TOTAL 56 MAXPE 7 MAXPATCH 7 RefineTorusLB MEM: 0 MB
LDB: ============== END OF LOAD BALANCING =============== 1570.38
Info: useSync: 0 useProxySync: 0
LDB: =============== DONE WITH MIGRATION ================ 1570.43
LDB: ============= START OF LOAD BALANCING ============== 1584.12
LDB: ============== END OF LOAD BALANCING =============== 1584.13
Info: useSync: 0 useProxySync: 0
LDB: =============== DONE WITH MIGRATION ================ 1584.15
LDB: ============= START OF LOAD BALANCING ============== 1584.64
LDB: TIME 1584.64 LOAD: AVG 0.0455021 MAX 0.303601  PROXIES: TOTAL 56 MAXPE 7 MAXPATCH 7 None MEM: 0 MB
LDB: TIME 1584.64 LOAD: AVG 0.0455021 MAX 0.303601  PROXIES: TOTAL 56 MAXPE 7 MAXPATCH 7 RefineTorusLB MEM: 0 MB
LDB: TIME 1584.64 LOAD: AVG 0.0455021 MAX 0.303601  PROXIES: TOTAL 56 MAXPE 7 MAXPATCH 7 RefineTorusLB MEM: 0 MB
LDB: ============== END OF LOAD BALANCING =============== 1584.65
Info: useSync: 0 useProxySync: 0
LDB: =============== DONE WITH MIGRATION ================ 1584.71
LDB: ============= START OF LOAD BALANCING ============== 1599.89
LDB: ============== END OF LOAD BALANCING =============== 1599.89
Info: useSync: 0 useProxySync: 0
LDB: =============== DONE WITH MIGRATION ================ 1599.89
LDB: ============= START OF LOAD BALANCING ============== 1600.1
LDB: TIME 1600.1 LOAD: AVG 0.0307857 MAX 0.197798  PROXIES: TOTAL 56 MAXPE 7 MAXPATCH 7 None MEM: 0 MB
LDB: TIME 1600.1 LOAD: AVG 0.0307857 MAX 0.197798  PROXIES: TOTAL 56 MAXPE 7 MAXPATCH 7 RefineTorusLB MEM: 0 MB
LDB: TIME 1600.1 LOAD: AVG 0.0307857 MAX 0.197798  PROXIES: TOTAL 56 MAXPE 7 MAXPATCH 7 RefineTorusLB MEM: 0 MB
LDB: Reverting to original mapping
LDB: ============== END OF LOAD BALANCING =============== 1600.1
Info: useSync: 0 useProxySync: 0
LDB: =============== DONE WITH MIGRATION ================ 1600.1
PRESSURE: 235000 -1101.69 -182.02 -449.631 -304.54 -923.378 -215.31 -612.91 359.004 175.622
GPRESSURE: 235000 -1070.57 -230.288 -329.237 -310.031 -877.671 -401.45 -525.792 342.623 135.424
PRESSAVG: 235000 -136.063 41.8209 7.04024 50.1867 -145.402 -30.005 -14.9658 14.9659 229.001
GPRESSAVG: 235000 -136.39 41.7675 7.26092 49.9465 -145.039 -30.3884 -14.5892 15.0669 229.024
ENERGY:  235000         0.0000         0.0000         0.0000         0.0000          -5565.1696       342.3298         0.0000         0.0000       969.0236          -4253.8162       307.8503     -5222.8398     -4251.0866       301.8058           -616.4823      -604.2717     22548.0941       -17.4881       -17.4685

WRITING COORDINATES TO DCD FILE MD.dcd AT STEP 235000
LDB: ============= START OF LOAD BALANCING ============== 1613.5
LDB: ============== END OF LOAD BALANCING =============== 1613.5
Info: useSync: 0 useProxySync: 0
LDB: =============== DONE WITH MIGRATION ================ 1613.5
LDB: ============= START OF LOAD BALANCING ============== 1613.7
LDB: TIME 1613.7 LOAD: AVG 0.0305786 MAX 0.196215  PROXIES: TOTAL 56 MAXPE 7 MAXPATCH 7 None MEM: 0 MB
LDB: TIME 1613.7 LOAD: AVG 0.0305786 MAX 0.196215  PROXIES: TOTAL 56 MAXPE 7 MAXPATCH 7 RefineTorusLB MEM: 0 MB
LDB: TIME 1613.7 LOAD: AVG 0.0305786 MAX 0.196215  PROXIES: TOTAL 56 MAXPE 7 MAXPATCH 7 RefineTorusLB MEM: 0 MB
LDB: Reverting to original mapping
LDB: ============== END OF LOAD BALANCING =============== 1613.7
Info: useSync: 0 useProxySync: 0
LDB: =============== DONE WITH MIGRATION ================ 1613.71
LDB: ============= START OF LOAD BALANCING ============== 1624.56
LDB: ============== END OF LOAD BALANCING =============== 1624.56
Info: useSync: 0 useProxySync: 0
LDB: =============== DONE WITH MIGRATION ================ 1624.56
LDB: ============= START OF LOAD BALANCING ============== 1624.77
LDB: TIME 1624.77 LOAD: AVG 0.0302422 MAX 0.1953  PROXIES: TOTAL 56 MAXPE 7 MAXPATCH 7 None MEM: 0 MB
LDB: TIME 1624.77 LOAD: AVG 0.0302422 MAX 0.1953  PROXIES: TOTAL 56 MAXPE 7 MAXPATCH 7 RefineTorusLB MEM: 0 MB
LDB: TIME 1624.77 LOAD: AVG 0.0302422 MAX 0.1953  PROXIES: TOTAL 56 MAXPE 7 MAXPATCH 7 RefineTorusLB MEM: 0 MB
LDB: Reverting to original mapping
LDB: ============== END OF LOAD BALANCING =============== 1624.77
Info: useSync: 0 useProxySync: 0
LDB: =============== DONE WITH MIGRATION ================ 1624.77
WRITING COORDINATES TO DCD FILE MD.dcd AT STEP 240000
PRESSURE: 240000 363.247 -186.565 -1.15718 -101.505 -765.19 -386.256 58.0841 -187.435 -452.284
GPRESSURE: 240000 475.732 -262.741 -36.6831 -230.935 -685.542 -325.878 387.124 -79.7606 -573.218
PRESSAVG: 240000 -238.403 20.7655 -4.37439 29.9504 -173.204 14.1515 -2.58903 26.6945 227.011
GPRESSAVG: 240000 -238.529 20.5614 -4.63325 29.5587 -173.237 14.4107 -2.32354 26.181 227.026
ENERGY:  240000         0.0000         0.0000         0.0000         0.0000          -5574.1852       374.4393         0.0000         0.0000       910.4995          -4289.2464       289.2577     -5199.7459     -4286.6699       299.4072           -284.7422      -261.0093     22548.0941       -61.5317       -61.5799

LDB: ============= START OF LOAD BALANCING ============== 1635.92
LDB: ============== END OF LOAD BALANCING =============== 1635.92
Info: useSync: 0 useProxySync: 0
LDB: =============== DONE WITH MIGRATION ================ 1635.92
LDB: ============= START OF LOAD BALANCING ============== 1636.13
LDB: TIME 1636.13 LOAD: AVG 0.030998 MAX 0.198678  PROXIES: TOTAL 56 MAXPE 7 MAXPATCH 7 None MEM: 0 MB
LDB: TIME 1636.13 LOAD: AVG 0.030998 MAX 0.198678  PROXIES: TOTAL 56 MAXPE 7 MAXPATCH 7 RefineTorusLB MEM: 0 MB
LDB: TIME 1636.13 LOAD: AVG 0.030998 MAX 0.198678  PROXIES: TOTAL 56 MAXPE 7 MAXPATCH 7 RefineTorusLB MEM: 0 MB
LDB: ============== END OF LOAD BALANCING =============== 1636.13
Info: useSync: 0 useProxySync: 0
LDB: =============== DONE WITH MIGRATION ================ 1636.13
LDB: ============= START OF LOAD BALANCING ============== 1647.46
LDB: ============== END OF LOAD BALANCING =============== 1647.46
Info: useSync: 0 useProxySync: 0
LDB: =============== DONE WITH MIGRATION ================ 1647.46
LDB: ============= START OF LOAD BALANCING ============== 1647.67
LDB: TIME 1647.67 LOAD: AVG 0.0307562 MAX 0.198397  PROXIES: TOTAL 56 MAXPE 7 MAXPATCH 7 None MEM: 0 MB
LDB: TIME 1647.67 LOAD: AVG 0.0307562 MAX 0.198397  PROXIES: TOTAL 56 MAXPE 7 MAXPATCH 7 RefineTorusLB MEM: 0 MB
LDB: TIME 1647.67 LOAD: AVG 0.0307562 MAX 0.198397  PROXIES: TOTAL 56 MAXPE 7 MAXPATCH 7 RefineTorusLB MEM: 0 MB
LDB: Reverting to original mapping
LDB: ============== END OF LOAD BALANCING =============== 1647.67
Info: useSync: 0 useProxySync: 0
LDB: =============== DONE WITH MIGRATION ================ 1647.67
LDB: ============= START OF LOAD BALANCING ============== 1659.47
LDB: ============== END OF LOAD BALANCING =============== 1659.47
Info: useSync: 0 useProxySync: 0
LDB: =============== DONE WITH MIGRATION ================ 1659.47
LDB: ============= START OF LOAD BALANCING ============== 1659.72
LDB: TIME 1659.73 LOAD: AVG 0.0325617 MAX 0.196462  PROXIES: TOTAL 56 MAXPE 7 MAXPATCH 7 None MEM: 0 MB
LDB: TIME 1659.73 LOAD: AVG 0.0325617 MAX 0.196462  PROXIES: TOTAL 56 MAXPE 7 MAXPATCH 7 RefineTorusLB MEM: 0 MB
LDB: TIME 1659.73 LOAD: AVG 0.0325617 MAX 0.196462  PROXIES: TOTAL 56 MAXPE 7 MAXPATCH 7 RefineTorusLB MEM: 0 MB
LDB: ============== END OF LOAD BALANCING =============== 1659.73
Info: useSync: 0 useProxySync: 0
LDB: =============== DONE WITH MIGRATION ================ 1659.73
PRESSURE: 245000 -1191.52 345.106 -65.0846 241.038 -875.906 -414.102 488.059 -4.48145 390.728
GPRESSURE: 245000 -1177.09 512.867 -15.6544 1.96735 -863.924 -74.7737 354.233 -410.063 371.587
PRESSAVG: 245000 -160.649 -6.7089 3.00377 -7.39757 -89.8734 56.2005 54.3261 86.3453 290.036
GPRESSAVG: 245000 -160.491 -6.79971 3.31661 -7.51029 -89.9201 56.3343 54.0554 86.4886 289.822
ENERGY:  245000         0.0000         0.0000         0.0000         0.0000          -5587.2263       336.4184         0.0000         0.0000       942.4496          -4308.3583       299.4080     -5250.8079     -4306.0918       300.6276           -558.8997      -556.4748     22548.0941        13.1712        13.1371

WRITING COORDINATES TO DCD FILE MD.dcd AT STEP 245000
LDB: ============= START OF LOAD BALANCING ============== 1674.42
LDB: ============== END OF LOAD BALANCING =============== 1674.43
Info: useSync: 0 useProxySync: 0
LDB: =============== DONE WITH MIGRATION ================ 1674.43
LDB: ============= START OF LOAD BALANCING ============== 1674.99
LDB: TIME 1675 LOAD: AVG 0.0480029 MAX 0.328459  PROXIES: TOTAL 56 MAXPE 7 MAXPATCH 7 None MEM: 0 MB
LDB: TIME 1675 LOAD: AVG 0.0480029 MAX 0.328459  PROXIES: TOTAL 56 MAXPE 7 MAXPATCH 7 RefineTorusLB MEM: 0 MB
LDB: TIME 1675 LOAD: AVG 0.0480029 MAX 0.328459  PROXIES: TOTAL 56 MAXPE 7 MAXPATCH 7 RefineTorusLB MEM: 0 MB
LDB: ============== END OF LOAD BALANCING =============== 1675
Info: useSync: 0 useProxySync: 0
LDB: =============== DONE WITH MIGRATION ================ 1675
LDB: ============= START OF LOAD BALANCING ============== 1686.16
LDB: ============== END OF LOAD BALANCING =============== 1686.17
Info: useSync: 0 useProxySync: 0
LDB: =============== DONE WITH MIGRATION ================ 1686.19
LDB: ============= START OF LOAD BALANCING ============== 1686.68
LDB: TIME 1686.69 LOAD: AVG 0.043256 MAX 0.294506  PROXIES: TOTAL 56 MAXPE 7 MAXPATCH 7 None MEM: 0 MB
LDB: TIME 1686.69 LOAD: AVG 0.043256 MAX 0.294506  PROXIES: TOTAL 56 MAXPE 7 MAXPATCH 7 RefineTorusLB MEM: 0 MB
LDB: TIME 1686.69 LOAD: AVG 0.043256 MAX 0.294506  PROXIES: TOTAL 56 MAXPE 7 MAXPATCH 7 RefineTorusLB MEM: 0 MB
LDB: Reverting to original mapping
LDB: ============== END OF LOAD BALANCING =============== 1686.71
Info: useSync: 0 useProxySync: 0
LDB: =============== DONE WITH MIGRATION ================ 1686.8
PRESSURE: 250000 -962.697 776.777 440.749 819.21 -982.239 -577.374 475.477 -369.988 -1166.12
GPRESSURE: 250000 -890.752 691.922 408.177 756.231 -1016.97 -642.033 297.281 -478.682 -1161.13
PRESSAVG: 250000 -224.455 28.1484 15.7532 5.47639 -254.863 -42.5796 22.2926 4.85469 292.102
GPRESSAVG: 250000 -223.87 27.7324 15.7915 5.39527 -254.889 -42.5294 22.3093 4.55805 292.144
TIMING: 250000  CPU: 1342.87, 0.00528815/step  Wall: 1697.42, 0.00654614/step, 0.454593 hours remaining, 0.000000 MB of memory in use.
PERFORMANCE: 250000  averaging 25.453 ns/day, 0.00678899 sec/step with standard deviation 0.00035185
ETITLE:      TS           BOND          ANGLE          DIHED          IMPRP               ELECT            VDW       BOUNDARY           MISC        KINETIC               TOTAL           TEMP      POTENTIAL         TOTAL3        TEMPAVG            PRESSURE      GPRESSURE         VOLUME       PRESSAVG      GPRESSAVG

ENERGY:  250000         0.0000         0.0000         0.0000         0.0000          -5559.7959       340.3367         0.0000         0.0000       930.0493          -4289.4099       295.4685     -5219.4592     -4286.6293       302.6301          -1037.0183     -1022.9509     22548.0941       -62.4055       -62.2051

WRITING EXTENDED SYSTEM TO RESTART FILE AT STEP 250000
WRITING COORDINATES TO DCD FILE MD.dcd AT STEP 250000
WRITING COORDINATES TO RESTART FILE AT STEP 250000
FINISHED WRITING RESTART COORDINATES
WRITING VELOCITIES TO RESTART FILE AT STEP 250000
FINISHED WRITING RESTART VELOCITIES
The last velocity output (seq=250000) takes 0.002 seconds, 0.000 MB of memory in use
LDB: ============= START OF LOAD BALANCING ============== 1699.16
LDB: ============== END OF LOAD BALANCING =============== 1699.17
Info: useSync: 0 useProxySync: 0
LDB: =============== DONE WITH MIGRATION ================ 1699.19
LDB: ============= START OF LOAD BALANCING ============== 1699.72
LDB: TIME 1699.73 LOAD: AVG 0.0473914 MAX 0.322846  PROXIES: TOTAL 56 MAXPE 7 MAXPATCH 7 None MEM: 0 MB
LDB: TIME 1699.73 LOAD: AVG 0.0473914 MAX 0.322846  PROXIES: TOTAL 56 MAXPE 7 MAXPATCH 7 RefineTorusLB MEM: 0 MB
LDB: TIME 1699.73 LOAD: AVG 0.0473914 MAX 0.322846  PROXIES: TOTAL 56 MAXPE 7 MAXPATCH 7 RefineTorusLB MEM: 0 MB
LDB: ============== END OF LOAD BALANCING =============== 1699.73
Info: useSync: 0 useProxySync: 0
LDB: =============== DONE WITH MIGRATION ================ 1699.78
LDB: ============= START OF LOAD BALANCING ============== 1714.59
LDB: ============== END OF LOAD BALANCING =============== 1714.59
Info: useSync: 0 useProxySync: 0
LDB: =============== DONE WITH MIGRATION ================ 1714.59
LDB: ============= START OF LOAD BALANCING ============== 1714.8
LDB: TIME 1714.8 LOAD: AVG 0.031392 MAX 0.203458  PROXIES: TOTAL 56 MAXPE 7 MAXPATCH 7 None MEM: 0 MB
LDB: TIME 1714.8 LOAD: AVG 0.031392 MAX 0.203459  PROXIES: TOTAL 56 MAXPE 7 MAXPATCH 7 RefineTorusLB MEM: 0 MB
LDB: TIME 1714.8 LOAD: AVG 0.031392 MAX 0.203459  PROXIES: TOTAL 56 MAXPE 7 MAXPATCH 7 RefineTorusLB MEM: 0 MB
LDB: Reverting to original mapping
LDB: ============== END OF LOAD BALANCING =============== 1714.8
Info: useSync: 0 useProxySync: 0
LDB: =============== DONE WITH MIGRATION ================ 1714.8
LDB: ============= START OF LOAD BALANCING ============== 1726.54
LDB: ============== END OF LOAD BALANCING =============== 1726.54
Info: useSync: 0 useProxySync: 0
LDB: =============== DONE WITH MIGRATION ================ 1726.56
LDB: ============= START OF LOAD BALANCING ============== 1726.85
LDB: TIME 1726.86 LOAD: AVG 0.0333927 MAX 0.211131  PROXIES: TOTAL 56 MAXPE 7 MAXPATCH 7 None MEM: 0 MB
LDB: TIME 1726.86 LOAD: AVG 0.0333927 MAX 0.211131  PROXIES: TOTAL 56 MAXPE 7 MAXPATCH 7 RefineTorusLB MEM: 0 MB
LDB: TIME 1726.86 LOAD: AVG 0.0333927 MAX 0.211131  PROXIES: TOTAL 56 MAXPE 7 MAXPATCH 7 RefineTorusLB MEM: 0 MB
LDB: Reverting to original mapping
LDB: ============== END OF LOAD BALANCING =============== 1726.86
Info: useSync: 0 useProxySync: 0
LDB: =============== DONE WITH MIGRATION ================ 1726.89
WRITING COORDINATES TO DCD FILE MD.dcd AT STEP 255000
PRESSURE: 255000 -99.5563 254.533 130.209 307.888 -921.401 -159.556 457.455 -357.458 -395.706
GPRESSURE: 255000 -54.3082 179.872 82.9012 240.387 -733.299 -94.2776 372.484 -343.379 -547.395
PRESSAVG: 255000 -192.327 -10.8781 62.9829 -11.7585 -190.977 54.9983 102.202 30.1698 181.339
GPRESSAVG: 255000 -192.522 -10.937 62.9703 -11.2534 -190.77 54.9494 102.808 30.1206 180.856
ENERGY:  255000         0.0000         0.0000         0.0000         0.0000          -5590.7226       378.9322         0.0000         0.0000       930.8134          -4280.9770       295.7112     -5211.7904     -4278.4019       300.6287           -472.2210      -445.0005     22548.0941       -67.3214       -67.4787

LDB: ============= START OF LOAD BALANCING ============== 1741.43
LDB: ============== END OF LOAD BALANCING =============== 1741.43
Info: useSync: 0 useProxySync: 0
LDB: =============== DONE WITH MIGRATION ================ 1741.44
LDB: ============= START OF LOAD BALANCING ============== 1741.99
LDB: TIME 1742 LOAD: AVG 0.0499227 MAX 0.335356  PROXIES: TOTAL 56 MAXPE 7 MAXPATCH 7 None MEM: 0 MB
LDB: TIME 1742 LOAD: AVG 0.0499227 MAX 0.335356  PROXIES: TOTAL 56 MAXPE 7 MAXPATCH 7 RefineTorusLB MEM: 0 MB
LDB: TIME 1742 LOAD: AVG 0.0499227 MAX 0.335356  PROXIES: TOTAL 56 MAXPE 7 MAXPATCH 7 RefineTorusLB MEM: 0 MB
LDB: ============== END OF LOAD BALANCING =============== 1742.01
Info: useSync: 0 useProxySync: 0
LDB: =============== DONE WITH MIGRATION ================ 1742.15
LDB: ============= START OF LOAD BALANCING ============== 1757.7
LDB: ============== END OF LOAD BALANCING =============== 1757.7
Info: useSync: 0 useProxySync: 0
LDB: =============== DONE WITH MIGRATION ================ 1757.71
LDB: ============= START OF LOAD BALANCING ============== 1757.92
LDB: TIME 1757.92 LOAD: AVG 0.0314476 MAX 0.19788  PROXIES: TOTAL 56 MAXPE 7 MAXPATCH 7 None MEM: 0 MB
LDB: TIME 1757.92 LOAD: AVG 0.0314476 MAX 0.19788  PROXIES: TOTAL 56 MAXPE 7 MAXPATCH 7 RefineTorusLB MEM: 0 MB
LDB: TIME 1757.92 LOAD: AVG 0.0314476 MAX 0.19788  PROXIES: TOTAL 56 MAXPE 7 MAXPATCH 7 RefineTorusLB MEM: 0 MB
LDB: Reverting to original mapping
LDB: ============== END OF LOAD BALANCING =============== 1757.92
Info: useSync: 0 useProxySync: 0
LDB: =============== DONE WITH MIGRATION ================ 1757.92
PRESSURE: 260000 -458.548 -155.283 642.174 257.898 615.851 87.4469 1090 120.884 287.521
GPRESSURE: 260000 -596.337 -55.0335 1089.29 311.596 899.976 84.0103 826.737 82.2651 238.142
PRESSAVG: 260000 -178.037 27.1524 82.2688 53.778 -159.923 18.2653 -46.8208 46.8006 159.487
GPRESSAVG: 260000 -178.044 27.5411 82.694 53.783 -160.364 18.2359 -47.2212 46.9679 159.914
ENERGY:  260000         0.0000         0.0000         0.0000         0.0000          -5606.0400       405.3821         0.0000         0.0000       953.1385          -4247.5194       302.8037     -5200.6579     -4245.4571       301.1118            148.2747       180.5938     22548.0941       -59.4911       -59.4979

WRITING COORDINATES TO DCD FILE MD.dcd AT STEP 260000
LDB: ============= START OF LOAD BALANCING ============== 1774.89
LDB: ============== END OF LOAD BALANCING =============== 1774.89
Info: useSync: 0 useProxySync: 0
LDB: =============== DONE WITH MIGRATION ================ 1774.91
LDB: ============= START OF LOAD BALANCING ============== 1775.42
LDB: TIME 1775.42 LOAD: AVG 0.0426835 MAX 0.277593  PROXIES: TOTAL 56 MAXPE 7 MAXPATCH 7 None MEM: 0 MB
LDB: TIME 1775.42 LOAD: AVG 0.0426835 MAX 0.277593  PROXIES: TOTAL 56 MAXPE 7 MAXPATCH 7 RefineTorusLB MEM: 0 MB
LDB: TIME 1775.42 LOAD: AVG 0.0426835 MAX 0.277593  PROXIES: TOTAL 56 MAXPE 7 MAXPATCH 7 RefineTorusLB MEM: 0 MB
LDB: Reverting to original mapping
LDB: ============== END OF LOAD BALANCING =============== 1775.42
Info: useSync: 0 useProxySync: 0
LDB: =============== DONE WITH MIGRATION ================ 1775.48
LDB: ============= START OF LOAD BALANCING ============== 1792.54
LDB: ============== END OF LOAD BALANCING =============== 1792.55
Info: useSync: 0 useProxySync: 0
LDB: =============== DONE WITH MIGRATION ================ 1792.58
LDB: ============= START OF LOAD BALANCING ============== 1793.05
LDB: TIME 1793.05 LOAD: AVG 0.0457009 MAX 0.305601  PROXIES: TOTAL 56 MAXPE 7 MAXPATCH 7 None MEM: 0 MB
LDB: TIME 1793.05 LOAD: AVG 0.0457009 MAX 0.305601  PROXIES: TOTAL 56 MAXPE 7 MAXPATCH 7 RefineTorusLB MEM: 0 MB
LDB: TIME 1793.05 LOAD: AVG 0.0457009 MAX 0.305601  PROXIES: TOTAL 56 MAXPE 7 MAXPATCH 7 RefineTorusLB MEM: 0 MB
LDB: ============== END OF LOAD BALANCING =============== 1793.05
Info: useSync: 0 useProxySync: 0
LDB: =============== DONE WITH MIGRATION ================ 1793.05
LDB: ============= START OF LOAD BALANCING ============== 1809.15
LDB: ============== END OF LOAD BALANCING =============== 1809.16
Info: useSync: 0 useProxySync: 0
LDB: =============== DONE WITH MIGRATION ================ 1809.25
LDB: ============= START OF LOAD BALANCING ============== 1810.01
LDB: TIME 1810.01 LOAD: AVG 0.058755 MAX 0.386409  PROXIES: TOTAL 56 MAXPE 7 MAXPATCH 7 None MEM: 0 MB
LDB: TIME 1810.01 LOAD: AVG 0.058755 MAX 0.386409  PROXIES: TOTAL 56 MAXPE 7 MAXPATCH 7 RefineTorusLB MEM: 0 MB
LDB: TIME 1810.01 LOAD: AVG 0.058755 MAX 0.386409  PROXIES: TOTAL 56 MAXPE 7 MAXPATCH 7 RefineTorusLB MEM: 0 MB
LDB: ============== END OF LOAD BALANCING =============== 1810.01
Info: useSync: 0 useProxySync: 0
LDB: =============== DONE WITH MIGRATION ================ 1810.05
WRITING COORDINATES TO DCD FILE MD.dcd AT STEP 265000
PRESSURE: 265000 -628.857 14.4204 -830.937 173.969 -518.642 -359.966 -711.219 -399.857 -605.5
GPRESSURE: 265000 -608.628 36.0142 -763.54 37.615 -622.094 -501.754 -695.242 -194.273 -463.857
PRESSAVG: 265000 -255.036 -2.53981 -52.2627 -31.7596 -209.317 -32.3544 -11.5317 53.195 125.584
GPRESSAVG: 265000 -254.865 -2.65921 -52.7884 -31.9326 -209.256 -32.472 -11.5391 53.471 125.161
ENERGY:  265000         0.0000         0.0000         0.0000         0.0000          -5535.2869       347.7137         0.0000         0.0000       938.9861          -4248.5872       298.3076     -5187.5732     -4247.4301       302.3210           -584.3327      -564.8599     22548.0941      -112.9229      -112.9864

LDB: ============= START OF LOAD BALANCING ============== 1823.8
LDB: ============== END OF LOAD BALANCING =============== 1823.81
Info: useSync: 0 useProxySync: 0
LDB: =============== DONE WITH MIGRATION ================ 1823.83
LDB: ============= START OF LOAD BALANCING ============== 1824.45
LDB: TIME 1824.46 LOAD: AVG 0.0580612 MAX 0.397398  PROXIES: TOTAL 56 MAXPE 7 MAXPATCH 7 None MEM: 0 MB
LDB: TIME 1824.46 LOAD: AVG 0.0580612 MAX 0.397398  PROXIES: TOTAL 56 MAXPE 7 MAXPATCH 7 RefineTorusLB MEM: 0 MB
LDB: TIME 1824.46 LOAD: AVG 0.0580612 MAX 0.397398  PROXIES: TOTAL 56 MAXPE 7 MAXPATCH 7 RefineTorusLB MEM: 0 MB
LDB: Reverting to original mapping
LDB: ============== END OF LOAD BALANCING =============== 1824.47
Info: useSync: 0 useProxySync: 0
LDB: =============== DONE WITH MIGRATION ================ 1824.56
LDB: ============= START OF LOAD BALANCING ============== 1838.24
LDB: ============== END OF LOAD BALANCING =============== 1838.24
Info: useSync: 0 useProxySync: 0
LDB: =============== DONE WITH MIGRATION ================ 1838.24
LDB: ============= START OF LOAD BALANCING ============== 1839.29
LDB: TIME 1839.3 LOAD: AVG 0.0680586 MAX 0.472215  PROXIES: TOTAL 56 MAXPE 7 MAXPATCH 7 None MEM: 0 MB
LDB: TIME 1839.3 LOAD: AVG 0.0680586 MAX 0.472215  PROXIES: TOTAL 56 MAXPE 7 MAXPATCH 7 RefineTorusLB MEM: 0 MB
LDB: TIME 1839.3 LOAD: AVG 0.0680586 MAX 0.472215  PROXIES: TOTAL 56 MAXPE 7 MAXPATCH 7 RefineTorusLB MEM: 0 MB
LDB: Reverting to original mapping
LDB: ============== END OF LOAD BALANCING =============== 1839.3
Info: useSync: 0 useProxySync: 0
LDB: =============== DONE WITH MIGRATION ================ 1839.3
WRITING COORDINATES TO DCD FILE MD.dcd AT STEP 270000
PRESSURE: 270000 445.62 -65.7345 142.757 -543.128 -908.332 -862.182 -177.879 -981.667 602.527
GPRESSURE: 270000 389.984 -400.706 68.2916 -690.257 -944.565 -1115.92 -332.67 -627.505 726.312
PRESSAVG: 270000 -267.489 -22.8795 -14.351 -30.899 -173.572 -71.008 43.8621 -26.1786 124.016
GPRESSAVG: 270000 -267.633 -22.5755 -13.9744 -31.0629 -173.31 -71.2201 43.7544 -25.7805 124.12
ENERGY:  270000         0.0000         0.0000         0.0000         0.0000          -5550.6325       381.7157         0.0000         0.0000       933.6418          -4235.2751       296.6098     -5168.9169     -4233.0542       299.1182             46.6051        57.2435     22548.0941      -105.6816      -105.6081

LDB: ============= START OF LOAD BALANCING ============== 1855.14
LDB: ============== END OF LOAD BALANCING =============== 1855.14
Info: useSync: 0 useProxySync: 0
LDB: =============== DONE WITH MIGRATION ================ 1855.14
LDB: ============= START OF LOAD BALANCING ============== 1855.52
LDB: TIME 1855.52 LOAD: AVG 0.0332174 MAX 0.21231  PROXIES: TOTAL 56 MAXPE 7 MAXPATCH 7 None MEM: 0 MB
LDB: TIME 1855.52 LOAD: AVG 0.0332174 MAX 0.21231  PROXIES: TOTAL 56 MAXPE 7 MAXPATCH 7 RefineTorusLB MEM: 0 MB
LDB: TIME 1855.52 LOAD: AVG 0.0332174 MAX 0.21231  PROXIES: TOTAL 56 MAXPE 7 MAXPATCH 7 RefineTorusLB MEM: 0 MB
LDB: Reverting to original mapping
LDB: ============== END OF LOAD BALANCING =============== 1855.52
Info: useSync: 0 useProxySync: 0
LDB: =============== DONE WITH MIGRATION ================ 1855.52
LDB: ============= START OF LOAD BALANCING ============== 1875.16
LDB: ============== END OF LOAD BALANCING =============== 1875.16
Info: useSync: 0 useProxySync: 0
LDB: =============== DONE WITH MIGRATION ================ 1875.17
LDB: ============= START OF LOAD BALANCING ============== 1875.72
LDB: TIME 1875.73 LOAD: AVG 0.0502134 MAX 0.346944  PROXIES: TOTAL 56 MAXPE 7 MAXPATCH 7 None MEM: 0 MB
LDB: TIME 1875.73 LOAD: AVG 0.0502134 MAX 0.346944  PROXIES: TOTAL 56 MAXPE 7 MAXPATCH 7 RefineTorusLB MEM: 0 MB
LDB: TIME 1875.73 LOAD: AVG 0.0502134 MAX 0.346944  PROXIES: TOTAL 56 MAXPE 7 MAXPATCH 7 RefineTorusLB MEM: 0 MB
LDB: ============== END OF LOAD BALANCING =============== 1875.74
Info: useSync: 0 useProxySync: 0
LDB: =============== DONE WITH MIGRATION ================ 1875.84
LDB: ============= START OF LOAD BALANCING ============== 1893.52
LDB: ============== END OF LOAD BALANCING =============== 1893.52
Info: useSync: 0 useProxySync: 0
LDB: =============== DONE WITH MIGRATION ================ 1893.52
LDB: ============= START OF LOAD BALANCING ============== 1893.73
LDB: TIME 1893.73 LOAD: AVG 0.0309712 MAX 0.1967  PROXIES: TOTAL 56 MAXPE 7 MAXPATCH 7 None MEM: 0 MB
LDB: TIME 1893.73 LOAD: AVG 0.0309712 MAX 0.1967  PROXIES: TOTAL 56 MAXPE 7 MAXPATCH 7 RefineTorusLB MEM: 0 MB
LDB: TIME 1893.73 LOAD: AVG 0.0309712 MAX 0.1967  PROXIES: TOTAL 56 MAXPE 7 MAXPATCH 7 RefineTorusLB MEM: 0 MB
LDB: Reverting to original mapping
LDB: ============== END OF LOAD BALANCING =============== 1893.73
Info: useSync: 0 useProxySync: 0
LDB: =============== DONE WITH MIGRATION ================ 1893.73
WRITING COORDINATES TO DCD FILE MD.dcd AT STEP 275000
PRESSURE: 275000 492.387 392.541 -356.942 79.0629 -946.757 -24.8627 -452.788 -125.747 -595.819
GPRESSURE: 275000 392.293 242.158 -524.176 -42.4766 -949.813 -125.347 -436.535 -98.6557 -426.587
PRESSAVG: 275000 -218.711 -87.5477 -59.5583 -63.6076 -362.687 -52.9612 -82.8578 -46.259 206.787
GPRESSAVG: 275000 -218.478 -87.3211 -59.7908 -63.5149 -362.879 -53.163 -82.4018 -46.5083 207.064
ENERGY:  275000         0.0000         0.0000         0.0000         0.0000          -5675.8547       387.4310         0.0000         0.0000       918.8422          -4369.5815       291.9081     -5288.4237     -4367.2685       294.8764           -350.0631      -328.0356     22548.0941      -124.8703      -124.7643

LDB: ============= START OF LOAD BALANCING ============== 1908.79
LDB: ============== END OF LOAD BALANCING =============== 1908.79
Info: useSync: 0 useProxySync: 0
LDB: =============== DONE WITH MIGRATION ================ 1908.79
LDB: ============= START OF LOAD BALANCING ============== 1909.01
LDB: TIME 1909.01 LOAD: AVG 0.0309112 MAX 0.196254  PROXIES: TOTAL 56 MAXPE 7 MAXPATCH 7 None MEM: 0 MB
LDB: TIME 1909.01 LOAD: AVG 0.0309112 MAX 0.196254  PROXIES: TOTAL 56 MAXPE 7 MAXPATCH 7 RefineTorusLB MEM: 0 MB
LDB: TIME 1909.01 LOAD: AVG 0.0309112 MAX 0.196254  PROXIES: TOTAL 56 MAXPE 7 MAXPATCH 7 RefineTorusLB MEM: 0 MB
LDB: Reverting to original mapping
LDB: ============== END OF LOAD BALANCING =============== 1909.01
Info: useSync: 0 useProxySync: 0
LDB: =============== DONE WITH MIGRATION ================ 1909.01
LDB: ============= START OF LOAD BALANCING ============== 1921.18
LDB: ============== END OF LOAD BALANCING =============== 1921.18
Info: useSync: 0 useProxySync: 0
LDB: =============== DONE WITH MIGRATION ================ 1921.19
LDB: ============= START OF LOAD BALANCING ============== 1921.42
LDB: TIME 1921.42 LOAD: AVG 0.0320877 MAX 0.19694  PROXIES: TOTAL 56 MAXPE 7 MAXPATCH 7 None MEM: 0 MB
LDB: TIME 1921.42 LOAD: AVG 0.0320877 MAX 0.19694  PROXIES: TOTAL 56 MAXPE 7 MAXPATCH 7 RefineTorusLB MEM: 0 MB
LDB: TIME 1921.42 LOAD: AVG 0.0320877 MAX 0.19694  PROXIES: TOTAL 56 MAXPE 7 MAXPATCH 7 RefineTorusLB MEM: 0 MB
LDB: ============== END OF LOAD BALANCING =============== 1921.42
Info: useSync: 0 useProxySync: 0
LDB: =============== DONE WITH MIGRATION ================ 1921.42
WRITING COORDINATES TO DCD FILE MD.dcd AT STEP 280000
PRESSURE: 280000 -836.944 217.365 590.132 488.739 -26.736 -466.053 -81.4052 -287.416 25.7144
GPRESSURE: 280000 -796.106 65.4143 622.102 630.478 56.4172 -494.542 151.564 -372.754 -26.3392
PRESSAVG: 280000 -314.698 -9.44325 64.6843 3.68026 -285.103 -27.5192 117.403 -22.9402 320.129
GPRESSAVG: 280000 -314.695 -9.58735 64.5551 3.20515 -284.946 -27.4586 117.178 -22.8508 320.011
ENERGY:  280000         0.0000         0.0000         0.0000         0.0000          -5609.3128       380.3397         0.0000         0.0000       930.0448          -4298.9283       295.4671     -5228.9731     -4296.8104       294.5402           -279.3218      -255.3427     22548.0941       -93.2242       -93.2098

LDB: ============= START OF LOAD BALANCING ============== 1934.42
LDB: ============== END OF LOAD BALANCING =============== 1934.42
Info: useSync: 0 useProxySync: 0
LDB: =============== DONE WITH MIGRATION ================ 1934.42
LDB: ============= START OF LOAD BALANCING ============== 1934.63
LDB: TIME 1934.63 LOAD: AVG 0.0308511 MAX 0.199509  PROXIES: TOTAL 56 MAXPE 7 MAXPATCH 7 None MEM: 0 MB
LDB: TIME 1934.63 LOAD: AVG 0.0308511 MAX 0.199509  PROXIES: TOTAL 56 MAXPE 7 MAXPATCH 7 RefineTorusLB MEM: 0 MB
LDB: TIME 1934.63 LOAD: AVG 0.0308511 MAX 0.199509  PROXIES: TOTAL 56 MAXPE 7 MAXPATCH 7 RefineTorusLB MEM: 0 MB
LDB: Reverting to original mapping
LDB: ============== END OF LOAD BALANCING =============== 1934.63
Info: useSync: 0 useProxySync: 0
LDB: =============== DONE WITH MIGRATION ================ 1934.63
LDB: ============= START OF LOAD BALANCING ============== 1948.68
LDB: ============== END OF LOAD BALANCING =============== 1948.68
Info: useSync: 0 useProxySync: 0
LDB: =============== DONE WITH MIGRATION ================ 1948.68
LDB: ============= START OF LOAD BALANCING ============== 1948.91
LDB: TIME 1948.91 LOAD: AVG 0.0333122 MAX 0.203433  PROXIES: TOTAL 56 MAXPE 7 MAXPATCH 7 None MEM: 0 MB
LDB: TIME 1948.91 LOAD: AVG 0.0333122 MAX 0.203433  PROXIES: TOTAL 56 MAXPE 7 MAXPATCH 7 RefineTorusLB MEM: 0 MB
LDB: TIME 1948.91 LOAD: AVG 0.0333122 MAX 0.203433  PROXIES: TOTAL 56 MAXPE 7 MAXPATCH 7 RefineTorusLB MEM: 0 MB
LDB: Reverting to original mapping
LDB: ============== END OF LOAD BALANCING =============== 1948.91
Info: useSync: 0 useProxySync: 0
LDB: =============== DONE WITH MIGRATION ================ 1948.91
LDB: ============= START OF LOAD BALANCING ============== 1963.95
LDB: ============== END OF LOAD BALANCING =============== 1963.96
Info: useSync: 0 useProxySync: 0
LDB: =============== DONE WITH MIGRATION ================ 1963.99
LDB: ============= START OF LOAD BALANCING ============== 1964.6
LDB: TIME 1964.61 LOAD: AVG 0.05891 MAX 0.408752  PROXIES: TOTAL 56 MAXPE 7 MAXPATCH 7 None MEM: 0 MB
LDB: TIME 1964.61 LOAD: AVG 0.05891 MAX 0.408752  PROXIES: TOTAL 56 MAXPE 7 MAXPATCH 7 RefineTorusLB MEM: 0 MB
LDB: TIME 1964.61 LOAD: AVG 0.05891 MAX 0.408752  PROXIES: TOTAL 56 MAXPE 7 MAXPATCH 7 RefineTorusLB MEM: 0 MB
LDB: ============== END OF LOAD BALANCING =============== 1964.66
Info: useSync: 0 useProxySync: 0
LDB: =============== DONE WITH MIGRATION ================ 1964.77
PRESSURE: 285000 -50.1675 226.341 -17.5572 251.713 -711.87 -18.1204 53.6131 -223.337 -988.688
GPRESSURE: 285000 -8.9077 -46.3541 67.8457 200.206 -788.299 -314.754 169.338 29.5095 -894.505
PRESSAVG: 285000 -192.858 17.1591 18.8142 50.5926 -225.713 -60.7803 53.7544 -41.3244 207.376
GPRESSAVG: 285000 -192.387 17.1625 18.6023 50.7179 -225.851 -60.895 53.3616 -41.156 207.324
ENERGY:  285000         0.0000         0.0000         0.0000         0.0000          -5582.4739       359.8362         0.0000         0.0000       958.5964          -4264.0413       304.5377     -5222.6377     -4262.2677       300.0788           -583.5753      -563.9038     22548.0941       -70.3984       -70.3043

WRITING COORDINATES TO DCD FILE MD.dcd AT STEP 285000
LDB: ============= START OF LOAD BALANCING ============== 1977.28
LDB: ============== END OF LOAD BALANCING =============== 1977.29
Info: useSync: 0 useProxySync: 0
LDB: =============== DONE WITH MIGRATION ================ 1977.31
LDB: ============= START OF LOAD BALANCING ============== 1977.83
LDB: TIME 1977.83 LOAD: AVG 0.0458143 MAX 0.313969  PROXIES: TOTAL 56 MAXPE 7 MAXPATCH 7 None MEM: 0 MB
LDB: TIME 1977.83 LOAD: AVG 0.0458143 MAX 0.313969  PROXIES: TOTAL 56 MAXPE 7 MAXPATCH 7 RefineTorusLB MEM: 0 MB
LDB: TIME 1977.83 LOAD: AVG 0.0458143 MAX 0.313969  PROXIES: TOTAL 56 MAXPE 7 MAXPATCH 7 RefineTorusLB MEM: 0 MB
LDB: Reverting to original mapping
LDB: ============== END OF LOAD BALANCING =============== 1977.84
Info: useSync: 0 useProxySync: 0
LDB: =============== DONE WITH MIGRATION ================ 1977.89
LDB: ============= START OF LOAD BALANCING ============== 1992.8
LDB: ============== END OF LOAD BALANCING =============== 1992.8
Info: useSync: 0 useProxySync: 0
LDB: =============== DONE WITH MIGRATION ================ 1992.8
LDB: ============= START OF LOAD BALANCING ============== 1993.02
LDB: TIME 1993.02 LOAD: AVG 0.0305055 MAX 0.196211  PROXIES: TOTAL 56 MAXPE 7 MAXPATCH 7 None MEM: 0 MB
LDB: TIME 1993.02 LOAD: AVG 0.0305055 MAX 0.196211  PROXIES: TOTAL 56 MAXPE 7 MAXPATCH 7 RefineTorusLB MEM: 0 MB
LDB: TIME 1993.02 LOAD: AVG 0.0305055 MAX 0.196211  PROXIES: TOTAL 56 MAXPE 7 MAXPATCH 7 RefineTorusLB MEM: 0 MB
LDB: ============== END OF LOAD BALANCING =============== 1993.02
Info: useSync: 0 useProxySync: 0
LDB: =============== DONE WITH MIGRATION ================ 1993.02
PRESSURE: 290000 -1323.46 163.647 -232.825 -140.746 -1510.4 349.989 -517.649 229.616 386.487
GPRESSURE: 290000 -1537.05 87.3298 -239 85.4953 -1289.14 400.184 -829.996 320.189 419.317
PRESSAVG: 290000 -220.557 -70.2539 -23.7746 -38.058 -160.181 58.6815 -2.34661 17.721 254.882
GPRESSAVG: 290000 -220.504 -69.7788 -23.3217 -37.9412 -160.125 58.4409 -2.44864 17.7081 255.306
ENERGY:  290000         0.0000         0.0000         0.0000         0.0000          -5555.4794       328.9083         0.0000         0.0000       968.3841          -4258.1870       307.6471     -5226.5711     -4256.3026       304.9380           -815.7920      -802.2932     22548.0941       -41.9519       -41.7745

WRITING COORDINATES TO DCD FILE MD.dcd AT STEP 290000
LDB: ============= START OF LOAD BALANCING ============== 2004.13
LDB: ============== END OF LOAD BALANCING =============== 2004.14
Info: useSync: 0 useProxySync: 0
LDB: =============== DONE WITH MIGRATION ================ 2004.16
LDB: ============= START OF LOAD BALANCING ============== 2004.73
LDB: TIME 2004.74 LOAD: AVG 0.0511525 MAX 0.358462  PROXIES: TOTAL 56 MAXPE 7 MAXPATCH 7 None MEM: 0 MB
LDB: TIME 2004.74 LOAD: AVG 0.0511525 MAX 0.358462  PROXIES: TOTAL 56 MAXPE 7 MAXPATCH 7 RefineTorusLB MEM: 0 MB
LDB: TIME 2004.74 LOAD: AVG 0.0511525 MAX 0.358462  PROXIES: TOTAL 56 MAXPE 7 MAXPATCH 7 RefineTorusLB MEM: 0 MB
LDB: ============== END OF LOAD BALANCING =============== 2004.74
Info: useSync: 0 useProxySync: 0
LDB: =============== DONE WITH MIGRATION ================ 2004.77
LDB: ============= START OF LOAD BALANCING ============== 2015.33
LDB: ============== END OF LOAD BALANCING =============== 2015.33
Info: useSync: 0 useProxySync: 0
LDB: =============== DONE WITH MIGRATION ================ 2015.33
LDB: ============= START OF LOAD BALANCING ============== 2015.54
LDB: TIME 2015.54 LOAD: AVG 0.0304837 MAX 0.19571  PROXIES: TOTAL 56 MAXPE 7 MAXPATCH 7 None MEM: 0 MB
LDB: TIME 2015.54 LOAD: AVG 0.0304837 MAX 0.19571  PROXIES: TOTAL 56 MAXPE 7 MAXPATCH 7 RefineTorusLB MEM: 0 MB
LDB: TIME 2015.54 LOAD: AVG 0.0304837 MAX 0.19571  PROXIES: TOTAL 56 MAXPE 7 MAXPATCH 7 RefineTorusLB MEM: 0 MB
LDB: Reverting to original mapping
LDB: ============== END OF LOAD BALANCING =============== 2015.54
Info: useSync: 0 useProxySync: 0
LDB: =============== DONE WITH MIGRATION ================ 2015.54
LDB: ============= START OF LOAD BALANCING ============== 2028.16
LDB: ============== END OF LOAD BALANCING =============== 2028.16
Info: useSync: 0 useProxySync: 0
LDB: =============== DONE WITH MIGRATION ================ 2028.16
LDB: ============= START OF LOAD BALANCING ============== 2028.39
LDB: TIME 2028.39 LOAD: AVG 0.0317126 MAX 0.203726  PROXIES: TOTAL 56 MAXPE 7 MAXPATCH 7 None MEM: 0 MB
LDB: TIME 2028.39 LOAD: AVG 0.0317126 MAX 0.203726  PROXIES: TOTAL 56 MAXPE 7 MAXPATCH 7 RefineTorusLB MEM: 0 MB
LDB: TIME 2028.39 LOAD: AVG 0.0317126 MAX 0.203726  PROXIES: TOTAL 56 MAXPE 7 MAXPATCH 7 RefineTorusLB MEM: 0 MB
LDB: ============== END OF LOAD BALANCING =============== 2028.39
Info: useSync: 0 useProxySync: 0
LDB: =============== DONE WITH MIGRATION ================ 2028.39
WRITING COORDINATES TO DCD FILE MD.dcd AT STEP 295000
PRESSURE: 295000 -1033.7 -31.3252 -409.45 -16.3122 -1061.44 -209.65 -502.341 -437.95 2031.75
GPRESSURE: 295000 -935.327 -79.6865 -191.431 35.9956 -1025.01 -268.239 -699.118 -133.427 1929.89
PRESSAVG: 295000 -186.207 -34.3301 -16.9905 -67.0424 -339.92 -54.143 -5.18503 15.761 170.919
GPRESSAVG: 295000 -186.257 -34.4059 -16.4775 -67.5901 -339.56 -54.0181 -5.32931 15.4602 170.751
ENERGY:  295000         0.0000         0.0000         0.0000         0.0000          -5596.8399       389.8406         0.0000         0.0000       939.4673          -4267.5320       298.4605     -5206.9993     -4266.1144       302.3581            -21.1307       -10.1490     22548.0941      -118.4027      -118.3551

LDB: ============= START OF LOAD BALANCING ============== 2047.82
LDB: ============== END OF LOAD BALANCING =============== 2047.82
Info: useSync: 0 useProxySync: 0
LDB: =============== DONE WITH MIGRATION ================ 2047.82
LDB: ============= START OF LOAD BALANCING ============== 2048.04
LDB: TIME 2048.04 LOAD: AVG 0.0316472 MAX 0.201089  PROXIES: TOTAL 56 MAXPE 7 MAXPATCH 7 None MEM: 0 MB
LDB: TIME 2048.04 LOAD: AVG 0.0316472 MAX 0.201089  PROXIES: TOTAL 56 MAXPE 7 MAXPATCH 7 RefineTorusLB MEM: 0 MB
LDB: TIME 2048.04 LOAD: AVG 0.0316472 MAX 0.201089  PROXIES: TOTAL 56 MAXPE 7 MAXPATCH 7 RefineTorusLB MEM: 0 MB
LDB: Reverting to original mapping
LDB: ============== END OF LOAD BALANCING =============== 2048.04
Info: useSync: 0 useProxySync: 0
LDB: =============== DONE WITH MIGRATION ================ 2048.04
LDB: ============= START OF LOAD BALANCING ============== 2064.65
LDB: ============== END OF LOAD BALANCING =============== 2064.65
Info: useSync: 0 useProxySync: 0
LDB: =============== DONE WITH MIGRATION ================ 2064.65
LDB: ============= START OF LOAD BALANCING ============== 2064.97
LDB: TIME 2064.97 LOAD: AVG 0.0362084 MAX 0.221993  PROXIES: TOTAL 56 MAXPE 7 MAXPATCH 7 None MEM: 0 MB
LDB: TIME 2064.97 LOAD: AVG 0.0362084 MAX 0.221993  PROXIES: TOTAL 56 MAXPE 7 MAXPATCH 7 RefineTorusLB MEM: 0 MB
LDB: TIME 2064.97 LOAD: AVG 0.0362084 MAX 0.221993  PROXIES: TOTAL 56 MAXPE 7 MAXPATCH 7 RefineTorusLB MEM: 0 MB
LDB: Reverting to original mapping
LDB: ============== END OF LOAD BALANCING =============== 2064.98
Info: useSync: 0 useProxySync: 0
LDB: =============== DONE WITH MIGRATION ================ 2064.98
WRITING COORDINATES TO DCD FILE MD.dcd AT STEP 300000
WRITING COORDINATES TO RESTART FILE AT STEP 300000
FINISHED WRITING RESTART COORDINATES
WRITING VELOCITIES TO RESTART FILE AT STEP 300000
FINISHED WRITING RESTART VELOCITIES
PRESSURE: 300000 -584.381 467.016 -81.8313 293.53 580.117 494.612 -414.42 162.953 694.227
GPRESSURE: 300000 -519.637 409.08 446.423 261.282 726.213 437.746 -380.027 -4.08979 564.189
PRESSAVG: 300000 -160.337 6.67614 46.2562 40.454 -297.849 35.8865 79.8544 -6.55566 130.73
GPRESSAVG: 300000 -159.811 6.5098 45.8917 40.8685 -297.97 35.4244 80.1351 -6.19278 130.728
TIMING: 300000  CPU: 1629.13, 0.00572514/step  Wall: 2083.39, 0.00771928/step, 0.428849 hours remaining, 0.000000 MB of memory in use.
PERFORMANCE: 300000  averaging 24.8847 ns/day, 0.00694404 sec/step with standard deviation 0.000493233
ETITLE:      TS           BOND          ANGLE          DIHED          IMPRP               ELECT            VDW       BOUNDARY           MISC        KINETIC               TOTAL           TEMP      POTENTIAL         TOTAL3        TEMPAVG            PRESSURE      GPRESSURE         VOLUME       PRESSAVG      GPRESSAVG

ENERGY:  300000         0.0000         0.0000         0.0000         0.0000          -5594.2013       398.8435         0.0000         0.0000       950.2061          -4245.1518       301.8721     -5195.3578     -4242.4882       300.5010            229.9877       256.9215     22548.0941      -109.1518      -109.0177

WRITING EXTENDED SYSTEM TO RESTART FILE AT STEP 300000
LDB: ============= START OF LOAD BALANCING ============== 2084.37
LDB: ============== END OF LOAD BALANCING =============== 2084.37
Info: useSync: 0 useProxySync: 0
LDB: =============== DONE WITH MIGRATION ================ 2084.37
LDB: ============= START OF LOAD BALANCING ============== 2084.66
LDB: TIME 2084.66 LOAD: AVG 0.0394164 MAX 0.259384  PROXIES: TOTAL 56 MAXPE 7 MAXPATCH 7 None MEM: 0 MB
LDB: TIME 2084.66 LOAD: AVG 0.0394164 MAX 0.259384  PROXIES: TOTAL 56 MAXPE 7 MAXPATCH 7 RefineTorusLB MEM: 0 MB
LDB: TIME 2084.66 LOAD: AVG 0.0394164 MAX 0.259384  PROXIES: TOTAL 56 MAXPE 7 MAXPATCH 7 RefineTorusLB MEM: 0 MB
LDB: Reverting to original mapping
LDB: ============== END OF LOAD BALANCING =============== 2084.66
Info: useSync: 0 useProxySync: 0
LDB: =============== DONE WITH MIGRATION ================ 2084.66
LDB: ============= START OF LOAD BALANCING ============== 2103.42
LDB: ============== END OF LOAD BALANCING =============== 2103.43
Info: useSync: 0 useProxySync: 0
LDB: =============== DONE WITH MIGRATION ================ 2103.44
LDB: ============= START OF LOAD BALANCING ============== 2103.86
LDB: TIME 2103.86 LOAD: AVG 0.0440746 MAX 0.290743  PROXIES: TOTAL 56 MAXPE 7 MAXPATCH 7 None MEM: 0 MB
LDB: TIME 2103.86 LOAD: AVG 0.0440746 MAX 0.290743  PROXIES: TOTAL 56 MAXPE 7 MAXPATCH 7 RefineTorusLB MEM: 0 MB
LDB: TIME 2103.86 LOAD: AVG 0.0440746 MAX 0.290743  PROXIES: TOTAL 56 MAXPE 7 MAXPATCH 7 RefineTorusLB MEM: 0 MB
LDB: ============== END OF LOAD BALANCING =============== 2103.87
Info: useSync: 0 useProxySync: 0
LDB: =============== DONE WITH MIGRATION ================ 2103.92
LDB: ============= START OF LOAD BALANCING ============== 2123.12
LDB: ============== END OF LOAD BALANCING =============== 2123.12
Info: useSync: 0 useProxySync: 0
LDB: =============== DONE WITH MIGRATION ================ 2123.12
LDB: ============= START OF LOAD BALANCING ============== 2123.44
LDB: TIME 2123.44 LOAD: AVG 0.0385039 MAX 0.235068  PROXIES: TOTAL 56 MAXPE 7 MAXPATCH 7 None MEM: 0 MB
LDB: TIME 2123.44 LOAD: AVG 0.0385039 MAX 0.235068  PROXIES: TOTAL 56 MAXPE 7 MAXPATCH 7 RefineTorusLB MEM: 0 MB
LDB: TIME 2123.44 LOAD: AVG 0.0385039 MAX 0.235068  PROXIES: TOTAL 56 MAXPE 7 MAXPATCH 7 RefineTorusLB MEM: 0 MB
LDB: Reverting to original mapping
LDB: ============== END OF LOAD BALANCING =============== 2123.44
Info: useSync: 0 useProxySync: 0
LDB: =============== DONE WITH MIGRATION ================ 2123.44
WRITING COORDINATES TO DCD FILE MD.dcd AT STEP 305000
PRESSURE: 305000 450.311 -486.566 -24.7901 -381.333 -479.732 -384.462 55.7454 32.2604 -634.081
GPRESSURE: 305000 344.273 -830.699 -175.609 -220.185 -452.8 4.11244 441.385 -9.20764 -462.039
PRESSAVG: 305000 -194.397 -57.9549 -61.2453 -31.6215 -133.179 20.4854 -19.7571 -37.7981 161.814
GPRESSAVG: 305000 -194.202 -57.7055 -60.9798 -31.6072 -133.439 20.8513 -19.5782 -37.7889 161.619
ENERGY:  305000         0.0000         0.0000         0.0000         0.0000          -5630.2584       404.5076         0.0000         0.0000       963.1073          -4262.6434       305.9707     -5225.7507     -4261.2072       299.6421           -221.1674      -190.1886     22548.0941       -55.2541       -55.3408

LDB: ============= START OF LOAD BALANCING ============== 2141.15
LDB: ============== END OF LOAD BALANCING =============== 2141.15
Info: useSync: 0 useProxySync: 0
LDB: =============== DONE WITH MIGRATION ================ 2141.15
LDB: ============= START OF LOAD BALANCING ============== 2141.63
LDB: TIME 2141.63 LOAD: AVG 0.0478458 MAX 0.278079  PROXIES: TOTAL 56 MAXPE 7 MAXPATCH 7 None MEM: 0 MB
LDB: TIME 2141.63 LOAD: AVG 0.0478458 MAX 0.278079  PROXIES: TOTAL 56 MAXPE 7 MAXPATCH 7 RefineTorusLB MEM: 0 MB
LDB: TIME 2141.63 LOAD: AVG 0.0478458 MAX 0.278079  PROXIES: TOTAL 56 MAXPE 7 MAXPATCH 7 RefineTorusLB MEM: 0 MB
LDB: Reverting to original mapping
LDB: ============== END OF LOAD BALANCING =============== 2141.63
Info: useSync: 0 useProxySync: 0
LDB: =============== DONE WITH MIGRATION ================ 2141.63
LDB: ============= START OF LOAD BALANCING ============== 2156.37
LDB: ============== END OF LOAD BALANCING =============== 2156.37
Info: useSync: 0 useProxySync: 0
LDB: =============== DONE WITH MIGRATION ================ 2156.37
LDB: ============= START OF LOAD BALANCING ============== 2156.57
LDB: TIME 2156.57 LOAD: AVG 0.0307249 MAX 0.197351  PROXIES: TOTAL 56 MAXPE 7 MAXPATCH 7 None MEM: 0 MB
LDB: TIME 2156.57 LOAD: AVG 0.0307249 MAX 0.197351  PROXIES: TOTAL 56 MAXPE 7 MAXPATCH 7 RefineTorusLB MEM: 0 MB
LDB: TIME 2156.57 LOAD: AVG 0.0307249 MAX 0.197351  PROXIES: TOTAL 56 MAXPE 7 MAXPATCH 7 RefineTorusLB MEM: 0 MB
LDB: ============== END OF LOAD BALANCING =============== 2156.57
Info: useSync: 0 useProxySync: 0
LDB: =============== DONE WITH MIGRATION ================ 2156.57
WRITING COORDINATES TO DCD FILE MD.dcd AT STEP 310000
PRESSURE: 310000 -556.539 -246.279 816.901 -224.641 -1297.82 796.223 552.657 409.268 616.108
GPRESSURE: 310000 -505.101 -226.433 528.15 -122.131 -1301.66 593.5 865.121 500.9 633.778
PRESSAVG: 310000 -214.08 27.0605 23.1927 11.6048 -223.167 21.0348 33.7426 14.0214 142.086
GPRESSAVG: 310000 -214.331 26.7275 23.2885 11.5574 -222.991 20.5752 33.6149 13.9234 142.169
ENERGY:  310000         0.0000         0.0000         0.0000         0.0000          -5654.3820       402.9373         0.0000         0.0000       951.7596          -4299.6850       302.3657     -5251.4447     -4297.4113       298.0433           -412.7507      -390.9940     22548.0941       -98.3870       -98.3841

LDB: ============= START OF LOAD BALANCING ============== 2168.9
LDB: ============== END OF LOAD BALANCING =============== 2168.9
Info: useSync: 0 useProxySync: 0
LDB: =============== DONE WITH MIGRATION ================ 2168.9
LDB: ============= START OF LOAD BALANCING ============== 2169.11
LDB: TIME 2169.11 LOAD: AVG 0.0303537 MAX 0.195149  PROXIES: TOTAL 56 MAXPE 7 MAXPATCH 7 None MEM: 0 MB
LDB: TIME 2169.11 LOAD: AVG 0.0303537 MAX 0.195149  PROXIES: TOTAL 56 MAXPE 7 MAXPATCH 7 RefineTorusLB MEM: 0 MB
LDB: TIME 2169.11 LOAD: AVG 0.0303537 MAX 0.195149  PROXIES: TOTAL 56 MAXPE 7 MAXPATCH 7 RefineTorusLB MEM: 0 MB
LDB: Reverting to original mapping
LDB: ============== END OF LOAD BALANCING =============== 2169.11
Info: useSync: 0 useProxySync: 0
LDB: =============== DONE WITH MIGRATION ================ 2169.11
LDB: ============= START OF LOAD BALANCING ============== 2180.44
LDB: ============== END OF LOAD BALANCING =============== 2180.44
Info: useSync: 0 useProxySync: 0
LDB: =============== DONE WITH MIGRATION ================ 2180.44
LDB: ============= START OF LOAD BALANCING ============== 2180.65
LDB: TIME 2180.65 LOAD: AVG 0.0305546 MAX 0.195928  PROXIES: TOTAL 56 MAXPE 7 MAXPATCH 7 None MEM: 0 MB
LDB: TIME 2180.65 LOAD: AVG 0.0305546 MAX 0.195928  PROXIES: TOTAL 56 MAXPE 7 MAXPATCH 7 RefineTorusLB MEM: 0 MB
LDB: TIME 2180.65 LOAD: AVG 0.0305546 MAX 0.195928  PROXIES: TOTAL 56 MAXPE 7 MAXPATCH 7 RefineTorusLB MEM: 0 MB
LDB: Reverting to original mapping
LDB: ============== END OF LOAD BALANCING =============== 2180.65
Info: useSync: 0 useProxySync: 0
LDB: =============== DONE WITH MIGRATION ================ 2180.65
LDB: ============= START OF LOAD BALANCING ============== 2194.06
LDB: ============== END OF LOAD BALANCING =============== 2194.06
Info: useSync: 0 useProxySync: 0
LDB: =============== DONE WITH MIGRATION ================ 2194.06
LDB: ============= START OF LOAD BALANCING ============== 2194.79
LDB: TIME 2194.8 LOAD: AVG 0.0661535 MAX 0.431043  PROXIES: TOTAL 56 MAXPE 7 MAXPATCH 7 None MEM: 0 MB
LDB: TIME 2194.8 LOAD: AVG 0.0661535 MAX 0.431043  PROXIES: TOTAL 56 MAXPE 7 MAXPATCH 7 RefineTorusLB MEM: 0 MB
LDB: TIME 2194.8 LOAD: AVG 0.0661535 MAX 0.431043  PROXIES: TOTAL 56 MAXPE 7 MAXPATCH 7 RefineTorusLB MEM: 0 MB
LDB: Reverting to original mapping
LDB: ============== END OF LOAD BALANCING =============== 2194.81
Info: useSync: 0 useProxySync: 0
LDB: =============== DONE WITH MIGRATION ================ 2194.91
WRITING COORDINATES TO DCD FILE MD.dcd AT STEP 315000
PRESSURE: 315000 176.423 40.2892 -222.013 -295.742 -1177.15 -420.538 -358.362 -126.828 256.459
GPRESSURE: 315000 268.371 12.8015 -165.428 -381.021 -1160.25 -428.41 -661.1 -61.9791 225.069
PRESSAVG: 315000 -247.309 28.4322 -48.278 39.7131 -315.866 121.643 -47.0456 105.361 184.555
GPRESSAVG: 315000 -247.209 28.2859 -48.4262 39.9605 -315.918 121.436 -46.8851 105.166 184.367
ENERGY:  315000         0.0000         0.0000         0.0000         0.0000          -5593.0089       389.9632         0.0000         0.0000       965.4999          -4237.5458       306.7309     -5203.0457     -4235.0087       296.5245           -248.0891      -222.2699     22548.0941      -126.2067      -126.2531

LDB: ============= START OF LOAD BALANCING ============== 2207.88
LDB: ============== END OF LOAD BALANCING =============== 2207.89
Info: useSync: 0 useProxySync: 0
LDB: =============== DONE WITH MIGRATION ================ 2207.91
LDB: ============= START OF LOAD BALANCING ============== 2208.49
LDB: TIME 2208.5 LOAD: AVG 0.0538993 MAX 0.364208  PROXIES: TOTAL 56 MAXPE 7 MAXPATCH 7 None MEM: 0 MB
LDB: TIME 2208.5 LOAD: AVG 0.0538993 MAX 0.364208  PROXIES: TOTAL 56 MAXPE 7 MAXPATCH 7 RefineTorusLB MEM: 0 MB
LDB: TIME 2208.5 LOAD: AVG 0.0538993 MAX 0.364208  PROXIES: TOTAL 56 MAXPE 7 MAXPATCH 7 RefineTorusLB MEM: 0 MB
LDB: ============== END OF LOAD BALANCING =============== 2208.51
Info: useSync: 0 useProxySync: 0
LDB: =============== DONE WITH MIGRATION ================ 2208.59
LDB: ============= START OF LOAD BALANCING ============== 2220.48
LDB: ============== END OF LOAD BALANCING =============== 2220.48
Info: useSync: 0 useProxySync: 0
LDB: =============== DONE WITH MIGRATION ================ 2220.49
LDB: ============= START OF LOAD BALANCING ============== 2220.96
LDB: TIME 2220.97 LOAD: AVG 0.0401548 MAX 0.272473  PROXIES: TOTAL 56 MAXPE 7 MAXPATCH 7 None MEM: 0 MB
LDB: TIME 2220.97 LOAD: AVG 0.0401548 MAX 0.272473  PROXIES: TOTAL 56 MAXPE 7 MAXPATCH 7 RefineTorusLB MEM: 0 MB
LDB: TIME 2220.97 LOAD: AVG 0.0401548 MAX 0.272473  PROXIES: TOTAL 56 MAXPE 7 MAXPATCH 7 RefineTorusLB MEM: 0 MB
LDB: Reverting to original mapping
LDB: ============== END OF LOAD BALANCING =============== 2220.99
Info: useSync: 0 useProxySync: 0
LDB: =============== DONE WITH MIGRATION ================ 2221.04
WRITING COORDINATES TO DCD FILE MD.dcd AT STEP 320000
PRESSURE: 320000 190.864 -155.331 -48.8192 0.793157 -573.061 -95.2369 -328.071 -167.395 868.384
GPRESSURE: 320000 156.062 -182.009 172.719 14.2878 -400.164 -195.296 -700.911 55.7902 745.497
PRESSAVG: 320000 -193.69 -6.22185 10.4359 24.98 -194.146 -112.166 8.74558 -61.5353 174.15
GPRESSAVG: 320000 -193.875 -6.19703 10.1134 25.3174 -194.35 -111.78 8.94072 -61.9707 174.408
ENERGY:  320000         0.0000         0.0000         0.0000         0.0000          -5596.3431       406.7244         0.0000         0.0000       927.9486          -4261.6701       294.8011     -5189.6187     -4259.4878       303.8820            162.0623       167.1317     22548.0941       -71.2287       -71.2722

LDB: ============= START OF LOAD BALANCING ============== 2232.81
LDB: ============== END OF LOAD BALANCING =============== 2232.81
Info: useSync: 0 useProxySync: 0
LDB: =============== DONE WITH MIGRATION ================ 2232.81
LDB: ============= START OF LOAD BALANCING ============== 2233.02
LDB: TIME 2233.02 LOAD: AVG 0.0305757 MAX 0.195859  PROXIES: TOTAL 56 MAXPE 7 MAXPATCH 7 None MEM: 0 MB
LDB: TIME 2233.02 LOAD: AVG 0.0305757 MAX 0.195859  PROXIES: TOTAL 56 MAXPE 7 MAXPATCH 7 RefineTorusLB MEM: 0 MB
LDB: TIME 2233.02 LOAD: AVG 0.0305757 MAX 0.195859  PROXIES: TOTAL 56 MAXPE 7 MAXPATCH 7 RefineTorusLB MEM: 0 MB
LDB: ============== END OF LOAD BALANCING =============== 2233.02
Info: useSync: 0 useProxySync: 0
LDB: =============== DONE WITH MIGRATION ================ 2233.02
LDB: ============= START OF LOAD BALANCING ============== 2244.46
LDB: ============== END OF LOAD BALANCING =============== 2244.46
Info: useSync: 0 useProxySync: 0
LDB: =============== DONE WITH MIGRATION ================ 2244.47
LDB: ============= START OF LOAD BALANCING ============== 2244.81
LDB: TIME 2244.81 LOAD: AVG 0.0405144 MAX 0.2218  PROXIES: TOTAL 56 MAXPE 7 MAXPATCH 7 None MEM: 0 MB
LDB: TIME 2244.81 LOAD: AVG 0.0405144 MAX 0.2218  PROXIES: TOTAL 56 MAXPE 7 MAXPATCH 7 RefineTorusLB MEM: 0 MB
LDB: TIME 2244.81 LOAD: AVG 0.0405144 MAX 0.2218  PROXIES: TOTAL 56 MAXPE 7 MAXPATCH 7 RefineTorusLB MEM: 0 MB
LDB: Reverting to original mapping
LDB: ============== END OF LOAD BALANCING =============== 2244.81
Info: useSync: 0 useProxySync: 0
LDB: =============== DONE WITH MIGRATION ================ 2244.81
LDB: ============= START OF LOAD BALANCING ============== 2258.71
LDB: ============== END OF LOAD BALANCING =============== 2258.71
Info: useSync: 0 useProxySync: 0
LDB: =============== DONE WITH MIGRATION ================ 2258.71
LDB: ============= START OF LOAD BALANCING ============== 2258.95
LDB: TIME 2258.95 LOAD: AVG 0.0313258 MAX 0.201269  PROXIES: TOTAL 56 MAXPE 7 MAXPATCH 7 None MEM: 0 MB
LDB: TIME 2258.95 LOAD: AVG 0.0313258 MAX 0.201269  PROXIES: TOTAL 56 MAXPE 7 MAXPATCH 7 RefineTorusLB MEM: 0 MB
LDB: TIME 2258.95 LOAD: AVG 0.0313258 MAX 0.201269  PROXIES: TOTAL 56 MAXPE 7 MAXPATCH 7 RefineTorusLB MEM: 0 MB
LDB: Reverting to original mapping
LDB: ============== END OF LOAD BALANCING =============== 2258.95
Info: useSync: 0 useProxySync: 0
LDB: =============== DONE WITH MIGRATION ================ 2258.95
WRITING COORDINATES TO DCD FILE MD.dcd AT STEP 325000
PRESSURE: 325000 -390.764 111.938 121.928 76.6729 -600.297 288.104 642.935 343.746 -1251.42
GPRESSURE: 325000 -193.408 -86.9979 -404.525 18.5024 -623.663 -97.4708 855.216 425.631 -1390.63
PRESSAVG: 325000 -356.538 -32.2097 44.6384 -8.45722 -267.533 -15.1303 -7.74427 -69.8075 168.532
GPRESSAVG: 325000 -356.577 -31.4671 44.57 -8.72974 -267.748 -15.1575 -7.58252 -69.5787 168.624
ENERGY:  325000         0.0000         0.0000         0.0000         0.0000          -5609.1202       361.4097         0.0000         0.0000       973.7600          -4273.9505       309.3550     -5247.7105     -4271.9430       296.9340           -747.4937      -735.8986     22548.0941      -151.8462      -151.9004

LDB: ============= START OF LOAD BALANCING ============== 2272.47
LDB: ============== END OF LOAD BALANCING =============== 2272.47
Info: useSync: 0 useProxySync: 0
LDB: =============== DONE WITH MIGRATION ================ 2272.49
LDB: ============= START OF LOAD BALANCING ============== 2273.01
LDB: TIME 2273.02 LOAD: AVG 0.0444266 MAX 0.294601  PROXIES: TOTAL 56 MAXPE 7 MAXPATCH 7 None MEM: 0 MB
LDB: TIME 2273.02 LOAD: AVG 0.0444266 MAX 0.294601  PROXIES: TOTAL 56 MAXPE 7 MAXPATCH 7 RefineTorusLB MEM: 0 MB
LDB: TIME 2273.02 LOAD: AVG 0.0444266 MAX 0.294601  PROXIES: TOTAL 56 MAXPE 7 MAXPATCH 7 RefineTorusLB MEM: 0 MB
LDB: ============== END OF LOAD BALANCING =============== 2273.02
Info: useSync: 0 useProxySync: 0
LDB: =============== DONE WITH MIGRATION ================ 2273.1
LDB: ============= START OF LOAD BALANCING ============== 2283.92
LDB: ============== END OF LOAD BALANCING =============== 2283.92
Info: useSync: 0 useProxySync: 0
LDB: =============== DONE WITH MIGRATION ================ 2283.92
LDB: ============= START OF LOAD BALANCING ============== 2284.17
LDB: TIME 2284.17 LOAD: AVG 0.031708 MAX 0.203172  PROXIES: TOTAL 56 MAXPE 7 MAXPATCH 7 None MEM: 0 MB
LDB: TIME 2284.17 LOAD: AVG 0.031708 MAX 0.203172  PROXIES: TOTAL 56 MAXPE 7 MAXPATCH 7 RefineTorusLB MEM: 0 MB
LDB: TIME 2284.17 LOAD: AVG 0.031708 MAX 0.203172  PROXIES: TOTAL 56 MAXPE 7 MAXPATCH 7 RefineTorusLB MEM: 0 MB
LDB: ============== END OF LOAD BALANCING =============== 2284.17
Info: useSync: 0 useProxySync: 0
LDB: =============== DONE WITH MIGRATION ================ 2284.17
WRITING COORDINATES TO DCD FILE MD.dcd AT STEP 330000
PRESSURE: 330000 -305.456 371.21 177.562 539.585 42.7961 657.977 421.034 763.634 14.9544
GPRESSURE: 330000 -158.412 717.572 391.173 130.746 -186.089 655.378 358.373 673.789 163.758
PRESSAVG: 330000 -275.29 -26.4449 -57.1202 -58.2196 -202.716 34.0727 -48.8777 -2.0591 267.591
GPRESSAVG: 330000 -274.996 -26.5204 -56.9586 -58.2201 -202.661 34.2291 -49.5695 -2.47054 267.622
ENERGY:  330000         0.0000         0.0000         0.0000         0.0000          -5619.7326       389.9731         0.0000         0.0000       925.7360          -4304.0235       294.0982     -5229.7595     -4300.7258       301.4252            -82.5685       -60.2479     22548.0941       -70.1386       -70.0121

LDB: ============= START OF LOAD BALANCING ============== 2295.66
LDB: ============== END OF LOAD BALANCING =============== 2295.66
Info: useSync: 0 useProxySync: 0
LDB: =============== DONE WITH MIGRATION ================ 2295.66
LDB: ============= START OF LOAD BALANCING ============== 2295.87
LDB: TIME 2295.87 LOAD: AVG 0.0308621 MAX 0.197824  PROXIES: TOTAL 56 MAXPE 7 MAXPATCH 7 None MEM: 0 MB
LDB: TIME 2295.87 LOAD: AVG 0.0308621 MAX 0.197824  PROXIES: TOTAL 56 MAXPE 7 MAXPATCH 7 RefineTorusLB MEM: 0 MB
LDB: TIME 2295.87 LOAD: AVG 0.0308621 MAX 0.197824  PROXIES: TOTAL 56 MAXPE 7 MAXPATCH 7 RefineTorusLB MEM: 0 MB
LDB: Reverting to original mapping
LDB: ============== END OF LOAD BALANCING =============== 2295.87
Info: useSync: 0 useProxySync: 0
LDB: =============== DONE WITH MIGRATION ================ 2295.87
LDB: ============= START OF LOAD BALANCING ============== 2309.01
LDB: ============== END OF LOAD BALANCING =============== 2309.01
Info: useSync: 0 useProxySync: 0
LDB: =============== DONE WITH MIGRATION ================ 2309.02
LDB: ============= START OF LOAD BALANCING ============== 2309.51
LDB: TIME 2309.52 LOAD: AVG 0.0425329 MAX 0.286578  PROXIES: TOTAL 56 MAXPE 7 MAXPATCH 7 None MEM: 0 MB
LDB: TIME 2309.52 LOAD: AVG 0.0425329 MAX 0.286578  PROXIES: TOTAL 56 MAXPE 7 MAXPATCH 7 RefineTorusLB MEM: 0 MB
LDB: TIME 2309.52 LOAD: AVG 0.0425329 MAX 0.286578  PROXIES: TOTAL 56 MAXPE 7 MAXPATCH 7 RefineTorusLB MEM: 0 MB
LDB: ============== END OF LOAD BALANCING =============== 2309.53
Info: useSync: 0 useProxySync: 0
LDB: =============== DONE WITH MIGRATION ================ 2309.58
LDB: ============= START OF LOAD BALANCING ============== 2323.18
LDB: ============== END OF LOAD BALANCING =============== 2323.18
Info: useSync: 0 useProxySync: 0
LDB: =============== DONE WITH MIGRATION ================ 2323.19
LDB: ============= START OF LOAD BALANCING ============== 2323.79
LDB: TIME 2323.8 LOAD: AVG 0.0415621 MAX 0.280685  PROXIES: TOTAL 56 MAXPE 7 MAXPATCH 7 None MEM: 0 MB
LDB: TIME 2323.8 LOAD: AVG 0.0415621 MAX 0.280685  PROXIES: TOTAL 56 MAXPE 7 MAXPATCH 7 RefineTorusLB MEM: 0 MB
LDB: TIME 2323.8 LOAD: AVG 0.0415621 MAX 0.280685  PROXIES: TOTAL 56 MAXPE 7 MAXPATCH 7 RefineTorusLB MEM: 0 MB
LDB: Reverting to original mapping
LDB: ============== END OF LOAD BALANCING =============== 2323.81
Info: useSync: 0 useProxySync: 0
LDB: =============== DONE WITH MIGRATION ================ 2323.86
WRITING COORDINATES TO DCD FILE MD.dcd AT STEP 335000
PRESSURE: 335000 -989.467 61.9147 671.034 455.134 -530.743 667.275 292.227 262.741 110.908
GPRESSURE: 335000 -916.652 -77.9558 1060.51 559.947 -529.424 522.023 159.908 428.658 104.498
PRESSAVG: 335000 -212.543 9.94315 7.71544 -25.2911 -254.018 26.87 58.1108 95.7841 71.5062
GPRESSAVG: 335000 -212.658 9.66861 7.57267 -25.1842 -254.012 26.8199 58.2184 95.6841 71.9018
ENERGY:  335000         0.0000         0.0000         0.0000         0.0000          -5634.9386       379.2004         0.0000         0.0000       908.0156          -4347.7226       288.4686     -5255.7382     -4346.3329       297.3652           -469.7674      -447.1927     22548.0941      -131.6849      -131.5895

LDB: ============= START OF LOAD BALANCING ============== 2335.94
LDB: ============== END OF LOAD BALANCING =============== 2335.94
Info: useSync: 0 useProxySync: 0
LDB: =============== DONE WITH MIGRATION ================ 2335.97
LDB: ============= START OF LOAD BALANCING ============== 2336.48
LDB: TIME 2336.49 LOAD: AVG 0.0451231 MAX 0.297736  PROXIES: TOTAL 56 MAXPE 7 MAXPATCH 7 None MEM: 0 MB
LDB: TIME 2336.49 LOAD: AVG 0.0451231 MAX 0.297736  PROXIES: TOTAL 56 MAXPE 7 MAXPATCH 7 RefineTorusLB MEM: 0 MB
LDB: TIME 2336.49 LOAD: AVG 0.0451231 MAX 0.297736  PROXIES: TOTAL 56 MAXPE 7 MAXPATCH 7 RefineTorusLB MEM: 0 MB
LDB: ============== END OF LOAD BALANCING =============== 2336.49
Info: useSync: 0 useProxySync: 0
LDB: =============== DONE WITH MIGRATION ================ 2336.54
LDB: ============= START OF LOAD BALANCING ============== 2348.77
LDB: ============== END OF LOAD BALANCING =============== 2348.77
Info: useSync: 0 useProxySync: 0
LDB: =============== DONE WITH MIGRATION ================ 2348.79
LDB: ============= START OF LOAD BALANCING ============== 2349.26
LDB: TIME 2349.28 LOAD: AVG 0.0463447 MAX 0.319383  PROXIES: TOTAL 56 MAXPE 7 MAXPATCH 7 None MEM: 0 MB
LDB: TIME 2349.28 LOAD: AVG 0.0463447 MAX 0.319383  PROXIES: TOTAL 56 MAXPE 7 MAXPATCH 7 RefineTorusLB MEM: 0 MB
LDB: TIME 2349.28 LOAD: AVG 0.0463447 MAX 0.319383  PROXIES: TOTAL 56 MAXPE 7 MAXPATCH 7 RefineTorusLB MEM: 0 MB
LDB: Reverting to original mapping
LDB: ============== END OF LOAD BALANCING =============== 2349.29
Info: useSync: 0 useProxySync: 0
LDB: =============== DONE WITH MIGRATION ================ 2349.38
WRITING COORDINATES TO DCD FILE MD.dcd AT STEP 340000
PRESSURE: 340000 -716.073 -162.943 -185.513 66.19 -374.883 295.755 -128.54 567.04 374.626
GPRESSURE: 340000 -877.758 -206.558 -438.059 426.918 -305.816 127.403 -158.311 801.213 498.871
PRESSAVG: 340000 -307.151 26.9743 2.66039 19.5593 -306.979 -62.5183 -65.7208 -73.2594 101.709
GPRESSAVG: 340000 -307.003 26.9909 2.57038 19.3596 -306.928 -63.2975 -65.5458 -73.0282 101.708
ENERGY:  340000         0.0000         0.0000         0.0000         0.0000          -5514.8357       344.0128         0.0000         0.0000       996.7991          -4174.0239       316.6743     -5170.8229     -4170.9733       297.6762           -238.7764      -228.2342     22548.0941      -170.8068      -170.7408

LDB: ============= START OF LOAD BALANCING ============== 2362.67
LDB: ============== END OF LOAD BALANCING =============== 2362.67
Info: useSync: 0 useProxySync: 0
LDB: =============== DONE WITH MIGRATION ================ 2362.68
LDB: ============= START OF LOAD BALANCING ============== 2362.9
LDB: TIME 2362.9 LOAD: AVG 0.0314794 MAX 0.197414  PROXIES: TOTAL 56 MAXPE 7 MAXPATCH 7 None MEM: 0 MB
LDB: TIME 2362.9 LOAD: AVG 0.0314794 MAX 0.197414  PROXIES: TOTAL 56 MAXPE 7 MAXPATCH 7 RefineTorusLB MEM: 0 MB
LDB: TIME 2362.9 LOAD: AVG 0.0314794 MAX 0.197414  PROXIES: TOTAL 56 MAXPE 7 MAXPATCH 7 RefineTorusLB MEM: 0 MB
LDB: Reverting to original mapping
LDB: ============== END OF LOAD BALANCING =============== 2362.9
Info: useSync: 0 useProxySync: 0
LDB: =============== DONE WITH MIGRATION ================ 2362.9
LDB: ============= START OF LOAD BALANCING ============== 2374.71
LDB: ============== END OF LOAD BALANCING =============== 2374.71
Info: useSync: 0 useProxySync: 0
LDB: =============== DONE WITH MIGRATION ================ 2374.71
LDB: ============= START OF LOAD BALANCING ============== 2374.94
LDB: TIME 2374.94 LOAD: AVG 0.0306483 MAX 0.1972  PROXIES: TOTAL 56 MAXPE 7 MAXPATCH 7 None MEM: 0 MB
LDB: TIME 2374.94 LOAD: AVG 0.0306483 MAX 0.1972  PROXIES: TOTAL 56 MAXPE 7 MAXPATCH 7 RefineTorusLB MEM: 0 MB
LDB: TIME 2374.94 LOAD: AVG 0.0306483 MAX 0.1972  PROXIES: TOTAL 56 MAXPE 7 MAXPATCH 7 RefineTorusLB MEM: 0 MB
LDB: Reverting to original mapping
LDB: ============== END OF LOAD BALANCING =============== 2374.94
Info: useSync: 0 useProxySync: 0
LDB: =============== DONE WITH MIGRATION ================ 2374.94
LDB: ============= START OF LOAD BALANCING ============== 2389.47
LDB: ============== END OF LOAD BALANCING =============== 2389.47
Info: useSync: 0 useProxySync: 0
LDB: =============== DONE WITH MIGRATION ================ 2389.47
LDB: ============= START OF LOAD BALANCING ============== 2389.68
LDB: TIME 2389.68 LOAD: AVG 0.0304714 MAX 0.195739  PROXIES: TOTAL 56 MAXPE 7 MAXPATCH 7 None MEM: 0 MB
LDB: TIME 2389.68 LOAD: AVG 0.0304714 MAX 0.195739  PROXIES: TOTAL 56 MAXPE 7 MAXPATCH 7 RefineTorusLB MEM: 0 MB
LDB: TIME 2389.68 LOAD: AVG 0.0304714 MAX 0.195739  PROXIES: TOTAL 56 MAXPE 7 MAXPATCH 7 RefineTorusLB MEM: 0 MB
LDB: ============== END OF LOAD BALANCING =============== 2389.68
Info: useSync: 0 useProxySync: 0
LDB: =============== DONE WITH MIGRATION ================ 2389.68
PRESSURE: 345000 -746.371 12.0171 -70.2413 514.521 -364.663 -7.8678 140.396 -152.084 442.516
GPRESSURE: 345000 -828.023 -65.9428 -82.8656 440.6 -471.555 207.784 174.355 -222.931 648.85
PRESSAVG: 345000 -96.0888 -10.1576 -24.2918 0.0365643 -69.542 66.9001 -38.6106 48.3606 249.691
GPRESSAVG: 345000 -95.8484 -10.1729 -24.3603 -0.263191 -69.4457 67.2968 -38.3772 48.1093 249.576
ENERGY:  345000         0.0000         0.0000         0.0000         0.0000          -5614.1120       385.0113         0.0000         0.0000       962.9013          -4266.1994       305.9053     -5229.1008     -4263.6214       304.6175           -222.8393      -216.9094     22548.0941        28.0201        28.0941

WRITING COORDINATES TO DCD FILE MD.dcd AT STEP 345000
LDB: ============= START OF LOAD BALANCING ============== 2401.8
LDB: ============== END OF LOAD BALANCING =============== 2401.81
Info: useSync: 0 useProxySync: 0
LDB: =============== DONE WITH MIGRATION ================ 2401.83
LDB: ============= START OF LOAD BALANCING ============== 2402.42
LDB: TIME 2402.44 LOAD: AVG 0.0451953 MAX 0.302271  PROXIES: TOTAL 56 MAXPE 7 MAXPATCH 7 None MEM: 0 MB
LDB: TIME 2402.44 LOAD: AVG 0.0451953 MAX 0.302271  PROXIES: TOTAL 56 MAXPE 7 MAXPATCH 7 RefineTorusLB MEM: 0 MB
LDB: TIME 2402.44 LOAD: AVG 0.0451953 MAX 0.302271  PROXIES: TOTAL 56 MAXPE 7 MAXPATCH 7 RefineTorusLB MEM: 0 MB
LDB: Reverting to original mapping
LDB: ============== END OF LOAD BALANCING =============== 2402.45
Info: useSync: 0 useProxySync: 0
LDB: =============== DONE WITH MIGRATION ================ 2402.54
LDB: ============= START OF LOAD BALANCING ============== 2416.95
LDB: ============== END OF LOAD BALANCING =============== 2416.95
Info: useSync: 0 useProxySync: 0
LDB: =============== DONE WITH MIGRATION ================ 2416.95
LDB: ============= START OF LOAD BALANCING ============== 2417.16
LDB: TIME 2417.16 LOAD: AVG 0.0311752 MAX 0.199556  PROXIES: TOTAL 56 MAXPE 7 MAXPATCH 7 None MEM: 0 MB
LDB: TIME 2417.16 LOAD: AVG 0.0311752 MAX 0.199556  PROXIES: TOTAL 56 MAXPE 7 MAXPATCH 7 RefineTorusLB MEM: 0 MB
LDB: TIME 2417.16 LOAD: AVG 0.0311752 MAX 0.199556  PROXIES: TOTAL 56 MAXPE 7 MAXPATCH 7 RefineTorusLB MEM: 0 MB
LDB: Reverting to original mapping
LDB: ============== END OF LOAD BALANCING =============== 2417.16
Info: useSync: 0 useProxySync: 0
LDB: =============== DONE WITH MIGRATION ================ 2417.16
WRITING COORDINATES TO DCD FILE MD.dcd AT STEP 350000
WRITING COORDINATES TO RESTART FILE AT STEP 350000
FINISHED WRITING RESTART COORDINATES
WRITING VELOCITIES TO RESTART FILE AT STEP 350000
FINISHED WRITING RESTART VELOCITIES
PRESSURE: 350000 -321.538 4.93147 -467.214 -152.304 -283.053 -119.194 -395.501 -329.87 -152.426
GPRESSURE: 350000 -275.298 -84.5397 -716.669 -40.3483 -253.669 -440.209 -390.181 -257.491 -173.277
PRESSAVG: 350000 -172.431 40.5593 -118.387 43.8828 -243.433 66.0037 -93.1478 2.51258 299.465
GPRESSAVG: 350000 -172.442 40.6349 -118.463 44.1915 -243.479 66.2104 -93.6805 2.09976 299.246
TIMING: 350000  CPU: 1897.8, 0.00537328/step  Wall: 2427.39, 0.00687996/step, 0.286665 hours remaining, 0.000000 MB of memory in use.
PERFORMANCE: 350000  averaging 24.9175 ns/day, 0.00693488 sec/step with standard deviation 0.000450909
ETITLE:      TS           BOND          ANGLE          DIHED          IMPRP               ELECT            VDW       BOUNDARY           MISC        KINETIC               TOTAL           TEMP      POTENTIAL         TOTAL3        TEMPAVG            PRESSURE      GPRESSURE         VOLUME       PRESSAVG      GPRESSAVG

ENERGY:  350000         0.0000         0.0000         0.0000         0.0000          -5614.0926       395.9139         0.0000         0.0000       951.0654          -4267.1133       302.1451     -5218.1788     -4264.6163       298.0306           -252.3392      -234.0814     22548.0941       -38.7996       -38.8918

WRITING EXTENDED SYSTEM TO RESTART FILE AT STEP 350000
LDB: ============= START OF LOAD BALANCING ============== 2429.32
LDB: ============== END OF LOAD BALANCING =============== 2429.32
Info: useSync: 0 useProxySync: 0
LDB: =============== DONE WITH MIGRATION ================ 2429.35
LDB: ============= START OF LOAD BALANCING ============== 2429.89
LDB: TIME 2429.9 LOAD: AVG 0.0449953 MAX 0.310052  PROXIES: TOTAL 56 MAXPE 7 MAXPATCH 7 None MEM: 0 MB
LDB: TIME 2429.9 LOAD: AVG 0.0449953 MAX 0.310052  PROXIES: TOTAL 56 MAXPE 7 MAXPATCH 7 RefineTorusLB MEM: 0 MB
LDB: TIME 2429.9 LOAD: AVG 0.0449953 MAX 0.310052  PROXIES: TOTAL 56 MAXPE 7 MAXPATCH 7 RefineTorusLB MEM: 0 MB
LDB: Reverting to original mapping
LDB: ============== END OF LOAD BALANCING =============== 2429.91
Info: useSync: 0 useProxySync: 0
LDB: =============== DONE WITH MIGRATION ================ 2429.97
LDB: ============= START OF LOAD BALANCING ============== 2442.22
LDB: ============== END OF LOAD BALANCING =============== 2442.22
Info: useSync: 0 useProxySync: 0
LDB: =============== DONE WITH MIGRATION ================ 2442.22
LDB: ============= START OF LOAD BALANCING ============== 2442.44
LDB: TIME 2442.44 LOAD: AVG 0.0312265 MAX 0.198054  PROXIES: TOTAL 56 MAXPE 7 MAXPATCH 7 None MEM: 0 MB
LDB: TIME 2442.44 LOAD: AVG 0.0312265 MAX 0.198054  PROXIES: TOTAL 56 MAXPE 7 MAXPATCH 7 RefineTorusLB MEM: 0 MB
LDB: TIME 2442.44 LOAD: AVG 0.0312265 MAX 0.198054  PROXIES: TOTAL 56 MAXPE 7 MAXPATCH 7 RefineTorusLB MEM: 0 MB
LDB: ============== END OF LOAD BALANCING =============== 2442.44
Info: useSync: 0 useProxySync: 0
LDB: =============== DONE WITH MIGRATION ================ 2442.44
LDB: ============= START OF LOAD BALANCING ============== 2453.84
LDB: ============== END OF LOAD BALANCING =============== 2453.84
Info: useSync: 0 useProxySync: 0
LDB: =============== DONE WITH MIGRATION ================ 2453.84
LDB: ============= START OF LOAD BALANCING ============== 2454.05
LDB: TIME 2454.05 LOAD: AVG 0.0309928 MAX 0.1976  PROXIES: TOTAL 56 MAXPE 7 MAXPATCH 7 None MEM: 0 MB
LDB: TIME 2454.05 LOAD: AVG 0.0309928 MAX 0.1976  PROXIES: TOTAL 56 MAXPE 7 MAXPATCH 7 RefineTorusLB MEM: 0 MB
LDB: TIME 2454.05 LOAD: AVG 0.0309928 MAX 0.1976  PROXIES: TOTAL 56 MAXPE 7 MAXPATCH 7 RefineTorusLB MEM: 0 MB
LDB: Reverting to original mapping
LDB: ============== END OF LOAD BALANCING =============== 2454.05
Info: useSync: 0 useProxySync: 0
LDB: =============== DONE WITH MIGRATION ================ 2454.05
PRESSURE: 355000 386.198 -176.417 -684.509 -103.305 -471.097 307.055 -660.052 10.2769 1413.27
GPRESSURE: 355000 442.624 -426.544 -1044.05 89.7685 -412.179 42.829 -715.137 416.85 1350.4
PRESSAVG: 355000 -146.874 -8.16227 27.9915 -4.60117 -282.148 -32.6023 17.6848 -21.2298 235.883
GPRESSAVG: 355000 -146.852 -7.95593 27.8274 -4.89418 -282.315 -32.9773 18.0269 -20.8766 235.76
ENERGY:  355000         0.0000         0.0000         0.0000         0.0000          -5639.6635       411.7646         0.0000         0.0000       982.5788          -4245.3202       312.1566     -5227.8990     -4243.3802       301.8298            442.7892       460.2814     22548.0941       -64.3798       -64.4688

WRITING COORDINATES TO DCD FILE MD.dcd AT STEP 355000
LDB: ============= START OF LOAD BALANCING ============== 2466.79
LDB: ============== END OF LOAD BALANCING =============== 2466.79
Info: useSync: 0 useProxySync: 0
LDB: =============== DONE WITH MIGRATION ================ 2466.79
LDB: ============= START OF LOAD BALANCING ============== 2467
LDB: TIME 2467 LOAD: AVG 0.0308433 MAX 0.19717  PROXIES: TOTAL 56 MAXPE 7 MAXPATCH 7 None MEM: 0 MB
LDB: TIME 2467 LOAD: AVG 0.0308433 MAX 0.19717  PROXIES: TOTAL 56 MAXPE 7 MAXPATCH 7 RefineTorusLB MEM: 0 MB
LDB: TIME 2467 LOAD: AVG 0.0308433 MAX 0.19717  PROXIES: TOTAL 56 MAXPE 7 MAXPATCH 7 RefineTorusLB MEM: 0 MB
LDB: ============== END OF LOAD BALANCING =============== 2467
Info: useSync: 0 useProxySync: 0
LDB: =============== DONE WITH MIGRATION ================ 2467
LDB: ============= START OF LOAD BALANCING ============== 2477.83
LDB: ============== END OF LOAD BALANCING =============== 2477.83
Info: useSync: 0 useProxySync: 0
LDB: =============== DONE WITH MIGRATION ================ 2477.84
LDB: ============= START OF LOAD BALANCING ============== 2478.37
LDB: TIME 2478.37 LOAD: AVG 0.0439329 MAX 0.299836  PROXIES: TOTAL 56 MAXPE 7 MAXPATCH 7 None MEM: 0 MB
LDB: TIME 2478.37 LOAD: AVG 0.0439329 MAX 0.299836  PROXIES: TOTAL 56 MAXPE 7 MAXPATCH 7 RefineTorusLB MEM: 0 MB
LDB: TIME 2478.37 LOAD: AVG 0.0439329 MAX 0.299836  PROXIES: TOTAL 56 MAXPE 7 MAXPATCH 7 RefineTorusLB MEM: 0 MB
LDB: ============== END OF LOAD BALANCING =============== 2478.38
Info: useSync: 0 useProxySync: 0
LDB: =============== DONE WITH MIGRATION ================ 2478.46
WRITING COORDINATES TO DCD FILE MD.dcd AT STEP 360000
PRESSURE: 360000 -151.472 496.785 -545.03 192.082 -109.184 -608.909 -729.084 -762.044 601.741
GPRESSURE: 360000 -68.5262 464.626 -266.427 36.4986 -170.305 -437.472 -786.286 -1142.87 643.866
PRESSAVG: 360000 -151.414 55.3319 -36.7559 42.4878 -171.777 38.4174 10.2181 70.7245 198.876
GPRESSAVG: 360000 -151.58 55.1021 -36.7992 42.9235 -171.81 38.8976 10.2472 70.7074 199.022
ENERGY:  360000         0.0000         0.0000         0.0000         0.0000          -5677.9604       426.7261         0.0000         0.0000       939.0263          -4312.2079       298.3204     -5251.2342     -4309.0465       301.7394            113.6948       135.0117     22548.0941       -41.4382       -41.4562

LDB: ============= START OF LOAD BALANCING ============== 2490.94
LDB: ============== END OF LOAD BALANCING =============== 2490.94
Info: useSync: 0 useProxySync: 0
LDB: =============== DONE WITH MIGRATION ================ 2490.94
LDB: ============= START OF LOAD BALANCING ============== 2491.15
LDB: TIME 2491.15 LOAD: AVG 0.0304773 MAX 0.194841  PROXIES: TOTAL 56 MAXPE 7 MAXPATCH 7 None MEM: 0 MB
LDB: TIME 2491.15 LOAD: AVG 0.0304773 MAX 0.194841  PROXIES: TOTAL 56 MAXPE 7 MAXPATCH 7 RefineTorusLB MEM: 0 MB
LDB: TIME 2491.15 LOAD: AVG 0.0304773 MAX 0.194841  PROXIES: TOTAL 56 MAXPE 7 MAXPATCH 7 RefineTorusLB MEM: 0 MB
LDB: Reverting to original mapping
LDB: ============== END OF LOAD BALANCING =============== 2491.15
Info: useSync: 0 useProxySync: 0
LDB: =============== DONE WITH MIGRATION ================ 2491.15
LDB: ============= START OF LOAD BALANCING ============== 2504.46
LDB: ============== END OF LOAD BALANCING =============== 2504.46
Info: useSync: 0 useProxySync: 0
LDB: =============== DONE WITH MIGRATION ================ 2504.46
LDB: ============= START OF LOAD BALANCING ============== 2504.67
LDB: TIME 2504.67 LOAD: AVG 0.0308683 MAX 0.195887  PROXIES: TOTAL 56 MAXPE 7 MAXPATCH 7 None MEM: 0 MB
LDB: TIME 2504.67 LOAD: AVG 0.0308683 MAX 0.195887  PROXIES: TOTAL 56 MAXPE 7 MAXPATCH 7 RefineTorusLB MEM: 0 MB
LDB: TIME 2504.67 LOAD: AVG 0.0308683 MAX 0.195887  PROXIES: TOTAL 56 MAXPE 7 MAXPATCH 7 RefineTorusLB MEM: 0 MB
LDB: ============== END OF LOAD BALANCING =============== 2504.67
Info: useSync: 0 useProxySync: 0
LDB: =============== DONE WITH MIGRATION ================ 2504.67
LDB: ============= START OF LOAD BALANCING ============== 2517.19
LDB: ============== END OF LOAD BALANCING =============== 2517.19
Info: useSync: 0 useProxySync: 0
LDB: =============== DONE WITH MIGRATION ================ 2517.19
LDB: ============= START OF LOAD BALANCING ============== 2517.4
LDB: TIME 2517.4 LOAD: AVG 0.0306883 MAX 0.196997  PROXIES: TOTAL 56 MAXPE 7 MAXPATCH 7 None MEM: 0 MB
LDB: TIME 2517.4 LOAD: AVG 0.0306883 MAX 0.196997  PROXIES: TOTAL 56 MAXPE 7 MAXPATCH 7 RefineTorusLB MEM: 0 MB
LDB: TIME 2517.4 LOAD: AVG 0.0306883 MAX 0.196997  PROXIES: TOTAL 56 MAXPE 7 MAXPATCH 7 RefineTorusLB MEM: 0 MB
LDB: ============== END OF LOAD BALANCING =============== 2517.4
Info: useSync: 0 useProxySync: 0
LDB: =============== DONE WITH MIGRATION ================ 2517.4
WRITING COORDINATES TO DCD FILE MD.dcd AT STEP 365000
PRESSURE: 365000 -221.054 164.248 22.3119 -71.4318 -826.492 456.479 -200.376 455.385 510.092
GPRESSURE: 365000 -299.769 -132.19 90.2504 -169.809 -657.632 163.054 -167.667 736.927 467.281
PRESSAVG: 365000 -209.928 -14.7216 50.0294 -32.2186 -189.554 -53.8547 49.3726 -30.3677 180.351
GPRESSAVG: 365000 -209.871 -14.8214 50.3028 -32.2409 -190.008 -54.227 49.0548 -29.5151 180.157
ENERGY:  365000         0.0000         0.0000         0.0000         0.0000          -5664.1563       410.2258         0.0000         0.0000       949.3191          -4304.6114       301.5903     -5253.9305     -4301.8060       298.0707           -179.1511      -163.3733     22548.0941       -73.0436       -73.2406

LDB: ============= START OF LOAD BALANCING ============== 2529.67
LDB: ============== END OF LOAD BALANCING =============== 2529.67
Info: useSync: 0 useProxySync: 0
LDB: =============== DONE WITH MIGRATION ================ 2529.67
LDB: ============= START OF LOAD BALANCING ============== 2529.89
LDB: TIME 2529.89 LOAD: AVG 0.0325288 MAX 0.212538  PROXIES: TOTAL 56 MAXPE 7 MAXPATCH 7 None MEM: 0 MB
LDB: TIME 2529.89 LOAD: AVG 0.0325288 MAX 0.212538  PROXIES: TOTAL 56 MAXPE 7 MAXPATCH 7 RefineTorusLB MEM: 0 MB
LDB: TIME 2529.89 LOAD: AVG 0.0325288 MAX 0.212538  PROXIES: TOTAL 56 MAXPE 7 MAXPATCH 7 RefineTorusLB MEM: 0 MB
LDB: ============== END OF LOAD BALANCING =============== 2529.89
Info: useSync: 0 useProxySync: 0
LDB: =============== DONE WITH MIGRATION ================ 2529.89
LDB: ============= START OF LOAD BALANCING ============== 2541
LDB: ============== END OF LOAD BALANCING =============== 2541
Info: useSync: 0 useProxySync: 0
LDB: =============== DONE WITH MIGRATION ================ 2541.02
LDB: ============= START OF LOAD BALANCING ============== 2541.44
LDB: TIME 2541.46 LOAD: AVG 0.0382345 MAX 0.243624  PROXIES: TOTAL 56 MAXPE 7 MAXPATCH 7 None MEM: 0 MB
LDB: TIME 2541.46 LOAD: AVG 0.0382345 MAX 0.243624  PROXIES: TOTAL 56 MAXPE 7 MAXPATCH 7 RefineTorusLB MEM: 0 MB
LDB: TIME 2541.46 LOAD: AVG 0.0382345 MAX 0.243624  PROXIES: TOTAL 56 MAXPE 7 MAXPATCH 7 RefineTorusLB MEM: 0 MB
LDB: ============== END OF LOAD BALANCING =============== 2541.47
Info: useSync: 0 useProxySync: 0
LDB: =============== DONE WITH MIGRATION ================ 2541.54
WRITING COORDINATES TO DCD FILE MD.dcd AT STEP 370000
PRESSURE: 370000 -635.808 98.184 335.865 381.297 -129.147 19.2063 622.526 393.809 -339.431
GPRESSURE: 370000 -739.599 463.998 483.049 134.183 -89.4083 211.91 715.343 115.933 -172.595
PRESSAVG: 370000 -298.445 15.6339 -66.5892 -3.62907 -417.664 19.351 -24.1168 101.837 -39.1891
GPRESSAVG: 370000 -298.684 15.7643 -66.5781 -3.64775 -417.715 19.7229 -24.231 101.647 -39.1635
ENERGY:  370000         0.0000         0.0000         0.0000         0.0000          -5586.2973       370.7036         0.0000         0.0000       925.1985          -4290.3952       293.9274     -5215.5937     -4289.1274       295.8488           -368.1284      -333.8675     22548.0941      -251.7657      -251.8541

LDB: ============= START OF LOAD BALANCING ============== 2551.33
LDB: ============== END OF LOAD BALANCING =============== 2551.33
Info: useSync: 0 useProxySync: 0
LDB: =============== DONE WITH MIGRATION ================ 2551.33
LDB: ============= START OF LOAD BALANCING ============== 2551.54
LDB: TIME 2551.54 LOAD: AVG 0.0309003 MAX 0.196687  PROXIES: TOTAL 56 MAXPE 7 MAXPATCH 7 None MEM: 0 MB
LDB: TIME 2551.54 LOAD: AVG 0.0309003 MAX 0.196687  PROXIES: TOTAL 56 MAXPE 7 MAXPATCH 7 RefineTorusLB MEM: 0 MB
LDB: TIME 2551.54 LOAD: AVG 0.0309003 MAX 0.196687  PROXIES: TOTAL 56 MAXPE 7 MAXPATCH 7 RefineTorusLB MEM: 0 MB
LDB: ============== END OF LOAD BALANCING =============== 2551.54
Info: useSync: 0 useProxySync: 0
LDB: =============== DONE WITH MIGRATION ================ 2551.54
LDB: ============= START OF LOAD BALANCING ============== 2565.77
LDB: ============== END OF LOAD BALANCING =============== 2565.77
Info: useSync: 0 useProxySync: 0
LDB: =============== DONE WITH MIGRATION ================ 2565.77
LDB: ============= START OF LOAD BALANCING ============== 2565.98
LDB: TIME 2565.98 LOAD: AVG 0.0304919 MAX 0.196417  PROXIES: TOTAL 56 MAXPE 7 MAXPATCH 7 None MEM: 0 MB
LDB: TIME 2565.98 LOAD: AVG 0.0304919 MAX 0.196417  PROXIES: TOTAL 56 MAXPE 7 MAXPATCH 7 RefineTorusLB MEM: 0 MB
LDB: TIME 2565.98 LOAD: AVG 0.0304919 MAX 0.196417  PROXIES: TOTAL 56 MAXPE 7 MAXPATCH 7 RefineTorusLB MEM: 0 MB
LDB: ============== END OF LOAD BALANCING =============== 2565.98
Info: useSync: 0 useProxySync: 0
LDB: =============== DONE WITH MIGRATION ================ 2565.98
LDB: ============= START OF LOAD BALANCING ============== 2577.23
LDB: ============== END OF LOAD BALANCING =============== 2577.23
Info: useSync: 0 useProxySync: 0
LDB: =============== DONE WITH MIGRATION ================ 2577.23
LDB: ============= START OF LOAD BALANCING ============== 2577.44
LDB: TIME 2577.44 LOAD: AVG 0.0309847 MAX 0.19625  PROXIES: TOTAL 56 MAXPE 7 MAXPATCH 7 None MEM: 0 MB
LDB: TIME 2577.44 LOAD: AVG 0.0309847 MAX 0.19625  PROXIES: TOTAL 56 MAXPE 7 MAXPATCH 7 RefineTorusLB MEM: 0 MB
LDB: TIME 2577.44 LOAD: AVG 0.0309847 MAX 0.19625  PROXIES: TOTAL 56 MAXPE 7 MAXPATCH 7 RefineTorusLB MEM: 0 MB
LDB: ============== END OF LOAD BALANCING =============== 2577.44
Info: useSync: 0 useProxySync: 0
LDB: =============== DONE WITH MIGRATION ================ 2577.44
WRITING COORDINATES TO DCD FILE MD.dcd AT STEP 375000
PRESSURE: 375000 -651.096 39.5891 425.195 589.563 -442.227 70.522 650.101 73.5498 -390.326
GPRESSURE: 375000 -601.67 -34.6986 677.738 525.394 -342.389 345.486 648.012 149.069 -488.06
PRESSAVG: 375000 -228.621 -12.1166 -20.5717 -28.6451 -176.768 8.98816 20.08 15.7074 302.711
GPRESSAVG: 375000 -228.507 -12.0279 -20.6757 -28.7107 -176.913 9.48412 20.1927 15.3412 302.437
ENERGY:  375000         0.0000         0.0000         0.0000         0.0000          -5547.7866       346.4247         0.0000         0.0000       927.5549          -4273.8070       294.6760     -5201.3619     -4272.3036       298.7582           -494.5498      -477.3728     22548.0941       -34.2262       -34.3279

LDB: ============= START OF LOAD BALANCING ============== 2589.38
LDB: ============== END OF LOAD BALANCING =============== 2589.38
Info: useSync: 0 useProxySync: 0
LDB: =============== DONE WITH MIGRATION ================ 2589.38
LDB: ============= START OF LOAD BALANCING ============== 2589.62
LDB: TIME 2589.62 LOAD: AVG 0.0309455 MAX 0.198216  PROXIES: TOTAL 56 MAXPE 7 MAXPATCH 7 None MEM: 0 MB
LDB: TIME 2589.62 LOAD: AVG 0.0309455 MAX 0.198216  PROXIES: TOTAL 56 MAXPE 7 MAXPATCH 7 RefineTorusLB MEM: 0 MB
LDB: TIME 2589.62 LOAD: AVG 0.0309455 MAX 0.198216  PROXIES: TOTAL 56 MAXPE 7 MAXPATCH 7 RefineTorusLB MEM: 0 MB
LDB: ============== END OF LOAD BALANCING =============== 2589.62
Info: useSync: 0 useProxySync: 0
LDB: =============== DONE WITH MIGRATION ================ 2589.63
LDB: ============= START OF LOAD BALANCING ============== 2601.17
LDB: ============== END OF LOAD BALANCING =============== 2601.17
Info: useSync: 0 useProxySync: 0
LDB: =============== DONE WITH MIGRATION ================ 2601.17
LDB: ============= START OF LOAD BALANCING ============== 2601.37
LDB: TIME 2601.37 LOAD: AVG 0.0304411 MAX 0.195589  PROXIES: TOTAL 56 MAXPE 7 MAXPATCH 7 None MEM: 0 MB
LDB: TIME 2601.37 LOAD: AVG 0.0304411 MAX 0.195589  PROXIES: TOTAL 56 MAXPE 7 MAXPATCH 7 RefineTorusLB MEM: 0 MB
LDB: TIME 2601.37 LOAD: AVG 0.0304411 MAX 0.195589  PROXIES: TOTAL 56 MAXPE 7 MAXPATCH 7 RefineTorusLB MEM: 0 MB
LDB: ============== END OF LOAD BALANCING =============== 2601.37
Info: useSync: 0 useProxySync: 0
LDB: =============== DONE WITH MIGRATION ================ 2601.37
WRITING COORDINATES TO DCD FILE MD.dcd AT STEP 380000
PRESSURE: 380000 -1185.61 -106.361 1252.36 -21.3133 -212.452 -212.941 1088.63 179.104 491.73
GPRESSURE: 380000 -1203.67 17.4234 1174.8 -277.491 -123.809 -211.296 1112.07 334.787 462.567
PRESSAVG: 380000 -188.47 52.4735 29.9454 42.3861 -154.342 -41.46 80.4102 10.8568 353.565
GPRESSAVG: 380000 -188.588 52.6036 30.3019 42.6342 -154.136 -42.1382 79.9887 11.3551 353.625
ENERGY:  380000         0.0000         0.0000         0.0000         0.0000          -5647.4351       398.4798         0.0000         0.0000       937.0584          -4311.8970       297.6952     -5248.9554     -4310.2906       302.1289           -302.1118      -288.3024     22548.0941         3.5841         3.6338

LDB: ============= START OF LOAD BALANCING ============== 2615.29
LDB: ============== END OF LOAD BALANCING =============== 2615.3
Info: useSync: 0 useProxySync: 0
LDB: =============== DONE WITH MIGRATION ================ 2615.32
LDB: ============= START OF LOAD BALANCING ============== 2615.82
LDB: TIME 2615.83 LOAD: AVG 0.0448711 MAX 0.304446  PROXIES: TOTAL 56 MAXPE 7 MAXPATCH 7 None MEM: 0 MB
LDB: TIME 2615.83 LOAD: AVG 0.0448711 MAX 0.304446  PROXIES: TOTAL 56 MAXPE 7 MAXPATCH 7 RefineTorusLB MEM: 0 MB
LDB: TIME 2615.83 LOAD: AVG 0.0448711 MAX 0.304446  PROXIES: TOTAL 56 MAXPE 7 MAXPATCH 7 RefineTorusLB MEM: 0 MB
LDB: ============== END OF LOAD BALANCING =============== 2615.84
Info: useSync: 0 useProxySync: 0
LDB: =============== DONE WITH MIGRATION ================ 2615.93
LDB: ============= START OF LOAD BALANCING ============== 2629.18
LDB: ============== END OF LOAD BALANCING =============== 2629.18
Info: useSync: 0 useProxySync: 0
LDB: =============== DONE WITH MIGRATION ================ 2629.19
LDB: ============= START OF LOAD BALANCING ============== 2629.83
LDB: TIME 2629.83 LOAD: AVG 0.0506626 MAX 0.285186  PROXIES: TOTAL 56 MAXPE 7 MAXPATCH 7 None MEM: 0 MB
LDB: TIME 2629.83 LOAD: AVG 0.0506626 MAX 0.285186  PROXIES: TOTAL 56 MAXPE 7 MAXPATCH 7 RefineTorusLB MEM: 0 MB
LDB: TIME 2629.83 LOAD: AVG 0.0506626 MAX 0.285186  PROXIES: TOTAL 56 MAXPE 7 MAXPATCH 7 RefineTorusLB MEM: 0 MB
LDB: Reverting to original mapping
LDB: ============== END OF LOAD BALANCING =============== 2629.84
Info: useSync: 0 useProxySync: 0
LDB: =============== DONE WITH MIGRATION ================ 2629.88
LDB: ============= START OF LOAD BALANCING ============== 2640.87
LDB: ============== END OF LOAD BALANCING =============== 2640.87
Info: useSync: 0 useProxySync: 0
LDB: =============== DONE WITH MIGRATION ================ 2640.87
LDB: ============= START OF LOAD BALANCING ============== 2641.08
LDB: TIME 2641.09 LOAD: AVG 0.0310449 MAX 0.200198  PROXIES: TOTAL 56 MAXPE 7 MAXPATCH 7 None MEM: 0 MB
LDB: TIME 2641.09 LOAD: AVG 0.0310449 MAX 0.200198  PROXIES: TOTAL 56 MAXPE 7 MAXPATCH 7 RefineTorusLB MEM: 0 MB
LDB: TIME 2641.09 LOAD: AVG 0.0310449 MAX 0.200198  PROXIES: TOTAL 56 MAXPE 7 MAXPATCH 7 RefineTorusLB MEM: 0 MB
LDB: Reverting to original mapping
LDB: ============== END OF LOAD BALANCING =============== 2641.09
Info: useSync: 0 useProxySync: 0
LDB: =============== DONE WITH MIGRATION ================ 2641.1
WRITING COORDINATES TO DCD FILE MD.dcd AT STEP 385000
PRESSURE: 385000 -673.412 -198.101 48.7187 -179.055 821.849 -272.23 298.793 -37.3023 562.318
GPRESSURE: 385000 -565.609 65.0242 -271.135 -446.328 781.366 -65.4219 261.334 95.2145 570.012
PRESSAVG: 385000 -338.235 6.52219 26.9373 -12.104 -354.567 -81.5659 -31.5284 -33.6061 68.4411
GPRESSAVG: 385000 -338.341 6.44491 26.9372 -12.0942 -354.292 -81.2202 -31.1388 -33.865 68.3676
ENERGY:  385000         0.0000         0.0000         0.0000         0.0000          -5617.3152       423.9324         0.0000         0.0000       956.4986          -4236.8842       303.8712     -5193.3828     -4234.8312       298.9950            236.9185       261.9232     22548.0941      -208.1202      -208.0885

LDB: ============= START OF LOAD BALANCING ============== 2654.67
LDB: ============== END OF LOAD BALANCING =============== 2654.67
Info: useSync: 0 useProxySync: 0
LDB: =============== DONE WITH MIGRATION ================ 2654.69
LDB: ============= START OF LOAD BALANCING ============== 2655.13
LDB: TIME 2655.14 LOAD: AVG 0.043854 MAX 0.28303  PROXIES: TOTAL 56 MAXPE 7 MAXPATCH 7 None MEM: 0 MB
LDB: TIME 2655.14 LOAD: AVG 0.043854 MAX 0.28303  PROXIES: TOTAL 56 MAXPE 7 MAXPATCH 7 RefineTorusLB MEM: 0 MB
LDB: TIME 2655.14 LOAD: AVG 0.043854 MAX 0.28303  PROXIES: TOTAL 56 MAXPE 7 MAXPATCH 7 RefineTorusLB MEM: 0 MB
LDB: Reverting to original mapping
LDB: ============== END OF LOAD BALANCING =============== 2655.14
Info: useSync: 0 useProxySync: 0
LDB: =============== DONE WITH MIGRATION ================ 2655.19
LDB: ============= START OF LOAD BALANCING ============== 2665.43
LDB: ============== END OF LOAD BALANCING =============== 2665.43
Info: useSync: 0 useProxySync: 0
LDB: =============== DONE WITH MIGRATION ================ 2665.43
LDB: ============= START OF LOAD BALANCING ============== 2665.63
LDB: TIME 2665.63 LOAD: AVG 0.0303928 MAX 0.195111  PROXIES: TOTAL 56 MAXPE 7 MAXPATCH 7 None MEM: 0 MB
LDB: TIME 2665.63 LOAD: AVG 0.0303928 MAX 0.195111  PROXIES: TOTAL 56 MAXPE 7 MAXPATCH 7 RefineTorusLB MEM: 0 MB
LDB: TIME 2665.63 LOAD: AVG 0.0303928 MAX 0.195111  PROXIES: TOTAL 56 MAXPE 7 MAXPATCH 7 RefineTorusLB MEM: 0 MB
LDB: ============== END OF LOAD BALANCING =============== 2665.63
Info: useSync: 0 useProxySync: 0
LDB: =============== DONE WITH MIGRATION ================ 2665.63
PRESSURE: 390000 -417.55 226.373 -681.659 183.647 -691.448 -427.359 -223.554 -309.745 232.64
GPRESSURE: 390000 -301.799 300.027 -646.076 231.297 -804.07 -219.156 145.666 -180.487 293.936
PRESSAVG: 390000 -197.824 15.4755 30.019 -18.3316 -145.771 -44.4713 36.9387 12.1727 294.865
GPRESSAVG: 390000 -197.803 15.2304 30.1353 -18.1316 -146.02 -44.7166 36.9496 12.4154 294.722
ENERGY:  390000         0.0000         0.0000         0.0000         0.0000          -5597.0786       387.9998         0.0000         0.0000       958.8877          -4250.1911       304.6302     -5209.0787     -4247.9640       304.5148           -292.1192      -270.6444     22548.0941       -16.2433       -16.3670

WRITING COORDINATES TO DCD FILE MD.dcd AT STEP 390000
LDB: ============= START OF LOAD BALANCING ============== 2679.58
LDB: ============== END OF LOAD BALANCING =============== 2679.58
Info: useSync: 0 useProxySync: 0
LDB: =============== DONE WITH MIGRATION ================ 2679.58
LDB: ============= START OF LOAD BALANCING ============== 2679.78
LDB: TIME 2679.78 LOAD: AVG 0.0303867 MAX 0.195585  PROXIES: TOTAL 56 MAXPE 7 MAXPATCH 7 None MEM: 0 MB
LDB: TIME 2679.78 LOAD: AVG 0.0303867 MAX 0.195585  PROXIES: TOTAL 56 MAXPE 7 MAXPATCH 7 RefineTorusLB MEM: 0 MB
LDB: TIME 2679.78 LOAD: AVG 0.0303867 MAX 0.195585  PROXIES: TOTAL 56 MAXPE 7 MAXPATCH 7 RefineTorusLB MEM: 0 MB
LDB: Reverting to original mapping
LDB: ============== END OF LOAD BALANCING =============== 2679.78
Info: useSync: 0 useProxySync: 0
LDB: =============== DONE WITH MIGRATION ================ 2679.78
LDB: ============= START OF LOAD BALANCING ============== 2692
LDB: ============== END OF LOAD BALANCING =============== 2692
Info: useSync: 0 useProxySync: 0
LDB: =============== DONE WITH MIGRATION ================ 2692
LDB: ============= START OF LOAD BALANCING ============== 2692.33
LDB: TIME 2692.34 LOAD: AVG 0.0379851 MAX 0.238429  PROXIES: TOTAL 56 MAXPE 7 MAXPATCH 7 None MEM: 0 MB
LDB: TIME 2692.34 LOAD: AVG 0.0379851 MAX 0.238429  PROXIES: TOTAL 56 MAXPE 7 MAXPATCH 7 RefineTorusLB MEM: 0 MB
LDB: TIME 2692.34 LOAD: AVG 0.0379851 MAX 0.238429  PROXIES: TOTAL 56 MAXPE 7 MAXPATCH 7 RefineTorusLB MEM: 0 MB
LDB: ============== END OF LOAD BALANCING =============== 2692.34
Info: useSync: 0 useProxySync: 0
LDB: =============== DONE WITH MIGRATION ================ 2692.37
LDB: ============= START OF LOAD BALANCING ============== 2705.97
LDB: ============== END OF LOAD BALANCING =============== 2705.97
Info: useSync: 0 useProxySync: 0
LDB: =============== DONE WITH MIGRATION ================ 2705.98
LDB: ============= START OF LOAD BALANCING ============== 2706.23
LDB: TIME 2706.23 LOAD: AVG 0.0318175 MAX 0.202541  PROXIES: TOTAL 56 MAXPE 7 MAXPATCH 7 None MEM: 0 MB
LDB: TIME 2706.23 LOAD: AVG 0.0318175 MAX 0.202541  PROXIES: TOTAL 56 MAXPE 7 MAXPATCH 7 RefineTorusLB MEM: 0 MB
LDB: TIME 2706.23 LOAD: AVG 0.0318175 MAX 0.202541  PROXIES: TOTAL 56 MAXPE 7 MAXPATCH 7 RefineTorusLB MEM: 0 MB
LDB: ============== END OF LOAD BALANCING =============== 2706.23
Info: useSync: 0 useProxySync: 0
LDB: =============== DONE WITH MIGRATION ================ 2706.23
WRITING COORDINATES TO DCD FILE MD.dcd AT STEP 395000
PRESSURE: 395000 -927.335 -88.8726 -250.381 -121.858 -372.578 -380.797 -443.796 -423.258 -883.938
GPRESSURE: 395000 -641.894 -103.376 -83.1003 -50.0201 -643.675 -409.83 -468.236 -341.141 -846.614
PRESSAVG: 395000 -259.303 -44.1759 23.3209 -18.4408 -254.179 27.9525 35.1104 94.6729 174.016
GPRESSAVG: 395000 -259.73 -44.1242 23.2674 -18.5362 -254.074 28.1248 35.465 94.8233 174.592
ENERGY:  395000         0.0000         0.0000         0.0000         0.0000          -5585.7894       347.5018         0.0000         0.0000       912.3594          -4325.9281       289.8486     -5238.2875     -4324.4643       300.1127           -727.9505      -710.7276     22548.0941      -113.1553      -113.0708

LDB: ============= START OF LOAD BALANCING ============== 2719.3
LDB: ============== END OF LOAD BALANCING =============== 2719.3
Info: useSync: 0 useProxySync: 0
LDB: =============== DONE WITH MIGRATION ================ 2719.3
LDB: ============= START OF LOAD BALANCING ============== 2719.52
LDB: TIME 2719.52 LOAD: AVG 0.0305403 MAX 0.196589  PROXIES: TOTAL 56 MAXPE 7 MAXPATCH 7 None MEM: 0 MB
LDB: TIME 2719.52 LOAD: AVG 0.0305403 MAX 0.196589  PROXIES: TOTAL 56 MAXPE 7 MAXPATCH 7 RefineTorusLB MEM: 0 MB
LDB: TIME 2719.52 LOAD: AVG 0.0305403 MAX 0.196589  PROXIES: TOTAL 56 MAXPE 7 MAXPATCH 7 RefineTorusLB MEM: 0 MB
LDB: ============== END OF LOAD BALANCING =============== 2719.52
Info: useSync: 0 useProxySync: 0
LDB: =============== DONE WITH MIGRATION ================ 2719.52
LDB: ============= START OF LOAD BALANCING ============== 2730.67
LDB: ============== END OF LOAD BALANCING =============== 2730.67
Info: useSync: 0 useProxySync: 0
LDB: =============== DONE WITH MIGRATION ================ 2730.67
LDB: ============= START OF LOAD BALANCING ============== 2730.87
LDB: TIME 2730.87 LOAD: AVG 0.0306449 MAX 0.19679  PROXIES: TOTAL 56 MAXPE 7 MAXPATCH 7 None MEM: 0 MB
LDB: TIME 2730.87 LOAD: AVG 0.0306449 MAX 0.19679  PROXIES: TOTAL 56 MAXPE 7 MAXPATCH 7 RefineTorusLB MEM: 0 MB
LDB: TIME 2730.87 LOAD: AVG 0.0306449 MAX 0.19679  PROXIES: TOTAL 56 MAXPE 7 MAXPATCH 7 RefineTorusLB MEM: 0 MB
LDB: Reverting to original mapping
LDB: ============== END OF LOAD BALANCING =============== 2730.87
Info: useSync: 0 useProxySync: 0
LDB: =============== DONE WITH MIGRATION ================ 2730.87
PRESSURE: 400000 533.475 -55.5343 295.154 -219.674 540.176 -324.308 1008.7 96.3252 325.442
GPRESSURE: 400000 511.969 -119.381 170.082 -170 556.485 -238.641 958.247 307.595 369.713
PRESSAVG: 400000 -224.442 -17.0291 112.594 -10.766 -236.393 -31.1186 109.404 22.845 166.273
GPRESSAVG: 400000 -224.448 -16.7579 112.829 -11.4328 -236.578 -31.4319 108.425 23.0343 166.141
TIMING: 400000  CPU: 2157.15, 0.00518711/step  Wall: 2741.88, 0.00628989/step, 0.174719 hours remaining, 0.000000 MB of memory in use.
PERFORMANCE: 400000  averaging 25.2106 ns/day, 0.00685426 sec/step with standard deviation 0.000475684
ETITLE:      TS           BOND          ANGLE          DIHED          IMPRP               ELECT            VDW       BOUNDARY           MISC        KINETIC               TOTAL           TEMP      POTENTIAL         TOTAL3        TEMPAVG            PRESSURE      GPRESSURE         VOLUME       PRESSAVG      GPRESSAVG

ENERGY:  400000         0.0000         0.0000         0.0000         0.0000          -5613.0168       405.1970         0.0000         0.0000       975.7417          -4232.0780       309.9846     -5207.8198     -4229.5308       299.5637            466.3640       479.3892     22548.0941       -98.1872       -98.2951

WRITING EXTENDED SYSTEM TO RESTART FILE AT STEP 400000
WRITING COORDINATES TO DCD FILE MD.dcd AT STEP 400000
WRITING COORDINATES TO RESTART FILE AT STEP 400000
FINISHED WRITING RESTART COORDINATES
WRITING VELOCITIES TO RESTART FILE AT STEP 400000
FINISHED WRITING RESTART VELOCITIES
LDB: ============= START OF LOAD BALANCING ============== 2742.84
LDB: ============== END OF LOAD BALANCING =============== 2742.84
Info: useSync: 0 useProxySync: 0
LDB: =============== DONE WITH MIGRATION ================ 2742.84
LDB: ============= START OF LOAD BALANCING ============== 2743.05
LDB: TIME 2743.05 LOAD: AVG 0.0307979 MAX 0.197159  PROXIES: TOTAL 56 MAXPE 7 MAXPATCH 7 None MEM: 0 MB
LDB: TIME 2743.05 LOAD: AVG 0.0307979 MAX 0.197159  PROXIES: TOTAL 56 MAXPE 7 MAXPATCH 7 RefineTorusLB MEM: 0 MB
LDB: TIME 2743.05 LOAD: AVG 0.0307979 MAX 0.197159  PROXIES: TOTAL 56 MAXPE 7 MAXPATCH 7 RefineTorusLB MEM: 0 MB
LDB: ============== END OF LOAD BALANCING =============== 2743.05
Info: useSync: 0 useProxySync: 0
LDB: =============== DONE WITH MIGRATION ================ 2743.05
LDB: ============= START OF LOAD BALANCING ============== 2756.79
LDB: ============== END OF LOAD BALANCING =============== 2756.79
Info: useSync: 0 useProxySync: 0
LDB: =============== DONE WITH MIGRATION ================ 2756.79
LDB: ============= START OF LOAD BALANCING ============== 2757
LDB: TIME 2757 LOAD: AVG 0.030933 MAX 0.196803  PROXIES: TOTAL 56 MAXPE 7 MAXPATCH 7 None MEM: 0 MB
LDB: TIME 2757 LOAD: AVG 0.030933 MAX 0.196803  PROXIES: TOTAL 56 MAXPE 7 MAXPATCH 7 RefineTorusLB MEM: 0 MB
LDB: TIME 2757 LOAD: AVG 0.030933 MAX 0.196803  PROXIES: TOTAL 56 MAXPE 7 MAXPATCH 7 RefineTorusLB MEM: 0 MB
LDB: ============== END OF LOAD BALANCING =============== 2757
Info: useSync: 0 useProxySync: 0
LDB: =============== DONE WITH MIGRATION ================ 2757
LDB: ============= START OF LOAD BALANCING ============== 2771.74
LDB: ============== END OF LOAD BALANCING =============== 2771.74
Info: useSync: 0 useProxySync: 0
LDB: =============== DONE WITH MIGRATION ================ 2771.75
LDB: ============= START OF LOAD BALANCING ============== 2772.05
LDB: TIME 2772.05 LOAD: AVG 0.0316382 MAX 0.20022  PROXIES: TOTAL 56 MAXPE 7 MAXPATCH 7 None MEM: 0 MB
LDB: TIME 2772.05 LOAD: AVG 0.0316382 MAX 0.20022  PROXIES: TOTAL 56 MAXPE 7 MAXPATCH 7 RefineTorusLB MEM: 0 MB
LDB: TIME 2772.05 LOAD: AVG 0.0316382 MAX 0.20022  PROXIES: TOTAL 56 MAXPE 7 MAXPATCH 7 RefineTorusLB MEM: 0 MB
LDB: ============== END OF LOAD BALANCING =============== 2772.05
Info: useSync: 0 useProxySync: 0
LDB: =============== DONE WITH MIGRATION ================ 2772.05
WRITING COORDINATES TO DCD FILE MD.dcd AT STEP 405000
PRESSURE: 405000 363.081 -41.8445 -195.117 67.8956 -227.465 -217.989 -808.704 -511.771 -561.56
GPRESSURE: 405000 220.194 76.7457 -297.696 -180.109 -365.783 -181.113 -681.201 -695.107 -205.257
PRESSAVG: 405000 -268.345 -56.9616 67.6072 -24.6309 -332.919 9.99025 28.5054 16.3058 23.9684
GPRESSAVG: 405000 -268.119 -57.6995 67.2746 -24.1994 -332.842 9.83643 28.7337 16.2934 23.8304
ENERGY:  405000         0.0000         0.0000         0.0000         0.0000          -5666.9117       406.4142         0.0000         0.0000       970.4479          -4290.0495       308.3028     -5260.4975     -4288.5167       300.3613           -141.9813      -116.9486     22548.0941      -192.4319      -192.3770

LDB: ============= START OF LOAD BALANCING ============== 2784.46
LDB: ============== END OF LOAD BALANCING =============== 2784.46
Info: useSync: 0 useProxySync: 0
LDB: =============== DONE WITH MIGRATION ================ 2784.46
LDB: ============= START OF LOAD BALANCING ============== 2784.66
LDB: TIME 2784.66 LOAD: AVG 0.0305007 MAX 0.195447  PROXIES: TOTAL 56 MAXPE 7 MAXPATCH 7 None MEM: 0 MB
LDB: TIME 2784.66 LOAD: AVG 0.0305007 MAX 0.195447  PROXIES: TOTAL 56 MAXPE 7 MAXPATCH 7 RefineTorusLB MEM: 0 MB
LDB: TIME 2784.66 LOAD: AVG 0.0305007 MAX 0.195447  PROXIES: TOTAL 56 MAXPE 7 MAXPATCH 7 RefineTorusLB MEM: 0 MB
LDB: ============== END OF LOAD BALANCING =============== 2784.66
Info: useSync: 0 useProxySync: 0
LDB: =============== DONE WITH MIGRATION ================ 2784.66
LDB: ============= START OF LOAD BALANCING ============== 2800.54
LDB: ============== END OF LOAD BALANCING =============== 2800.54
Info: useSync: 0 useProxySync: 0
LDB: =============== DONE WITH MIGRATION ================ 2800.55
LDB: ============= START OF LOAD BALANCING ============== 2801.14
LDB: TIME 2801.14 LOAD: AVG 0.0439176 MAX 0.292981  PROXIES: TOTAL 56 MAXPE 7 MAXPATCH 7 None MEM: 0 MB
LDB: TIME 2801.14 LOAD: AVG 0.0439176 MAX 0.292981  PROXIES: TOTAL 56 MAXPE 7 MAXPATCH 7 RefineTorusLB MEM: 0 MB
LDB: TIME 2801.14 LOAD: AVG 0.0439176 MAX 0.292981  PROXIES: TOTAL 56 MAXPE 7 MAXPATCH 7 RefineTorusLB MEM: 0 MB
LDB: Reverting to original mapping
LDB: ============== END OF LOAD BALANCING =============== 2801.15
Info: useSync: 0 useProxySync: 0
LDB: =============== DONE WITH MIGRATION ================ 2801.21
PRESSURE: 410000 -853.986 -437.348 -416.997 -203.018 -325.184 77.1656 -391.764 482.622 -427.773
GPRESSURE: 410000 -819.122 -668.945 -330.581 276.109 -484.381 76.8036 -620.172 630.652 -208.518
PRESSAVG: 410000 -128.811 52.0148 50.473 31.3486 -213.782 -36.4087 -6.41504 -32.1329 129.003
GPRESSAVG: 410000 -128.663 52.606 50.584 30.9402 -213.849 -36.168 -6.68858 -32.2502 129.111
ENERGY:  410000         0.0000         0.0000         0.0000         0.0000          -5588.6432       360.8931         0.0000         0.0000       944.8303          -4282.9198       300.1643     -5227.7501     -4281.1420       295.2355           -535.6476      -504.0070     22548.0941       -71.1968       -71.1334

WRITING COORDINATES TO DCD FILE MD.dcd AT STEP 410000
LDB: ============= START OF LOAD BALANCING ============== 2813.14
LDB: ============== END OF LOAD BALANCING =============== 2813.14
Info: useSync: 0 useProxySync: 0
LDB: =============== DONE WITH MIGRATION ================ 2813.14
LDB: ============= START OF LOAD BALANCING ============== 2813.35
LDB: TIME 2813.35 LOAD: AVG 0.0306004 MAX 0.196022  PROXIES: TOTAL 56 MAXPE 7 MAXPATCH 7 None MEM: 0 MB
LDB: TIME 2813.35 LOAD: AVG 0.0306004 MAX 0.196022  PROXIES: TOTAL 56 MAXPE 7 MAXPATCH 7 RefineTorusLB MEM: 0 MB
LDB: TIME 2813.35 LOAD: AVG 0.0306004 MAX 0.196022  PROXIES: TOTAL 56 MAXPE 7 MAXPATCH 7 RefineTorusLB MEM: 0 MB
LDB: Reverting to original mapping
LDB: ============== END OF LOAD BALANCING =============== 2813.35
Info: useSync: 0 useProxySync: 0
LDB: =============== DONE WITH MIGRATION ================ 2813.35
LDB: ============= START OF LOAD BALANCING ============== 2824.98
LDB: ============== END OF LOAD BALANCING =============== 2824.98
Info: useSync: 0 useProxySync: 0
LDB: =============== DONE WITH MIGRATION ================ 2824.99
LDB: ============= START OF LOAD BALANCING ============== 2825.49
LDB: TIME 2825.49 LOAD: AVG 0.0472821 MAX 0.325363  PROXIES: TOTAL 56 MAXPE 7 MAXPATCH 7 None MEM: 0 MB
LDB: TIME 2825.49 LOAD: AVG 0.0472821 MAX 0.325363  PROXIES: TOTAL 56 MAXPE 7 MAXPATCH 7 RefineTorusLB MEM: 0 MB
LDB: TIME 2825.49 LOAD: AVG 0.0472821 MAX 0.325363  PROXIES: TOTAL 56 MAXPE 7 MAXPATCH 7 RefineTorusLB MEM: 0 MB
LDB: ============== END OF LOAD BALANCING =============== 2825.5
Info: useSync: 0 useProxySync: 0
LDB: =============== DONE WITH MIGRATION ================ 2825.55
LDB: ============= START OF LOAD BALANCING ============== 2838.28
LDB: ============== END OF LOAD BALANCING =============== 2838.29
Info: useSync: 0 useProxySync: 0
LDB: =============== DONE WITH MIGRATION ================ 2838.31
LDB: ============= START OF LOAD BALANCING ============== 2838.87
LDB: TIME 2838.89 LOAD: AVG 0.0437056 MAX 0.301485  PROXIES: TOTAL 56 MAXPE 7 MAXPATCH 7 None MEM: 0 MB
LDB: TIME 2838.89 LOAD: AVG 0.0437056 MAX 0.301485  PROXIES: TOTAL 56 MAXPE 7 MAXPATCH 7 RefineTorusLB MEM: 0 MB
LDB: TIME 2838.89 LOAD: AVG 0.0437056 MAX 0.301485  PROXIES: TOTAL 56 MAXPE 7 MAXPATCH 7 RefineTorusLB MEM: 0 MB
LDB: ============== END OF LOAD BALANCING =============== 2838.9
Info: useSync: 0 useProxySync: 0
LDB: =============== DONE WITH MIGRATION ================ 2838.99
WRITING COORDINATES TO DCD FILE MD.dcd AT STEP 415000
PRESSURE: 415000 461.337 -112.276 -303.242 17.1531 666.895 -177.528 -245.437 -830.664 717.761
GPRESSURE: 415000 634.514 -14.406 -332.922 -160.988 492.374 -110.164 -73.7395 -773.468 737.026
PRESSAVG: 415000 -168.597 -36.9666 11.4873 -6.49781 -198.933 3.31659 -11.6759 -34.8238 73.8407
GPRESSAVG: 415000 -168.856 -37.2676 11.4347 -6.21146 -198.759 3.27595 -10.9991 -34.8995 73.8899
ENERGY:  415000         0.0000         0.0000         0.0000         0.0000          -5578.0735       408.9238         0.0000         0.0000       967.4664          -4201.6832       307.3556     -5169.1496     -4200.6116       298.9247            615.3307       621.3049     22548.0941       -97.8964       -97.9085

LDB: ============= START OF LOAD BALANCING ============== 2850.52
LDB: ============== END OF LOAD BALANCING =============== 2850.52
Info: useSync: 0 useProxySync: 0
LDB: =============== DONE WITH MIGRATION ================ 2850.52
LDB: ============= START OF LOAD BALANCING ============== 2850.73
LDB: TIME 2850.73 LOAD: AVG 0.0305482 MAX 0.196679  PROXIES: TOTAL 56 MAXPE 7 MAXPATCH 7 None MEM: 0 MB
LDB: TIME 2850.73 LOAD: AVG 0.0305482 MAX 0.196679  PROXIES: TOTAL 56 MAXPE 7 MAXPATCH 7 RefineTorusLB MEM: 0 MB
LDB: TIME 2850.73 LOAD: AVG 0.0305482 MAX 0.196679  PROXIES: TOTAL 56 MAXPE 7 MAXPATCH 7 RefineTorusLB MEM: 0 MB
LDB: ============== END OF LOAD BALANCING =============== 2850.73
Info: useSync: 0 useProxySync: 0
LDB: =============== DONE WITH MIGRATION ================ 2850.73
LDB: ============= START OF LOAD BALANCING ============== 2865.22
LDB: ============== END OF LOAD BALANCING =============== 2865.22
Info: useSync: 0 useProxySync: 0
LDB: =============== DONE WITH MIGRATION ================ 2865.22
LDB: ============= START OF LOAD BALANCING ============== 2865.43
LDB: TIME 2865.43 LOAD: AVG 0.0306286 MAX 0.196685  PROXIES: TOTAL 56 MAXPE 7 MAXPATCH 7 None MEM: 0 MB
LDB: TIME 2865.43 LOAD: AVG 0.0306286 MAX 0.196685  PROXIES: TOTAL 56 MAXPE 7 MAXPATCH 7 RefineTorusLB MEM: 0 MB
LDB: TIME 2865.43 LOAD: AVG 0.0306286 MAX 0.196685  PROXIES: TOTAL 56 MAXPE 7 MAXPATCH 7 RefineTorusLB MEM: 0 MB
LDB: ============== END OF LOAD BALANCING =============== 2865.43
Info: useSync: 0 useProxySync: 0
LDB: =============== DONE WITH MIGRATION ================ 2865.43
WRITING COORDINATES TO DCD FILE MD.dcd AT STEP 420000
PRESSURE: 420000 -646.148 275.15 344.715 43.5795 -1339.17 -112.23 -7.53707 -550.342 118.232
GPRESSURE: 420000 -808.248 210.883 219.298 119.177 -1330.19 -68.1797 150.527 -288.949 355.602
PRESSAVG: 420000 -296.091 -15.7912 -44.1734 -14.1619 -326.004 -4.12984 -30.4476 -13.6861 67.8087
GPRESSAVG: 420000 -296.236 -15.8384 -43.5061 -14.0398 -326.006 -4.1425 -30.808 -13.4855 67.8219
ENERGY:  420000         0.0000         0.0000         0.0000         0.0000          -5598.8374       364.4473         0.0000         0.0000       914.1827          -4320.2075       290.4278     -5234.3901     -4318.5159       299.4571           -622.3617      -594.2780     22548.0941      -184.7622      -184.8069

LDB: ============= START OF LOAD BALANCING ============== 2876.87
LDB: ============== END OF LOAD BALANCING =============== 2876.87
Info: useSync: 0 useProxySync: 0
LDB: =============== DONE WITH MIGRATION ================ 2876.87
LDB: ============= START OF LOAD BALANCING ============== 2877.08
LDB: TIME 2877.08 LOAD: AVG 0.0303934 MAX 0.195461  PROXIES: TOTAL 56 MAXPE 7 MAXPATCH 7 None MEM: 0 MB
LDB: TIME 2877.08 LOAD: AVG 0.0303934 MAX 0.195461  PROXIES: TOTAL 56 MAXPE 7 MAXPATCH 7 RefineTorusLB MEM: 0 MB
LDB: TIME 2877.08 LOAD: AVG 0.0303934 MAX 0.195461  PROXIES: TOTAL 56 MAXPE 7 MAXPATCH 7 RefineTorusLB MEM: 0 MB
LDB: Reverting to original mapping
LDB: ============== END OF LOAD BALANCING =============== 2877.08
Info: useSync: 0 useProxySync: 0
LDB: =============== DONE WITH MIGRATION ================ 2877.08
LDB: ============= START OF LOAD BALANCING ============== 2889.6
LDB: ============== END OF LOAD BALANCING =============== 2889.6
Info: useSync: 0 useProxySync: 0
LDB: =============== DONE WITH MIGRATION ================ 2889.6
LDB: ============= START OF LOAD BALANCING ============== 2889.81
LDB: TIME 2889.81 LOAD: AVG 0.030634 MAX 0.196022  PROXIES: TOTAL 56 MAXPE 7 MAXPATCH 7 None MEM: 0 MB
LDB: TIME 2889.81 LOAD: AVG 0.030634 MAX 0.196022  PROXIES: TOTAL 56 MAXPE 7 MAXPATCH 7 RefineTorusLB MEM: 0 MB
LDB: TIME 2889.81 LOAD: AVG 0.030634 MAX 0.196022  PROXIES: TOTAL 56 MAXPE 7 MAXPATCH 7 RefineTorusLB MEM: 0 MB
LDB: ============== END OF LOAD BALANCING =============== 2889.81
Info: useSync: 0 useProxySync: 0
LDB: =============== DONE WITH MIGRATION ================ 2889.81
LDB: ============= START OF LOAD BALANCING ============== 2900.74
LDB: ============== END OF LOAD BALANCING =============== 2900.74
Info: useSync: 0 useProxySync: 0
LDB: =============== DONE WITH MIGRATION ================ 2900.74
LDB: ============= START OF LOAD BALANCING ============== 2900.94
LDB: TIME 2900.94 LOAD: AVG 0.0306417 MAX 0.196277  PROXIES: TOTAL 56 MAXPE 7 MAXPATCH 7 None MEM: 0 MB
LDB: TIME 2900.94 LOAD: AVG 0.0306417 MAX 0.196277  PROXIES: TOTAL 56 MAXPE 7 MAXPATCH 7 RefineTorusLB MEM: 0 MB
LDB: TIME 2900.94 LOAD: AVG 0.0306417 MAX 0.196277  PROXIES: TOTAL 56 MAXPE 7 MAXPATCH 7 RefineTorusLB MEM: 0 MB
LDB: Reverting to original mapping
LDB: ============== END OF LOAD BALANCING =============== 2900.94
Info: useSync: 0 useProxySync: 0
LDB: =============== DONE WITH MIGRATION ================ 2900.94
WRITING COORDINATES TO DCD FILE MD.dcd AT STEP 425000
PRESSURE: 425000 -1003.81 -667.576 -556.617 -295.716 -646.273 -340.816 189.999 -525.703 -478.164
GPRESSURE: 425000 -963.445 -474.798 -562.19 -303.243 -593.066 -308.383 416.24 -428.969 -487.196
PRESSAVG: 425000 -267.431 26.5789 -2.87152 38.3664 -185.521 41.0913 -6.11552 6.77846 188.069
GPRESSAVG: 425000 -267.598 26.4611 -2.84281 38.0914 -185.248 41.002 -5.86577 6.41413 188.022
ENERGY:  425000         0.0000         0.0000         0.0000         0.0000          -5569.7186       343.9310         0.0000         0.0000       929.2304          -4296.5573       295.2083     -5225.7876     -4294.8113       293.0793           -709.4172      -681.2356     22548.0941       -88.2943       -88.2746

LDB: ============= START OF LOAD BALANCING ============== 2914.11
LDB: ============== END OF LOAD BALANCING =============== 2914.11
Info: useSync: 0 useProxySync: 0
LDB: =============== DONE WITH MIGRATION ================ 2914.11
LDB: ============= START OF LOAD BALANCING ============== 2914.85
LDB: TIME 2914.86 LOAD: AVG 0.054685 MAX 0.291015  PROXIES: TOTAL 56 MAXPE 7 MAXPATCH 7 None MEM: 0 MB
LDB: TIME 2914.86 LOAD: AVG 0.054685 MAX 0.291015  PROXIES: TOTAL 56 MAXPE 7 MAXPATCH 7 RefineTorusLB MEM: 0 MB
LDB: TIME 2914.86 LOAD: AVG 0.054685 MAX 0.291015  PROXIES: TOTAL 56 MAXPE 7 MAXPATCH 7 RefineTorusLB MEM: 0 MB
LDB: Reverting to original mapping
LDB: ============== END OF LOAD BALANCING =============== 2914.87
Info: useSync: 0 useProxySync: 0
LDB: =============== DONE WITH MIGRATION ================ 2914.98
LDB: ============= START OF LOAD BALANCING ============== 2927.32
LDB: ============== END OF LOAD BALANCING =============== 2927.33
Info: useSync: 0 useProxySync: 0
LDB: =============== DONE WITH MIGRATION ================ 2927.35
LDB: ============= START OF LOAD BALANCING ============== 2927.95
LDB: TIME 2927.95 LOAD: AVG 0.0447081 MAX 0.306257  PROXIES: TOTAL 56 MAXPE 7 MAXPATCH 7 None MEM: 0 MB
LDB: TIME 2927.95 LOAD: AVG 0.0447081 MAX 0.306257  PROXIES: TOTAL 56 MAXPE 7 MAXPATCH 7 RefineTorusLB MEM: 0 MB
LDB: TIME 2927.95 LOAD: AVG 0.0447081 MAX 0.306257  PROXIES: TOTAL 56 MAXPE 7 MAXPATCH 7 RefineTorusLB MEM: 0 MB
LDB: Reverting to original mapping
LDB: ============== END OF LOAD BALANCING =============== 2927.96
Info: useSync: 0 useProxySync: 0
LDB: =============== DONE WITH MIGRATION ================ 2928
PRESSURE: 430000 47.7738 279.959 -232.624 -52.16 298.203 -68.1857 -992.624 -100.518 -115.152
GPRESSURE: 430000 15.379 371.147 58.504 -143.152 475.817 -273.071 -1269.85 136.415 -189.743
PRESSAVG: 430000 -251.469 -6.50591 -48.5307 -36.4274 -227.803 -28.1961 -40.7329 -24.2246 185.614
GPRESSAVG: 430000 -251.638 -6.77781 -48.5169 -36.5953 -227.728 -28.2267 -40.8139 -23.8305 185.658
ENERGY:  430000         0.0000         0.0000         0.0000         0.0000          -5641.8590       412.9298         0.0000         0.0000       972.5430          -4256.3863       308.9684     -5228.9293     -4253.9193       299.1793             76.9416       100.4845     22548.0941       -97.8863       -97.9025

WRITING COORDINATES TO DCD FILE MD.dcd AT STEP 430000
LDB: ============= START OF LOAD BALANCING ============== 2939.96
LDB: ============== END OF LOAD BALANCING =============== 2939.96
Info: useSync: 0 useProxySync: 0
LDB: =============== DONE WITH MIGRATION ================ 2939.96
LDB: ============= START OF LOAD BALANCING ============== 2940.18
LDB: TIME 2940.18 LOAD: AVG 0.0308803 MAX 0.198066  PROXIES: TOTAL 56 MAXPE 7 MAXPATCH 7 None MEM: 0 MB
LDB: TIME 2940.18 LOAD: AVG 0.0308803 MAX 0.198066  PROXIES: TOTAL 56 MAXPE 7 MAXPATCH 7 RefineTorusLB MEM: 0 MB
LDB: TIME 2940.18 LOAD: AVG 0.0308803 MAX 0.198066  PROXIES: TOTAL 56 MAXPE 7 MAXPATCH 7 RefineTorusLB MEM: 0 MB
LDB: Reverting to original mapping
LDB: ============== END OF LOAD BALANCING =============== 2940.18
Info: useSync: 0 useProxySync: 0
LDB: =============== DONE WITH MIGRATION ================ 2940.18
LDB: ============= START OF LOAD BALANCING ============== 2953.01
LDB: ============== END OF LOAD BALANCING =============== 2953.01
Info: useSync: 0 useProxySync: 0
LDB: =============== DONE WITH MIGRATION ================ 2953.01
LDB: ============= START OF LOAD BALANCING ============== 2953.42
LDB: TIME 2953.43 LOAD: AVG 0.0361537 MAX 0.226004  PROXIES: TOTAL 56 MAXPE 7 MAXPATCH 7 None MEM: 0 MB
LDB: TIME 2953.43 LOAD: AVG 0.0361537 MAX 0.226004  PROXIES: TOTAL 56 MAXPE 7 MAXPATCH 7 RefineTorusLB MEM: 0 MB
LDB: TIME 2953.43 LOAD: AVG 0.0361537 MAX 0.226004  PROXIES: TOTAL 56 MAXPE 7 MAXPATCH 7 RefineTorusLB MEM: 0 MB
LDB: ============== END OF LOAD BALANCING =============== 2953.43
Info: useSync: 0 useProxySync: 0
LDB: =============== DONE WITH MIGRATION ================ 2953.52
LDB: ============= START OF LOAD BALANCING ============== 2965.1
LDB: ============== END OF LOAD BALANCING =============== 2965.1
Info: useSync: 0 useProxySync: 0
LDB: =============== DONE WITH MIGRATION ================ 2965.1
LDB: ============= START OF LOAD BALANCING ============== 2965.63
LDB: TIME 2965.64 LOAD: AVG 0.043251 MAX 0.288278  PROXIES: TOTAL 56 MAXPE 7 MAXPATCH 7 None MEM: 0 MB
LDB: TIME 2965.64 LOAD: AVG 0.043251 MAX 0.288278  PROXIES: TOTAL 56 MAXPE 7 MAXPATCH 7 RefineTorusLB MEM: 0 MB
LDB: TIME 2965.64 LOAD: AVG 0.043251 MAX 0.288278  PROXIES: TOTAL 56 MAXPE 7 MAXPATCH 7 RefineTorusLB MEM: 0 MB
LDB: Reverting to original mapping
LDB: ============== END OF LOAD BALANCING =============== 2965.65
Info: useSync: 0 useProxySync: 0
LDB: =============== DONE WITH MIGRATION ================ 2965.69
WRITING COORDINATES TO DCD FILE MD.dcd AT STEP 435000
PRESSURE: 435000 256.723 -485.687 -315.563 -34.8097 1136.86 24.7501 -476.165 238.509 -49.261
GPRESSURE: 435000 182.507 -419.259 -41.2693 -133.684 1253.15 302.674 -578.475 -236.306 -50.0458
PRESSAVG: 435000 -284.377 10.6596 24.7626 -20.7834 -193.395 -60.5727 -67.3476 -43.4987 204.641
GPRESSAVG: 435000 -284.672 10.7232 24.6846 -20.7857 -193.394 -60.5564 -67.524 -43.767 204.713
ENERGY:  435000         0.0000         0.0000         0.0000         0.0000          -5676.6834       455.9572         0.0000         0.0000       938.5665          -4282.1597       298.1743     -5220.7262     -4279.7897       297.4808            448.1066       461.8707     22548.0941       -91.0436       -91.1173

LDB: ============= START OF LOAD BALANCING ============== 2979.94
LDB: ============== END OF LOAD BALANCING =============== 2979.94
Info: useSync: 0 useProxySync: 0
LDB: =============== DONE WITH MIGRATION ================ 2979.94
LDB: ============= START OF LOAD BALANCING ============== 2980.15
LDB: TIME 2980.15 LOAD: AVG 0.0310295 MAX 0.199902  PROXIES: TOTAL 56 MAXPE 7 MAXPATCH 7 None MEM: 0 MB
LDB: TIME 2980.15 LOAD: AVG 0.0310295 MAX 0.199902  PROXIES: TOTAL 56 MAXPE 7 MAXPATCH 7 RefineTorusLB MEM: 0 MB
LDB: TIME 2980.15 LOAD: AVG 0.0310295 MAX 0.199902  PROXIES: TOTAL 56 MAXPE 7 MAXPATCH 7 RefineTorusLB MEM: 0 MB
LDB: ============== END OF LOAD BALANCING =============== 2980.15
Info: useSync: 0 useProxySync: 0
LDB: =============== DONE WITH MIGRATION ================ 2980.15
LDB: ============= START OF LOAD BALANCING ============== 2993.05
LDB: ============== END OF LOAD BALANCING =============== 2993.05
Info: useSync: 0 useProxySync: 0
LDB: =============== DONE WITH MIGRATION ================ 2993.07
LDB: ============= START OF LOAD BALANCING ============== 2993.58
LDB: TIME 2993.59 LOAD: AVG 0.0447647 MAX 0.303384  PROXIES: TOTAL 56 MAXPE 7 MAXPATCH 7 None MEM: 0 MB
LDB: TIME 2993.59 LOAD: AVG 0.0447647 MAX 0.303384  PROXIES: TOTAL 56 MAXPE 7 MAXPATCH 7 RefineTorusLB MEM: 0 MB
LDB: TIME 2993.59 LOAD: AVG 0.0447647 MAX 0.303384  PROXIES: TOTAL 56 MAXPE 7 MAXPATCH 7 RefineTorusLB MEM: 0 MB
LDB: Reverting to original mapping
LDB: ============== END OF LOAD BALANCING =============== 2993.6
Info: useSync: 0 useProxySync: 0
LDB: =============== DONE WITH MIGRATION ================ 2993.7
PRESSURE: 440000 91.2218 127.042 -640.239 228.51 -582.917 -254.67 -470.291 -311.416 -428.113
GPRESSURE: 440000 238.379 414.457 -723.295 -29.5845 -642.982 -194.785 -447.974 -118.132 -437.967
PRESSAVG: 440000 -263.446 -10.0753 -38.6296 57.2675 -194.844 -66.6107 -31.738 -15.1975 285.835
GPRESSAVG: 440000 -263.569 -9.97515 -38.3237 57.5197 -194.607 -66.8642 -32.0357 -14.7887 286.06
ENERGY:  440000         0.0000         0.0000         0.0000         0.0000          -5513.0984       344.5652         0.0000         0.0000       946.0462          -4222.4869       300.5506     -5168.5331     -4220.2170       302.7247           -306.6027      -280.8568     22548.0941       -57.4849       -57.3721

WRITING COORDINATES TO DCD FILE MD.dcd AT STEP 440000
LDB: ============= START OF LOAD BALANCING ============== 3003.91
LDB: ============== END OF LOAD BALANCING =============== 3003.91
Info: useSync: 0 useProxySync: 0
LDB: =============== DONE WITH MIGRATION ================ 3003.91
LDB: ============= START OF LOAD BALANCING ============== 3004.16
LDB: TIME 3004.17 LOAD: AVG 0.0319713 MAX 0.201859  PROXIES: TOTAL 56 MAXPE 7 MAXPATCH 7 None MEM: 0 MB
LDB: TIME 3004.17 LOAD: AVG 0.0319713 MAX 0.201859  PROXIES: TOTAL 56 MAXPE 7 MAXPATCH 7 RefineTorusLB MEM: 0 MB
LDB: TIME 3004.17 LOAD: AVG 0.0319713 MAX 0.201859  PROXIES: TOTAL 56 MAXPE 7 MAXPATCH 7 RefineTorusLB MEM: 0 MB
LDB: ============== END OF LOAD BALANCING =============== 3004.18
Info: useSync: 0 useProxySync: 0
LDB: =============== DONE WITH MIGRATION ================ 3004.23
LDB: ============= START OF LOAD BALANCING ============== 3014.76
LDB: ============== END OF LOAD BALANCING =============== 3014.76
Info: useSync: 0 useProxySync: 0
LDB: =============== DONE WITH MIGRATION ================ 3014.76
LDB: ============= START OF LOAD BALANCING ============== 3014.96
LDB: TIME 3014.96 LOAD: AVG 0.0306303 MAX 0.196309  PROXIES: TOTAL 56 MAXPE 7 MAXPATCH 7 None MEM: 0 MB
LDB: TIME 3014.96 LOAD: AVG 0.0306303 MAX 0.196309  PROXIES: TOTAL 56 MAXPE 7 MAXPATCH 7 RefineTorusLB MEM: 0 MB
LDB: TIME 3014.96 LOAD: AVG 0.0306303 MAX 0.196309  PROXIES: TOTAL 56 MAXPE 7 MAXPATCH 7 RefineTorusLB MEM: 0 MB
LDB: ============== END OF LOAD BALANCING =============== 3014.96
Info: useSync: 0 useProxySync: 0
LDB: =============== DONE WITH MIGRATION ================ 3014.96
LDB: ============= START OF LOAD BALANCING ============== 3027.38
LDB: ============== END OF LOAD BALANCING =============== 3027.38
Info: useSync: 0 useProxySync: 0
LDB: =============== DONE WITH MIGRATION ================ 3027.4
LDB: ============= START OF LOAD BALANCING ============== 3028.04
LDB: TIME 3028.04 LOAD: AVG 0.0570337 MAX 0.364926  PROXIES: TOTAL 56 MAXPE 7 MAXPATCH 7 None MEM: 0 MB
LDB: TIME 3028.04 LOAD: AVG 0.0570337 MAX 0.364926  PROXIES: TOTAL 56 MAXPE 7 MAXPATCH 7 RefineTorusLB MEM: 0 MB
LDB: TIME 3028.04 LOAD: AVG 0.0570337 MAX 0.364926  PROXIES: TOTAL 56 MAXPE 7 MAXPATCH 7 RefineTorusLB MEM: 0 MB
LDB: ============== END OF LOAD BALANCING =============== 3028.04
Info: useSync: 0 useProxySync: 0
LDB: =============== DONE WITH MIGRATION ================ 3028.04
WRITING COORDINATES TO DCD FILE MD.dcd AT STEP 445000
PRESSURE: 445000 -394.693 -102.837 247.557 -32.7655 -1228.22 -277.609 372.782 -255.726 716.182
GPRESSURE: 445000 -347.78 -65.647 -25.8023 154.115 -1235.55 -462.782 396.547 -20.6371 725.57
PRESSAVG: 445000 -243.017 -112.506 -4.02799 -113.542 -275.551 -16.3508 2.67748 5.60548 210.504
GPRESSAVG: 445000 -242.958 -112.416 -4.6774 -113.448 -275.504 -16.5205 2.59471 5.17198 210.445
ENERGY:  445000         0.0000         0.0000         0.0000         0.0000          -5594.9472       362.9922         0.0000         0.0000       952.6223          -4279.3327       302.6397     -5231.9550     -4278.5296       298.7140           -302.2429      -285.9203     22548.0941      -102.6878      -102.6721

LDB: ============= START OF LOAD BALANCING ============== 3040.13
LDB: ============== END OF LOAD BALANCING =============== 3040.13
Info: useSync: 0 useProxySync: 0
LDB: =============== DONE WITH MIGRATION ================ 3040.13
LDB: ============= START OF LOAD BALANCING ============== 3040.34
LDB: TIME 3040.34 LOAD: AVG 0.0307969 MAX 0.198749  PROXIES: TOTAL 56 MAXPE 7 MAXPATCH 7 None MEM: 0 MB
LDB: TIME 3040.34 LOAD: AVG 0.0307969 MAX 0.198749  PROXIES: TOTAL 56 MAXPE 7 MAXPATCH 7 RefineTorusLB MEM: 0 MB
LDB: TIME 3040.34 LOAD: AVG 0.0307969 MAX 0.198749  PROXIES: TOTAL 56 MAXPE 7 MAXPATCH 7 RefineTorusLB MEM: 0 MB
LDB: ============== END OF LOAD BALANCING =============== 3040.34
Info: useSync: 0 useProxySync: 0
LDB: =============== DONE WITH MIGRATION ================ 3040.34
LDB: ============= START OF LOAD BALANCING ============== 3053.99
LDB: ============== END OF LOAD BALANCING =============== 3053.99
Info: useSync: 0 useProxySync: 0
LDB: =============== DONE WITH MIGRATION ================ 3053.99
LDB: ============= START OF LOAD BALANCING ============== 3054.21
LDB: TIME 3054.21 LOAD: AVG 0.030959 MAX 0.19734  PROXIES: TOTAL 56 MAXPE 7 MAXPATCH 7 None MEM: 0 MB
LDB: TIME 3054.21 LOAD: AVG 0.030959 MAX 0.19734  PROXIES: TOTAL 56 MAXPE 7 MAXPATCH 7 RefineTorusLB MEM: 0 MB
LDB: TIME 3054.21 LOAD: AVG 0.030959 MAX 0.19734  PROXIES: TOTAL 56 MAXPE 7 MAXPATCH 7 RefineTorusLB MEM: 0 MB
LDB: ============== END OF LOAD BALANCING =============== 3054.21
Info: useSync: 0 useProxySync: 0
LDB: =============== DONE WITH MIGRATION ================ 3054.21
WRITING COORDINATES TO DCD FILE MD.dcd AT STEP 450000
WRITING COORDINATES TO RESTART FILE AT STEP 450000
FINISHED WRITING RESTART COORDINATES
WRITING VELOCITIES TO RESTART FILE AT STEP 450000
FINISHED WRITING RESTART VELOCITIES
PRESSURE: 450000 1204.11 171.789 129.744 329.185 -116.714 134.46 -235.79 379.083 -459.905
GPRESSURE: 450000 1297.16 87.4144 -112.893 429.569 -48.7034 296.174 -43.2767 240.349 -542.191
PRESSAVG: 450000 -213.776 65.7366 45.8179 66.7256 -238.56 -47.0723 29.3613 -17.6135 56.921
GPRESSAVG: 450000 -213.758 65.8231 45.8435 67.1976 -238.617 -46.6707 29.1527 -17.9448 56.576
TIMING: 450000  CPU: 2417.13, 0.00519963/step  Wall: 3065.1, 0.00646432/step, 0.0897822 hours remaining, 0.000000 MB of memory in use.
PERFORMANCE: 450000  averaging 25.371 ns/day, 0.00681093 sec/step with standard deviation 0.000463557
ETITLE:      TS           BOND          ANGLE          DIHED          IMPRP               ELECT            VDW       BOUNDARY           MISC        KINETIC               TOTAL           TEMP      POTENTIAL         TOTAL3        TEMPAVG            PRESSURE      GPRESSURE         VOLUME       PRESSAVG      GPRESSAVG

ENERGY:  450000         0.0000         0.0000         0.0000         0.0000          -5640.0082       433.3215         0.0000         0.0000       949.9479          -4256.7388       301.7901     -5206.6867     -4254.4078       297.1001            209.1632       235.4206     22548.0941      -131.8050      -131.9327

WRITING EXTENDED SYSTEM TO RESTART FILE AT STEP 450000
LDB: ============= START OF LOAD BALANCING ============== 3066
LDB: ============== END OF LOAD BALANCING =============== 3066
Info: useSync: 0 useProxySync: 0
LDB: =============== DONE WITH MIGRATION ================ 3066
LDB: ============= START OF LOAD BALANCING ============== 3066.22
LDB: TIME 3066.22 LOAD: AVG 0.0308598 MAX 0.1983  PROXIES: TOTAL 56 MAXPE 7 MAXPATCH 7 None MEM: 0 MB
LDB: TIME 3066.22 LOAD: AVG 0.0308598 MAX 0.1983  PROXIES: TOTAL 56 MAXPE 7 MAXPATCH 7 RefineTorusLB MEM: 0 MB
LDB: TIME 3066.22 LOAD: AVG 0.0308598 MAX 0.1983  PROXIES: TOTAL 56 MAXPE 7 MAXPATCH 7 RefineTorusLB MEM: 0 MB
LDB: Reverting to original mapping
LDB: ============== END OF LOAD BALANCING =============== 3066.22
Info: useSync: 0 useProxySync: 0
LDB: =============== DONE WITH MIGRATION ================ 3066.22
LDB: ============= START OF LOAD BALANCING ============== 3078.36
LDB: ============== END OF LOAD BALANCING =============== 3078.36
Info: useSync: 0 useProxySync: 0
LDB: =============== DONE WITH MIGRATION ================ 3078.36
LDB: ============= START OF LOAD BALANCING ============== 3078.57
LDB: TIME 3078.57 LOAD: AVG 0.0304613 MAX 0.196406  PROXIES: TOTAL 56 MAXPE 7 MAXPATCH 7 None MEM: 0 MB
LDB: TIME 3078.57 LOAD: AVG 0.0304613 MAX 0.196406  PROXIES: TOTAL 56 MAXPE 7 MAXPATCH 7 RefineTorusLB MEM: 0 MB
LDB: TIME 3078.57 LOAD: AVG 0.0304613 MAX 0.196406  PROXIES: TOTAL 56 MAXPE 7 MAXPATCH 7 RefineTorusLB MEM: 0 MB
LDB: ============== END OF LOAD BALANCING =============== 3078.57
Info: useSync: 0 useProxySync: 0
LDB: =============== DONE WITH MIGRATION ================ 3078.57
LDB: ============= START OF LOAD BALANCING ============== 3091.69
LDB: ============== END OF LOAD BALANCING =============== 3091.69
Info: useSync: 0 useProxySync: 0
LDB: =============== DONE WITH MIGRATION ================ 3091.69
LDB: ============= START OF LOAD BALANCING ============== 3091.9
LDB: TIME 3091.9 LOAD: AVG 0.0307788 MAX 0.198418  PROXIES: TOTAL 56 MAXPE 7 MAXPATCH 7 None MEM: 0 MB
LDB: TIME 3091.9 LOAD: AVG 0.0307788 MAX 0.198418  PROXIES: TOTAL 56 MAXPE 7 MAXPATCH 7 RefineTorusLB MEM: 0 MB
LDB: TIME 3091.9 LOAD: AVG 0.0307788 MAX 0.198418  PROXIES: TOTAL 56 MAXPE 7 MAXPATCH 7 RefineTorusLB MEM: 0 MB
LDB: ============== END OF LOAD BALANCING =============== 3091.9
Info: useSync: 0 useProxySync: 0
LDB: =============== DONE WITH MIGRATION ================ 3091.9
PRESSURE: 455000 -687.272 43.6976 -215.707 -296.591 -905.076 157.177 315.417 217.658 -828.746
GPRESSURE: 455000 -626.313 350.446 -181.642 -401.532 -841.267 150.691 401.191 106.124 -907.639
PRESSAVG: 455000 -121.396 15.5358 -50.1242 8.60732 -164.153 -58.6794 -111.839 -46.0806 237.415
GPRESSAVG: 455000 -121.122 15.6877 -50.3412 8.97335 -164.436 -58.8224 -111.688 -46.099 237.451
ENERGY:  455000         0.0000         0.0000         0.0000         0.0000          -5503.2293       327.7535         0.0000         0.0000       930.9029          -4244.5728       295.7397     -5175.4757     -4241.0459       300.3143           -807.0312      -791.7395     22548.0941       -16.0448       -16.0358

WRITING COORDINATES TO DCD FILE MD.dcd AT STEP 455000
LDB: ============= START OF LOAD BALANCING ============== 3104.93
LDB: ============== END OF LOAD BALANCING =============== 3104.94
Info: useSync: 0 useProxySync: 0
LDB: =============== DONE WITH MIGRATION ================ 3104.94
LDB: ============= START OF LOAD BALANCING ============== 3105.37
LDB: TIME 3105.37 LOAD: AVG 0.0385549 MAX 0.252712  PROXIES: TOTAL 56 MAXPE 7 MAXPATCH 7 None MEM: 0 MB
LDB: TIME 3105.37 LOAD: AVG 0.0385549 MAX 0.252712  PROXIES: TOTAL 56 MAXPE 7 MAXPATCH 7 RefineTorusLB MEM: 0 MB
LDB: TIME 3105.37 LOAD: AVG 0.0385549 MAX 0.252712  PROXIES: TOTAL 56 MAXPE 7 MAXPATCH 7 RefineTorusLB MEM: 0 MB
LDB: ============== END OF LOAD BALANCING =============== 3105.38
Info: useSync: 0 useProxySync: 0
LDB: =============== DONE WITH MIGRATION ================ 3105.43
LDB: ============= START OF LOAD BALANCING ============== 3119.02
LDB: ============== END OF LOAD BALANCING =============== 3119.02
Info: useSync: 0 useProxySync: 0
LDB: =============== DONE WITH MIGRATION ================ 3119.02
LDB: ============= START OF LOAD BALANCING ============== 3119.22
LDB: TIME 3119.22 LOAD: AVG 0.0305993 MAX 0.197371  PROXIES: TOTAL 56 MAXPE 7 MAXPATCH 7 None MEM: 0 MB
LDB: TIME 3119.22 LOAD: AVG 0.0305993 MAX 0.197371  PROXIES: TOTAL 56 MAXPE 7 MAXPATCH 7 RefineTorusLB MEM: 0 MB
LDB: TIME 3119.22 LOAD: AVG 0.0305993 MAX 0.197371  PROXIES: TOTAL 56 MAXPE 7 MAXPATCH 7 RefineTorusLB MEM: 0 MB
LDB: Reverting to original mapping
LDB: ============== END OF LOAD BALANCING =============== 3119.22
Info: useSync: 0 useProxySync: 0
LDB: =============== DONE WITH MIGRATION ================ 3119.22
PRESSURE: 460000 -288.544 -270.19 73.6701 -433.113 31.8767 665.337 229.821 285.716 811.024
GPRESSURE: 460000 -269.905 -399.446 115.478 -269.528 232.493 715.484 416.26 190.216 639.401
PRESSAVG: 460000 -318.213 17.5675 -17.1798 34.6212 -318.996 -50.0018 -10.3295 -52.0088 246.114
GPRESSAVG: 460000 -318.349 17.6339 -16.8093 34.4566 -318.896 -50.2782 -10.081 -51.5981 246.588
ENERGY:  460000         0.0000         0.0000         0.0000         0.0000          -5628.8639       424.8528         0.0000         0.0000       909.3184          -4294.6927       288.8825     -5204.0111     -4293.3178       299.0823            184.7854       200.6629     22548.0941      -130.3649      -130.2187

WRITING COORDINATES TO DCD FILE MD.dcd AT STEP 460000
LDB: ============= START OF LOAD BALANCING ============== 3130.24
LDB: ============== END OF LOAD BALANCING =============== 3130.25
Info: useSync: 0 useProxySync: 0
LDB: =============== DONE WITH MIGRATION ================ 3130.25
LDB: ============= START OF LOAD BALANCING ============== 3130.46
LDB: TIME 3130.46 LOAD: AVG 0.0307103 MAX 0.196496  PROXIES: TOTAL 56 MAXPE 7 MAXPATCH 7 None MEM: 0 MB
LDB: TIME 3130.46 LOAD: AVG 0.0307103 MAX 0.196496  PROXIES: TOTAL 56 MAXPE 7 MAXPATCH 7 RefineTorusLB MEM: 0 MB
LDB: TIME 3130.46 LOAD: AVG 0.0307103 MAX 0.196496  PROXIES: TOTAL 56 MAXPE 7 MAXPATCH 7 RefineTorusLB MEM: 0 MB
LDB: Reverting to original mapping
LDB: ============== END OF LOAD BALANCING =============== 3130.46
Info: useSync: 0 useProxySync: 0
LDB: =============== DONE WITH MIGRATION ================ 3130.46
LDB: ============= START OF LOAD BALANCING ============== 3142.69
LDB: ============== END OF LOAD BALANCING =============== 3142.69
Info: useSync: 0 useProxySync: 0
LDB: =============== DONE WITH MIGRATION ================ 3142.69
LDB: ============= START OF LOAD BALANCING ============== 3142.95
LDB: TIME 3142.95 LOAD: AVG 0.0340427 MAX 0.213286  PROXIES: TOTAL 56 MAXPE 7 MAXPATCH 7 None MEM: 0 MB
LDB: TIME 3142.95 LOAD: AVG 0.0340427 MAX 0.213286  PROXIES: TOTAL 56 MAXPE 7 MAXPATCH 7 RefineTorusLB MEM: 0 MB
LDB: TIME 3142.95 LOAD: AVG 0.0340427 MAX 0.213286  PROXIES: TOTAL 56 MAXPE 7 MAXPATCH 7 RefineTorusLB MEM: 0 MB
LDB: ============== END OF LOAD BALANCING =============== 3142.95
Info: useSync: 0 useProxySync: 0
LDB: =============== DONE WITH MIGRATION ================ 3142.95
LDB: ============= START OF LOAD BALANCING ============== 3155.03
LDB: ============== END OF LOAD BALANCING =============== 3155.03
Info: useSync: 0 useProxySync: 0
LDB: =============== DONE WITH MIGRATION ================ 3155.03
LDB: ============= START OF LOAD BALANCING ============== 3155.24
LDB: TIME 3155.24 LOAD: AVG 0.0305582 MAX 0.19701  PROXIES: TOTAL 56 MAXPE 7 MAXPATCH 7 None MEM: 0 MB
LDB: TIME 3155.24 LOAD: AVG 0.0305582 MAX 0.19701  PROXIES: TOTAL 56 MAXPE 7 MAXPATCH 7 RefineTorusLB MEM: 0 MB
LDB: TIME 3155.24 LOAD: AVG 0.0305582 MAX 0.19701  PROXIES: TOTAL 56 MAXPE 7 MAXPATCH 7 RefineTorusLB MEM: 0 MB
LDB: ============== END OF LOAD BALANCING =============== 3155.24
Info: useSync: 0 useProxySync: 0
LDB: =============== DONE WITH MIGRATION ================ 3155.24
PRESSURE: 465000 -316.402 -97.6701 -60.9506 -147.516 -218.693 -692.958 -4.81927 -526.436 -380.365
GPRESSURE: 465000 -229.945 -549.887 33.1177 177.478 -234.023 -509.141 52.1804 -445.456 -379.349
PRESSAVG: 465000 -136.138 -0.0463469 -29.7655 77.6534 -220.647 22.031 -47.0092 -2.8846 256.267
GPRESSAVG: 465000 -135.956 0.110961 -29.6619 77.5761 -220.53 22.4816 -46.9767 -2.82485 256.129
ENERGY:  465000         0.0000         0.0000         0.0000         0.0000          -5639.4481       400.2369         0.0000         0.0000       976.1334          -4263.0779       310.1090     -5239.2113     -4260.4404       298.9630           -305.1534      -281.1057     22548.0941       -33.5063       -33.4520

WRITING COORDINATES TO DCD FILE MD.dcd AT STEP 465000
LDB: ============= START OF LOAD BALANCING ============== 3167.26
LDB: ============== END OF LOAD BALANCING =============== 3167.26
Info: useSync: 0 useProxySync: 0
LDB: =============== DONE WITH MIGRATION ================ 3167.26
LDB: ============= START OF LOAD BALANCING ============== 3167.46
LDB: TIME 3167.46 LOAD: AVG 0.0307229 MAX 0.197951  PROXIES: TOTAL 56 MAXPE 7 MAXPATCH 7 None MEM: 0 MB
LDB: TIME 3167.46 LOAD: AVG 0.0307229 MAX 0.197951  PROXIES: TOTAL 56 MAXPE 7 MAXPATCH 7 RefineTorusLB MEM: 0 MB
LDB: TIME 3167.46 LOAD: AVG 0.0307229 MAX 0.197951  PROXIES: TOTAL 56 MAXPE 7 MAXPATCH 7 RefineTorusLB MEM: 0 MB
LDB: Reverting to original mapping
LDB: ============== END OF LOAD BALANCING =============== 3167.46
Info: useSync: 0 useProxySync: 0
LDB: =============== DONE WITH MIGRATION ================ 3167.46
LDB: ============= START OF LOAD BALANCING ============== 3179.41
LDB: ============== END OF LOAD BALANCING =============== 3179.41
Info: useSync: 0 useProxySync: 0
LDB: =============== DONE WITH MIGRATION ================ 3179.41
LDB: ============= START OF LOAD BALANCING ============== 3179.61
LDB: TIME 3179.61 LOAD: AVG 0.0304695 MAX 0.196104  PROXIES: TOTAL 56 MAXPE 7 MAXPATCH 7 None MEM: 0 MB
LDB: TIME 3179.61 LOAD: AVG 0.0304695 MAX 0.196104  PROXIES: TOTAL 56 MAXPE 7 MAXPATCH 7 RefineTorusLB MEM: 0 MB
LDB: TIME 3179.61 LOAD: AVG 0.0304695 MAX 0.196104  PROXIES: TOTAL 56 MAXPE 7 MAXPATCH 7 RefineTorusLB MEM: 0 MB
LDB: Reverting to original mapping
LDB: ============== END OF LOAD BALANCING =============== 3179.61
Info: useSync: 0 useProxySync: 0
LDB: =============== DONE WITH MIGRATION ================ 3179.62
WRITING COORDINATES TO DCD FILE MD.dcd AT STEP 470000
PRESSURE: 470000 61.7836 -18.5798 -453.039 -177.269 -56.6067 -140.447 188.933 152.445 185.226
GPRESSURE: 470000 -138.627 23.652 -502.624 103.761 75.2294 -461.134 285.026 408.403 337.938
PRESSAVG: 470000 -285.876 0.148979 -15.6419 -87.5134 -354.626 -46.0083 -2.91134 -58.9376 185.359
GPRESSAVG: 470000 -285.913 0.0795639 -15.234 -87.8239 -354.98 -46.1281 -3.03351 -58.8016 185.637
ENERGY:  470000         0.0000         0.0000         0.0000         0.0000          -5672.0660       410.8696         0.0000         0.0000       910.2538          -4350.9426       289.1796     -5261.1964     -4349.6911       295.0838             63.4677        91.5137     22548.0941      -151.7142      -151.7521

LDB: ============= START OF LOAD BALANCING ============== 3191.18
LDB: ============== END OF LOAD BALANCING =============== 3191.18
Info: useSync: 0 useProxySync: 0
LDB: =============== DONE WITH MIGRATION ================ 3191.18
LDB: ============= START OF LOAD BALANCING ============== 3191.39
LDB: TIME 3191.39 LOAD: AVG 0.0312631 MAX 0.199073  PROXIES: TOTAL 56 MAXPE 7 MAXPATCH 7 None MEM: 0 MB
LDB: TIME 3191.39 LOAD: AVG 0.0312631 MAX 0.199073  PROXIES: TOTAL 56 MAXPE 7 MAXPATCH 7 RefineTorusLB MEM: 0 MB
LDB: TIME 3191.39 LOAD: AVG 0.0312631 MAX 0.199073  PROXIES: TOTAL 56 MAXPE 7 MAXPATCH 7 RefineTorusLB MEM: 0 MB
LDB: ============== END OF LOAD BALANCING =============== 3191.39
Info: useSync: 0 useProxySync: 0
LDB: =============== DONE WITH MIGRATION ================ 3191.39
LDB: ============= START OF LOAD BALANCING ============== 3205.18
LDB: ============== END OF LOAD BALANCING =============== 3205.18
Info: useSync: 0 useProxySync: 0
LDB: =============== DONE WITH MIGRATION ================ 3205.18
LDB: ============= START OF LOAD BALANCING ============== 3205.39
LDB: TIME 3205.39 LOAD: AVG 0.0304579 MAX 0.196895  PROXIES: TOTAL 56 MAXPE 7 MAXPATCH 7 None MEM: 0 MB
LDB: TIME 3205.39 LOAD: AVG 0.0304579 MAX 0.196895  PROXIES: TOTAL 56 MAXPE 7 MAXPATCH 7 RefineTorusLB MEM: 0 MB
LDB: TIME 3205.39 LOAD: AVG 0.0304579 MAX 0.196895  PROXIES: TOTAL 56 MAXPE 7 MAXPATCH 7 RefineTorusLB MEM: 0 MB
LDB: Reverting to original mapping
LDB: ============== END OF LOAD BALANCING =============== 3205.39
Info: useSync: 0 useProxySync: 0
LDB: =============== DONE WITH MIGRATION ================ 3205.39
LDB: ============= START OF LOAD BALANCING ============== 3215.7
LDB: ============== END OF LOAD BALANCING =============== 3215.7
Info: useSync: 0 useProxySync: 0
LDB: =============== DONE WITH MIGRATION ================ 3215.71
LDB: ============= START OF LOAD BALANCING ============== 3216.31
LDB: TIME 3216.31 LOAD: AVG 0.0489562 MAX 0.299899  PROXIES: TOTAL 56 MAXPE 7 MAXPATCH 7 None MEM: 0 MB
LDB: TIME 3216.31 LOAD: AVG 0.0489562 MAX 0.299899  PROXIES: TOTAL 56 MAXPE 7 MAXPATCH 7 RefineTorusLB MEM: 0 MB
LDB: TIME 3216.31 LOAD: AVG 0.0489562 MAX 0.299899  PROXIES: TOTAL 56 MAXPE 7 MAXPATCH 7 RefineTorusLB MEM: 0 MB
LDB: Reverting to original mapping
LDB: ============== END OF LOAD BALANCING =============== 3216.32
Info: useSync: 0 useProxySync: 0
LDB: =============== DONE WITH MIGRATION ================ 3216.32
WRITING COORDINATES TO DCD FILE MD.dcd AT STEP 475000
PRESSURE: 475000 -1173.27 -352.448 -207.828 -41.2355 493.275 316.269 -327.214 265.749 751.001
GPRESSURE: 475000 -866.975 -238.853 -255.807 -367.169 261.209 547.373 -296.604 235.995 770.32
PRESSAVG: 475000 -294.313 -59.0551 33.3295 -46.2383 -201.097 52.3336 44.4121 47.6447 191.183
GPRESSAVG: 475000 -294.278 -59.2637 33.1118 -45.867 -201.018 52.634 44.9835 47.2027 191.036
ENERGY:  475000         0.0000         0.0000         0.0000         0.0000          -5624.1595       406.1127         0.0000         0.0000      1002.0079          -4216.0390       318.3291     -5218.0469     -4213.9453       300.2139             23.6695        54.8510     22548.0941      -101.4090      -101.4201

LDB: ============= START OF LOAD BALANCING ============== 3228.96
LDB: ============== END OF LOAD BALANCING =============== 3228.96
Info: useSync: 0 useProxySync: 0
LDB: =============== DONE WITH MIGRATION ================ 3228.98
LDB: ============= START OF LOAD BALANCING ============== 3229.5
LDB: TIME 3229.51 LOAD: AVG 0.0469134 MAX 0.326961  PROXIES: TOTAL 56 MAXPE 7 MAXPATCH 7 None MEM: 0 MB
LDB: TIME 3229.51 LOAD: AVG 0.0469134 MAX 0.326961  PROXIES: TOTAL 56 MAXPE 7 MAXPATCH 7 RefineTorusLB MEM: 0 MB
LDB: TIME 3229.51 LOAD: AVG 0.0469134 MAX 0.326961  PROXIES: TOTAL 56 MAXPE 7 MAXPATCH 7 RefineTorusLB MEM: 0 MB
LDB: ============== END OF LOAD BALANCING =============== 3229.51
Info: useSync: 0 useProxySync: 0
LDB: =============== DONE WITH MIGRATION ================ 3229.56
LDB: ============= START OF LOAD BALANCING ============== 3242.44
LDB: ============== END OF LOAD BALANCING =============== 3242.44
Info: useSync: 0 useProxySync: 0
LDB: =============== DONE WITH MIGRATION ================ 3242.44
LDB: ============= START OF LOAD BALANCING ============== 3242.67
LDB: TIME 3242.67 LOAD: AVG 0.0309656 MAX 0.199203  PROXIES: TOTAL 56 MAXPE 7 MAXPATCH 7 None MEM: 0 MB
LDB: TIME 3242.67 LOAD: AVG 0.0309656 MAX 0.199203  PROXIES: TOTAL 56 MAXPE 7 MAXPATCH 7 RefineTorusLB MEM: 0 MB
LDB: TIME 3242.67 LOAD: AVG 0.0309656 MAX 0.199203  PROXIES: TOTAL 56 MAXPE 7 MAXPATCH 7 RefineTorusLB MEM: 0 MB
LDB: Reverting to original mapping
LDB: ============== END OF LOAD BALANCING =============== 3242.67
Info: useSync: 0 useProxySync: 0
LDB: =============== DONE WITH MIGRATION ================ 3242.67
PRESSURE: 480000 277.659 255.043 -681.841 57.2123 -31.9845 -469.638 -767.787 -558.669 382.917
GPRESSURE: 480000 169.854 236.952 -1007.34 385.009 91.7517 -640.449 -840.852 -282.83 415.496
PRESSAVG: 480000 -173.88 -36.3181 0.62557 -0.230184 -173.231 -22.9602 46.8243 15.5189 116.08
GPRESSAVG: 480000 -174.273 -35.9384 0.317552 -0.715666 -173.25 -23.1162 47.0915 15.621 116.46
ENERGY:  480000         0.0000         0.0000         0.0000         0.0000          -5610.3017       408.7590         0.0000         0.0000       931.5894          -4269.9534       295.9578     -5201.5427     -4266.2789       301.8260            209.5305       225.7006     22548.0941       -77.0107       -77.0211

WRITING COORDINATES TO DCD FILE MD.dcd AT STEP 480000
LDB: ============= START OF LOAD BALANCING ============== 3254.59
LDB: ============== END OF LOAD BALANCING =============== 3254.6
Info: useSync: 0 useProxySync: 0
LDB: =============== DONE WITH MIGRATION ================ 3254.61
LDB: ============= START OF LOAD BALANCING ============== 3255.03
LDB: TIME 3255.03 LOAD: AVG 0.0386073 MAX 0.251884  PROXIES: TOTAL 56 MAXPE 7 MAXPATCH 7 None MEM: 0 MB
LDB: TIME 3255.03 LOAD: AVG 0.0386073 MAX 0.251884  PROXIES: TOTAL 56 MAXPE 7 MAXPATCH 7 RefineTorusLB MEM: 0 MB
LDB: TIME 3255.03 LOAD: AVG 0.0386073 MAX 0.251884  PROXIES: TOTAL 56 MAXPE 7 MAXPATCH 7 RefineTorusLB MEM: 0 MB
LDB: Reverting to original mapping
LDB: ============== END OF LOAD BALANCING =============== 3255.04
Info: useSync: 0 useProxySync: 0
LDB: =============== DONE WITH MIGRATION ================ 3255.13
LDB: ============= START OF LOAD BALANCING ============== 3265.06
LDB: ============== END OF LOAD BALANCING =============== 3265.06
Info: useSync: 0 useProxySync: 0
LDB: =============== DONE WITH MIGRATION ================ 3265.06
LDB: ============= START OF LOAD BALANCING ============== 3265.64
LDB: TIME 3265.66 LOAD: AVG 0.0562024 MAX 0.386034  PROXIES: TOTAL 56 MAXPE 7 MAXPATCH 7 None MEM: 0 MB
LDB: TIME 3265.66 LOAD: AVG 0.0562024 MAX 0.386034  PROXIES: TOTAL 56 MAXPE 7 MAXPATCH 7 RefineTorusLB MEM: 0 MB
LDB: TIME 3265.66 LOAD: AVG 0.0562024 MAX 0.386034  PROXIES: TOTAL 56 MAXPE 7 MAXPATCH 7 RefineTorusLB MEM: 0 MB
LDB: ============== END OF LOAD BALANCING =============== 3265.66
Info: useSync: 0 useProxySync: 0
LDB: =============== DONE WITH MIGRATION ================ 3265.71
LDB: ============= START OF LOAD BALANCING ============== 3279.07
LDB: ============== END OF LOAD BALANCING =============== 3279.07
Info: useSync: 0 useProxySync: 0
LDB: =============== DONE WITH MIGRATION ================ 3279.07
LDB: ============= START OF LOAD BALANCING ============== 3279.28
LDB: TIME 3279.28 LOAD: AVG 0.0305269 MAX 0.196377  PROXIES: TOTAL 56 MAXPE 7 MAXPATCH 7 None MEM: 0 MB
LDB: TIME 3279.28 LOAD: AVG 0.0305269 MAX 0.196377  PROXIES: TOTAL 56 MAXPE 7 MAXPATCH 7 RefineTorusLB MEM: 0 MB
LDB: TIME 3279.28 LOAD: AVG 0.0305269 MAX 0.196377  PROXIES: TOTAL 56 MAXPE 7 MAXPATCH 7 RefineTorusLB MEM: 0 MB
LDB: Reverting to original mapping
LDB: ============== END OF LOAD BALANCING =============== 3279.28
Info: useSync: 0 useProxySync: 0
LDB: =============== DONE WITH MIGRATION ================ 3279.28
WRITING COORDINATES TO DCD FILE MD.dcd AT STEP 485000
PRESSURE: 485000 -807.122 212.859 -183.277 -91.9282 -998.416 46.4417 -198.155 -204.143 -102.874
GPRESSURE: 485000 -890.662 549.106 -124.135 -511.761 -900.934 188.862 -245.564 -394.984 -76.6383
PRESSAVG: 485000 -177.932 -27.1571 -6.11216 -8.5594 -264.688 -18.9777 26.7657 -19.5438 94.493
GPRESSAVG: 485000 -177.618 -27.1362 -6.02244 -8.40352 -264.864 -18.8163 26.8085 -19.3031 94.39
ENERGY:  485000         0.0000         0.0000         0.0000         0.0000          -5590.5879       367.2787         0.0000         0.0000       896.4749          -4326.8343       284.8022     -5223.3092     -4325.2476       295.1306           -636.1376      -622.7449     22548.0941      -116.0423      -116.0309

LDB: ============= START OF LOAD BALANCING ============== 3292.65
LDB: ============== END OF LOAD BALANCING =============== 3292.65
Info: useSync: 0 useProxySync: 0
LDB: =============== DONE WITH MIGRATION ================ 3292.65
LDB: ============= START OF LOAD BALANCING ============== 3292.86
LDB: TIME 3292.86 LOAD: AVG 0.0310052 MAX 0.198218  PROXIES: TOTAL 56 MAXPE 7 MAXPATCH 7 None MEM: 0 MB
LDB: TIME 3292.86 LOAD: AVG 0.0310052 MAX 0.198218  PROXIES: TOTAL 56 MAXPE 7 MAXPATCH 7 RefineTorusLB MEM: 0 MB
LDB: TIME 3292.86 LOAD: AVG 0.0310052 MAX 0.198218  PROXIES: TOTAL 56 MAXPE 7 MAXPATCH 7 RefineTorusLB MEM: 0 MB
LDB: ============== END OF LOAD BALANCING =============== 3292.86
Info: useSync: 0 useProxySync: 0
LDB: =============== DONE WITH MIGRATION ================ 3292.86
LDB: ============= START OF LOAD BALANCING ============== 3304.21
LDB: ============== END OF LOAD BALANCING =============== 3304.21
Info: useSync: 0 useProxySync: 0
LDB: =============== DONE WITH MIGRATION ================ 3304.21
LDB: ============= START OF LOAD BALANCING ============== 3304.42
LDB: TIME 3304.42 LOAD: AVG 0.0304404 MAX 0.195645  PROXIES: TOTAL 56 MAXPE 7 MAXPATCH 7 None MEM: 0 MB
LDB: TIME 3304.42 LOAD: AVG 0.0304404 MAX 0.195645  PROXIES: TOTAL 56 MAXPE 7 MAXPATCH 7 RefineTorusLB MEM: 0 MB
LDB: TIME 3304.42 LOAD: AVG 0.0304404 MAX 0.195645  PROXIES: TOTAL 56 MAXPE 7 MAXPATCH 7 RefineTorusLB MEM: 0 MB
LDB: ============== END OF LOAD BALANCING =============== 3304.42
Info: useSync: 0 useProxySync: 0
LDB: =============== DONE WITH MIGRATION ================ 3304.42
WRITING COORDINATES TO DCD FILE MD.dcd AT STEP 490000
PRESSURE: 490000 -667.937 -51.4976 -294.82 38.0375 14.3957 518.496 -531.318 177.615 -9.1974
GPRESSURE: 490000 -727.888 23.0672 -83.6426 11.614 136.977 421.142 -840.134 198.426 -26.6848
PRESSAVG: 490000 -177.049 120.174 -90.8779 75.3152 -272.442 3.62371 -88.7111 -16.7881 206.462
GPRESSAVG: 490000 -177.08 120.194 -90.8961 75.4483 -272.624 3.82078 -88.874 -16.9996 206.921
ENERGY:  490000         0.0000         0.0000         0.0000         0.0000          -5619.6662       388.0605         0.0000         0.0000       936.2853          -4295.3203       297.4496     -5231.6057     -4293.3511       298.0046           -220.9128      -205.8654     22548.0941       -81.0093       -80.9278

LDB: ============= START OF LOAD BALANCING ============== 3316.81
LDB: ============== END OF LOAD BALANCING =============== 3316.81
Info: useSync: 0 useProxySync: 0
LDB: =============== DONE WITH MIGRATION ================ 3316.82
LDB: ============= START OF LOAD BALANCING ============== 3317.12
LDB: TIME 3317.12 LOAD: AVG 0.0337271 MAX 0.220184  PROXIES: TOTAL 56 MAXPE 7 MAXPATCH 7 None MEM: 0 MB
LDB: TIME 3317.12 LOAD: AVG 0.0337271 MAX 0.220184  PROXIES: TOTAL 56 MAXPE 7 MAXPATCH 7 RefineTorusLB MEM: 0 MB
LDB: TIME 3317.12 LOAD: AVG 0.0337271 MAX 0.220184  PROXIES: TOTAL 56 MAXPE 7 MAXPATCH 7 RefineTorusLB MEM: 0 MB
LDB: ============== END OF LOAD BALANCING =============== 3317.12
Info: useSync: 0 useProxySync: 0
LDB: =============== DONE WITH MIGRATION ================ 3317.12
LDB: ============= START OF LOAD BALANCING ============== 3328.12
LDB: ============== END OF LOAD BALANCING =============== 3328.12
Info: useSync: 0 useProxySync: 0
LDB: =============== DONE WITH MIGRATION ================ 3328.12
LDB: ============= START OF LOAD BALANCING ============== 3328.33
LDB: TIME 3328.33 LOAD: AVG 0.0306566 MAX 0.197125  PROXIES: TOTAL 56 MAXPE 7 MAXPATCH 7 None MEM: 0 MB
LDB: TIME 3328.33 LOAD: AVG 0.0306566 MAX 0.197125  PROXIES: TOTAL 56 MAXPE 7 MAXPATCH 7 RefineTorusLB MEM: 0 MB
LDB: TIME 3328.33 LOAD: AVG 0.0306566 MAX 0.197125  PROXIES: TOTAL 56 MAXPE 7 MAXPATCH 7 RefineTorusLB MEM: 0 MB
LDB: ============== END OF LOAD BALANCING =============== 3328.33
Info: useSync: 0 useProxySync: 0
LDB: =============== DONE WITH MIGRATION ================ 3328.33
LDB: ============= START OF LOAD BALANCING ============== 3338.9
LDB: ============== END OF LOAD BALANCING =============== 3338.91
Info: useSync: 0 useProxySync: 0
LDB: =============== DONE WITH MIGRATION ================ 3338.91
LDB: ============= START OF LOAD BALANCING ============== 3339.12
LDB: TIME 3339.12 LOAD: AVG 0.0310897 MAX 0.201267  PROXIES: TOTAL 56 MAXPE 7 MAXPATCH 7 None MEM: 0 MB
LDB: TIME 3339.12 LOAD: AVG 0.0310897 MAX 0.201267  PROXIES: TOTAL 56 MAXPE 7 MAXPATCH 7 RefineTorusLB MEM: 0 MB
LDB: TIME 3339.12 LOAD: AVG 0.0310897 MAX 0.201267  PROXIES: TOTAL 56 MAXPE 7 MAXPATCH 7 RefineTorusLB MEM: 0 MB
LDB: ============== END OF LOAD BALANCING =============== 3339.12
Info: useSync: 0 useProxySync: 0
LDB: =============== DONE WITH MIGRATION ================ 3339.12
PRESSURE: 495000 -181.551 -162.362 -18.1186 424.713 -883.207 497.45 -6.01623 902.221 335.302
GPRESSURE: 495000 -287.912 -51.6501 -194.498 537.501 -911.906 245.076 22.262 998.349 532.874
PRESSAVG: 495000 -285.65 -42.859 22.2392 -48.5509 -284.787 -5.82876 13.8597 20.9637 187.63
GPRESSAVG: 495000 -285.406 -42.8747 21.8318 -48.3921 -284.57 -5.95721 13.6462 21.0127 187.39
ENERGY:  495000         0.0000         0.0000         0.0000         0.0000          -5599.9929       380.3569         0.0000         0.0000       958.0110          -4261.6250       304.3517     -5219.6360     -4259.6888       300.0436           -243.1519      -222.3144     22548.0941      -127.6021      -127.5285

WRITING COORDINATES TO DCD FILE MD.dcd AT STEP 495000
LDB: ============= START OF LOAD BALANCING ============== 3353.26
LDB: ============== END OF LOAD BALANCING =============== 3353.26
Info: useSync: 0 useProxySync: 0
LDB: =============== DONE WITH MIGRATION ================ 3353.26
LDB: ============= START OF LOAD BALANCING ============== 3353.47
LDB: TIME 3353.47 LOAD: AVG 0.0306746 MAX 0.19553  PROXIES: TOTAL 56 MAXPE 7 MAXPATCH 7 None MEM: 0 MB
LDB: TIME 3353.47 LOAD: AVG 0.0306746 MAX 0.19553  PROXIES: TOTAL 56 MAXPE 7 MAXPATCH 7 RefineTorusLB MEM: 0 MB
LDB: TIME 3353.47 LOAD: AVG 0.0306746 MAX 0.19553  PROXIES: TOTAL 56 MAXPE 7 MAXPATCH 7 RefineTorusLB MEM: 0 MB
LDB: Reverting to original mapping
LDB: ============== END OF LOAD BALANCING =============== 3353.47
Info: useSync: 0 useProxySync: 0
LDB: =============== DONE WITH MIGRATION ================ 3353.47
LDB: ============= START OF LOAD BALANCING ============== 3364.33
LDB: ============== END OF LOAD BALANCING =============== 3364.33
Info: useSync: 0 useProxySync: 0
LDB: =============== DONE WITH MIGRATION ================ 3364.33
LDB: ============= START OF LOAD BALANCING ============== 3364.53
LDB: TIME 3364.53 LOAD: AVG 0.0304744 MAX 0.195118  PROXIES: TOTAL 56 MAXPE 7 MAXPATCH 7 None MEM: 0 MB
LDB: TIME 3364.53 LOAD: AVG 0.0304744 MAX 0.195118  PROXIES: TOTAL 56 MAXPE 7 MAXPATCH 7 RefineTorusLB MEM: 0 MB
LDB: TIME 3364.53 LOAD: AVG 0.0304744 MAX 0.195118  PROXIES: TOTAL 56 MAXPE 7 MAXPATCH 7 RefineTorusLB MEM: 0 MB
LDB: Reverting to original mapping
LDB: ============== END OF LOAD BALANCING =============== 3364.53
Info: useSync: 0 useProxySync: 0
LDB: =============== DONE WITH MIGRATION ================ 3364.53
WRITING COORDINATES TO DCD FILE MD.dcd AT STEP 500000
WRITING COORDINATES TO RESTART FILE AT STEP 500000
FINISHED WRITING RESTART COORDINATES
WRITING VELOCITIES TO RESTART FILE AT STEP 500000
FINISHED WRITING RESTART VELOCITIES
PRESSURE: 500000 -358.526 34.1262 -229.889 -3.99438 37.1143 -539.025 -30.6445 -270.794 -341.935
GPRESSURE: 500000 -352.4 -154.305 -405.416 440.252 138.799 -413.701 -24.3771 -568.822 -399.401
PRESSAVG: 500000 -263.728 -9.18318 31.1193 22.9804 -283.602 28.0351 15.4747 3.92137 141.08
GPRESSAVG: 500000 -263.928 -9.43744 31.5345 22.9307 -283.882 28.2946 15.4643 3.98137 141.364
TIMING: 500000  CPU: 2671.18, 0.00508091/step  Wall: 3374.02, 0.00617837/step, 0 hours remaining, 0.000000 MB of memory in use.
PERFORMANCE: 500000  averaging 25.6088 ns/day, 0.00674768 sec/step with standard deviation 0.000480648
ETITLE:      TS           BOND          ANGLE          DIHED          IMPRP               ELECT            VDW       BOUNDARY           MISC        KINETIC               TOTAL           TEMP      POTENTIAL         TOTAL3        TEMPAVG            PRESSURE      GPRESSURE         VOLUME       PRESSAVG      GPRESSAVG

ENERGY:  500000         0.0000         0.0000         0.0000         0.0000          -5624.3553       379.5317         0.0000         0.0000       958.7781          -4286.0455       304.5954     -5244.8236     -4283.9660       299.0874           -221.1156      -204.3340     22548.0941      -135.4167      -135.4818

WRITING EXTENDED SYSTEM TO RESTART FILE AT STEP 500000
WRITING EXTENDED SYSTEM TO OUTPUT FILE AT STEP 500000
CLOSING EXTENDED SYSTEM TRAJECTORY FILE
WRITING COORDINATES TO OUTPUT FILE AT STEP 500000
CLOSING COORDINATE DCD FILE MD.dcd
WRITING VELOCITIES TO OUTPUT FILE AT STEP 500000
====================================================

WallClock: 3374.347656  CPUTime: 2671.345703  Memory: 0.000000 MB
[Partition 0][Node 0] End of program
