0 1816524788.1699
1 32698391.7536
2 2347711.1480
3 316468.9281
4 66014.7109
5 22613.3034
6 12888.9018
7 10328.2771
8 9573.8699
9 4143.2649
10 1486.9135
11 98.3672
12 -632.8448
13 -1159.0763
14 -1716.3167
15 -2094.1290
16 -2317.8634
17 -2698.9400
18 -2810.2819
19 -2670.5777
20 -2810.6586
21 -2810.8126
22 -2990.5448
23 -3078.0264
24 -3060.8240
25 -3085.5599
26 -3085.4883
27 -3085.5901
28 -3204.7039
29 -3287.0347
30 -3419.8856
31 -3503.6096
32 -3537.7174
33 -3518.6608
34 -3538.3898
35 -3538.2219
36 -3538.3901
37 -3678.1967
38 -3775.9535
39 -3808.2667
40 -3830.8448
41 -3842.2216
42 -3839.6271
43 -3843.0891
44 -3843.0705
45 -3843.0906
46 -3872.2259
47 -3887.8139
48 -3887.6859
49 -3889.8642
50 -3889.8475
51 -3889.8645
52 -3968.8449
53 -4042.7625
54 -4094.1425
55 -4162.4000
56 -4178.8596
57 -4141.5567
58 -4179.8118
59 -4259.2740
60 -4316.9885
61 -4348.9539
62 -4374.7296
63 -4416.2279
64 -4423.9073
65 -4397.5705
66 -4425.1580
67 -4532.1230
68 -4602.2489
69 -4633.9215
70 -4624.7508
71 -4635.5903
72 -4635.4942
73 -4635.5909
74 -4677.8815
75 -4710.4084
76 -4718.2169
77 -4725.0931
78 -4731.1934
79 -4737.0518
80 -4742.6460
81 -4748.0541
82 -4753.2397
83 -4758.2532
84 -4763.0594
85 -4767.7071
86 -4772.1658
87 -4776.4870
88 -4780.6515
89 -4784.7208
90 -4788.6849
91 -4792.6118
92 -4796.5101
93 -4800.4604
94 -4804.4778
95 -4808.6408
96 -4812.9612
97 -4817.4898
98 -4822.2122
99 -4827.1363
100 -4832.2077
101 -4837.3854
102 -4842.5789
103 -4847.7078
104 -4852.6689
105 -4857.3554
106 -4861.6701
107 -4865.4902
108 -4868.7668
109 -4871.3447
110 -4873.2818
111 -4874.3809
112 -4874.5475
113 -4873.6884
114 -4874.6019
115 -4874.3898
116 -4874.6096
117 -4874.0937
118 -4874.4654
119 -4874.5646
120 -4874.5934
121 -4874.6033
122 -4874.6071
123 -4874.6083
124 -4874.6090
125 -4874.6093
126 -4874.6094
127 -4874.6095
128 -4874.3983
129 -4874.5992
130 -4874.0675
131 -4874.4301
132 -4874.5379
133 -4874.5741
134 -4874.5882
135 -4874.5942
136 -4874.5968
137 -4874.5980
138 -4874.5986
139 -4874.5989
140 -4874.5991
141 -4874.0874
142 -4874.4402
143 -4874.5426
144 -4874.5763
145 -4874.5892
146 -4874.5946
147 -4874.5970
148 -4874.5980
149 -4874.5985
150 -4874.5988
151 -4874.5989
152 -4874.0971
153 -4874.4457
154 -4874.5451
155 -4874.5774
156 -4874.5897
157 -4874.5948
158 -4874.5971
159 -4874.5979
160 -4874.5984
161 -4874.5987
162 -4874.5988
163 -4874.1279
164 -4874.4549
165 -4874.5492
166 -4874.5794
167 -4874.5906
168 -4874.5951
169 -4874.5972
170 -4874.5979
171 -4874.5984
172 -4874.5986
173 -4874.5987
174 -4874.1272
175 -4874.4558
176 -4874.5496
177 -4874.5795
178 -4874.5906
179 -4874.5951
180 -4874.5971
181 -4874.5978
182 -4874.5983
183 -4874.5985
184 -4874.5986
185 -4874.1265
186 -4874.4567
187 -4874.5499
188 -4874.5796
189 -4874.5906
190 -4874.5950
191 -4874.5970
192 -4874.5977
193 -4874.5982
194 -4874.5984
195 -4874.5985
196 -4874.1259
197 -4874.4576
198 -4874.5504
199 -4874.5797
200 -4874.5905
201 -4874.5950
202 -4874.5969
203 -4874.5976
204 -4874.5981
205 -4874.5983
206 -4874.5984
207 -4874.1252
208 -4874.4584
209 -4874.5507
210 -4874.5798
211 -4874.5905
212 -4874.5949
213 -4874.5968
214 -4874.5976
215 -4874.5980
216 -4874.5982
217 -4874.5983
218 -4874.1252
219 -4874.4533
220 -4874.5482
221 -4874.5784
222 -4874.5898
223 -4874.5943
224 -4874.5966
225 -4874.5975
226 -4874.5978
227 -4874.5981
228 -4874.5982
229 -4874.1245
230 -4874.4541
231 -4874.5485
232 -4874.5785
233 -4874.5898
234 -4874.5943
235 -4874.5965
236 -4874.5975
237 -4874.5977
238 -4874.5980
239 -4874.5981
240 -4874.1238
241 -4874.4551
242 -4874.5489
243 -4874.5787
244 -4874.5898
245 -4874.5942
246 -4874.5964
247 -4874.5974
248 -4874.5976
249 -4874.5979
250 -4874.5980
251 -4874.1231
252 -4874.4559
253 -4874.5493
254 -4874.5788
255 -4874.5898
256 -4874.5941
257 -4874.5963
258 -4874.5973
259 -4874.5976
260 -4874.5977
261 -4874.5979
262 -4874.1225
263 -4874.4568
264 -4874.5496
265 -4874.5789
266 -4874.5898
267 -4874.5941
268 -4874.5962
269 -4874.5972
270 -4874.5976
271 -4874.5976
272 -4874.5977
273 -4874.1219
274 -4874.4577
275 -4874.5500
276 -4874.5790
277 -4874.5897
278 -4874.5940
279 -4874.5961
280 -4874.5971
281 -4874.5975
282 -4874.5976
283 -4874.5976
284 -4874.1219
285 -4874.4513
286 -4874.5468
287 -4874.5774
288 -4874.5890
289 -4874.5936
290 -4874.5959
291 -4874.5969
292 -4874.5974
293 -4874.1192
294 -4874.4510
295 -4874.5464
296 -4874.5770
297 -4874.5885
298 -4874.5932
299 -4874.5954
300 -4874.5964
301 -4874.5969
302 -4874.5971
303 -4874.5973
304 -4874.1186
305 -4874.4520
306 -4874.5469
307 -4874.5771
308 -4874.5885
309 -4874.5931
310 -4874.5953
311 -4874.5963
312 -4874.5968
313 -4874.5971
314 -4874.5972
315 -4874.1181
316 -4874.4529
317 -4874.5473
318 -4874.5772
319 -4874.5885
320 -4874.5930
321 -4874.5953
322 -4874.5962
323 -4874.5967
324 -4874.5969
325 -4874.5971
326 -4874.1174
327 -4874.4538
328 -4874.5478
329 -4874.5773
330 -4874.5885
331 -4874.5930
332 -4874.5952
333 -4874.5961
334 -4874.5966
335 -4874.5968
336 -4874.5969
337 -4874.1169
338 -4874.4547
339 -4874.5482
340 -4874.5774
341 -4874.5885
342 -4874.5929
343 -4874.5951
344 -4874.5960
345 -4874.5965
346 -4874.5967
347 -4874.5968
348 -4874.1170
349 -4874.4483
350 -4874.5448
351 -4874.5759
352 -4874.5877
353 -4874.5925
354 -4874.5948
355 -4874.5958
356 -4874.5963
357 -4874.5966
358 -4874.5967
359 -4874.1164
360 -4874.4492
361 -4874.5452
362 -4874.5760
363 -4874.5877
364 -4874.5924
365 -4874.5947
366 -4874.5958
367 -4874.5962
368 -4874.5964
369 -4874.5966
370 -4874.1157
371 -4874.4501
372 -4874.5456
373 -4874.5761
374 -4874.5877
375 -4874.5924
376 -4874.5944
377 -4874.5956
378 -4874.5961
379 -4874.5963
380 -4874.5964
381 -4874.1150
382 -4874.4510
383 -4874.5460
384 -4874.5763
385 -4874.5877
386 -4874.5923
387 -4874.5943
388 -4874.5955
389 -4874.5960
390 -4874.5962
391 -4874.5963
392 -4874.1144
393 -4874.4520
394 -4874.5464
395 -4874.5764
396 -4874.5876
397 -4874.5922
398 -4874.5943
399 -4874.5955
400 -4874.5959
401 -4874.5961
402 -4874.5962
403 -4874.1138
404 -4874.4529
405 -4874.5468
406 -4874.5765
407 -4874.5876
408 -4874.5922
409 -4874.5942
410 -4874.5953
411 -4874.5958
412 -4874.5960
413 -4874.5961
414 -4874.1132
415 -4874.4538
416 -4874.5472
417 -4874.5766
418 -4874.5876
419 -4874.5923
420 -4874.5941
421 -4874.5953
422 -4874.5957
423 -4874.5959
424 -4874.5960
425 -4874.1133
426 -4874.4459
427 -4874.5433
428 -4874.5748
429 -4874.5867
430 -4874.5918
431 -4874.5938
432 -4874.5951
433 -4874.5955
434 -4874.5958
435 -4874.5959
436 -4874.1126
437 -4874.4469
438 -4874.5437
439 -4874.5749
440 -4874.5867
441 -4874.5917
442 -4874.5937
443 -4874.5950
444 -4874.5954
445 -4874.5957
446 -4874.5958
447 -4874.1120
448 -4874.4478
449 -4874.5441
450 -4874.5750
451 -4874.5867
452 -4874.5916
453 -4874.5936
454 -4874.5949
455 -4874.5953
456 -4874.5956
457 -4874.5957
458 -4874.1114
459 -4874.4488
460 -4874.5445
461 -4874.5751
462 -4874.5867
463 -4874.5916
464 -4874.5935
465 -4874.5945
466 -4874.5952
467 -4874.5954
468 -4874.5956
469 -4874.1108
470 -4874.4497
471 -4874.5449
472 -4874.5752
473 -4874.5867
474 -4874.5915
475 -4874.5935
476 -4874.5944
477 -4874.5951
478 -4874.5953
479 -4874.5955
480 -4874.1102
481 -4874.4506
482 -4874.5453
483 -4874.5753
484 -4874.5867
485 -4874.5914
486 -4874.5934
487 -4874.5943
488 -4874.5950
489 -4874.5952
490 -4874.5953
491 -4874.1096
492 -4874.4515
493 -4874.5457
494 -4874.5755
495 -4874.5867
496 -4874.5914
497 -4874.5933
498 -4874.5942
499 -4874.5949
500 -4874.5951
501 -4874.5952
502 -4874.1097
503 -4874.4436
504 -4874.5419
505 -4874.5736
506 -4874.5858
507 -4874.5908
508 -4874.5930
509 -4874.5940
510 -4874.5945
511 -4874.5950
512 -4874.5951
513 -4874.1090
514 -4874.4446
515 -4874.5421
516 -4874.5737
517 -4874.5857
518 -4874.5908
519 -4874.5929
520 -4874.5939
521 -4874.5944
522 -4874.5949
523 -4874.5950
524 -4874.1084
525 -4874.4455
526 -4874.5426
527 -4874.5738
528 -4874.5857
529 -4874.5906
530 -4874.5928
531 -4874.5938
532 -4874.5943
533 -4874.5947
534 -4874.5949
535 -4874.1077
536 -4874.4465
537 -4874.5430
538 -4874.5740
539 -4874.5857
540 -4874.5906
541 -4874.5927
542 -4874.5937
543 -4874.5942
544 -4874.5944
545 -4874.5947
546 -4874.1071
547 -4874.4474
548 -4874.5434
549 -4874.5741
550 -4874.5857
551 -4874.5905
552 -4874.5926
553 -4874.5936
554 -4874.5941
555 -4874.5943
556 -4874.5944
557 -4874.1065
558 -4874.4484
559 -4874.5439
560 -4874.5742
561 -4874.5857
562 -4874.5904
563 -4874.5925
564 -4874.5935
565 -4874.5939
566 -4874.5942
567 -4874.5943
568 -4874.1058
569 -4874.4493
570 -4874.5442
571 -4874.5743
572 -4874.5857
573 -4874.5904
574 -4874.5924
575 -4874.5934
576 -4874.5939
577 -4874.5941
578 -4874.5942
579 -4874.0805
580 -4874.4385
581 -4874.5389
582 -4874.5716
583 -4874.5843
584 -4874.5896
585 -4874.5920
586 -4874.5931
587 -4874.5937
588 -4874.5939
589 -4874.5941
590 -4874.1054
591 -4874.4410
592 -4874.5401
593 -4874.5722
594 -4874.5845
595 -4874.5897
596 -4874.5921
597 -4874.5930
598 -4874.5936
599 -4874.5938
600 -4874.5939
601 -4874.1047
602 -4874.4420
603 -4874.5405
604 -4874.5724
605 -4874.5845
606 -4874.5897
607 -4874.5920
608 -4874.5930
609 -4874.5935
610 -4874.5937
611 -4874.5938
612 -4874.1041
613 -4874.4429
614 -4874.5410
615 -4874.5725
616 -4874.5845
617 -4874.5896
618 -4874.5919
619 -4874.5929
620 -4874.5933
621 -4874.5936
622 -4874.5937
623 -4874.1034
624 -4874.4439
625 -4874.5414
626 -4874.5726
627 -4874.5845
628 -4874.5895
629 -4874.5918
630 -4874.5927
631 -4874.5932
632 -4874.5935
633 -4874.5936
634 -4874.1027
635 -4874.4449
636 -4874.5418
637 -4874.5727
638 -4874.5845
639 -4874.5895
640 -4874.5917
641 -4874.5926
642 -4874.5931
643 -4874.5934
644 -4874.5935
645 -4874.1021
646 -4874.4458
647 -4874.5422
648 -4874.5729
649 -4874.5845
650 -4874.5894
651 -4874.5916
652 -4874.5925
653 -4874.5930
654 -4874.5932
655 -4874.5934
656 -4874.1016
657 -4874.4468
658 -4874.5427
659 -4874.5730
660 -4874.5845
661 -4874.5893
662 -4874.5916
663 -4874.5924
664 -4874.5929
665 -4874.5932
666 -4874.5933
667 -4874.0764
668 -4874.4360
669 -4874.5373
670 -4874.5703
671 -4874.5831
672 -4874.5886
673 -4874.5911
674 -4874.5922
675 -4874.5927
676 -4874.5930
677 -4874.5931
678 -4874.1012
679 -4874.4384
680 -4874.5382
681 -4874.5710
682 -4874.5834
683 -4874.5886
684 -4874.5911
685 -4874.5922
686 -4874.5926
687 -4874.5929
688 -4874.5930
689 -4874.1005
690 -4874.4393
691 -4874.5387
692 -4874.5711
693 -4874.5834
694 -4874.5886
695 -4874.5910
696 -4874.5921
697 -4874.5925
698 -4874.5928
699 -4874.5929
700 -4874.0999
701 -4874.4403
702 -4874.5391
703 -4874.5712
704 -4874.5833
705 -4874.5884
706 -4874.5909
707 -4874.5920
708 -4874.5924
709 -4874.5926
710 -4874.5928
711 -4874.0992
712 -4874.4413
713 -4874.5396
714 -4874.5713
715 -4874.5833
716 -4874.5884
717 -4874.5908
718 -4874.5919
719 -4874.5922
720 -4874.5925
721 -4874.5926
722 -4874.0986
723 -4874.4423
724 -4874.5400
725 -4874.5715
726 -4874.5833
727 -4874.5883
728 -4874.5906
729 -4874.5918
730 -4874.5923
731 -4874.5924
732 -4874.5925
733 -4874.0980
734 -4874.4432
735 -4874.5405
736 -4874.5716
737 -4874.5833
738 -4874.5882
739 -4874.5905
740 -4874.5917
741 -4874.5921
742 -4874.5923
743 -4874.5924
744 -4874.0973
745 -4874.4442
746 -4874.5409
747 -4874.5717
748 -4874.5833
749 -4874.5882
750 -4874.5904
751 -4874.5916
752 -4874.5920
753 -4874.5923
754 -4874.5923
755 -4874.0723
756 -4874.4335
757 -4874.5357
758 -4874.5691
759 -4874.5820
760 -4874.5875
761 -4874.5900
762 -4874.5913
763 -4874.5918
764 -4874.5921
765 -4874.5923
766 -4874.0717
767 -4874.4346
768 -4874.5362
769 -4874.5693
770 -4874.5820
771 -4874.5874
772 -4874.5899
773 -4874.5912
774 -4874.5917
775 -4874.5920
776 -4874.5921
777 -4874.0966
778 -4874.4354
779 -4874.5360
780 -4874.5694
781 -4874.5821
782 -4874.5874
783 -4874.5898
784 -4874.5911
785 -4874.5916
786 -4874.5919
787 -4874.5920
788 -4874.0959
789 -4874.4364
790 -4874.5365
791 -4874.5695
792 -4874.5821
793 -4874.5873
794 -4874.5897
795 -4874.5909
796 -4874.5915
797 -4874.5918
798 -4874.5919
799 -4874.0952
800 -4874.4374
801 -4874.5369
802 -4874.5696
803 -4874.5821
804 -4874.5872
805 -4874.5896
806 -4874.5908
807 -4874.5914
808 -4874.5916
809 -4874.5918
810 -4874.0945
811 -4874.4384
812 -4874.5374
813 -4874.5698
814 -4874.5820
815 -4874.5872
816 -4874.5895
817 -4874.5906
818 -4874.5912
819 -4874.5915
820 -4874.5916
821 -4874.0939
822 -4874.4394
823 -4874.5379
824 -4874.5699
825 -4874.5820
826 -4874.5871
827 -4874.5895
828 -4874.5905
829 -4874.5911
830 -4874.5914
831 -4874.5915
832 -4874.0933
833 -4874.4404
834 -4874.5384
835 -4874.5701
836 -4874.5820
837 -4874.5870
838 -4874.5893
839 -4874.5904
840 -4874.5910
841 -4874.5913
842 -4874.5914
843 -4874.0927
844 -4874.4414
845 -4874.5389
846 -4874.5702
847 -4874.5821
848 -4874.5870
849 -4874.5892
850 -4874.5903
851 -4874.5909
852 -4874.5912
853 -4874.5913
854 -4874.0677
855 -4874.4307
856 -4874.5337
857 -4874.5676
858 -4874.5807
859 -4874.5862
860 -4874.5888
861 -4874.5900
862 -4874.5907
863 -4874.5910
864 -4874.5911
865 -4874.0671
866 -4874.4318
867 -4874.5343
868 -4874.5677
869 -4874.5807
870 -4874.5862
871 -4874.5888
872 -4874.5899
873 -4874.5905
874 -4874.5909
875 -4874.5910
876 -4874.0919
877 -4874.4324
878 -4874.5340
879 -4874.5678
880 -4874.5807
881 -4874.5861
882 -4874.5886
883 -4874.5898
884 -4874.5903
885 -4874.5907
886 -4874.5909
887 -4874.0912
888 -4874.4334
889 -4874.5344
890 -4874.5680
891 -4874.5807
892 -4874.5860
893 -4874.5885
894 -4874.5897
895 -4874.5902
896 -4874.5905
897 -4874.5907
898 -4874.0905
899 -4874.4344
900 -4874.5349
901 -4874.5682
902 -4874.5807
903 -4874.5860
904 -4874.5884
905 -4874.5895
906 -4874.5901
907 -4874.5904
908 -4874.5905
909 -4874.0899
910 -4874.4355
911 -4874.5354
912 -4874.5683
913 -4874.5807
914 -4874.5859
915 -4874.5883
916 -4874.5895
917 -4874.5900
918 -4874.5902
919 -4874.5904
920 -4874.0892
921 -4874.4365
922 -4874.5358
923 -4874.5683
924 -4874.5807
925 -4874.5858
926 -4874.5881
927 -4874.5893
928 -4874.5898
929 -4874.5901
930 -4874.5902
931 -4874.0886
932 -4874.4375
933 -4874.5363
934 -4874.5684
935 -4874.5807
936 -4874.5858
937 -4874.5881
938 -4874.5892
939 -4874.5897
940 -4874.5900
941 -4874.5901
942 -4874.0880
943 -4874.4385
944 -4874.5367
945 -4874.5686
946 -4874.5807
947 -4874.5857
948 -4874.5880
949 -4874.5891
950 -4874.5896
951 -4874.5899
952 -4874.5900
953 -4874.0631
954 -4874.4279
955 -4874.5316
956 -4874.5660
957 -4874.5794
958 -4874.5850
959 -4874.5876
960 -4874.5889
961 -4874.5894
962 -4874.5897
963 -4874.5899
964 -4874.0626
965 -4874.4291
966 -4874.5322
967 -4874.5662
968 -4874.5794
969 -4874.5849
970 -4874.5875
971 -4874.5887
972 -4874.5893
973 -4874.5896
974 -4874.5897
975 -4874.0872
976 -4874.4293
977 -4874.5319
978 -4874.5664
979 -4874.5791
980 -4874.5848
981 -4874.5873
982 -4874.5886
983 -4874.5892
984 -4874.5895
985 -4874.5896
986 -4874.0864
987 -4874.4304
988 -4874.5324
989 -4874.5665
990 -4874.5791
991 -4874.5847
992 -4874.5872
993 -4874.5884
994 -4874.5890
995 -4874.5893
996 -4874.5895
997 -4874.0858
998 -4874.4315
999 -4874.5328
1000 -4874.5667
1001 -4874.5791
1002 -4874.5847
1003 -4874.5871
1004 -4874.5883
1005 -4874.5889
1006 -4874.5892
1007 -4874.5894
1008 -4874.0851
1009 -4874.4325
1010 -4874.5333
1011 -4874.5668
1012 -4874.5791
1013 -4874.5846
1014 -4874.5871
1015 -4874.5882
1016 -4874.5888
1017 -4874.5891
1018 -4874.5892
1019 -4874.0845
1020 -4874.4335
1021 -4874.5338
1022 -4874.5669
1023 -4874.5791
1024 -4874.5845
1025 -4874.5869
1026 -4874.5881
1027 -4874.5887
1028 -4874.5889
1029 -4874.5891
1030 -4874.0839
1031 -4874.4345
1032 -4874.5342
1033 -4874.5671
1034 -4874.5791
1035 -4874.5845
1036 -4874.5869
1037 -4874.5880
1038 -4874.5886
1039 -4874.5888
1040 -4874.5889
1041 -4874.0832
1042 -4874.4356
1043 -4874.5347
1044 -4874.5672
1045 -4874.5791
1046 -4874.5844
1047 -4874.5868
1048 -4874.5878
1049 -4874.5884
1050 -4874.5887
1051 -4874.5888
1052 -4874.0585
1053 -4874.4251
1054 -4874.5296
1055 -4874.5647
1056 -4874.5778
1057 -4874.5837
1058 -4874.5864
1059 -4874.5876
1060 -4874.5882
1061 -4874.5885
1062 -4874.5887
1063 -4874.0579
1064 -4874.4262
1065 -4874.5302
1066 -4874.5649
1067 -4874.5778
1068 -4874.5836
1069 -4874.5863
1070 -4874.5875
1071 -4874.5880
1072 -4874.5884
1073 -4874.5885
1074 -4874.0824
1075 -4874.4262
1076 -4874.5299
1077 -4874.5648
1078 -4874.5777
1079 -4874.5835
1080 -4874.5861
1081 -4874.5873
1082 -4874.5879
1083 -4874.5882
1084 -4874.5883
1085 -4874.0818
1086 -4874.4272
1087 -4874.5303
1088 -4874.5650
1089 -4874.5777
1090 -4874.5834
1091 -4874.5860
1092 -4874.5872
1093 -4874.5878
1094 -4874.5881
1095 -4874.5882
1096 -4874.0811
1097 -4874.4283
1098 -4874.5308
1099 -4874.5651
1100 -4874.5777
1101 -4874.5833
1102 -4874.5859
1103 -4874.5871
1104 -4874.5877
1105 -4874.5879
1106 -4874.5881
1107 -4874.0804
1108 -4874.4295
1109 -4874.5313
1110 -4874.5653
1111 -4874.5777
1112 -4874.5833
1113 -4874.5858
1114 -4874.5870
1115 -4874.5875
1116 -4874.5878
1117 -4874.5879
1118 -4874.0798
1119 -4874.4305
1120 -4874.5318
1121 -4874.5654
1122 -4874.5777
1123 -4874.5832
1124 -4874.5857
1125 -4874.5869
1126 -4874.5874
1127 -4874.5877
1128 -4874.5878
1129 -4874.0791
1130 -4874.4316
1131 -4874.5322
1132 -4874.5656
1133 -4874.5777
1134 -4874.5832
1135 -4874.5856
1136 -4874.5867
1137 -4874.5873
1138 -4874.5875
1139 -4874.5877
1140 -4874.0786
1141 -4874.4327
1142 -4874.5327
1143 -4874.5657
1144 -4874.5777
1145 -4874.5831
1146 -4874.5855
1147 -4874.5866
1148 -4874.5872
1149 -4874.5874
1150 -4874.5875
1151 -4874.0539
1152 -4874.4222
1153 -4874.5276
1154 -4874.5631
1155 -4874.5764
1156 -4874.5824
1157 -4874.5851
1158 -4874.5864
1159 -4874.5870
1160 -4874.5873
1161 -4874.5874
1162 -4874.0533
1163 -4874.4234
1164 -4874.5282
1165 -4874.5633
1166 -4874.5765
1167 -4874.5823
1168 -4874.5850
1169 -4874.5862
1170 -4874.5869
1171 -4874.5871
1172 -4874.5873
1173 -4874.0777
1174 -4874.4232
1175 -4874.5278
1176 -4874.5632
1177 -4874.5763
1178 -4874.5822
1179 -4874.5848
1180 -4874.5861
1181 -4874.5867
1182 -4874.5870
1183 -4874.5871
1184 -4874.0772
1185 -4874.4243
1186 -4874.5283
1187 -4874.5633
1188 -4874.5763
1189 -4874.5821
1190 -4874.5847
1191 -4874.5859
1192 -4874.5866
1193 -4874.5869
1194 -4874.5870
1195 -4874.0765
1196 -4874.4254
1197 -4874.5288
1198 -4874.5635
1199 -4874.5763
1200 -4874.5821
1201 -4874.5846
1202 -4874.5858
1203 -4874.5864
1204 -4874.5867
1205 -4874.5869
1206 -4874.0758
1207 -4874.4264
1208 -4874.5293
1209 -4874.5636
1210 -4874.5763
1211 -4874.5820
1212 -4874.5844
1213 -4874.5857
1214 -4874.5863
1215 -4874.5866
1216 -4874.5867
1217 -4874.0751
1218 -4874.4274
1219 -4874.5298
1220 -4874.5638
1221 -4874.5763
1222 -4874.5819
1223 -4874.5844
1224 -4874.5856
1225 -4874.5862
1226 -4874.5864
1227 -4874.5866
1228 -4874.0742
1229 -4874.4285
1230 -4874.5303
1231 -4874.5639
1232 -4874.5763
1233 -4874.5819
1234 -4874.5842
1235 -4874.5855
1236 -4874.5860
1237 -4874.5863
1238 -4874.5865
1239 -4874.0736
1240 -4874.4295
1241 -4874.5307
1242 -4874.5641
1243 -4874.5763
1244 -4874.5818
1245 -4874.5842
1246 -4874.5854
1247 -4874.5859
1248 -4874.5862
1249 -4874.5863
1250 -4874.0491
1251 -4874.4193
1252 -4874.5257
1253 -4874.5616
1254 -4874.5750
1255 -4874.5811
1256 -4874.5838
1257 -4874.5851
1258 -4874.5857
1259 -4874.5860
1260 -4874.5862
1261 -4874.0485
1262 -4874.4206
1263 -4874.5262
1264 -4874.5618
1265 -4874.5750
1266 -4874.5811
1267 -4874.5837
1268 -4874.5850
1269 -4874.5856
1270 -4874.5859
1271 -4874.5861
1272 -4874.0728
1273 -4874.4202
1274 -4874.5257
1275 -4874.5614
1276 -4874.5748
1277 -4874.5808
1278 -4874.5835
1279 -4874.5848
1280 -4874.5854
1281 -4874.5857
1282 -4874.5859
1283 -4874.0721
1284 -4874.4213
1285 -4874.5262
1286 -4874.5616
1287 -4874.5748
1288 -4874.5808
1289 -4874.5834
1290 -4874.5846
1291 -4874.5853
1292 -4874.5856
1293 -4874.5857
1294 -4874.0714
1295 -4874.4223
1296 -4874.5267
1297 -4874.5618
1298 -4874.5748
1299 -4874.5807
1300 -4874.5833
1301 -4874.5845
1302 -4874.5852
1303 -4874.5854
1304 -4874.5856
1305 -4874.0707
1306 -4874.4234
1307 -4874.5272
1308 -4874.5619
1309 -4874.5748
1310 -4874.5806
1311 -4874.5831
1312 -4874.5844
1313 -4874.5850
1314 -4874.5853
1315 -4874.5854
1316 -4874.0701
1317 -4874.4245
1318 -4874.5277
1319 -4874.5621
1320 -4874.5748
1321 -4874.5806
1322 -4874.5831
1323 -4874.5842
1324 -4874.5849
1325 -4874.5852
1326 -4874.5853
1327 -4874.0694
1328 -4874.4256
1329 -4874.5282
1330 -4874.5622
1331 -4874.5748
1332 -4874.5805
1333 -4874.5830
1334 -4874.5841
1335 -4874.5847
1336 -4874.5850
1337 -4874.5852
1338 -4874.0688
1339 -4874.4266
1340 -4874.5287
1341 -4874.5624
1342 -4874.5749
1343 -4874.5805
1344 -4874.5828
1345 -4874.5840
1346 -4874.5846
1347 -4874.5849
1348 -4874.5850
1349 -4874.0444
1350 -4874.4163
1351 -4874.5238
1352 -4874.5599
1353 -4874.5736
1354 -4874.5798
1355 -4874.5825
1356 -4874.5838
1357 -4874.5844
1358 -4874.5847
1359 -4874.5849
1360 -4874.0438
1361 -4874.4175
1362 -4874.5243
1363 -4874.5601
1364 -4874.5736
1365 -4874.5796
1366 -4874.5824
1367 -4874.5836
1368 -4874.5843
1369 -4874.5846
1370 -4874.5848
1371 -4874.0681
1372 -4874.4169
1373 -4874.5236
1374 -4874.5596
1375 -4874.5733
1376 -4874.5793
1377 -4874.5822
1378 -4874.5835
1379 -4874.5841
1380 -4874.5844
1381 -4874.5846
1382 -4874.0673
1383 -4874.4180
1384 -4874.5241
1385 -4874.5599
1386 -4874.5733
1387 -4874.5793
1388 -4874.5821
1389 -4874.5833
1390 -4874.5839
1391 -4874.5842
1392 -4874.5844
1393 -4874.0667
1394 -4874.4194
1395 -4874.5245
1396 -4874.5601
1397 -4874.5733
1398 -4874.5792
1399 -4874.5820
1400 -4874.5832
1401 -4874.5838
1402 -4874.5841
1403 -4874.5842
1404 -4874.0660
1405 -4874.4204
1406 -4874.5251
1407 -4874.5602
1408 -4874.5733
1409 -4874.5791
1410 -4874.5819
1411 -4874.5831
1412 -4874.5837
1413 -4874.5840
1414 -4874.5841
1415 -4874.0653
1416 -4874.4215
1417 -4874.5256
1418 -4874.5604
1419 -4874.5733
1420 -4874.5790
1421 -4874.5818
1422 -4874.5830
1423 -4874.5835
1424 -4874.5838
1425 -4874.5840
1426 -4874.0647
1427 -4874.4226
1428 -4874.5261
1429 -4874.5606
1430 -4874.5733
1431 -4874.5791
1432 -4874.5817
1433 -4874.5828
1434 -4874.5834
1435 -4874.5837
1436 -4874.5838
1437 -4874.0641
1438 -4874.4237
1439 -4874.5266
1440 -4874.5607
1441 -4874.5733
1442 -4874.5790
1443 -4874.5816
1444 -4874.5827
1445 -4874.5833
1446 -4874.5836
1447 -4874.5837
1448 -4874.0398
1449 -4874.4135
1450 -4874.5217
1451 -4874.5583
1452 -4874.5721
1453 -4874.5784
1454 -4874.5812
1455 -4874.5825
1456 -4874.5831
1457 -4874.5834
1458 -4874.5836
1459 -4874.0391
1460 -4874.4147
1461 -4874.5223
1462 -4874.5585
1463 -4874.5721
1464 -4874.5783
1465 -4874.5811
1466 -4874.5823
1467 -4874.5830
1468 -4874.5833
1469 -4874.5834
1470 -4874.0632
1471 -4874.4138
1472 -4874.5212
1473 -4874.5578
1474 -4874.5719
1475 -4874.5778
1476 -4874.5809
1477 -4874.5822
1478 -4874.5828
1479 -4874.5831
1480 -4874.5833
1481 -4874.0625
1482 -4874.4149
1483 -4874.5219
1484 -4874.5580
1485 -4874.5719
1486 -4874.5778
1487 -4874.5808
1488 -4874.5821
1489 -4874.5826
1490 -4874.5829
1491 -4874.5831
1492 -4874.0618
1493 -4874.4160
1494 -4874.5224
1495 -4874.5582
1496 -4874.5719
1497 -4874.5777
1498 -4874.5807
1499 -4874.5819
1500 -4874.5825
1501 -4874.5828
1502 -4874.5830
1503 -4874.0612
1504 -4874.4172
1505 -4874.5229
1506 -4874.5584
1507 -4874.5719
1508 -4874.5777
1509 -4874.5805
1510 -4874.5818
1511 -4874.5824
1512 -4874.5827
1513 -4874.5828
1514 -4874.0605
1515 -4874.4183
1516 -4874.5235
1517 -4874.5585
1518 -4874.5719
1519 -4874.5776
1520 -4874.5804
1521 -4874.5817
1522 -4874.5823
1523 -4874.5825
1524 -4874.5827
1525 -4874.0598
1526 -4874.4194
1527 -4874.5241
1528 -4874.5587
1529 -4874.5719
1530 -4874.5775
1531 -4874.5802
1532 -4874.5816
1533 -4874.5822
1534 -4874.5825
1535 -4874.5825
1536 -4874.0593
1537 -4874.4208
1538 -4874.5246
1539 -4874.5589
1540 -4874.5719
1541 -4874.5775
1542 -4874.5801
1543 -4874.5815
1544 -4874.5820
1545 -4874.5823
1546 -4874.5825
1547 -4874.0351
1548 -4874.4105
1549 -4874.5196
1550 -4874.5564
1551 -4874.5707
1552 -4874.5768
1553 -4874.5797
1554 -4874.5812
1555 -4874.5818
1556 -4874.5821
1557 -4874.5823
1558 -4874.0345
1559 -4874.4118
1560 -4874.5202
1561 -4874.5567
1562 -4874.5707
1563 -4874.5767
1564 -4874.5796
1565 -4874.5811
1566 -4874.5817
1567 -4874.5820
1568 -4874.5822
1569 -4874.0585
1570 -4874.4107
1571 -4874.5190
1572 -4874.5561
1573 -4874.5704
1574 -4874.5765
1575 -4874.5793
1576 -4874.5809
1577 -4874.5815
1578 -4874.5818
1579 -4874.5820
1580 -4874.0577
1581 -4874.4118
1582 -4874.5195
1583 -4874.5562
1584 -4874.5703
1585 -4874.5764
1586 -4874.5792
1587 -4874.5807
1588 -4874.5814
1589 -4874.5817
1590 -4874.5819
1591 -4874.0571
1592 -4874.4130
1593 -4874.5201
1594 -4874.5564
1595 -4874.5704
1596 -4874.5763
1597 -4874.5791
1598 -4874.5806
1599 -4874.5812
1600 -4874.5815
1601 -4874.5817
1602 -4874.0564
1603 -4874.4141
1604 -4874.5206
1605 -4874.5566
1606 -4874.5704
1607 -4874.5762
1608 -4874.5791
1609 -4874.5804
1610 -4874.5811
1611 -4874.5814
1612 -4874.5815
1613 -4874.0557
1614 -4874.4152
1615 -4874.5212
1616 -4874.5568
1617 -4874.5704
1618 -4874.5762
1619 -4874.5790
1620 -4874.5802
1621 -4874.5809
1622 -4874.5812
1623 -4874.5814
1624 -4874.0551
1625 -4874.4164
1626 -4874.5217
1627 -4874.5570
1628 -4874.5704
1629 -4874.5761
1630 -4874.5789
1631 -4874.5801
1632 -4874.5808
1633 -4874.5811
1634 -4874.5813
1635 -4874.0545
1636 -4874.4175
1637 -4874.5224
1638 -4874.5571
1639 -4874.5704
1640 -4874.5761
1641 -4874.5788
1642 -4874.5800
1643 -4874.5807
1644 -4874.5810
1645 -4874.5811
1646 -4874.0303
1647 -4874.4075
1648 -4874.5176
1649 -4874.5548
1650 -4874.5691
1651 -4874.5754
1652 -4874.5784
1653 -4874.5797
1654 -4874.5805
1655 -4874.5808
1656 -4874.5809
1657 -4874.0297
1658 -4874.4088
1659 -4874.5182
1660 -4874.5550
1661 -4874.5692
1662 -4874.5754
1663 -4874.5782
1664 -4874.5796
1665 -4874.5804
1666 -4874.5807
1667 -4874.5808
1668 -4874.0536
1669 -4874.4076
1670 -4874.5167
1671 -4874.5542
1672 -4874.5688
1673 -4874.5750
1674 -4874.5779
1675 -4874.5793
1676 -4874.5800
1677 -4874.5805
1678 -4874.5807
1679 -4874.0529
1680 -4874.4087
1681 -4874.5173
1682 -4874.5544
1683 -4874.5688
1684 -4874.5749
1685 -4874.5778
1686 -4874.5792
1687 -4874.5799
1688 -4874.5802
1689 -4874.5805
1690 -4874.0522
1691 -4874.4099
1692 -4874.5178
1693 -4874.5546
1694 -4874.5688
1695 -4874.5748
1696 -4874.5777
1697 -4874.5790
1698 -4874.5797
1699 -4874.5800
1700 -4874.5802
1701 -4874.0515
1702 -4874.4111
1703 -4874.5184
1704 -4874.5548
1705 -4874.5689
1706 -4874.5748
1707 -4874.5776
1708 -4874.5790
1709 -4874.5795
1710 -4874.5799
1711 -4874.5801
1712 -4874.0509
1713 -4874.4122
1714 -4874.5190
1715 -4874.5549
1716 -4874.5689
1717 -4874.5747
1718 -4874.5774
1719 -4874.5789
1720 -4874.5794
1721 -4874.5798
1722 -4874.5799
1723 -4874.0502
1724 -4874.4133
1725 -4874.5195
1726 -4874.5551
1727 -4874.5689
1728 -4874.5747
1729 -4874.5774
1730 -4874.5788
1731 -4874.5793
1732 -4874.5795
1733 -4874.5798
1734 -4874.0496
1735 -4874.4145
1736 -4874.5201
1737 -4874.5553
1738 -4874.5690
1739 -4874.5746
1740 -4874.5772
1741 -4874.5785
1742 -4874.5791
1743 -4874.5795
1744 -4874.5796
1745 -4874.0256
1746 -4874.4045
1747 -4874.5153
1748 -4874.5529
1749 -4874.5677
1750 -4874.5739
1751 -4874.5768
1752 -4874.5782
1753 -4874.5790
1754 -4874.5793
1755 -4874.5794
1756 -4874.0251
1757 -4874.4058
1758 -4874.5159
1759 -4874.5532
1760 -4874.5678
1761 -4874.5739
1762 -4874.5768
1763 -4874.5781
1764 -4874.5789
1765 -4874.5791
1766 -4874.5793
1767 -4874.0488
1768 -4874.4044
1769 -4874.5144
1770 -4874.5525
1771 -4874.5674
1772 -4874.5735
1773 -4874.5765
1774 -4874.5779
1775 -4874.5787
1776 -4874.5789
1777 -4874.5791
1778 -4874.0481
1779 -4874.4056
1780 -4874.5150
1781 -4874.5527
1782 -4874.5674
1783 -4874.5734
1784 -4874.5764
1785 -4874.5777
1786 -4874.5784
1787 -4874.5789
1788 -4874.5790
1789 -4874.0473
1790 -4874.4068
1791 -4874.5156
1792 -4874.5527
1793 -4874.5674
1794 -4874.5734
1795 -4874.5763
1796 -4874.5776
1797 -4874.5783
1798 -4874.5788
1799 -4874.5789
1800 -4874.0466
1801 -4874.4079
1802 -4874.5162
1803 -4874.5530
1804 -4874.5674
1805 -4874.5733
1806 -4874.5761
1807 -4874.5775
1808 -4874.5781
1809 -4874.5785
1810 -4874.5787
1811 -4874.0459
1812 -4874.4091
1813 -4874.5167
1814 -4874.5531
1815 -4874.5675
1816 -4874.5732
1817 -4874.5760
1818 -4874.5774
1819 -4874.5780
1820 -4874.5783
1821 -4874.5785
1822 -4874.0453
1823 -4874.4103
1824 -4874.5173
1825 -4874.5534
1826 -4874.5675
1827 -4874.5732
1828 -4874.5759
1829 -4874.5772
1830 -4874.5778
1831 -4874.5782
1832 -4874.5783
1833 -4874.0447
1834 -4874.4114
1835 -4874.5179
1836 -4874.5536
1837 -4874.5675
1838 -4874.5732
1839 -4874.5758
1840 -4874.5771
1841 -4874.5777
1842 -4874.5780
1843 -4874.5782
1844 -4874.0208
1845 -4874.4015
1846 -4874.5131
1847 -4874.5512
1848 -4874.5663
1849 -4874.5726
1850 -4874.5754
1851 -4874.5769
1852 -4874.5775
1853 -4874.5779
1854 -4874.5780
1855 -4874.0202
1856 -4874.4028
1857 -4874.5138
1858 -4874.5514
1859 -4874.5663
1860 -4874.5725
1861 -4874.5753
1862 -4874.5767
1863 -4874.5774
1864 -4874.5777
1865 -4874.5779
1866 -4874.0439
1867 -4874.4010
1868 -4874.5121
1869 -4874.5506
1870 -4874.5659
1871 -4874.5721
1872 -4874.5750
1873 -4874.5765
1874 -4874.5772
1875 -4874.5775
1876 -4874.5777
1877 -4874.0432
1878 -4874.4024
1879 -4874.5127
1880 -4874.5508
1881 -4874.5659
1882 -4874.5720
1883 -4874.5749
1884 -4874.5763
1885 -4874.5770
1886 -4874.5774
1887 -4874.5775
1888 -4874.0425
1889 -4874.4036
1890 -4874.5133
1891 -4874.5510
1892 -4874.5659
1893 -4874.5720
1894 -4874.5748
1895 -4874.5762
1896 -4874.5769
1897 -4874.5772
1898 -4874.5774
1899 -4874.0418
1900 -4874.4048
1901 -4874.5139
1902 -4874.5512
1903 -4874.5659
1904 -4874.5719
1905 -4874.5747
1906 -4874.5761
1907 -4874.5767
1908 -4874.5770
1909 -4874.5772
1910 -4874.0411
1911 -4874.4060
1912 -4874.5145
1913 -4874.5514
1914 -4874.5660
1915 -4874.5718
1916 -4874.5746
1917 -4874.5759
1918 -4874.5766
1919 -4874.5769
1920 -4874.5771
1921 -4874.0404
1922 -4874.4072
1923 -4874.5150
1924 -4874.5516
1925 -4874.5660
1926 -4874.5718
1927 -4874.5744
1928 -4874.5758
1929 -4874.5764
1930 -4874.5768
1931 -4874.5769
1932 -4874.0398
1933 -4874.4083
1934 -4874.5157
1935 -4874.5518
1936 -4874.5660
1937 -4874.5717
1938 -4874.5744
1939 -4874.5757
1940 -4874.5763
1941 -4874.5766
1942 -4874.5768
1943 -4874.0161
1944 -4874.3985
1945 -4874.5109
1946 -4874.5495
1947 -4874.5648
1948 -4874.5711
1949 -4874.5740
1950 -4874.5754
1951 -4874.5761
1952 -4874.5764
1953 -4874.5766
1954 -4874.0155
1955 -4874.3999
1956 -4874.5116
1957 -4874.5497
1958 -4874.5648
1959 -4874.5710
1960 -4874.5738
1961 -4874.5753
1962 -4874.5759
1963 -4874.5763
1964 -4874.5764
1965 -4874.0390
1966 -4874.3978
1967 -4874.5097
1968 -4874.5487
1969 -4874.5642
1970 -4874.5706
1971 -4874.5735
1972 -4874.5750
1973 -4874.5758
1974 -4874.5761
1975 -4874.5763
1976 -4874.0383
1977 -4874.3990
1978 -4874.5104
1979 -4874.5489
1980 -4874.5643
1981 -4874.5705
1982 -4874.5734
1983 -4874.5749
1984 -4874.5756
1985 -4874.5759
1986 -4874.5761
1987 -4874.0376
1988 -4874.4002
1989 -4874.5110
1990 -4874.5491
1991 -4874.5643
1992 -4874.5704
1993 -4874.5733
1994 -4874.5747
1995 -4874.5754
1996 -4874.5758
1997 -4874.5760
1998 -4874.0369
1999 -4874.4014
2000 -4874.5115
2001 -4874.5493
2002 -4874.5643
2003 -4874.5704
2004 -4874.5732
2005 -4874.5746
2006 -4874.5753
2007 -4874.5756
2008 -4874.5758
2009 -4874.0363
2010 -4874.4026
2011 -4874.5122
2012 -4874.5495
2013 -4874.5643
2014 -4874.5703
2015 -4874.5732
2016 -4874.5744
2017 -4874.5751
2018 -4874.5755
2019 -4874.5756
2020 -4874.0356
2021 -4874.4040
2022 -4874.5128
2023 -4874.5497
2024 -4874.5644
2025 -4874.5702
2026 -4874.5731
2027 -4874.5743
2028 -4874.5750
2029 -4874.5753
2030 -4874.5755
2031 -4874.0350
2032 -4874.4053
2033 -4874.5134
2034 -4874.5499
2035 -4874.5644
2036 -4874.5702
2037 -4874.5730
2038 -4874.5742
2039 -4874.5749
2040 -4874.5752
2041 -4874.5753
2042 -4874.0113
2043 -4874.3955
2044 -4874.5087
2045 -4874.5476
2046 -4874.5632
2047 -4874.5695
2048 -4874.5726
2049 -4874.5739
2050 -4874.5747
2051 -4874.5750
2052 -4874.5752
2053 -4874.0108
2054 -4874.3969
2055 -4874.5094
2056 -4874.5478
2057 -4874.5632
2058 -4874.5695
2059 -4874.5725
2060 -4874.5738
2061 -4874.5745
2062 -4874.5749
2063 -4874.5750
2064 -4874.0342
2065 -4874.3946
2066 -4874.5074
2067 -4874.5468
2068 -4874.5626
2069 -4874.5691
2070 -4874.5722
2071 -4874.5736
2072 -4874.5743
2073 -4874.5746
2074 -4874.5748
2075 -4874.0334
2076 -4874.3958
2077 -4874.5080
2078 -4874.5471
2079 -4874.5626
2080 -4874.5690
2081 -4874.5720
2082 -4874.5734
2083 -4874.5741
2084 -4874.5744
2085 -4874.5746
2086 -4874.0327
2087 -4874.3970
2088 -4874.5086
2089 -4874.5473
2090 -4874.5626
2091 -4874.5689
2092 -4874.5719
2093 -4874.5733
2094 -4874.5739
2095 -4874.5743
2096 -4874.5745
2097 -4874.0321
2098 -4874.3983
2099 -4874.5093
2100 -4874.5475
2101 -4874.5626
2102 -4874.5688
2103 -4874.5718
2104 -4874.5732
2105 -4874.5738
2106 -4874.5741
2107 -4874.5743
2108 -4874.0314
2109 -4874.3995
2110 -4874.5099
2111 -4874.5477
2112 -4874.5627
2113 -4874.5688
2114 -4874.5717
2115 -4874.5731
2116 -4874.5737
2117 -4874.5740
2118 -4874.5741
2119 -4874.0308
2120 -4874.4007
2121 -4874.5105
2122 -4874.5479
2123 -4874.5627
2124 -4874.5688
2125 -4874.5716
2126 -4874.5729
2127 -4874.5735
2128 -4874.5738
2129 -4874.5740
2130 -4874.0301
2131 -4874.4019
2132 -4874.5111
2133 -4874.5481
2134 -4874.5627
2135 -4874.5687
2136 -4874.5715
2137 -4874.5728
2138 -4874.5734
2139 -4874.5737
2140 -4874.5738
2141 -4874.0066
2142 -4874.3922
2143 -4874.5064
2144 -4874.5458
2145 -4874.5615
2146 -4874.5681
2147 -4874.5711
2148 -4874.5726
2149 -4874.5732
2150 -4874.5735
2151 -4874.5737
2152 -4874.0060
2153 -4874.3939
2154 -4874.5071
2155 -4874.5460
2156 -4874.5616
2157 -4874.5680
2158 -4874.5710
2159 -4874.5724
2160 -4874.5731
2161 -4874.5733
2162 -4874.5735
2163 -4874.0293
2164 -4874.3913
2165 -4874.5050
2166 -4874.5450
2167 -4874.5609
2168 -4874.5677
2169 -4874.5706
2170 -4874.5721
2171 -4874.5729
2172 -4874.5732
2173 -4874.5734
2174 -4874.0286
2175 -4874.3925
2176 -4874.5056
2177 -4874.5453
2178 -4874.5609
2179 -4874.5676
2180 -4874.5705
2181 -4874.5720
2182 -4874.5727
2183 -4874.5731
2184 -4874.5732
2185 -4874.0279
2186 -4874.3938
2187 -4874.5063
2188 -4874.5455
2189 -4874.5609
2190 -4874.5675
2191 -4874.5704
2192 -4874.5719
2193 -4874.5726
2194 -4874.5729
2195 -4874.5731
2196 -4874.0272
2197 -4874.3951
2198 -4874.5069
2199 -4874.5457
2200 -4874.5609
2201 -4874.5674
2202 -4874.5702
2203 -4874.5717
2204 -4874.5724
2205 -4874.5728
2206 -4874.5729
2207 -4874.0265
2208 -4874.3963
2209 -4874.5075
2210 -4874.5459
2211 -4874.5610
2212 -4874.5674
2213 -4874.5702
2214 -4874.5716
2215 -4874.5723
2216 -4874.5726
2217 -4874.5728
2218 -4874.0259
2219 -4874.3976
2220 -4874.5082
2221 -4874.5461
2222 -4874.5610
2223 -4874.5673
2224 -4874.5700
2225 -4874.5714
2226 -4874.5721
2227 -4874.5724
2228 -4874.5726
2229 -4874.0253
2230 -4874.3988
2231 -4874.5088
2232 -4874.5463
2233 -4874.5610
2234 -4874.5672
2235 -4874.5700
2236 -4874.5713
2237 -4874.5720
2238 -4874.5723
2239 -4874.5725
2240 -4874.0019
2241 -4874.3892
2242 -4874.5042
2243 -4874.5440
2244 -4874.5598
2245 -4874.5666
2246 -4874.5695
2247 -4874.5710
2248 -4874.5718
2249 -4874.5721
2250 -4874.5723
2251 -4874.0013
2252 -4874.3906
2253 -4874.5049
2254 -4874.5443
2255 -4874.5599
2256 -4874.5666
2257 -4874.5694
2258 -4874.5709
2259 -4874.5716
2260 -4874.5720
2261 -4874.5721
2262 -4874.0245
2263 -4874.3880
2264 -4874.5026
2265 -4874.5431
2266 -4874.5590
2267 -4874.5661
2268 -4874.5692
2269 -4874.5706
2270 -4874.5714
2271 -4874.5718
2272 -4874.5720
2273 -4874.0238
2274 -4874.3893
2275 -4874.5033
2276 -4874.5433
2277 -4874.5591
2278 -4874.5661
2279 -4874.5690
2280 -4874.5705
2281 -4874.5712
2282 -4874.5716
2283 -4874.5718
2284 -4874.0231
2285 -4874.3906
2286 -4874.5039
2287 -4874.5435
2288 -4874.5591
2289 -4874.5660
2290 -4874.5689
2291 -4874.5703
2292 -4874.5711
2293 -4874.5714
2294 -4874.5716
2295 -4874.0224
2296 -4874.3918
2297 -4874.5046
2298 -4874.5438
2299 -4874.5591
2300 -4874.5659
2301 -4874.5688
2302 -4874.5702
2303 -4874.5709
2304 -4874.5713
2305 -4874.5714
2306 -4874.0218
2307 -4874.3931
2308 -4874.5052
2309 -4874.5440
2310 -4874.5591
2311 -4874.5659
2312 -4874.5687
2313 -4874.5700
2314 -4874.5708
2315 -4874.5711
2316 -4874.5713
2317 -4874.0211
2318 -4874.3943
2319 -4874.5058
2320 -4874.5442
2321 -4874.5591
2322 -4874.5658
2323 -4874.5687
2324 -4874.5699
2325 -4874.5706
2326 -4874.5709
2327 -4874.5711
2328 -4874.0205
2329 -4874.3956
2330 -4874.5065
2331 -4874.5445
2332 -4874.5592
2333 -4874.5657
2334 -4874.5686
2335 -4874.5697
2336 -4874.5704
2337 -4874.5708
2338 -4874.5710
2339 -4873.9972
2340 -4874.3862
2341 -4874.5019
2342 -4874.5422
2343 -4874.5580
2344 -4874.5651
2345 -4874.5682
2346 -4874.5695
2347 -4874.5702
2348 -4874.5706
2349 -4874.5708
2350 -4873.9966
2351 -4874.3876
2352 -4874.5026
2353 -4874.5425
2354 -4874.5581
2355 -4874.5651
2356 -4874.5681
2357 -4874.5694
2358 -4874.5701
2359 -4874.5705
2360 -4874.5706
2361 -4874.0197
2362 -4874.3848
2363 -4874.5002
2364 -4874.5409
2365 -4874.5572
2366 -4874.5645
2367 -4874.5677
2368 -4874.5692
2369 -4874.5699
2370 -4874.5703
2371 -4874.5704
2372 -4874.0190
2373 -4874.3861
2374 -4874.5008
2375 -4874.5412
2376 -4874.5573
2377 -4874.5645
2378 -4874.5676
2379 -4874.5690
2380 -4874.5697
2381 -4874.5701
2382 -4874.5703
2383 -4874.0183
2384 -4874.3873
2385 -4874.5015
2386 -4874.5414
2387 -4874.5573
2388 -4874.5644
2389 -4874.5675
2390 -4874.5688
2391 -4874.5695
2392 -4874.5699
2393 -4874.5701
2394 -4874.0176
2395 -4874.3886
2396 -4874.5022
2397 -4874.5417
2398 -4874.5574
2399 -4874.5643
2400 -4874.5673
2401 -4874.5687
2402 -4874.5693
2403 -4874.5697
2404 -4874.5699
2405 -4874.0170
2406 -4874.3899
2407 -4874.5028
2408 -4874.5419
2409 -4874.5574
2410 -4874.5643
2411 -4874.5672
2412 -4874.5687
2413 -4874.5692
2414 -4874.5695
2415 -4874.5697
2416 -4874.0163
2417 -4874.3912
2418 -4874.5035
2419 -4874.5421
2420 -4874.5574
2421 -4874.5642
2422 -4874.5671
2423 -4874.5686
2424 -4874.5692
2425 -4874.5694
2426 -4874.5695
2427 -4874.0157
2428 -4874.3924
2429 -4874.5041
2430 -4874.5424
2431 -4874.5574
2432 -4874.5641
2433 -4874.5670
2434 -4874.5685
2435 -4874.5689
2436 -4874.5692
2437 -4874.5694
2438 -4873.9925
2439 -4874.3830
2440 -4874.4996
2441 -4874.5403
2442 -4874.5563
2443 -4874.5635
2444 -4874.5666
2445 -4874.5682
2446 -4874.5688
2447 -4874.5692
2448 -4874.5692
2449 -4873.9921
2450 -4874.3844
2451 -4874.5004
2452 -4874.5406
2453 -4874.5564
2454 -4874.5635
2455 -4874.5665
2456 -4874.5680
2457 -4874.5687
2458 -4874.5690
2459 -4874.5692
2460 -4874.0150
2461 -4874.3815
2462 -4874.4978
2463 -4874.5389
2464 -4874.5554
2465 -4874.5628
2466 -4874.5662
2467 -4874.5677
2468 -4874.5685
2469 -4874.5687
2470 -4874.5690
2471 -4874.0143
2472 -4874.3828
2473 -4874.4984
2474 -4874.5392
2475 -4874.5555
2476 -4874.5628
2477 -4874.5661
2478 -4874.5676
2479 -4874.5683
2480 -4874.5687
2481 -4874.5687
2482 -4874.0136
2483 -4874.3841
2484 -4874.4991
2485 -4874.5394
2486 -4874.5555
2487 -4874.5627
2488 -4874.5660
2489 -4874.5674
2490 -4874.5682
2491 -4874.5685
2492 -4874.5686
2493 -4874.0129
2494 -4874.3854
2495 -4874.4998
2496 -4874.5396
2497 -4874.5555
2498 -4874.5626
2499 -4874.5658
2500 -4874.5673
2501 -4874.5680
2502 -4874.5684
2503 -4874.5686
2504 -4874.0122
2505 -4874.3867
2506 -4874.5004
2507 -4874.5399
2508 -4874.5555
2509 -4874.5626
2510 -4874.5657
2511 -4874.5671
2512 -4874.5678
2513 -4874.5682
2514 -4874.5684
2515 -4874.0116
2516 -4874.3879
2517 -4874.5011
2518 -4874.5401
2519 -4874.5556
2520 -4874.5625
2521 -4874.5656
2522 -4874.5670
2523 -4874.5677
2524 -4874.5680
2525 -4874.5682
2526 -4874.0110
2527 -4874.3893
2528 -4874.5017
2529 -4874.5404
2530 -4874.5556
2531 -4874.5624
2532 -4874.5655
2533 -4874.5669
2534 -4874.5675
2535 -4874.5679
2536 -4874.5680
2537 -4873.9879
2538 -4874.3799
2539 -4874.4973
2540 -4874.5382
2541 -4874.5545
2542 -4874.5618
2543 -4874.5651
2544 -4874.5666
2545 -4874.5673
2546 -4874.5677
2547 -4874.5679
2548 -4873.9873
2549 -4874.3813
2550 -4874.4981
2551 -4874.5385
2552 -4874.5546
2553 -4874.5618
2554 -4874.5650
2555 -4874.5664
2556 -4874.5672
2557 -4874.5675
2558 -4874.5677
2559 -4874.0102
2560 -4874.3782
2561 -4874.4953
2562 -4874.5369
2563 -4874.5536
2564 -4874.5612
2565 -4874.5646
2566 -4874.5662
2567 -4874.5669
2568 -4874.5673
2569 -4874.5675
2570 -4874.0094
2571 -4874.3795
2572 -4874.4960
2573 -4874.5372
2574 -4874.5537
2575 -4874.5611
2576 -4874.5645
2577 -4874.5661
2578 -4874.5667
2579 -4874.5671
2580 -4874.5673
2581 -4874.0087
2582 -4874.3808
2583 -4874.4967
2584 -4874.5374
2585 -4874.5537
2586 -4874.5610
2587 -4874.5643
2588 -4874.5659
2589 -4874.5666
2590 -4874.5670
2591 -4874.5671
2592 -4874.0080
2593 -4874.3821
2594 -4874.4974
2595 -4874.5377
2596 -4874.5538
2597 -4874.5610
2598 -4874.5642
2599 -4874.5658
2600 -4874.5665
2601 -4874.5668
2602 -4874.5669
2603 -4874.0074
2604 -4874.3835
2605 -4874.4980
2606 -4874.5379
2607 -4874.5538
2608 -4874.5609
2609 -4874.5641
2610 -4874.5656
2611 -4874.5664
2612 -4874.5666
2613 -4874.5668
2614 -4874.0067
2615 -4874.3847
2616 -4874.4987
2617 -4874.5382
2618 -4874.5538
2619 -4874.5608
2620 -4874.5640
2621 -4874.5655
2622 -4874.5662
2623 -4874.5666
2624 -4874.5666
2625 -4874.0061
2626 -4874.3860
2627 -4874.4994
2628 -4874.5384
2629 -4874.5539
2630 -4874.5607
2631 -4874.5639
2632 -4874.5653
2633 -4874.5660
2634 -4874.5664
2635 -4874.5666
2636 -4873.9831
2637 -4874.3768
2638 -4874.4950
2639 -4874.5363
2640 -4874.5527
2641 -4874.5601
2642 -4874.5635
2643 -4874.5651
2644 -4874.5658
2645 -4874.5662
2646 -4874.5664
2647 -4873.9825
2648 -4874.3782
2649 -4874.4958
2650 -4874.5365
2651 -4874.5528
2652 -4874.5600
2653 -4874.5634
2654 -4874.5649
2655 -4874.5657
2656 -4874.5661
2657 -4874.5662
2658 -4874.0053
2659 -4874.3748
2660 -4874.4928
2661 -4874.5349
2662 -4874.5518
2663 -4874.5593
2664 -4874.5629
2665 -4874.5646
2666 -4874.5654
2667 -4874.5658
2668 -4874.5660
2669 -4874.0045
2670 -4874.3762
2671 -4874.4935
2672 -4874.5352
2673 -4874.5519
2674 -4874.5592
2675 -4874.5628
2676 -4874.5645
2677 -4874.5653
2678 -4874.5656
2679 -4874.5658
2680 -4874.0038
2681 -4874.3775
2682 -4874.4942
2683 -4874.5355
2684 -4874.5519
2685 -4874.5592
2686 -4874.5627
2687 -4874.5643
2688 -4874.5651
2689 -4874.5655
2690 -4874.5657
2691 -4874.0031
2692 -4874.3789
2693 -4874.4949
2694 -4874.5357
2695 -4874.5520
2696 -4874.5591
2697 -4874.5626
2698 -4874.5641
2699 -4874.5649
2700 -4874.5653
2701 -4874.5655
2702 -4874.0025
2703 -4874.3802
2704 -4874.4956
2705 -4874.5360
2706 -4874.5520
2707 -4874.5591
2708 -4874.5624
2709 -4874.5640
2710 -4874.5648
2711 -4874.5651
2712 -4874.5653
2713 -4874.0018
2714 -4874.3815
2715 -4874.4963
2716 -4874.5362
2717 -4874.5521
2718 -4874.5590
2719 -4874.5623
2720 -4874.5639
2721 -4874.5646
2722 -4874.5649
2723 -4874.5651
2724 -4874.0012
2725 -4874.3829
2726 -4874.4970
2727 -4874.5365
2728 -4874.5521
2729 -4874.5589
2730 -4874.5622
2731 -4874.5637
2732 -4874.5644
2733 -4874.5648
2734 -4874.5649
2735 -4873.9783
2736 -4874.3737
2737 -4874.4927
2738 -4874.5343
2739 -4874.5510
2740 -4874.5584
2741 -4874.5618
2742 -4874.5634
2743 -4874.5642
2744 -4874.5646
2745 -4874.5648
2746 -4873.9777
2747 -4874.3751
2748 -4874.4934
2749 -4874.5346
2750 -4874.5511
2751 -4874.5583
2752 -4874.5617
2753 -4874.5633
2754 -4874.5641
2755 -4874.5644
2756 -4874.5646
2757 -4874.0004
2758 -4874.3717
2759 -4874.4903
2760 -4874.5331
2761 -4874.5500
2762 -4874.5576
2763 -4874.5613
2764 -4874.5630
2765 -4874.5638
2766 -4874.5642
2767 -4874.5644
2768 -4873.9996
2769 -4874.3730
2770 -4874.4911
2771 -4874.5333
2772 -4874.5501
2773 -4874.5575
2774 -4874.5611
2775 -4874.5628
2776 -4874.5636
2777 -4874.5640
2778 -4874.5642
2779 -4873.9989
2780 -4874.3742
2781 -4874.4918
2782 -4874.5336
2783 -4874.5501
2784 -4874.5575
2785 -4874.5610
2786 -4874.5627
2787 -4874.5634
2788 -4874.5638
2789 -4874.5640
2790 -4873.9983
2791 -4874.3756
2792 -4874.4925
2793 -4874.5339
2794 -4874.5501
2795 -4874.5574
2796 -4874.5609
2797 -4874.5625
2798 -4874.5633
2799 -4874.5637
2800 -4874.5639
2801 -4873.9976
2802 -4874.3769
2803 -4874.4932
2804 -4874.5341
2805 -4874.5502
2806 -4874.5574
2807 -4874.5606
2808 -4874.5623
2809 -4874.5631
2810 -4874.5635
2811 -4874.5637
2812 -4873.9969
2813 -4874.3783
2814 -4874.4939
2815 -4874.5344
2816 -4874.5502
2817 -4874.5573
2818 -4874.5605
2819 -4874.5622
2820 -4874.5629
2821 -4874.5633
2822 -4874.5635
2823 -4873.9963
2824 -4874.3797
2825 -4874.4946
2826 -4874.5345
2827 -4874.5503
2828 -4874.5572
2829 -4874.5604
2830 -4874.5621
2831 -4874.5628
2832 -4874.5631
2833 -4874.5633
2834 -4873.9735
2835 -4874.3705
2836 -4874.4903
2837 -4874.5324
2838 -4874.5492
2839 -4874.5566
2840 -4874.5601
2841 -4874.5618
2842 -4874.5626
2843 -4874.5630
2844 -4874.5631
2845 -4873.9729
2846 -4874.3720
2847 -4874.4911
2848 -4874.5327
2849 -4874.5493
2850 -4874.5566
2851 -4874.5599
2852 -4874.5617
2853 -4874.5624
2854 -4874.5628
2855 -4874.5630
2856 -4873.9955
2857 -4874.3684
2858 -4874.4878
2859 -4874.5310
2860 -4874.5482
2861 -4874.5558
2862 -4874.5595
2863 -4874.5613
2864 -4874.5622
2865 -4874.5626
2866 -4874.5628
2867 -4873.9948
2868 -4874.3698
2869 -4874.4885
2870 -4874.5312
2871 -4874.5482
2872 -4874.5557
2873 -4874.5593
2874 -4874.5611
2875 -4874.5620
2876 -4874.5623
2877 -4874.5626
2878 -4873.9941
2879 -4874.3712
2880 -4874.4893
2881 -4874.5315
2882 -4874.5483
2883 -4874.5557
2884 -4874.5592
2885 -4874.5610
2886 -4874.5618
2887 -4874.5622
2888 -4874.5624
2889 -4873.9934
2890 -4874.3725
2891 -4874.4900
2892 -4874.5318
2893 -4874.5484
2894 -4874.5556
2895 -4874.5591
2896 -4874.5608
2897 -4874.5616
2898 -4874.5620
2899 -4874.5622
2900 -4873.9927
2901 -4874.3739
2902 -4874.4907
2903 -4874.5321
2904 -4874.5484
2905 -4874.5555
2906 -4874.5589
2907 -4874.5605
2908 -4874.5614
2909 -4874.5618
2910 -4874.5620
2911 -4873.9921
2912 -4874.3750
2913 -4874.4914
2914 -4874.5324
2915 -4874.5485
2916 -4874.5555
2917 -4874.5588
2918 -4874.5604
2919 -4874.5613
2920 -4874.5617
2921 -4874.5618
2922 -4873.9914
2923 -4874.3765
2924 -4874.4921
2925 -4874.5326
2926 -4874.5485
2927 -4874.5554
2928 -4874.5587
2929 -4874.5603
2930 -4874.5611
2931 -4874.5615
2932 -4874.5617
2933 -4873.9687
2934 -4874.3673
2935 -4874.4879
2936 -4874.5305
2937 -4874.5474
2938 -4874.5548
2939 -4874.5584
2940 -4874.5600
2941 -4874.5609
2942 -4874.5613
2943 -4874.5615
2944 -4873.9682
2945 -4874.3688
2946 -4874.4887
2947 -4874.5308
2948 -4874.5475
2949 -4874.5548
2950 -4874.5583
2951 -4874.5599
2952 -4874.5608
2953 -4874.5611
2954 -4874.5613
2955 -4873.9906
2956 -4874.3651
2957 -4874.4854
2958 -4874.5288
2959 -4874.5465
2960 -4874.5540
2961 -4874.5577
2962 -4874.5595
2963 -4874.5603
2964 -4874.5609
2965 -4874.5611
2966 -4873.9899
2967 -4874.3664
2968 -4874.4862
2969 -4874.5291
2970 -4874.5465
2971 -4874.5540
2972 -4874.5576
2973 -4874.5593
2974 -4874.5601
2975 -4874.5606
2976 -4874.5609
2977 -4873.9892
2978 -4874.3678
2979 -4874.4869
2980 -4874.5294
2981 -4874.5466
2982 -4874.5539
2983 -4874.5575
2984 -4874.5592
2985 -4874.5600
2986 -4874.5604
2987 -4874.5606
2988 -4873.9885
2989 -4874.3692
2990 -4874.4876
2991 -4874.5297
2992 -4874.5466
2993 -4874.5538
2994 -4874.5574
2995 -4874.5590
2996 -4874.5598
2997 -4874.5602
2998 -4874.5604
2999 -4873.9878
3000 -4874.3707
3001 -4874.4882
3002 -4874.5300
3003 -4874.5467
3004 -4874.5537
3005 -4874.5572
3006 -4874.5589
3007 -4874.5596
3008 -4874.5600
3009 -4874.5602
3010 -4873.9873
3011 -4874.3721
3012 -4874.4890
3013 -4874.5303
3014 -4874.5467
3015 -4874.5538
3016 -4874.5571
3017 -4874.5587
3018 -4874.5595
3019 -4874.5598
3020 -4874.5600
3021 -4873.9866
3022 -4874.3733
3023 -4874.4897
3024 -4874.5306
3025 -4874.5468
3026 -4874.5538
3027 -4874.5570
3028 -4874.5586
3029 -4874.5593
3030 -4874.5597
3031 -4874.5599
3032 -4873.9640
3033 -4874.3641
3034 -4874.4855
3035 -4874.5285
3036 -4874.5457
3037 -4874.5532
3038 -4874.5566
3039 -4874.5583
3040 -4874.5591
3041 -4874.5595
3042 -4874.5597
3043 -4873.9634
3044 -4874.3657
3045 -4874.4863
3046 -4874.5288
3047 -4874.5458
3048 -4874.5531
3049 -4874.5565
3050 -4874.5582
3051 -4874.5589
3052 -4874.5593
3053 -4874.5595
3054 -4873.9858
3055 -4874.3617
3056 -4874.4829
3057 -4874.5268
3058 -4874.5445
3059 -4874.5523
3060 -4874.5559
3061 -4874.5578
3062 -4874.5586
3063 -4874.5591
3064 -4874.5593
3065 -4873.9851
3066 -4874.3631
3067 -4874.4836
3068 -4874.5271
3069 -4874.5446
3070 -4874.5522
3071 -4874.5558
3072 -4874.5576
3073 -4874.5585
3074 -4874.5589
3075 -4874.5591
3076 -4873.9844
3077 -4874.3645
3078 -4874.4844
3079 -4874.5274
3080 -4874.5446
3081 -4874.5521
3082 -4874.5557
3083 -4874.5574
3084 -4874.5583
3085 -4874.5587
3086 -4874.5589
3087 -4873.9837
3088 -4874.3659
3089 -4874.4851
3090 -4874.5277
3091 -4874.5447
3092 -4874.5521
3093 -4874.5555
3094 -4874.5573
3095 -4874.5581
3096 -4874.5585
3097 -4874.5587
3098 -4873.9830
3099 -4874.3673
3100 -4874.4859
3101 -4874.5280
3102 -4874.5448
3103 -4874.5520
3104 -4874.5554
3105 -4874.5571
3106 -4874.5579
3107 -4874.5583
3108 -4874.5585
3109 -4873.9825
3110 -4874.3687
3111 -4874.4866
3112 -4874.5283
3113 -4874.5448
3114 -4874.5520
3115 -4874.5553
3116 -4874.5570
3117 -4874.5578
3118 -4874.5581
3119 -4874.5583
3120 -4873.9818
3121 -4874.3701
3122 -4874.4873
3123 -4874.5286
3124 -4874.5449
3125 -4874.5519
3126 -4874.5552
3127 -4874.5569
3128 -4874.5576
3129 -4874.5580
3130 -4874.5582
3131 -4873.9593
3132 -4874.3612
3133 -4874.4831
3134 -4874.5264
3135 -4874.5438
3136 -4874.5513
3137 -4874.5548
3138 -4874.5565
3139 -4874.5574
3140 -4874.5578
3141 -4874.5580
3142 -4873.9587
3143 -4874.3628
3144 -4874.4839
3145 -4874.5267
3146 -4874.5439
3147 -4874.5513
3148 -4874.5547
3149 -4874.5564
3150 -4874.5572
3151 -4874.5576
3152 -4874.5578
3153 -4873.9810
3154 -4874.3582
3155 -4874.4801
3156 -4874.5245
3157 -4874.5425
3158 -4874.5505
3159 -4874.5542
3160 -4874.5560
3161 -4874.5569
3162 -4874.5574
3163 -4874.5576
3164 -4873.9803
3165 -4874.3597
3166 -4874.4808
3167 -4874.5248
3168 -4874.5425
3169 -4874.5504
3170 -4874.5540
3171 -4874.5558
3172 -4874.5567
3173 -4874.5572
3174 -4874.5574
3175 -4873.9796
3176 -4874.3612
3177 -4874.4816
3178 -4874.5251
3179 -4874.5426
3180 -4874.5503
3181 -4874.5539
3182 -4874.5556
3183 -4874.5565
3184 -4874.5570
3185 -4874.5572
3186 -4873.9789
3187 -4874.3626
3188 -4874.4826
3189 -4874.5254
3190 -4874.5426
3191 -4874.5503
3192 -4874.5538
3193 -4874.5555
3194 -4874.5563
3195 -4874.5568
3196 -4874.5570
3197 -4873.9782
3198 -4874.3640
3199 -4874.4834
3200 -4874.5257
3201 -4874.5427
3202 -4874.5502
3203 -4874.5538
3204 -4874.5553
3205 -4874.5562
3206 -4874.5566
3207 -4874.5568
3208 -4873.9776
3209 -4874.3654
3210 -4874.4841
3211 -4874.5260
3212 -4874.5427
3213 -4874.5501
3214 -4874.5536
3215 -4874.5552
3216 -4874.5560
3217 -4874.5564
3218 -4874.5565
3219 -4873.9769
3220 -4874.3668
3221 -4874.4849
3222 -4874.5265
3223 -4874.5428
3224 -4874.5501
3225 -4874.5535
3226 -4874.5550
3227 -4874.5558
3228 -4874.5562
3229 -4874.5564
3230 -4873.9545
3231 -4874.3580
3232 -4874.4807
3233 -4874.5244
3234 -4874.5417
3235 -4874.5495
3236 -4874.5532
3237 -4874.5548
3238 -4874.5556
3239 -4874.5560
3240 -4874.5562
3241 -4873.9539
3242 -4874.3595
3243 -4874.4815
3244 -4874.5247
3245 -4874.5419
3246 -4874.5495
3247 -4874.5531
3248 -4874.5546
3249 -4874.5554
3250 -4874.5558
3251 -4874.5560
3252 -4873.9761
3253 -4874.3546
3254 -4874.4775
3255 -4874.5224
3256 -4874.5405
3257 -4874.5487
3258 -4874.5525
3259 -4874.5542
3260 -4874.5551
3261 -4874.5556
3262 -4874.5558
3263 -4873.9753
3264 -4874.3560
3265 -4874.4783
3266 -4874.5227
3267 -4874.5405
3268 -4874.5486
3269 -4874.5523
3270 -4874.5540
3271 -4874.5549
3272 -4874.5553
3273 -4874.5556
3274 -4873.9746
3275 -4874.3576
3276 -4874.4790
3277 -4874.5230
3278 -4874.5406
3279 -4874.5485
3280 -4874.5522
3281 -4874.5539
3282 -4874.5547
3283 -4874.5552
3284 -4874.5554
3285 -4873.9739
3286 -4874.3592
3287 -4874.4798
3288 -4874.5233
3289 -4874.5407
3290 -4874.5485
3291 -4874.5520
3292 -4874.5537
3293 -4874.5546
3294 -4874.5550
3295 -4874.5552
3296 -4873.9732
3297 -4874.3607
3298 -4874.4806
3299 -4874.5236
3300 -4874.5408
3301 -4874.5484
3302 -4874.5519
3303 -4874.5537
3304 -4874.5544
3305 -4874.5548
3306 -4874.5550
3307 -4873.9725
3308 -4874.3621
3309 -4874.4814
3310 -4874.5239
3311 -4874.5408
3312 -4874.5484
3313 -4874.5518
3314 -4874.5535
3315 -4874.5542
3316 -4874.5546
3317 -4874.5548
3318 -4873.9719
3319 -4874.3635
3320 -4874.4821
3321 -4874.5242
3322 -4874.5409
3323 -4874.5483
3324 -4874.5517
3325 -4874.5534
3326 -4874.5541
3327 -4874.5544
3328 -4874.5546
3329 -4873.9496
3330 -4874.3547
3331 -4874.4782
3332 -4874.5221
3333 -4874.5398
3334 -4874.5477
3335 -4874.5513
3336 -4874.5531
3337 -4874.5538
3338 -4874.5542
3339 -4874.5544
3340 -4873.9490
3341 -4874.3563
3342 -4874.4791
3343 -4874.5225
3344 -4874.5399
3345 -4874.5477
3346 -4874.5512
3347 -4874.5530
3348 -4874.5536
3349 -4874.5541
3350 -4874.5543
3351 -4873.9711
3352 -4874.3511
3353 -4874.4749
3354 -4874.5202
3355 -4874.5385
3356 -4874.5469
3357 -4874.5506
3358 -4874.5525
3359 -4874.5534
3360 -4874.5538
3361 -4874.5540
3362 -4873.9703
3363 -4874.3526
3364 -4874.4756
3365 -4874.5205
3366 -4874.5386
3367 -4874.5469
3368 -4874.5505
3369 -4874.5523
3370 -4874.5533
3371 -4874.5537
3372 -4874.5538
3373 -4873.9696
3374 -4874.3541
3375 -4874.4765
3376 -4874.5208
3377 -4874.5386
3378 -4874.5468
3379 -4874.5504
3380 -4874.5521
3381 -4874.5531
3382 -4874.5535
3383 -4874.5537
3384 -4873.9689
3385 -4874.3555
3386 -4874.4773
3387 -4874.5211
3388 -4874.5387
3389 -4874.5467
3390 -4874.5502
3391 -4874.5520
3392 -4874.5529
3393 -4874.5533
3394 -4874.5535
3395 -4873.9682
3396 -4874.3570
3397 -4874.4780
3398 -4874.5215
3399 -4874.5388
3400 -4874.5467
3401 -4874.5501
3402 -4874.5518
3403 -4874.5527
3404 -4874.5531
3405 -4874.5533
3406 -4873.9675
3407 -4874.3587
3408 -4874.4788
3409 -4874.5217
3410 -4874.5389
3411 -4874.5466
3412 -4874.5500
3413 -4874.5517
3414 -4874.5525
3415 -4874.5529
3416 -4874.5531
3417 -4873.9669
3418 -4874.3602
3419 -4874.4796
3420 -4874.5221
3421 -4874.5389
3422 -4874.5466
3423 -4874.5499
3424 -4874.5515
3425 -4874.5523
3426 -4874.5528
3427 -4874.5530
3428 -4873.9447
3429 -4874.3515
3430 -4874.4755
3431 -4874.5201
3432 -4874.5379
3433 -4874.5460
3434 -4874.5495
3435 -4874.5512
3436 -4874.5521
3437 -4874.5526
3438 -4874.5528
3439 -4873.9442
3440 -4874.3531
3441 -4874.4764
3442 -4874.5204
3443 -4874.5380
3444 -4874.5460
3445 -4874.5494
3446 -4874.5511
3447 -4874.5519
3448 -4874.5523
3449 -4874.5526
3450 -4873.9661
3451 -4874.3477
3452 -4874.4722
3453 -4874.5180
3454 -4874.5366
3455 -4874.5451
3456 -4874.5488
3457 -4874.5507
3458 -4874.5516
3459 -4874.5521
3460 -4874.5523
3461 -4873.9654
3462 -4874.3491
3463 -4874.4730
3464 -4874.5183
3465 -4874.5367
3466 -4874.5450
3467 -4874.5487
3468 -4874.5505
3469 -4874.5514
3470 -4874.5518
3471 -4874.5521
3472 -4873.9647
3473 -4874.3506
3474 -4874.4739
3475 -4874.5186
3476 -4874.5367
3477 -4874.5449
3478 -4874.5486
3479 -4874.5503
3480 -4874.5512
3481 -4874.5517
3482 -4874.5519
3483 -4873.9640
3484 -4874.3522
3485 -4874.4747
3486 -4874.5189
3487 -4874.5368
3488 -4874.5449
3489 -4874.5484
3490 -4874.5502
3491 -4874.5510
3492 -4874.5514
3493 -4874.5517
3494 -4873.9633
3495 -4874.3536
3496 -4874.4755
3497 -4874.5193
3498 -4874.5369
3499 -4874.5448
3500 -4874.5483
3501 -4874.5500
3502 -4874.5509
3503 -4874.5513
3504 -4874.5515
3505 -4873.9626
3506 -4874.3551
3507 -4874.4763
3508 -4874.5196
3509 -4874.5369
3510 -4874.5447
3511 -4874.5482
3512 -4874.5499
3513 -4874.5507
3514 -4874.5511
3515 -4874.5513
3516 -4873.9405
3517 -4874.3463
3518 -4874.4721
3519 -4874.5176
3520 -4874.5359
3521 -4874.5441
3522 -4874.5478
3523 -4874.5496
3524 -4874.5505
3525 -4874.5509
3526 -4874.5511
3527 -4873.9398
3528 -4874.3480
3529 -4874.4730
3530 -4874.5179
3531 -4874.5360
3532 -4874.5441
3533 -4874.5477
3534 -4874.5494
3535 -4874.5502
3536 -4874.5507
3537 -4874.5509
3538 -4873.9393
3539 -4874.3499
3540 -4874.4739
3541 -4874.5183
3542 -4874.5361
3543 -4874.5441
3544 -4874.5476
3545 -4874.5493
3546 -4874.5501
3547 -4874.5505
3548 -4874.5507
3549 -4873.9612
3550 -4874.3442
3551 -4874.4696
3552 -4874.5157
3553 -4874.5347
3554 -4874.5429
3555 -4874.5471
3556 -4874.5489
3557 -4874.5498
3558 -4874.5502
3559 -4874.5505
3560 -4873.9604
3561 -4874.3457
3562 -4874.4704
3563 -4874.5160
3564 -4874.5348
3565 -4874.5429
3566 -4874.5470
3567 -4874.5487
3568 -4874.5496
3569 -4874.5500
3570 -4874.5502
3571 -4873.9597
3572 -4874.3472
3573 -4874.4712
3574 -4874.5164
3575 -4874.5349
3576 -4874.5428
3577 -4874.5468
3578 -4874.5485
3579 -4874.5494
3580 -4874.5498
3581 -4874.5500
3582 -4873.9590
3583 -4874.3487
3584 -4874.4721
3585 -4874.5168
3586 -4874.5349
3587 -4874.5428
3588 -4874.5467
3589 -4874.5484
3590 -4874.5492
3591 -4874.5496
3592 -4874.5498
3593 -4873.9583
3594 -4874.3502
3595 -4874.4729
3596 -4874.5171
3597 -4874.5350
3598 -4874.5427
3599 -4874.5466
3600 -4874.5482
3601 -4874.5490
3602 -4874.5494
3603 -4874.5496
3604 -4873.9577
3605 -4874.3517
3606 -4874.4737
3607 -4874.5174
3608 -4874.5351
3609 -4874.5427
3610 -4874.5464
3611 -4874.5481
3612 -4874.5489
3613 -4874.5493
3614 -4874.5494
3615 -4873.9356
3616 -4874.3430
3617 -4874.4696
3618 -4874.5154
3619 -4874.5339
3620 -4874.5421
3621 -4874.5461
3622 -4874.5478
3623 -4874.5487
3624 -4874.5490
3625 -4874.5492
3626 -4873.9350
3627 -4874.3447
3628 -4874.4705
3629 -4874.5157
3630 -4874.5340
3631 -4874.5420
3632 -4874.5460
3633 -4874.5476
3634 -4874.5485
3635 -4874.5489
3636 -4874.5490
3637 -4873.9344
3638 -4874.3463
3639 -4874.4714
3640 -4874.5161
3641 -4874.5341
3642 -4874.5420
3643 -4874.5458
3644 -4874.5475
3645 -4874.5483
3646 -4874.5487
3647 -4874.5489
3648 -4873.9563
3649 -4874.3408
3650 -4874.4669
3651 -4874.5134
3652 -4874.5327
3653 -4874.5410
3654 -4874.5452
3655 -4874.5471
3656 -4874.5480
3657 -4874.5484
3658 -4874.5487
3659 -4873.9555
3660 -4874.3423
3661 -4874.4678
3662 -4874.5137
3663 -4874.5328
3664 -4874.5410
3665 -4874.5450
3666 -4874.5469
3667 -4874.5478
3668 -4874.5482
3669 -4874.5485
3670 -4873.9547
3671 -4874.3438
3672 -4874.4686
3673 -4874.5141
3674 -4874.5328
3675 -4874.5409
3676 -4874.5449
3677 -4874.5468
3678 -4874.5476
3679 -4874.5480
3680 -4874.5482
3681 -4873.9541
3682 -4874.3453
3683 -4874.4694
3684 -4874.5144
3685 -4874.5329
3686 -4874.5408
3687 -4874.5448
3688 -4874.5466
3689 -4874.5474
3690 -4874.5478
3691 -4874.5480
3692 -4873.9534
3693 -4874.3468
3694 -4874.4702
3695 -4874.5148
3696 -4874.5330
3697 -4874.5408
3698 -4874.5447
3699 -4874.5465
3700 -4874.5473
3701 -4874.5476
3702 -4874.5478
3703 -4873.9527
3704 -4874.3483
3705 -4874.4711
3706 -4874.5152
3707 -4874.5331
3708 -4874.5407
3709 -4874.5445
3710 -4874.5462
3711 -4874.5471
3712 -4874.5474
3713 -4874.5476
3714 -4873.9307
3715 -4874.3397
3716 -4874.4670
3717 -4874.5132
3718 -4874.5320
3719 -4874.5401
3720 -4874.5442
3721 -4874.5460
3722 -4874.5469
3723 -4874.5473
3724 -4874.5474
3725 -4873.9301
3726 -4874.3413
3727 -4874.4679
3728 -4874.5135
3729 -4874.5322
3730 -4874.5401
3731 -4874.5440
3732 -4874.5459
3733 -4874.5467
3734 -4874.5471
3735 -4874.5473
3736 -4873.9296
3737 -4874.3429
3738 -4874.4688
3739 -4874.5139
3740 -4874.5323
3741 -4874.5401
3742 -4874.5439
3743 -4874.5457
3744 -4874.5466
3745 -4874.5470
3746 -4874.5472
3747 -4873.9512
3748 -4874.3374
3749 -4874.4642
3750 -4874.5111
3751 -4874.5306
3752 -4874.5390
3753 -4874.5431
3754 -4874.5453
3755 -4874.5462
3756 -4874.5467
3757 -4874.5469
3758 -4873.9505
3759 -4874.3389
3760 -4874.4651
3761 -4874.5115
3762 -4874.5307
3763 -4874.5390
3764 -4874.5429
3765 -4874.5450
3766 -4874.5460
3767 -4874.5465
3768 -4874.5467
3769 -4873.9497
3770 -4874.3403
3771 -4874.4659
3772 -4874.5118
3773 -4874.5308
3774 -4874.5389
3775 -4874.5428
3776 -4874.5449
3777 -4874.5458
3778 -4874.5462
3779 -4874.5465
3780 -4873.9490
3781 -4874.3419
3782 -4874.4668
3783 -4874.5122
3784 -4874.5308
3785 -4874.5388
3786 -4874.5427
3787 -4874.5447
3788 -4874.5456
3789 -4874.5461
3790 -4874.5463
3791 -4873.9484
3792 -4874.3434
3793 -4874.4676
3794 -4874.5125
3795 -4874.5309
3796 -4874.5388
3797 -4874.5426
3798 -4874.5446
3799 -4874.5454
3800 -4874.5458
3801 -4874.5461
3802 -4873.9477
3803 -4874.3450
3804 -4874.4685
3805 -4874.5129
3806 -4874.5310
3807 -4874.5387
3808 -4874.5425
3809 -4874.5444
3810 -4874.5453
3811 -4874.5457
3812 -4874.5459
3813 -4873.9258
3814 -4874.3363
3815 -4874.4645
3816 -4874.5109
3817 -4874.5300
3818 -4874.5382
3819 -4874.5421
3820 -4874.5441
3821 -4874.5450
3822 -4874.5454
3823 -4874.5457
3824 -4873.9253
3825 -4874.3380
3826 -4874.4654
3827 -4874.5113
3828 -4874.5301
3829 -4874.5381
3830 -4874.5420
3831 -4874.5440
3832 -4874.5448
3833 -4874.5453
3834 -4874.5455
3835 -4873.9247
3836 -4874.3397
3837 -4874.4663
3838 -4874.5117
3839 -4874.5302
3840 -4874.5381
3841 -4874.5419
3842 -4874.5438
3843 -4874.5447
3844 -4874.5451
3845 -4874.5453
3846 -4873.9463
3847 -4874.3339
3848 -4874.4615
3849 -4874.5089
3850 -4874.5286
3851 -4874.5371
3852 -4874.5412
3853 -4874.5432
3854 -4874.5443
3855 -4874.5448
3856 -4874.5450
3857 -4873.9455
3858 -4874.3354
3859 -4874.4624
3860 -4874.5092
3861 -4874.5287
3862 -4874.5371
3863 -4874.5410
3864 -4874.5430
3865 -4874.5441
3866 -4874.5446
3867 -4874.5448
3868 -4873.9448
3869 -4874.3370
3870 -4874.4632
3871 -4874.5095
3872 -4874.5288
3873 -4874.5370
3874 -4874.5409
3875 -4874.5428
3876 -4874.5439
3877 -4874.5444
3878 -4874.5446
3879 -4873.9441
3880 -4874.3386
3881 -4874.4641
3882 -4874.5099
3883 -4874.5289
3884 -4874.5369
3885 -4874.5408
3886 -4874.5426
3887 -4874.5437
3888 -4874.5442
3889 -4874.5444
3890 -4873.9436
3891 -4874.3402
3892 -4874.4650
3893 -4874.5103
3894 -4874.5290
3895 -4874.5369
3896 -4874.5406
3897 -4874.5425
3898 -4874.5435
3899 -4874.5440
3900 -4874.5442
3901 -4873.9430
3902 -4874.3416
3903 -4874.4658
3904 -4874.5106
3905 -4874.5291
3906 -4874.5368
3907 -4874.5405
3908 -4874.5423
3909 -4874.5432
3910 -4874.5438
3911 -4874.5440
3912 -4873.9212
3913 -4874.3330
3914 -4874.4618
3915 -4874.5087
3916 -4874.5280
3917 -4874.5363
3918 -4874.5402
3919 -4874.5420
3920 -4874.5429
3921 -4874.5435
3922 -4874.5438
3923 -4873.9206
3924 -4874.3348
3925 -4874.4628
3926 -4874.5091
3927 -4874.5282
3928 -4874.5362
3929 -4874.5400
3930 -4874.5419
3931 -4874.5428
3932 -4874.5433
3933 -4874.5436
3934 -4873.9200
3935 -4874.3364
3936 -4874.4638
3937 -4874.5095
3938 -4874.5282
3939 -4874.5362
3940 -4874.5399
3941 -4874.5417
3942 -4874.5426
3943 -4874.5431
3944 -4874.5434
3945 -4873.9415
3946 -4874.3304
3947 -4874.4588
3948 -4874.5066
3949 -4874.5263
3950 -4874.5353
3951 -4874.5392
3952 -4874.5413
3953 -4874.5423
3954 -4874.5427
3955 -4874.5430
3956 -4873.9408
3957 -4874.3320
3958 -4874.4597
3959 -4874.5069
3960 -4874.5264
3961 -4874.5352
3962 -4874.5391
3963 -4874.5411
3964 -4874.5420
3965 -4874.5425
3966 -4874.5427
3967 -4873.9400
3968 -4874.3336
3969 -4874.4606
3970 -4874.5072
3971 -4874.5265
3972 -4874.5352
3973 -4874.5389
3974 -4874.5409
3975 -4874.5418
3976 -4874.5423
3977 -4874.5426
3978 -4873.9393
3979 -4874.3352
3980 -4874.4614
3981 -4874.5076
3982 -4874.5266
3983 -4874.5351
3984 -4874.5388
3985 -4874.5407
3986 -4874.5416
3987 -4874.5421
3988 -4874.5423
3989 -4873.9386
3990 -4874.3367
3991 -4874.4623
3992 -4874.5080
3993 -4874.5267
3994 -4874.5351
3995 -4874.5387
3996 -4874.5406
3997 -4874.5414
3998 -4874.5419
3999 -4874.5421
4000 -4873.9380
4001 -4874.3383
4002 -4874.4632
4003 -4874.5083
4004 -4874.5269
4005 -4874.5350
4006 -4874.5386
4007 -4874.5404
4008 -4874.5412
4009 -4874.5417
4010 -4874.5419
4011 -4873.9163
4012 -4874.3299
4013 -4874.4592
4014 -4874.5064
4015 -4874.5259
4016 -4874.5344
4017 -4874.5382
4018 -4874.5401
4019 -4874.5410
4020 -4874.5415
4021 -4874.5417
4022 -4873.9157
4023 -4874.3314
4024 -4874.4602
4025 -4874.5068
4026 -4874.5260
4027 -4874.5344
4028 -4874.5381
4029 -4874.5400
4030 -4874.5409
4031 -4874.5413
4032 -4874.5415
4033 -4873.9152
4034 -4874.3331
4035 -4874.4611
4036 -4874.5072
4037 -4874.5261
4038 -4874.5344
4039 -4874.5380
4040 -4874.5398
4041 -4874.5407
4042 -4874.5411
4043 -4874.5413
4044 -4873.9366
4045 -4874.3269
4046 -4874.4561
4047 -4874.5042
4048 -4874.5243
4049 -4874.5333
4050 -4874.5373
4051 -4874.5393
4052 -4874.5403
4053 -4874.5408
4054 -4874.5410
4055 -4873.9358
4056 -4874.3284
4057 -4874.4569
4058 -4874.5046
4059 -4874.5243
4060 -4874.5332
4061 -4874.5372
4062 -4874.5391
4063 -4874.5401
4064 -4874.5406
4065 -4874.5408
4066 -4873.9350
4067 -4874.3300
4068 -4874.4579
4069 -4874.5050
4070 -4874.5244
4071 -4874.5331
4072 -4874.5370
4073 -4874.5390
4074 -4874.5399
4075 -4874.5404
4076 -4874.5406
4077 -4873.9343
4078 -4874.3317
4079 -4874.4587
4080 -4874.5053
4081 -4874.5245
4082 -4874.5331
4083 -4874.5369
4084 -4874.5387
4085 -4874.5397
4086 -4874.5402
4087 -4874.5404
4088 -4873.9336
4089 -4874.3332
4090 -4874.4596
4091 -4874.5057
4092 -4874.5246
4093 -4874.5331
4094 -4874.5368
4095 -4874.5386
4096 -4874.5395
4097 -4874.5399
4098 -4874.5402
4099 -4873.9330
4100 -4874.3348
4101 -4874.4605
4102 -4874.5060
4103 -4874.5247
4104 -4874.5330
4105 -4874.5367
4106 -4874.5384
4107 -4874.5393
4108 -4874.5397
4109 -4874.5399
4110 -4873.9115
4111 -4874.3265
4112 -4874.4566
4113 -4874.5041
4114 -4874.5237
4115 -4874.5324
4116 -4874.5363
4117 -4874.5381
4118 -4874.5391
4119 -4874.5395
4120 -4874.5397
4121 -4873.9109
4122 -4874.3282
4123 -4874.4576
4124 -4874.5045
4125 -4874.5238
4126 -4874.5324
4127 -4874.5361
4128 -4874.5380
4129 -4874.5389
4130 -4874.5393
4131 -4874.5395
4132 -4873.9103
4133 -4874.3299
4134 -4874.4585
4135 -4874.5049
4136 -4874.5239
4137 -4874.5324
4138 -4874.5361
4139 -4874.5378
4140 -4874.5387
4141 -4874.5391
4142 -4874.5394
4143 -4873.9316
4144 -4874.3233
4145 -4874.4533
4146 -4874.5019
4147 -4874.5221
4148 -4874.5312
4149 -4874.5353
4150 -4874.5374
4151 -4874.5383
4152 -4874.5388
4153 -4874.5391
4154 -4873.9308
4155 -4874.3249
4156 -4874.4542
4157 -4874.5022
4158 -4874.5222
4159 -4874.5312
4160 -4874.5352
4161 -4874.5372
4162 -4874.5381
4163 -4874.5386
4164 -4874.5389
4165 -4873.9301
4166 -4874.3265
4167 -4874.4551
4168 -4874.5026
4169 -4874.5223
4170 -4874.5311
4171 -4874.5352
4172 -4874.5370
4173 -4874.5379
4174 -4874.5384
4175 -4874.5386
4176 -4873.9294
4177 -4874.3281
4178 -4874.4560
4179 -4874.5030
4180 -4874.5223
4181 -4874.5310
4182 -4874.5351
4183 -4874.5368
4184 -4874.5377
4185 -4874.5382
4186 -4874.5384
4187 -4873.9287
4188 -4874.3297
4189 -4874.4569
4190 -4874.5034
4191 -4874.5224
4192 -4874.5310
4193 -4874.5349
4194 -4874.5367
4195 -4874.5376
4196 -4874.5380
4197 -4874.5382
4198 -4873.9280
4199 -4874.3313
4200 -4874.4578
4201 -4874.5037
4202 -4874.5225
4203 -4874.5309
4204 -4874.5348
4205 -4874.5365
4206 -4874.5374
4207 -4874.5378
4208 -4874.5380
4209 -4873.9066
4210 -4874.3231
4211 -4874.4540
4212 -4874.5019
4213 -4874.5216
4214 -4874.5304
4215 -4874.5345
4216 -4874.5362
4217 -4874.5371
4218 -4874.5376
4219 -4874.5378
4220 -4873.9060
4221 -4874.3248
4222 -4874.4550
4223 -4874.5023
4224 -4874.5217
4225 -4874.5304
4226 -4874.5343
4227 -4874.5360
4228 -4874.5370
4229 -4874.5374
4230 -4874.5376
4231 -4873.9054
4232 -4874.3266
4233 -4874.4559
4234 -4874.5027
4235 -4874.5218
4236 -4874.5303
4237 -4874.5342
4238 -4874.5359
4239 -4874.5368
4240 -4874.5372
4241 -4874.5375
4242 -4873.9266
4243 -4874.3197
4244 -4874.4505
4245 -4874.4995
4246 -4874.5199
4247 -4874.5293
4248 -4874.5335
4249 -4874.5354
4250 -4874.5364
4251 -4874.5369
4252 -4874.5372
4253 -4873.9258
4254 -4874.3214
4255 -4874.4514
4256 -4874.4999
4257 -4874.5200
4258 -4874.5292
4259 -4874.5333
4260 -4874.5352
4261 -4874.5362
4262 -4874.5367
4263 -4874.5369
4264 -4873.9251
4265 -4874.3230
4266 -4874.4524
4267 -4874.5003
4268 -4874.5201
4269 -4874.5292
4270 -4874.5332
4271 -4874.5352
4272 -4874.5360
4273 -4874.5365
4274 -4874.5367
4275 -4873.9244
4276 -4874.3246
4277 -4874.4532
4278 -4874.5006
4279 -4874.5202
4280 -4874.5291
4281 -4874.5331
4282 -4874.5350
4283 -4874.5358
4284 -4874.5362
4285 -4874.5365
4286 -4873.9237
4287 -4874.3262
4288 -4874.4542
4289 -4874.5010
4290 -4874.5203
4291 -4874.5290
4292 -4874.5329
4293 -4874.5348
4294 -4874.5356
4295 -4874.5361
4296 -4874.5363
4297 -4873.9230
4298 -4874.3279
4299 -4874.4551
4300 -4874.5014
4301 -4874.5204
4302 -4874.5290
4303 -4874.5328
4304 -4874.5347
4305 -4874.5354
4306 -4874.5358
4307 -4874.5361
4308 -4873.9016
4309 -4874.3196
4310 -4874.4513
4311 -4874.4995
4312 -4874.5194
4313 -4874.5285
4314 -4874.5324
4315 -4874.5344
4316 -4874.5352
4317 -4874.5356
4318 -4874.5358
4319 -4873.9009
4320 -4874.3214
4321 -4874.4523
4322 -4874.4999
4323 -4874.5195
4324 -4874.5284
4325 -4874.5323
4326 -4874.5342
4327 -4874.5352
4328 -4874.5354
4329 -4874.5357
4330 -4873.9004
4331 -4874.3233
4332 -4874.4533
4333 -4874.5004
4334 -4874.5197
4335 -4874.5284
4336 -4874.5322
4337 -4874.5341
4338 -4874.5350
4339 -4874.5352
4340 -4874.5355
4341 -4873.9214
4342 -4874.3161
4343 -4874.4475
4344 -4874.4971
4345 -4874.5177
4346 -4874.5271
4347 -4874.5314
4348 -4874.5336
4349 -4874.5346
4350 -4874.5351
4351 -4874.5352
4352 -4873.9207
4353 -4874.3178
4354 -4874.4486
4355 -4874.4975
4356 -4874.5178
4357 -4874.5270
4358 -4874.5313
4359 -4874.5334
4360 -4874.5343
4361 -4874.5349
4362 -4874.5351
4363 -4873.9199
4364 -4874.3194
4365 -4874.4495
4366 -4874.4979
4367 -4874.5179
4368 -4874.5270
4369 -4874.5311
4370 -4874.5332
4371 -4874.5342
4372 -4874.5346
4373 -4874.5349
4374 -4873.9192
4375 -4874.3211
4376 -4874.4505
4377 -4874.4982
4378 -4874.5180
4379 -4874.5268
4380 -4874.5310
4381 -4874.5330
4382 -4874.5339
4383 -4874.5344
4384 -4874.5347
4385 -4873.9185
4386 -4874.3227
4387 -4874.4515
4388 -4874.4986
4389 -4874.5181
4390 -4874.5268
4391 -4874.5309
4392 -4874.5328
4393 -4874.5338
4394 -4874.5342
4395 -4874.5344
4396 -4873.9179
4397 -4874.3244
4398 -4874.4524
4399 -4874.4990
4400 -4874.5182
4401 -4874.5267
4402 -4874.5308
4403 -4874.5327
4404 -4874.5336
4405 -4874.5340
4406 -4874.5342
4407 -4873.8967
4408 -4874.3162
4409 -4874.4486
4410 -4874.4972
4411 -4874.5172
4412 -4874.5262
4413 -4874.5304
4414 -4874.5324
4415 -4874.5333
4416 -4874.5338
4417 -4874.5340
4418 -4873.8961
4419 -4874.3180
4420 -4874.4496
4421 -4874.4976
4422 -4874.5174
4423 -4874.5262
4424 -4874.5303
4425 -4874.5322
4426 -4874.5332
4427 -4874.5336
4428 -4874.5338
4429 -4873.8955
4430 -4874.3198
4431 -4874.4506
4432 -4874.4981
4433 -4874.5176
4434 -4874.5262
4435 -4874.5302
4436 -4874.5321
4437 -4874.5330
4438 -4874.5334
4439 -4874.5336
4440 -4873.9165
4441 -4874.3125
4442 -4874.4448
4443 -4874.4946
4444 -4874.5155
4445 -4874.5249
4446 -4874.5294
4447 -4874.5315
4448 -4874.5326
4449 -4874.5331
4450 -4874.5333
4451 -4873.9157
4452 -4874.3141
4453 -4874.4457
4454 -4874.4951
4455 -4874.5156
4456 -4874.5248
4457 -4874.5293
4458 -4874.5313
4459 -4874.5324
4460 -4874.5329
4461 -4874.5331
4462 -4873.9150
4463 -4874.3158
4464 -4874.4466
4465 -4874.4955
4466 -4874.5157
4467 -4874.5247
4468 -4874.5292
4469 -4874.5311
4470 -4874.5321
4471 -4874.5326
4472 -4874.5329
4473 -4873.9143
4474 -4874.3175
4475 -4874.4475
4476 -4874.4958
4477 -4874.5158
4478 -4874.5247
4479 -4874.5290
4480 -4874.5309
4481 -4874.5319
4482 -4874.5324
4483 -4874.5326
4484 -4873.9136
4485 -4874.3192
4486 -4874.4486
4487 -4874.4962
4488 -4874.5159
4489 -4874.5246
4490 -4874.5289
4491 -4874.5308
4492 -4874.5317
4493 -4874.5322
4494 -4874.5324
4495 -4873.9130
4496 -4874.3209
4497 -4874.4496
4498 -4874.4967
4499 -4874.5160
4500 -4874.5246
4501 -4874.5288
4502 -4874.5306
4503 -4874.5316
4504 -4874.5320
4505 -4874.5322
4506 -4873.8918
4507 -4874.3128
4508 -4874.4459
4509 -4874.4948
4510 -4874.5151
4511 -4874.5241
4512 -4874.5284
4513 -4874.5303
4514 -4874.5313
4515 -4874.5318
4516 -4874.5320
4517 -4873.8911
4518 -4874.3146
4519 -4874.4469
4520 -4874.4953
4521 -4874.5152
4522 -4874.5241
4523 -4874.5283
4524 -4874.5302
4525 -4874.5311
4526 -4874.5315
4527 -4874.5318
4528 -4873.8906
4529 -4874.3164
4530 -4874.4480
4531 -4874.4957
4532 -4874.5153
4533 -4874.5241
4534 -4874.5282
4535 -4874.5300
4536 -4874.5309
4537 -4874.5314
4538 -4874.5316
4539 -4873.9115
4540 -4874.3089
4541 -4874.4420
4542 -4874.4922
4543 -4874.5132
4544 -4874.5227
4545 -4874.5274
4546 -4874.5295
4547 -4874.5305
4548 -4874.5311
4549 -4874.5313
4550 -4873.9107
4551 -4874.3106
4552 -4874.4429
4553 -4874.4926
4554 -4874.5133
4555 -4874.5227
4556 -4874.5272
4557 -4874.5294
4558 -4874.5303
4559 -4874.5308
4560 -4874.5311
4561 -4873.9099
4562 -4874.3123
4563 -4874.4439
4564 -4874.4930
4565 -4874.5134
4566 -4874.5226
4567 -4874.5271
4568 -4874.5292
4569 -4874.5301
4570 -4874.5306
4571 -4874.5308
4572 -4873.9092
4573 -4874.3139
4574 -4874.4449
4575 -4874.4934
4576 -4874.5135
4577 -4874.5226
4578 -4874.5268
4579 -4874.5290
4580 -4874.5299
4581 -4874.5304
4582 -4874.5306
4583 -4873.9085
4584 -4874.3157
4585 -4874.4458
4586 -4874.4939
4587 -4874.5136
4588 -4874.5225
4589 -4874.5267
4590 -4874.5288
4591 -4874.5297
4592 -4874.5301
4593 -4874.5304
4594 -4873.9079
4595 -4874.3173
4596 -4874.4468
4597 -4874.4943
4598 -4874.5138
4599 -4874.5225
4600 -4874.5265
4601 -4874.5286
4602 -4874.5295
4603 -4874.5299
4604 -4874.5302
4605 -4873.8868
4606 -4874.3094
4607 -4874.4430
4608 -4874.4925
4609 -4874.5128
4610 -4874.5220
4611 -4874.5262
4612 -4874.5283
4613 -4874.5294
4614 -4874.5297
4615 -4874.5299
4616 -4873.8862
4617 -4874.3112
4618 -4874.4442
4619 -4874.4929
4620 -4874.5130
4621 -4874.5219
4622 -4874.5261
4623 -4874.5282
4624 -4874.5292
4625 -4874.5295
4626 -4874.5297
4627 -4873.8857
4628 -4874.3130
4629 -4874.4452
4630 -4874.4934
4631 -4874.5131
4632 -4874.5219
4633 -4874.5260
4634 -4874.5280
4635 -4874.5290
4636 -4874.5293
4637 -4874.5295
4638 -4873.9065
4639 -4874.3053
4640 -4874.4392
4641 -4874.4899
4642 -4874.5110
4643 -4874.5206
4644 -4874.5251
4645 -4874.5274
4646 -4874.5285
4647 -4874.5291
4648 -4874.5294
4649 -4873.9057
4650 -4874.3071
4651 -4874.4402
4652 -4874.4903
4653 -4874.5111
4654 -4874.5205
4655 -4874.5250
4656 -4874.5273
4657 -4874.5283
4658 -4874.5289
4659 -4874.5291
4660 -4873.9049
4661 -4874.3087
4662 -4874.4411
4663 -4874.4907
4664 -4874.5112
4665 -4874.5205
4666 -4874.5248
4667 -4874.5271
4668 -4874.5281
4669 -4874.5286
4670 -4874.5289
4671 -4873.9042
4672 -4874.3104
4673 -4874.4421
4674 -4874.4911
4675 -4874.5113
4676 -4874.5204
4677 -4874.5247
4678 -4874.5268
4679 -4874.5279
4680 -4874.5283
4681 -4874.5286
4682 -4873.9035
4683 -4874.3121
4684 -4874.4430
4685 -4874.4916
4686 -4874.5114
4687 -4874.5204
4688 -4874.5246
4689 -4874.5266
4690 -4874.5277
4691 -4874.5281
4692 -4874.5284
4693 -4873.9029
4694 -4874.3138
4695 -4874.4440
4696 -4874.4920
4697 -4874.5115
4698 -4874.5204
4699 -4874.5245
4700 -4874.5264
4701 -4874.5275
4702 -4874.5279
4703 -4874.5281
4704 -4873.8819
4705 -4874.3058
4706 -4874.4404
4707 -4874.4901
4708 -4874.5106
4709 -4874.5198
4710 -4874.5241
4711 -4874.5261
4712 -4874.5272
4713 -4874.5277
4714 -4874.5279
4715 -4873.8813
4716 -4874.3077
4717 -4874.4414
4718 -4874.4905
4719 -4874.5108
4720 -4874.5198
4721 -4874.5240
4722 -4874.5260
4723 -4874.5270
4724 -4874.5275
4725 -4874.5277
4726 -4873.8807
4727 -4874.3095
4728 -4874.4424
4729 -4874.4910
4730 -4874.5109
4731 -4874.5198
4732 -4874.5239
4733 -4874.5258
4734 -4874.5269
4735 -4874.5273
4736 -4874.5275
4737 -4873.9014
4738 -4874.3015
4739 -4874.4361
4740 -4874.4874
4741 -4874.5087
4742 -4874.5184
4743 -4874.5230
4744 -4874.5252
4745 -4874.5263
4746 -4874.5270
4747 -4874.5273
4748 -4873.9007
4749 -4874.3034
4750 -4874.4371
4751 -4874.4879
4752 -4874.5088
4753 -4874.5184
4754 -4874.5229
4755 -4874.5251
4756 -4874.5261
4757 -4874.5266
4758 -4874.5270
4759 -4873.8999
4760 -4874.3052
4761 -4874.4381
4762 -4874.4883
4763 -4874.5089
4764 -4874.5183
4765 -4874.5227
4766 -4874.5248
4767 -4874.5259
4768 -4874.5264
4769 -4874.5267
4770 -4873.8992
4771 -4874.3069
4772 -4874.4393
4773 -4874.4887
4774 -4874.5090
4775 -4874.5183
4776 -4874.5226
4777 -4874.5247
4778 -4874.5257
4779 -4874.5262
4780 -4874.5264
4781 -4873.8985
4782 -4874.3086
4783 -4874.4403
4784 -4874.4891
4785 -4874.5092
4786 -4874.5182
4787 -4874.5224
4788 -4874.5245
4789 -4874.5254
4790 -4874.5259
4791 -4874.5262
4792 -4873.8979
4793 -4874.3103
4794 -4874.4413
4795 -4874.4896
4796 -4874.5093
4797 -4874.5182
4798 -4874.5224
4799 -4874.5243
4800 -4874.5253
4801 -4874.5257
4802 -4874.5260
4803 -4873.8770
4804 -4874.3024
4805 -4874.4376
4806 -4874.4878
4807 -4874.5084
4808 -4874.5177
4809 -4874.5220
4810 -4874.5240
4811 -4874.5250
4812 -4874.5255
4813 -4874.5257
4814 -4873.8763
4815 -4874.3043
4816 -4874.4387
4817 -4874.4883
4818 -4874.5085
4819 -4874.5177
4820 -4874.5219
4821 -4874.5239
4822 -4874.5249
4823 -4874.5253
4824 -4874.5255
4825 -4873.8758
4826 -4874.3061
4827 -4874.4397
4828 -4874.4887
4829 -4874.5087
4830 -4874.5177
4831 -4874.5218
4832 -4874.5237
4833 -4874.5246
4834 -4874.5251
4835 -4874.5253
4836 -4873.8964
4837 -4874.2979
4838 -4874.4332
4839 -4874.4847
4840 -4874.5064
4841 -4874.5162
4842 -4874.5209
4843 -4874.5231
4844 -4874.5243
4845 -4874.5248
4846 -4874.5251
4847 -4873.8956
4848 -4874.2996
4849 -4874.4342
4850 -4874.4852
4851 -4874.5065
4852 -4874.5162
4853 -4874.5207
4854 -4874.5229
4855 -4874.5240
4856 -4874.5245
4857 -4874.5248
4858 -4873.8948
4859 -4874.3013
4860 -4874.4352
4861 -4874.4856
4862 -4874.5067
4863 -4874.5162
4864 -4874.5206
4865 -4874.5227
4866 -4874.5238
4867 -4874.5243
4868 -4874.5246
4869 -4873.8941
4870 -4874.3031
4871 -4874.4363
4872 -4874.4860
4873 -4874.5067
4874 -4874.5161
4875 -4874.5205
4876 -4874.5225
4877 -4874.5236
4878 -4874.5241
4879 -4874.5243
4880 -4873.8934
4881 -4874.3050
4882 -4874.4372
4883 -4874.4867
4884 -4874.5069
4885 -4874.5160
4886 -4874.5203
4887 -4874.5224
4888 -4874.5233
4889 -4874.5238
4890 -4874.5241
4891 -4873.8928
4892 -4874.3068
4893 -4874.4382
4894 -4874.4871
4895 -4874.5071
4896 -4874.5160
4897 -4874.5202
4898 -4874.5222
4899 -4874.5232
4900 -4874.5236
4901 -4874.5239
4902 -4873.8720
4903 -4874.2990
4904 -4874.4349
4905 -4874.4854
4906 -4874.5061
4907 -4874.5155
4908 -4874.5198
4909 -4874.5219
4910 -4874.5229
4911 -4874.5234
4912 -4874.5236
4913 -4873.8714
4914 -4874.3008
4915 -4874.4360
4916 -4874.4859
4917 -4874.5063
4918 -4874.5155
4919 -4874.5197
4920 -4874.5218
4921 -4874.5228
4922 -4874.5232
4923 -4874.5234
4924 -4873.8708
4925 -4874.3027
4926 -4874.4370
4927 -4874.4863
4928 -4874.5064
4929 -4874.5155
4930 -4874.5196
4931 -4874.5216
4932 -4874.5225
4933 -4874.5230
4934 -4874.5232
4935 -4873.8913
4936 -4874.2942
4937 -4874.4303
4938 -4874.4822
4939 -4874.5041
4940 -4874.5140
4941 -4874.5187
4942 -4874.5210
4943 -4874.5221
4944 -4874.5227
4945 -4874.5230
4946 -4873.8906
4947 -4874.2959
4948 -4874.4313
4949 -4874.4827
4950 -4874.5042
4951 -4874.5139
4952 -4874.5186
4953 -4874.5208
4954 -4874.5219
4955 -4874.5224
4956 -4874.5227
4957 -4873.8898
4958 -4874.2977
4959 -4874.4323
4960 -4874.4831
4961 -4874.5043
4962 -4874.5139
4963 -4874.5184
4964 -4874.5206
4965 -4874.5217
4966 -4874.5222
4967 -4874.5224
4968 -4873.8891
4969 -4874.2995
4970 -4874.4334
4971 -4874.4835
4972 -4874.5045
4973 -4874.5138
4974 -4874.5183
4975 -4874.5204
4976 -4874.5214
4977 -4874.5219
4978 -4874.5222
4979 -4873.8884
4980 -4874.3012
4981 -4874.4344
4982 -4874.4840
4983 -4874.5046
4984 -4874.5138
4985 -4874.5182
4986 -4874.5202
4987 -4874.5212
4988 -4874.5217
4989 -4874.5220
4990 -4873.8877
4991 -4874.3030
4992 -4874.4354
4993 -4874.4844
4994 -4874.5047
4995 -4874.5138
4996 -4874.5181
4997 -4874.5200
4998 -4874.5210
4999 -4874.5215
5000 -4874.5217
5001 -4873.8671
5002 -4874.2953
5003 -4874.4319
5004 -4874.4827
5005 -4874.5039
5006 -4874.5133
5007 -4874.5177
5008 -4874.5198
5009 -4874.5208
5010 -4874.5213
5011 -4874.5215
5012 -4873.8664
5013 -4874.2974
5014 -4874.4330
5015 -4874.4832
5016 -4874.5040
5017 -4874.5132
5018 -4874.5176
5019 -4874.5196
5020 -4874.5206
5021 -4874.5211
5022 -4874.5213
5023 -4873.8659
5024 -4874.2993
5025 -4874.4341
5026 -4874.4837
5027 -4874.5042
5028 -4874.5132
5029 -4874.5175
5030 -4874.5195
5031 -4874.5204
5032 -4874.5209
5033 -4874.5211
5034 -4873.8863
5035 -4874.2905
5036 -4874.4274
5037 -4874.4797
5038 -4874.5018
5039 -4874.5118
5040 -4874.5165
5041 -4874.5188
5042 -4874.5200
5043 -4874.5205
5044 -4874.5208
5045 -4873.8855
5046 -4874.2922
5047 -4874.4284
5048 -4874.4802
5049 -4874.5019
5050 -4874.5117
5051 -4874.5164
5052 -4874.5186
5053 -4874.5197
5054 -4874.5203
5055 -4874.5206
5056 -4873.8848
5057 -4874.2940
5058 -4874.4295
5059 -4874.4806
5060 -4874.5020
5061 -4874.5117
5062 -4874.5162
5063 -4874.5184
5064 -4874.5195
5065 -4874.5200
5066 -4874.5203
5067 -4873.8840
5068 -4874.2958
5069 -4874.4305
5070 -4874.4811
5071 -4874.5022
5072 -4874.5116
5073 -4874.5161
5074 -4874.5182
5075 -4874.5193
5076 -4874.5198
5077 -4874.5200
5078 -4873.8833
5079 -4874.2976
5080 -4874.4316
5081 -4874.4815
5082 -4874.5023
5083 -4874.5116
5084 -4874.5160
5085 -4874.5181
5086 -4874.5191
5087 -4874.5196
5088 -4874.5198
5089 -4873.8827
5090 -4874.2994
5091 -4874.4326
5092 -4874.4819
5093 -4874.5024
5094 -4874.5115
5095 -4874.5159
5096 -4874.5179
5097 -4874.5189
5098 -4874.5194
5099 -4874.5196
5100 -4873.8621
5101 -4874.2918
5102 -4874.4291
5103 -4874.4803
5104 -4874.5016
5105 -4874.5110
5106 -4874.5155
5107 -4874.5176
5108 -4874.5187
5109 -4874.5191
5110 -4874.5194
5111 -4873.8615
5112 -4874.2937
5113 -4874.4302
5114 -4874.4808
5115 -4874.5017
5116 -4874.5110
5117 -4874.5154
5118 -4874.5175
5119 -4874.5185
5120 -4874.5189
5121 -4874.5192
5122 -4873.8610
5123 -4874.2956
5124 -4874.4313
5125 -4874.4812
5126 -4874.5019
5127 -4874.5110
5128 -4874.5153
5129 -4874.5173
5130 -4874.5183
5131 -4874.5187
5132 -4874.5189
5133 -4873.8813
5134 -4874.2868
5135 -4874.4245
5136 -4874.4771
5137 -4874.4995
5138 -4874.5095
5139 -4874.5143
5140 -4874.5166
5141 -4874.5178
5142 -4874.5184
5143 -4874.5187
5144 -4873.8805
5145 -4874.2886
5146 -4874.4255
5147 -4874.4776
5148 -4874.4996
5149 -4874.5095
5150 -4874.5141
5151 -4874.5164
5152 -4874.5176
5153 -4874.5181
5154 -4874.5184
5155 -4873.8797
5156 -4874.2904
5157 -4874.4266
5158 -4874.4781
5159 -4874.4997
5160 -4874.5094
5161 -4874.5140
5162 -4874.5163
5163 -4874.5174
5164 -4874.5179
5165 -4874.5182
5166 -4873.8789
5167 -4874.2922
5168 -4874.4276
5169 -4874.4785
5170 -4874.4998
5171 -4874.5094
5172 -4874.5139
5173 -4874.5161
5174 -4874.5171
5175 -4874.5176
5176 -4874.5179
5177 -4873.8782
5178 -4874.2940
5179 -4874.4287
5180 -4874.4790
5181 -4874.5000
5182 -4874.5093
5183 -4874.5138
5184 -4874.5159
5185 -4874.5169
5186 -4874.5174
5187 -4874.5177
5188 -4873.8776
5189 -4874.2958
5190 -4874.4297
5191 -4874.4795
5192 -4874.5001
5193 -4874.5093
5194 -4874.5136
5195 -4874.5157
5196 -4874.5166
5197 -4874.5172
5198 -4874.5175
5199 -4873.8571
5200 -4874.2882
5201 -4874.4263
5202 -4874.4778
5203 -4874.4993
5204 -4874.5088
5205 -4874.5133
5206 -4874.5154
5207 -4874.5164
5208 -4874.5169
5209 -4874.5172
5210 -4873.8565
5211 -4874.2902
5212 -4874.4274
5213 -4874.4783
5214 -4874.4994
5215 -4874.5088
5216 -4874.5132
5217 -4874.5152
5218 -4874.5163
5219 -4874.5167
5220 -4874.5169
5221 -4873.8560
5222 -4874.2921
5223 -4874.4285
5224 -4874.4788
5225 -4874.4996
5226 -4874.5088
5227 -4874.5131
5228 -4874.5151
5229 -4874.5161
5230 -4874.5165
5231 -4874.5167
5232 -4873.8762
5233 -4874.2831
5234 -4874.4213
5235 -4874.4746
5236 -4874.4971
5237 -4874.5073
5238 -4874.5121
5239 -4874.5145
5240 -4874.5157
5241 -4874.5162
5242 -4874.5164
5243 -4873.8754
5244 -4874.2849
5245 -4874.4224
5246 -4874.4751
5247 -4874.4972
5248 -4874.5072
5249 -4874.5120
5250 -4874.5143
5251 -4874.5154
5252 -4874.5160
5253 -4874.5162
5254 -4873.8746
5255 -4874.2868
5256 -4874.4237
5257 -4874.4755
5258 -4874.4974
5259 -4874.5072
5260 -4874.5118
5261 -4874.5140
5262 -4874.5151
5263 -4874.5157
5264 -4874.5160
5265 -4873.8739
5266 -4874.2886
5267 -4874.4247
5268 -4874.4760
5269 -4874.4975
5270 -4874.5072
5271 -4874.5117
5272 -4874.5138
5273 -4874.5149
5274 -4874.5154
5275 -4874.5157
5276 -4873.8732
5277 -4874.2904
5278 -4874.4258
5279 -4874.4765
5280 -4874.4976
5281 -4874.5071
5282 -4874.5115
5283 -4874.5137
5284 -4874.5147
5285 -4874.5152
5286 -4874.5155
5287 -4873.8726
5288 -4874.2922
5289 -4874.4269
5290 -4874.4770
5291 -4874.4978
5292 -4874.5071
5293 -4874.5114
5294 -4874.5135
5295 -4874.5145
5296 -4874.5150
5297 -4874.5152
5298 -4873.8522
5299 -4874.2846
5300 -4874.4235
5301 -4874.4753
5302 -4874.4969
5303 -4874.5066
5304 -4874.5111
5305 -4874.5132
5306 -4874.5142
5307 -4874.5147
5308 -4874.5150
5309 -4873.8516
5310 -4874.2866
5311 -4874.4246
5312 -4874.4758
5313 -4874.4971
5314 -4874.5066
5315 -4874.5109
5316 -4874.5131
5317 -4874.5140
5318 -4874.5145
5319 -4874.5148
5320 -4873.8510
5321 -4874.2886
5322 -4874.4257
5323 -4874.4763
5324 -4874.4973
5325 -4874.5066
5326 -4874.5108
5327 -4874.5129
5328 -4874.5139
5329 -4874.5144
5330 -4874.5145
5331 -4873.8711
5332 -4874.2794
5333 -4874.4183
5334 -4874.4721
5335 -4874.4947
5336 -4874.5050
5337 -4874.5099
5338 -4874.5122
5339 -4874.5134
5340 -4874.5140
5341 -4874.5143
5342 -4873.8703
5343 -4874.2813
5344 -4874.4195
5345 -4874.4725
5346 -4874.4948
5347 -4874.5049
5348 -4874.5097
5349 -4874.5120
5350 -4874.5132
5351 -4874.5137
5352 -4874.5140
5353 -4873.8695
5354 -4874.2831
5355 -4874.4205
5356 -4874.4730
5357 -4874.4950
5358 -4874.5049
5359 -4874.5096
5360 -4874.5118
5361 -4874.5129
5362 -4874.5135
5363 -4874.5137
5364 -4873.8689
5365 -4874.2850
5366 -4874.4216
5367 -4874.4735
5368 -4874.4951
5369 -4874.5048
5370 -4874.5094
5371 -4874.5116
5372 -4874.5127
5373 -4874.5132
5374 -4874.5135
5375 -4873.8681
5376 -4874.2867
5377 -4874.4227
5378 -4874.4740
5379 -4874.4953
5380 -4874.5048
5381 -4874.5093
5382 -4874.5114
5383 -4874.5125
5384 -4874.5130
5385 -4874.5132
5386 -4873.8675
5387 -4874.2886
5388 -4874.4240
5389 -4874.4744
5390 -4874.4954
5391 -4874.5048
5392 -4874.5092
5393 -4874.5113
5394 -4874.5123
5395 -4874.5128
5396 -4874.5130
5397 -4873.8472
5398 -4874.2811
5399 -4874.4206
5400 -4874.4727
5401 -4874.4946
5402 -4874.5043
5403 -4874.5088
5404 -4874.5110
5405 -4874.5120
5406 -4874.5125
5407 -4874.5128
5408 -4873.8466
5409 -4874.2831
5410 -4874.4218
5411 -4874.4733
5412 -4874.4948
5413 -4874.5043
5414 -4874.5087
5415 -4874.5108
5416 -4874.5119
5417 -4874.5123
5418 -4874.5126
5419 -4873.8460
5420 -4874.2850
5421 -4874.4229
5422 -4874.4738
5423 -4874.4950
5424 -4874.5043
5425 -4874.5086
5426 -4874.5107
5427 -4874.5117
5428 -4874.5121
5429 -4874.5123
5430 -4873.8661
5431 -4874.2757
5432 -4874.4154
5433 -4874.4694
5434 -4874.4924
5435 -4874.5027
5436 -4874.5076
5437 -4874.5100
5438 -4874.5112
5439 -4874.5118
5440 -4874.5120
5441 -4873.8652
5442 -4874.2776
5443 -4874.4165
5444 -4874.4699
5445 -4874.4926
5446 -4874.5026
5447 -4874.5075
5448 -4874.5098
5449 -4874.5109
5450 -4874.5115
5451 -4874.5118
5452 -4873.8645
5453 -4874.2795
5454 -4874.4176
5455 -4874.4704
5456 -4874.4926
5457 -4874.5026
5458 -4874.5073
5459 -4874.5096
5460 -4874.5107
5461 -4874.5113
5462 -4874.5115
5463 -4873.8638
5464 -4874.2813
5465 -4874.4187
5466 -4874.4709
5467 -4874.4928
5468 -4874.5026
5469 -4874.5072
5470 -4874.5094
5471 -4874.5105
5472 -4874.5110
5473 -4874.5113
5474 -4873.8631
5475 -4874.2831
5476 -4874.4198
5477 -4874.4714
5478 -4874.4929
5479 -4874.5025
5480 -4874.5071
5481 -4874.5092
5482 -4874.5103
5483 -4874.5108
5484 -4874.5110
5485 -4873.8624
5486 -4874.2850
5487 -4874.4208
5488 -4874.4719
5489 -4874.4930
5490 -4874.5025
5491 -4874.5069
5492 -4874.5090
5493 -4874.5101
5494 -4874.5106
5495 -4874.5108
5496 -4873.8422
5497 -4874.2775
5498 -4874.4175
5499 -4874.4703
5500 -4874.4922
5501 -4874.5020
5502 -4874.5066
5503 -4874.5088
5504 -4874.5098
5505 -4874.5103
5506 -4874.5106
5507 -4873.8416
5508 -4874.2795
5509 -4874.4187
5510 -4874.4708
5511 -4874.4924
5512 -4874.5020
5513 -4874.5065
5514 -4874.5086
5515 -4874.5096
5516 -4874.5101
5517 -4874.5103
5518 -4873.8411
5519 -4874.2815
5520 -4874.4201
5521 -4874.4713
5522 -4874.4926
5523 -4874.5020
5524 -4874.5064
5525 -4874.5084
5526 -4874.5094
5527 -4874.5099
5528 -4874.5101
5529 -4873.8610
5530 -4874.2720
5531 -4874.4123
5532 -4874.4668
5533 -4874.4900
5534 -4874.5004
5535 -4874.5054
5536 -4874.5078
5537 -4874.5089
5538 -4874.5096
5539 -4874.5098
5540 -4873.8601
5541 -4874.2739
5542 -4874.4134
5543 -4874.4673
5544 -4874.4902
5545 -4874.5003
5546 -4874.5052
5547 -4874.5075
5548 -4874.5087
5549 -4874.5093
5550 -4874.5096
5551 -4873.8594
5552 -4874.2758
5553 -4874.4146
5554 -4874.4678
5555 -4874.4903
5556 -4874.5003
5557 -4874.5051
5558 -4874.5074
5559 -4874.5085
5560 -4874.5090
5561 -4874.5093
5562 -4873.8587
5563 -4874.2776
5564 -4874.4157
5565 -4874.4683
5566 -4874.4905
5567 -4874.5002
5568 -4874.5049
5569 -4874.5071
5570 -4874.5082
5571 -4874.5088
5572 -4874.5090
5573 -4873.8580
5574 -4874.2795
5575 -4874.4168
5576 -4874.4688
5577 -4874.4906
5578 -4874.5002
5579 -4874.5048
5580 -4874.5070
5581 -4874.5080
5582 -4874.5085
5583 -4874.5088
5584 -4873.8573
5585 -4874.2814
5586 -4874.4179
5587 -4874.4693
5588 -4874.4908
5589 -4874.5002
5590 -4874.5047
5591 -4874.5068
5592 -4874.5078
5593 -4874.5083
5594 -4874.5085
5595 -4873.8372
5596 -4874.2740
5597 -4874.4146
5598 -4874.4677
5599 -4874.4899
5600 -4874.4997
5601 -4874.5043
5602 -4874.5065
5603 -4874.5076
5604 -4874.5081
5605 -4874.5083
5606 -4873.8366
5607 -4874.2760
5608 -4874.4158
5609 -4874.4683
5610 -4874.4901
5611 -4874.4997
5612 -4874.5042
5613 -4874.5063
5614 -4874.5074
5615 -4874.5079
5616 -4874.5081
5617 -4873.8360
5618 -4874.2780
5619 -4874.4170
5620 -4874.4688
5621 -4874.4903
5622 -4874.4997
5623 -4874.5041
5624 -4874.5062
5625 -4874.5072
5626 -4874.5076
5627 -4874.5079
5628 -4873.8559
5629 -4874.2683
5630 -4874.4093
5631 -4874.4642
5632 -4874.4876
5633 -4874.4980
5634 -4874.5031
5635 -4874.5055
5636 -4874.5067
5637 -4874.5073
5638 -4874.5076
5639 -4873.8551
5640 -4874.2702
5641 -4874.4105
5642 -4874.4647
5643 -4874.4877
5644 -4874.4980
5645 -4874.5029
5646 -4874.5053
5647 -4874.5064
5648 -4874.5070
5649 -4874.5073
5650 -4873.8543
5651 -4874.2721
5652 -4874.4116
5653 -4874.4652
5654 -4874.4879
5655 -4874.4980
5656 -4874.5028
5657 -4874.5051
5658 -4874.5062
5659 -4874.5068
5660 -4874.5071
5661 -4873.8536
5662 -4874.2739
5663 -4874.4127
5664 -4874.4657
5665 -4874.4880
5666 -4874.4979
5667 -4874.5026
5668 -4874.5049
5669 -4874.5060
5670 -4874.5065
5671 -4874.5068
5672 -4873.8529
5673 -4874.2758
5674 -4874.4138
5675 -4874.4662
5676 -4874.4882
5677 -4874.4979
5678 -4874.5025
5679 -4874.5047
5680 -4874.5058
5681 -4874.5063
5682 -4874.5065
5683 -4873.8522
5684 -4874.2777
5685 -4874.4150
5686 -4874.4667
5687 -4874.4883
5688 -4874.4979
5689 -4874.5023
5690 -4874.5045
5691 -4874.5056
5692 -4874.5060
5693 -4874.5063
5694 -4873.8322
5695 -4874.2704
5696 -4874.4117
5697 -4874.4651
5698 -4874.4875
5699 -4874.4974
5700 -4874.5020
5701 -4874.5043
5702 -4874.5053
5703 -4874.5058
5704 -4874.5060
5705 -4873.8316
5706 -4874.2725
5707 -4874.4129
5708 -4874.4657
5709 -4874.4877
5710 -4874.4974
5711 -4874.5019
5712 -4874.5041
5713 -4874.5051
5714 -4874.5056
5715 -4874.5058
5716 -4873.8310
5717 -4874.2745
5718 -4874.4141
5719 -4874.4663
5720 -4874.4879
5721 -4874.4974
5722 -4874.5018
5723 -4874.5039
5724 -4874.5049
5725 -4874.5054
5726 -4874.5056
5727 -4873.8508
5728 -4874.2645
5729 -4874.4063
5730 -4874.4616
5731 -4874.4849
5732 -4874.4957
5733 -4874.5008
5734 -4874.5032
5735 -4874.5044
5736 -4874.5050
5737 -4874.5054
5738 -4873.8500
5739 -4874.2664
5740 -4874.4074
5741 -4874.4621
5742 -4874.4850
5743 -4874.4956
5744 -4874.5006
5745 -4874.5030
5746 -4874.5042
5747 -4874.5047
5748 -4874.5051
5749 -4873.8492
5750 -4874.2684
5751 -4874.4086
5752 -4874.4626
5753 -4874.4852
5754 -4874.4956
5755 -4874.5004
5756 -4874.5028
5757 -4874.5039
5758 -4874.5045
5759 -4874.5048
5760 -4873.8486
5761 -4874.2702
5762 -4874.4097
5763 -4874.4631
5764 -4874.4854
5765 -4874.4955
5766 -4874.5003
5767 -4874.5026
5768 -4874.5037
5769 -4874.5043
5770 -4874.5045
5771 -4873.8479
5772 -4874.2722
5773 -4874.4109
5774 -4874.4636
5775 -4874.4855
5776 -4874.4955
5777 -4874.5002
5778 -4874.5024
5779 -4874.5035
5780 -4874.5040
5781 -4874.5043
5782 -4873.8473
5783 -4874.2741
5784 -4874.4120
5785 -4874.4641
5786 -4874.4857
5787 -4874.4955
5788 -4874.5000
5789 -4874.5022
5790 -4874.5033
5791 -4874.5038
5792 -4874.5040
5793 -4873.8273
5794 -4874.2668
5795 -4874.4088
5796 -4874.4626
5797 -4874.4849
5798 -4874.4950
5799 -4874.4997
5800 -4874.5020
5801 -4874.5030
5802 -4874.5036
5803 -4874.5038
5804 -4873.8268
5805 -4874.2689
5806 -4874.4100
5807 -4874.4631
5808 -4874.4851
5809 -4874.4950
5810 -4874.4996
5811 -4874.5018
5812 -4874.5028
5813 -4874.5033
5814 -4874.5036
5815 -4873.8263
5816 -4874.2709
5817 -4874.4112
5818 -4874.4637
5819 -4874.4853
5820 -4874.4950
5821 -4874.4995
5822 -4874.5016
5823 -4874.5026
5824 -4874.5031
5825 -4874.5034
5826 -4873.8459
5827 -4874.2605
5828 -4874.4033
5829 -4874.4589
5830 -4874.4824
5831 -4874.4933
5832 -4874.4984
5833 -4874.5009
5834 -4874.5021
5835 -4874.5028
5836 -4874.5031
5837 -4873.8451
5838 -4874.2626
5839 -4874.4044
5840 -4874.4594
5841 -4874.4826
5842 -4874.4933
5843 -4874.4983
5844 -4874.5007
5845 -4874.5019
5846 -4874.5025
5847 -4874.5028
5848 -4873.8444
5849 -4874.2646
5850 -4874.4056
5851 -4874.4599
5852 -4874.4827
5853 -4874.4932
5854 -4874.4981
5855 -4874.5005
5856 -4874.5016
5857 -4874.5022
5858 -4874.5025
5859 -4873.8436
5860 -4874.2665
5861 -4874.4067
5862 -4874.4605
5863 -4874.4829
5864 -4874.4932
5865 -4874.4980
5866 -4874.5003
5867 -4874.5014
5868 -4874.5020
5869 -4874.5022
5870 -4873.8429
5871 -4874.2685
5872 -4874.4079
5873 -4874.4610
5874 -4874.4831
5875 -4874.4932
5876 -4874.4978
5877 -4874.5001
5878 -4874.5012
5879 -4874.5017
5880 -4874.5020
5881 -4873.8423
5882 -4874.2704
5883 -4874.4090
5884 -4874.4615
5885 -4874.4832
5886 -4874.4931
5887 -4874.4977
5888 -4874.4999
5889 -4874.5010
5890 -4874.5015
5891 -4874.5018
5892 -4873.8224
5893 -4874.2632
5894 -4874.4058
5895 -4874.4600
5896 -4874.4825
5897 -4874.4927
5898 -4874.4974
5899 -4874.4997
5900 -4874.5008
5901 -4874.5013
5902 -4874.5015
5903 -4873.8218
5904 -4874.2653
5905 -4874.4071
5906 -4874.4605
5907 -4874.4827
5908 -4874.4927
5909 -4874.4973
5910 -4874.4995
5911 -4874.5005
5912 -4874.5010
5913 -4874.5013
5914 -4873.8213
5915 -4874.2673
5916 -4874.4083
5917 -4874.4611
5918 -4874.4829
5919 -4874.4927
5920 -4874.4972
5921 -4874.4993
5922 -4874.5003
5923 -4874.5008
5924 -4874.5011
5925 -4873.8408
5926 -4874.2567
5927 -4874.4002
5928 -4874.4562
5929 -4874.4799
5930 -4874.4911
5931 -4874.4961
5932 -4874.4986
5933 -4874.4998
5934 -4874.5005
5935 -4874.5008
5936 -4873.8400
5937 -4874.2586
5938 -4874.4014
5939 -4874.4567
5940 -4874.4801
5941 -4874.4910
5942 -4874.4959
5943 -4874.4984
5944 -4874.4996
5945 -4874.5002
5946 -4874.5005
5947 -4873.8393
5948 -4874.2606
5949 -4874.4026
5950 -4874.4573
5951 -4874.4803
5952 -4874.4910
5953 -4874.4958
5954 -4874.4982
5955 -4874.4993
5956 -4874.4999
5957 -4874.5002
5958 -4873.8385
5959 -4874.2628
5960 -4874.4037
5961 -4874.4578
5962 -4874.4805
5963 -4874.4909
5964 -4874.4957
5965 -4874.4980
5966 -4874.4991
5967 -4874.4997
5968 -4874.4999
5969 -4873.8378
5970 -4874.2648
5971 -4874.4049
5972 -4874.4583
5973 -4874.4806
5974 -4874.4909
5975 -4874.4955
5976 -4874.4978
5977 -4874.4989
5978 -4874.4994
5979 -4874.4997
5980 -4873.8372
5981 -4874.2667
5982 -4874.4060
5983 -4874.4589
5984 -4874.4808
5985 -4874.4909
5986 -4874.4954
5987 -4874.4976
5988 -4874.4987
5989 -4874.4992
5990 -4874.4994
5991 -4873.8174
5992 -4874.2596
5993 -4874.4029
5994 -4874.4574
5995 -4874.4800
5996 -4874.4904
5997 -4874.4951
5998 -4874.4973
5999 -4874.4984
6000 -4874.4989
6001 -4874.4992
6002 -4873.8168
6003 -4874.2617
6004 -4874.4041
6005 -4874.4580
6006 -4874.4802
6007 -4874.4904
6008 -4874.4950
6009 -4874.4972
6010 -4874.4982
6011 -4874.4987
6012 -4874.4990
6013 -4873.8162
6014 -4874.2638
6015 -4874.4054
6016 -4874.4585
6017 -4874.4804
6018 -4874.4904
6019 -4874.4949
6020 -4874.4970
6021 -4874.4980
6022 -4874.4985
6023 -4874.4987
6024 -4873.8358
6025 -4874.2529
6026 -4874.3972
6027 -4874.4535
6028 -4874.4774
6029 -4874.4886
6030 -4874.4937
6031 -4874.4962
6032 -4874.4975
6033 -4874.4981
6034 -4874.4984
6035 -4873.8350
6036 -4874.2549
6037 -4874.3983
6038 -4874.4540
6039 -4874.4776
6040 -4874.4886
6041 -4874.4936
6042 -4874.4960
6043 -4874.4973
6044 -4874.4978
6045 -4874.4982
6046 -4873.8342
6047 -4874.2569
6048 -4874.3995
6049 -4874.4546
6050 -4874.4778
6051 -4874.4885
6052 -4874.4934
6053 -4874.4958
6054 -4874.4970
6055 -4874.4976
6056 -4874.4979
6057 -4873.8335
6058 -4874.2588
6059 -4874.4007
6060 -4874.4551
6061 -4874.4780
6062 -4874.4885
6063 -4874.4933
6064 -4874.4956
6065 -4874.4968
6066 -4874.4973
6067 -4874.4976
6068 -4873.8328
6069 -4874.2608
6070 -4874.4019
6071 -4874.4557
6072 -4874.4781
6073 -4874.4885
6074 -4874.4931
6075 -4874.4954
6076 -4874.4965
6077 -4874.4971
6078 -4874.4974
6079 -4873.8321
6080 -4874.2629
6081 -4874.4030
6082 -4874.4562
6083 -4874.4783
6084 -4874.4885
6085 -4874.4930
6086 -4874.4953
6087 -4874.4963
6088 -4874.4968
6089 -4874.4971
6090 -4873.8125
6091 -4874.2560
6092 -4874.3999
6093 -4874.4548
6094 -4874.4775
6095 -4874.4880
6096 -4874.4927
6097 -4874.4950
6098 -4874.4961
6099 -4874.4966
6100 -4874.4969
6101 -4873.8119
6102 -4874.2580
6103 -4874.4012
6104 -4874.4554
6105 -4874.4778
6106 -4874.4880
6107 -4874.4926
6108 -4874.4948
6109 -4874.4959
6110 -4874.4964
6111 -4874.4966
6112 -4873.8113
6113 -4874.2602
6114 -4874.4025
6115 -4874.4559
6116 -4874.4780
6117 -4874.4880
6118 -4874.4925
6119 -4874.4947
6120 -4874.4957
6121 -4874.4962
6122 -4874.4964
6123 -4873.8307
6124 -4874.2491
6125 -4874.3940
6126 -4874.4507
6127 -4874.4749
6128 -4874.4860
6129 -4874.4915
6130 -4874.4939
6131 -4874.4952
6132 -4874.4958
6133 -4874.4961
6134 -4873.8298
6135 -4874.2511
6136 -4874.3952
6137 -4874.4511
6138 -4874.4751
6139 -4874.4859
6140 -4874.4913
6141 -4874.4937
6142 -4874.4949
6143 -4874.4955
6144 -4874.4958
6145 -4873.8291
6146 -4874.2531
6147 -4874.3965
6148 -4874.4517
6149 -4874.4753
6150 -4874.4859
6151 -4874.4912
6152 -4874.4935
6153 -4874.4947
6154 -4874.4952
6155 -4874.4955
6156 -4873.8284
6157 -4874.2550
6158 -4874.3977
6159 -4874.4523
6160 -4874.4755
6161 -4874.4859
6162 -4874.4910
6163 -4874.4933
6164 -4874.4944
6165 -4874.4950
6166 -4874.4953
6167 -4873.8277
6168 -4874.2571
6169 -4874.3988
6170 -4874.4529
6171 -4874.4756
6172 -4874.4858
6173 -4874.4909
6174 -4874.4931
6175 -4874.4942
6176 -4874.4947
6177 -4874.4950
6178 -4873.8270
6179 -4874.2591
6180 -4874.4000
6181 -4874.4535
6182 -4874.4758
6183 -4874.4858
6184 -4874.4908
6185 -4874.4929
6186 -4874.4939
6187 -4874.4945
6188 -4874.4948
6189 -4873.8075
6190 -4874.2520
6191 -4874.3970
6192 -4874.4521
6193 -4874.4751
6194 -4874.4854
6195 -4874.4904
6196 -4874.4926
6197 -4874.4937
6198 -4874.4943
6199 -4874.4945
6200 -4873.8069
6201 -4874.2542
6202 -4874.3983
6203 -4874.4527
6204 -4874.4753
6205 -4874.4854
6206 -4874.4903
6207 -4874.4926
6208 -4874.4935
6209 -4874.4940
6210 -4874.4943
6211 -4873.8063
6212 -4874.2566
6213 -4874.3995
6214 -4874.4533
6215 -4874.4755
6216 -4874.4854
6217 -4874.4902
6218 -4874.4924
6219 -4874.4933
6220 -4874.4938
6221 -4874.4940
6222 -4873.8256
6223 -4874.2453
6224 -4874.3912
6225 -4874.4480
6226 -4874.4724
6227 -4874.4835
6228 -4874.4890
6229 -4874.4916
6230 -4874.4928
6231 -4874.4934
6232 -4874.4937
6233 -4873.8248
6234 -4874.2473
6235 -4874.3923
6236 -4874.4485
6237 -4874.4726
6238 -4874.4835
6239 -4874.4889
6240 -4874.4914
6241 -4874.4926
6242 -4874.4932
6243 -4874.4935
6244 -4873.8240
6245 -4874.2493
6246 -4874.3936
6247 -4874.4491
6248 -4874.4728
6249 -4874.4835
6250 -4874.4888
6251 -4874.4912
6252 -4874.4924
6253 -4874.4929
6254 -4874.4932
6255 -4873.8233
6256 -4874.2513
6257 -4874.3945
6258 -4874.4497
6259 -4874.4730
6260 -4874.4834
6261 -4874.4886
6262 -4874.4910
6263 -4874.4922
6264 -4874.4927
6265 -4874.4929
6266 -4873.8226
6267 -4874.2533
6268 -4874.3958
6269 -4874.4502
6270 -4874.4731
6271 -4874.4834
6272 -4874.4885
6273 -4874.4908
6274 -4874.4919
6275 -4874.4925
6276 -4874.4927
6277 -4873.8219
6278 -4874.2553
6279 -4874.3970
6280 -4874.4508
6281 -4874.4733
6282 -4874.4834
6283 -4874.4884
6284 -4874.4906
6285 -4874.4917
6286 -4874.4922
6287 -4874.4925
6288 -4873.8024
6289 -4874.2484
6290 -4874.3940
6291 -4874.4492
6292 -4874.4726
6293 -4874.4830
6294 -4874.4880
6295 -4874.4904
6296 -4874.4914
6297 -4874.4920
6298 -4874.4922
6299 -4873.8018
6300 -4874.2506
6301 -4874.3953
6302 -4874.4498
6303 -4874.4728
6304 -4874.4830
6305 -4874.4879
6306 -4874.4902
6307 -4874.4913
6308 -4874.4918
6309 -4874.4920
6310 -4873.8012
6311 -4874.2527
6312 -4874.3966
6313 -4874.4504
6314 -4874.4730
6315 -4874.4830
6316 -4874.4879
6317 -4874.4900
6318 -4874.4911
6319 -4874.4916
6320 -4874.4918
6321 -4873.8204
6322 -4874.2415
6323 -4874.3881
6324 -4874.4453
6325 -4874.4698
6326 -4874.4811
6327 -4874.4864
6328 -4874.4893
6329 -4874.4905
6330 -4874.4912
6331 -4874.4915
6332 -4873.8196
6333 -4874.2435
6334 -4874.3893
6335 -4874.4459
6336 -4874.4700
6337 -4874.4810
6338 -4874.4863
6339 -4874.4890
6340 -4874.4903
6341 -4874.4909
6342 -4874.4912
6343 -4873.8189
6344 -4874.2455
6345 -4874.3906
6346 -4874.4464
6347 -4874.4702
6348 -4874.4810
6349 -4874.4861
6350 -4874.4888
6351 -4874.4900
6352 -4874.4906
6353 -4874.4909
6354 -4873.8181
6355 -4874.2475
6356 -4874.3918
6357 -4874.4469
6358 -4874.4704
6359 -4874.4810
6360 -4874.4860
6361 -4874.4886
6362 -4874.4898
6363 -4874.4904
6364 -4874.4906
6365 -4873.8175
6366 -4874.2496
6367 -4874.3929
6368 -4874.4475
6369 -4874.4706
6370 -4874.4810
6371 -4874.4858
6372 -4874.4884
6373 -4874.4896
6374 -4874.4901
6375 -4874.4904
6376 -4873.8168
6377 -4874.2516
6378 -4874.3941
6379 -4874.4481
6380 -4874.4708
6381 -4874.4810
6382 -4874.4857
6383 -4874.4882
6384 -4874.4893
6385 -4874.4899
6386 -4874.4901
6387 -4873.7974
6388 -4874.2447
6389 -4874.3909
6390 -4874.4467
6391 -4874.4700
6392 -4874.4805
6393 -4874.4854
6394 -4874.4880
6395 -4874.4891
6396 -4874.4896
6397 -4874.4899
6398 -4873.7967
6399 -4874.2469
6400 -4874.3923
6401 -4874.4473
6402 -4874.4703
6403 -4874.4805
6404 -4874.4853
6405 -4874.4878
6406 -4874.4889
6407 -4874.4894
6408 -4874.4896
6409 -4873.7962
6410 -4874.2491
6411 -4874.3936
6412 -4874.4479
6413 -4874.4705
6414 -4874.4806
6415 -4874.4852
6416 -4874.4876
6417 -4874.4887
6418 -4874.4892
6419 -4874.4894
6420 -4873.8153
6421 -4874.2376
6422 -4874.3850
6423 -4874.4423
6424 -4874.4672
6425 -4874.4786
6426 -4874.4840
6427 -4874.4866
6428 -4874.4882
6429 -4874.4888
6430 -4874.4891
6431 -4873.8145
6432 -4874.2397
6433 -4874.3862
6434 -4874.4431
6435 -4874.4674
6436 -4874.4786
6437 -4874.4838
6438 -4874.4864
6439 -4874.4879
6440 -4874.4885
6441 -4874.4888
6442 -4873.8137
6443 -4874.2417
6444 -4874.3875
6445 -4874.4437
6446 -4874.4676
6447 -4874.4785
6448 -4874.4837
6449 -4874.4862
6450 -4874.4876
6451 -4874.4882
6452 -4874.4885
6453 -4873.8129
6454 -4874.2438
6455 -4874.3887
6456 -4874.4443
6457 -4874.4678
6458 -4874.4785
6459 -4874.4835
6460 -4874.4860
6461 -4874.4874
6462 -4874.4879
6463 -4874.4882
6464 -4873.8123
6465 -4874.2458
6466 -4874.3900
6467 -4874.4448
6468 -4874.4680
6469 -4874.4785
6470 -4874.4834
6471 -4874.4858
6472 -4874.4869
6473 -4874.4877
6474 -4874.4880
6475 -4873.8116
6476 -4874.2479
6477 -4874.3912
6478 -4874.4454
6479 -4874.4682
6480 -4874.4785
6481 -4874.4833
6482 -4874.4856
6483 -4874.4867
6484 -4874.4875
6485 -4874.4877
6486 -4873.7923
6487 -4874.2410
6488 -4874.3882
6489 -4874.4440
6490 -4874.4675
6491 -4874.4781
6492 -4874.4830
6493 -4874.4853
6494 -4874.4864
6495 -4874.4870
6496 -4874.4875
6497 -4873.7917
6498 -4874.2433
6499 -4874.3895
6500 -4874.4446
6501 -4874.4677
6502 -4874.4781
6503 -4874.4829
6504 -4874.4852
6505 -4874.4863
6506 -4874.4868
6507 -4874.4870
6508 -4873.7912
6509 -4874.2454
6510 -4874.3906
6511 -4874.4453
6512 -4874.4680
6513 -4874.4781
6514 -4874.4828
6515 -4874.4850
6516 -4874.4861
6517 -4874.4866
6518 -4874.4868
6519 -4873.8102
6520 -4874.2337
6521 -4874.3818
6522 -4874.4395
6523 -4874.4647
6524 -4874.4761
6525 -4874.4816
6526 -4874.4842
6527 -4874.4855
6528 -4874.4862
6529 -4874.4865
6530 -4873.8094
6531 -4874.2359
6532 -4874.3831
6533 -4874.4401
6534 -4874.4649
6535 -4874.4761
6536 -4874.4814
6537 -4874.4840
6538 -4874.4852
6539 -4874.4859
6540 -4874.4862
6541 -4873.8086
6542 -4874.2379
6543 -4874.3844
6544 -4874.4407
6545 -4874.4651
6546 -4874.4761
6547 -4874.4812
6548 -4874.4838
6549 -4874.4850
6550 -4874.4856
6551 -4874.4859
6552 -4873.8079
6553 -4874.2400
6554 -4874.3856
6555 -4874.4413
6556 -4874.4653
6557 -4874.4760
6558 -4874.4811
6559 -4874.4835
6560 -4874.4848
6561 -4874.4853
6562 -4874.4856
6563 -4873.8072
6564 -4874.2421
6565 -4874.3869
6566 -4874.4419
6567 -4874.4655
6568 -4874.4760
6569 -4874.4810
6570 -4874.4834
6571 -4874.4845
6572 -4874.4851
6573 -4874.4854
6574 -4873.8065
6575 -4874.2441
6576 -4874.3881
6577 -4874.4425
6578 -4874.4657
6579 -4874.4760
6580 -4874.4808
6581 -4874.4832
6582 -4874.4843
6583 -4874.4848
6584 -4874.4851
6585 -4873.7874
6586 -4874.2374
6587 -4874.3852
6588 -4874.4413
6589 -4874.4650
6590 -4874.4756
6591 -4874.4805
6592 -4874.4829
6593 -4874.4840
6594 -4874.4846
6595 -4874.4849
6596 -4873.7868
6597 -4874.2396
6598 -4874.3866
6599 -4874.4420
6600 -4874.4652
6601 -4874.4756
6602 -4874.4805
6603 -4874.4827
6604 -4874.4839
6605 -4874.4844
6606 -4874.4846
6607 -4873.7863
6608 -4874.2418
6609 -4874.3879
6610 -4874.4426
6611 -4874.4654
6612 -4874.4756
6613 -4874.4804
6614 -4874.4826
6615 -4874.4836
6616 -4874.4841
6617 -4874.4844
6618 -4873.8052
6619 -4874.2297
6620 -4874.3787
6621 -4874.4368
6622 -4874.4621
6623 -4874.4736
6624 -4874.4791
6625 -4874.4817
6626 -4874.4831
6627 -4874.4837
6628 -4874.4841
6629 -4873.8044
6630 -4874.2318
6631 -4874.3799
6632 -4874.4374
6633 -4874.4623
6634 -4874.4736
6635 -4874.4789
6636 -4874.4815
6637 -4874.4828
6638 -4874.4834
6639 -4874.4838
6640 -4873.8036
6641 -4874.2340
6642 -4874.3812
6643 -4874.4380
6644 -4874.4625
6645 -4874.4735
6646 -4874.4788
6647 -4874.4813
6648 -4874.4825
6649 -4874.4832
6650 -4874.4835
6651 -4873.8029
6652 -4874.2362
6653 -4874.3825
6654 -4874.4385
6655 -4874.4627
6656 -4874.4735
6657 -4874.4787
6658 -4874.4811
6659 -4874.4823
6660 -4874.4829
6661 -4874.4832
6662 -4873.8022
6663 -4874.2383
6664 -4874.3838
6665 -4874.4391
6666 -4874.4629
6667 -4874.4735
6668 -4874.4785
6669 -4874.4809
6670 -4874.4821
6671 -4874.4827
6672 -4874.4829
6673 -4873.8015
6674 -4874.2404
6675 -4874.3850
6676 -4874.4397
6677 -4874.4631
6678 -4874.4735
6679 -4874.4784
6680 -4874.4807
6681 -4874.4818
6682 -4874.4824
6683 -4874.4827
6684 -4873.7824
6685 -4874.2337
6686 -4874.3821
6687 -4874.4384
6688 -4874.4624
6689 -4874.4731
6690 -4874.4781
6691 -4874.4805
6692 -4874.4816
6693 -4874.4822
6694 -4874.4824
6695 -4873.7818
6696 -4874.2359
6697 -4874.3835
6698 -4874.4390
6699 -4874.4626
6700 -4874.4731
6701 -4874.4780
6702 -4874.4803
6703 -4874.4814
6704 -4874.4819
6705 -4874.4822
6706 -4873.7812
6707 -4874.2381
6708 -4874.3848
6709 -4874.4396
6710 -4874.4629
6711 -4874.4732
6712 -4874.4779
6713 -4874.4801
6714 -4874.4812
6715 -4874.4817
6716 -4874.4819
6717 -4873.8000
6718 -4874.2259
6719 -4874.3752
6720 -4874.4339
6721 -4874.4595
6722 -4874.4711
6723 -4874.4766
6724 -4874.4793
6725 -4874.4807
6726 -4874.4813
6727 -4874.4816
6728 -4873.7992
6729 -4874.2279
6730 -4874.3765
6731 -4874.4346
6732 -4874.4597
6733 -4874.4710
6734 -4874.4765
6735 -4874.4791
6736 -4874.4804
6737 -4874.4810
6738 -4874.4813
6739 -4873.7985
6740 -4874.2300
6741 -4874.3780
6742 -4874.4352
6743 -4874.4598
6744 -4874.4710
6745 -4874.4763
6746 -4874.4789
6747 -4874.4801
6748 -4874.4807
6749 -4874.4810
6750 -4873.7977
6751 -4874.2321
6752 -4874.3794
6753 -4874.4358
6754 -4874.4601
6755 -4874.4710
6756 -4874.4762
6757 -4874.4786
6758 -4874.4799
6759 -4874.4805
6760 -4874.4807
6761 -4873.7970
6762 -4874.2344
6763 -4874.3807
6764 -4874.4364
6765 -4874.4603
6766 -4874.4710
6767 -4874.4760
6768 -4874.4785
6769 -4874.4796
6770 -4874.4802
6771 -4874.4805
6772 -4873.7963
6773 -4874.2366
6774 -4874.3819
6775 -4874.4370
6776 -4874.4605
6777 -4874.4710
6778 -4874.4759
6779 -4874.4783
6780 -4874.4794
6781 -4874.4800
6782 -4874.4802
6783 -4873.7773
6784 -4874.2299
6785 -4874.3791
6786 -4874.4356
6787 -4874.4598
6788 -4874.4706
6789 -4874.4756
6790 -4874.4780
6791 -4874.4791
6792 -4874.4797
6793 -4874.4800
6794 -4873.7767
6795 -4874.2322
6796 -4874.3805
6797 -4874.4363
6798 -4874.4600
6799 -4874.4706
6800 -4874.4755
6801 -4874.4778
6802 -4874.4789
6803 -4874.4794
6804 -4874.4797
6805 -4873.7762
6806 -4874.2344
6807 -4874.3818
6808 -4874.4369
6809 -4874.4603
6810 -4874.4706
6811 -4874.4754
6812 -4874.4777
6813 -4874.4787
6814 -4874.4793
6815 -4874.4795
6816 -4873.7949
6817 -4874.2220
6818 -4874.3720
6819 -4874.4311
6820 -4874.4568
6821 -4874.4685
6822 -4874.4741
6823 -4874.4768
6824 -4874.4782
6825 -4874.4789
6826 -4874.4792
6827 -4873.7941
6828 -4874.2241
6829 -4874.3733
6830 -4874.4317
6831 -4874.4571
6832 -4874.4685
6833 -4874.4740
6834 -4874.4766
6835 -4874.4779
6836 -4874.4785
6837 -4874.4789
6838 -4873.7933
6839 -4874.2262
6840 -4874.3747
6841 -4874.4324
6842 -4874.4573
6843 -4874.4685
6844 -4874.4738
6845 -4874.4764
6846 -4874.4776
6847 -4874.4783
6848 -4874.4786
6849 -4873.7926
6850 -4874.2283
6851 -4874.3760
6852 -4874.4330
6853 -4874.4575
6854 -4874.4685
6855 -4874.4737
6856 -4874.4762
6857 -4874.4774
6858 -4874.4780
6859 -4874.4783
6860 -4873.7919
6861 -4874.2304
6862 -4874.3772
6863 -4874.4336
6864 -4874.4577
6865 -4874.4685
6866 -4874.4735
6867 -4874.4760
6868 -4874.4772
6869 -4874.4777
6870 -4874.4780
6871 -4873.7912
6872 -4874.2325
6873 -4874.3787
6874 -4874.4342
6875 -4874.4579
6876 -4874.4685
6877 -4874.4734
6878 -4874.4758
6879 -4874.4769
6880 -4874.4775
6881 -4874.4778
6882 -4873.7723
6883 -4874.2261
6884 -4874.3760
6885 -4874.4329
6886 -4874.4572
6887 -4874.4680
6888 -4874.4731
6889 -4874.4755
6890 -4874.4767
6891 -4874.4772
6892 -4874.4775
6893 -4873.7717
6894 -4874.2285
6895 -4874.3774
6896 -4874.4335
6897 -4874.4574
6898 -4874.4681
6899 -4874.4730
6900 -4874.4754
6901 -4874.4765
6902 -4874.4770
6903 -4874.4772
6904 -4873.7711
6905 -4874.2307
6906 -4874.3788
6907 -4874.4342
6908 -4874.4577
6909 -4874.4681
6910 -4874.4729
6911 -4874.4752
6912 -4874.4763
6913 -4874.4768
6914 -4874.4770
6915 -4873.7898
6916 -4874.2181
6917 -4874.3688
6918 -4874.4283
6919 -4874.4541
6920 -4874.4660
6921 -4874.4716
6922 -4874.4743
6923 -4874.4757
6924 -4874.4764
6925 -4874.4767
6926 -4873.7889
6927 -4874.2202
6928 -4874.3701
6929 -4874.4289
6930 -4874.4543
6931 -4874.4659
6932 -4874.4714
6933 -4874.4741
6934 -4874.4754
6935 -4874.4761
6936 -4874.4764
6937 -4873.7882
6938 -4874.2223
6939 -4874.3714
6940 -4874.4296
6941 -4874.4545
6942 -4874.4659
6943 -4874.4713
6944 -4874.4739
6945 -4874.4752
6946 -4874.4758
6947 -4874.4761
6948 -4873.7874
6949 -4874.2245
6950 -4874.3728
6951 -4874.4302
6952 -4874.4548
6953 -4874.4659
6954 -4874.4711
6955 -4874.4737
6956 -4874.4749
6957 -4874.4755
6958 -4874.4758
6959 -4873.7867
6960 -4874.2266
6961 -4874.3741
6962 -4874.4308
6963 -4874.4550
6964 -4874.4659
6965 -4874.4710
6966 -4874.4735
6967 -4874.4747
6968 -4874.4753
6969 -4874.4755
6970 -4873.7860
6971 -4874.2287
6972 -4874.3754
6973 -4874.4314
6974 -4874.4553
6975 -4874.4659
6976 -4874.4709
6977 -4874.4733
6978 -4874.4744
6979 -4874.4750
6980 -4874.4753
6981 -4873.7672
6982 -4874.2222
6983 -4874.3727
6984 -4874.4301
6985 -4874.4546
6986 -4874.4655
6987 -4874.4706
6988 -4874.4730
6989 -4874.4742
6990 -4874.4748
6991 -4874.4750
6992 -4873.7666
6993 -4874.2246
6994 -4874.3742
6995 -4874.4308
6996 -4874.4548
6997 -4874.4655
6998 -4874.4705
6999 -4874.4729
7000 -4874.4740
7001 -4874.4745
7002 -4874.4748
7003 -4873.7660
7004 -4874.2270
7005 -4874.3757
7006 -4874.4315
7007 -4874.4551
7008 -4874.4655
7009 -4874.4704
7010 -4874.4727
7011 -4874.4738
7012 -4874.4743
7013 -4874.4745
7014 -4873.7846
7015 -4874.2141
7016 -4874.3656
7017 -4874.4252
7018 -4874.4514
7019 -4874.4634
7020 -4874.4691
7021 -4874.4718
7022 -4874.4732
7023 -4874.4739
7024 -4874.4742
7025 -4873.7838
7026 -4874.2163
7027 -4874.3669
7028 -4874.4258
7029 -4874.4516
7030 -4874.4634
7031 -4874.4689
7032 -4874.4716
7033 -4874.4729
7034 -4874.4736
7035 -4874.4739
7036 -4873.7831
7037 -4874.2185
7038 -4874.3683
7039 -4874.4265
7040 -4874.4517
7041 -4874.4633
7042 -4874.4687
7043 -4874.4714
7044 -4874.4727
7045 -4874.4733
7046 -4874.4736
7047 -4873.7823
7048 -4874.2206
7049 -4874.3696
7050 -4874.4271
7051 -4874.4519
7052 -4874.4633
7053 -4874.4686
7054 -4874.4711
7055 -4874.4724
7056 -4874.4730
7057 -4874.4733
7058 -4873.7816
7059 -4874.2228
7060 -4874.3709
7061 -4874.4280
7062 -4874.4521
7063 -4874.4633
7064 -4874.4685
7065 -4874.4710
7066 -4874.4722
7067 -4874.4728
7068 -4874.4730
7069 -4873.7809
7070 -4874.2249
7071 -4874.3722
7072 -4874.4286
7073 -4874.4524
7074 -4874.4633
7075 -4874.4684
7076 -4874.4708
7077 -4874.4719
7078 -4874.4725
7079 -4874.4728
7080 -4873.7622
7081 -4874.2185
7082 -4874.3695
7083 -4874.4273
7084 -4874.4517
7085 -4874.4629
7086 -4874.4680
7087 -4874.4705
7088 -4874.4717
7089 -4874.4722
7090 -4874.4725
7091 -4873.7616
7092 -4874.2208
7093 -4874.3710
7094 -4874.4280
7095 -4874.4520
7096 -4874.4630
7097 -4874.4679
7098 -4874.4703
7099 -4874.4715
7100 -4874.4720
7101 -4874.4723
7102 -4873.7610
7103 -4874.2231
7104 -4874.3723
7105 -4874.4287
7106 -4874.4522
7107 -4874.4630
7108 -4874.4679
7109 -4874.4702
7110 -4874.4713
7111 -4874.4718
7112 -4874.4720
7113 -4873.7795
7114 -4874.2103
7115 -4874.3624
7116 -4874.4223
7117 -4874.4487
7118 -4874.4608
7119 -4874.4665
7120 -4874.4693
7121 -4874.4707
7122 -4874.4714
7123 -4874.4717
7124 -4873.7787
7125 -4874.2124
7126 -4874.3638
7127 -4874.4230
7128 -4874.4490
7129 -4874.4608
7130 -4874.4664
7131 -4874.4691
7132 -4874.4704
7133 -4874.4711
7134 -4874.4714
7135 -4873.7779
7136 -4874.2146
7137 -4874.3651
7138 -4874.4237
7139 -4874.4491
7140 -4874.4608
7141 -4874.4662
7142 -4874.4688
7143 -4874.4702
7144 -4874.4708
7145 -4874.4711
7146 -4873.7771
7147 -4874.2168
7148 -4874.3664
7149 -4874.4243
7150 -4874.4494
7151 -4874.4607
7152 -4874.4661
7153 -4874.4686
7154 -4874.4699
7155 -4874.4705
7156 -4874.4708
7157 -4873.7765
7158 -4874.2190
7159 -4874.3677
7160 -4874.4249
7161 -4874.4496
7162 -4874.4607
7163 -4874.4660
7164 -4874.4684
7165 -4874.4696
7166 -4874.4702
7167 -4874.4705
7168 -4873.7758
7169 -4874.2211
7170 -4874.3691
7171 -4874.4256
7172 -4874.4498
7173 -4874.4608
7174 -4874.4658
7175 -4874.4682
7176 -4874.4694
7177 -4874.4700
7178 -4874.4702
7179 -4873.7570
7180 -4874.2148
7181 -4874.3664
7182 -4874.4243
7183 -4874.4492
7184 -4874.4603
7185 -4874.4655
7186 -4874.4680
7187 -4874.4691
7188 -4874.4697
7189 -4874.4700
7190 -4873.7564
7191 -4874.2171
7192 -4874.3678
7193 -4874.4250
7194 -4874.4495
7195 -4874.4604
7196 -4874.4654
7197 -4874.4678
7198 -4874.4689
7199 -4874.4695
7200 -4874.4698
7201 -4873.7558
7202 -4874.2194
7203 -4874.3693
7204 -4874.4259
7205 -4874.4497
7206 -4874.4604
7207 -4874.4653
7208 -4874.4676
7209 -4874.4687
7210 -4874.4693
7211 -4874.4695
7212 -4873.7742
7213 -4874.2063
7214 -4874.3593
7215 -4874.4195
7216 -4874.4460
7217 -4874.4582
7218 -4874.4639
7219 -4874.4668
7220 -4874.4681
7221 -4874.4688
7222 -4874.4692
7223 -4873.7734
7224 -4874.2085
7225 -4874.3605
7226 -4874.4201
7227 -4874.4463
7228 -4874.4582
7229 -4874.4638
7230 -4874.4665
7231 -4874.4679
7232 -4874.4685
7233 -4874.4688
7234 -4873.7726
7235 -4874.2107
7236 -4874.3619
7237 -4874.4208
7238 -4874.4465
7239 -4874.4582
7240 -4874.4636
7241 -4874.4663
7242 -4874.4676
7243 -4874.4682
7244 -4874.4685
7245 -4873.7719
7246 -4874.2129
7247 -4874.3633
7248 -4874.4214
7249 -4874.4467
7250 -4874.4582
7251 -4874.4635
7252 -4874.4661
7253 -4874.4673
7254 -4874.4680
7255 -4874.4682
7256 -4873.7712
7257 -4874.2151
7258 -4874.3646
7259 -4874.4221
7260 -4874.4470
7261 -4874.4582
7262 -4874.4633
7263 -4874.4659
7264 -4874.4671
7265 -4874.4677
7266 -4874.4680
7267 -4873.7705
7268 -4874.2173
7269 -4874.3659
7270 -4874.4227
7271 -4874.4472
7272 -4874.4582
7273 -4874.4633
7274 -4874.4657
7275 -4874.4669
7276 -4874.4674
7277 -4874.4677
7278 -4873.7519
7279 -4874.2110
7280 -4874.3632
7281 -4874.4215
7282 -4874.4465
7283 -4874.4577
7284 -4874.4629
7285 -4874.4654
7286 -4874.4666
7287 -4874.4672
7288 -4874.4675
7289 -4873.7513
7290 -4874.2133
7291 -4874.3647
7292 -4874.4222
7293 -4874.4468
7294 -4874.4578
7295 -4874.4628
7296 -4874.4653
7297 -4874.4664
7298 -4874.4669
7299 -4874.4672
7300 -4873.7507
7301 -4874.2157
7302 -4874.3661
7303 -4874.4229
7304 -4874.4471
7305 -4874.4578
7306 -4874.4628
7307 -4874.4651
7308 -4874.4662
7309 -4874.4667
7310 -4874.4670
7311 -4873.7691
7312 -4874.2025
7313 -4874.3560
7314 -4874.4165
7315 -4874.4431
7316 -4874.4555
7317 -4874.4614
7318 -4874.4642
7319 -4874.4656
7320 -4874.4663
7321 -4874.4666
7322 -4873.7680
7323 -4874.2046
7324 -4874.3574
7325 -4874.4172
7326 -4874.4434
7327 -4874.4555
7328 -4874.4612
7329 -4874.4640
7330 -4874.4653
7331 -4874.4660
7332 -4874.4663
7333 -4873.7672
7334 -4874.2068
7335 -4874.3588
7336 -4874.4178
7337 -4874.4438
7338 -4874.4555
7339 -4874.4610
7340 -4874.4637
7341 -4874.4650
7342 -4874.4657
7343 -4874.4660
7344 -4873.7665
7345 -4874.2090
7346 -4874.3601
7347 -4874.4185
7348 -4874.4440
7349 -4874.4555
7350 -4874.4609
7351 -4874.4635
7352 -4874.4648
7353 -4874.4654
7354 -4874.4657
7355 -4873.7658
7356 -4874.2112
7357 -4874.3614
7358 -4874.4192
7359 -4874.4443
7360 -4874.4555
7361 -4874.4608
7362 -4874.4633
7363 -4874.4646
7364 -4874.4651
7365 -4874.4654
7366 -4873.7651
7367 -4874.2135
7368 -4874.3628
7369 -4874.4198
7370 -4874.4445
7371 -4874.4555
7372 -4874.4606
7373 -4874.4631
7374 -4874.4643
7375 -4874.4649
7376 -4874.4652
7377 -4873.7466
7378 -4874.2072
7379 -4874.3602
7380 -4874.4186
7381 -4874.4439
7382 -4874.4551
7383 -4874.4604
7384 -4874.4629
7385 -4874.4641
7386 -4874.4646
7387 -4874.4649
7388 -4873.7460
7389 -4874.2096
7390 -4874.3616
7391 -4874.4194
7392 -4874.4441
7393 -4874.4552
7394 -4874.4603
7395 -4874.4627
7396 -4874.4639
7397 -4874.4644
7398 -4874.4647
7399 -4873.7454
7400 -4874.2119
7401 -4874.3630
7402 -4874.4201
7403 -4874.4444
7404 -4874.4552
7405 -4874.4602
7406 -4874.4625
7407 -4874.4636
7408 -4874.4642
7409 -4874.4645
7410 -4873.7637
7411 -4874.1985
7412 -4874.3527
7413 -4874.4136
7414 -4874.4404
7415 -4874.4527
7416 -4874.4587
7417 -4874.4616
7418 -4874.4630
7419 -4874.4638
7420 -4874.4641
7421 -4873.7628
7422 -4874.2008
7423 -4874.3541
7424 -4874.4143
7425 -4874.4406
7426 -4874.4527
7427 -4874.4586
7428 -4874.4614
7429 -4874.4628
7430 -4874.4634
7431 -4874.4638
7432 -4873.7621
7433 -4874.2030
7434 -4874.3555
7435 -4874.4149
7436 -4874.4408
7437 -4874.4527
7438 -4874.4585
7439 -4874.4612
7440 -4874.4625
7441 -4874.4631
7442 -4874.4634
7443 -4873.7613
7444 -4874.2051
7445 -4874.3569
7446 -4874.4156
7447 -4874.4411
7448 -4874.4527
7449 -4874.4583
7450 -4874.4609
7451 -4874.4622
7452 -4874.4629
7453 -4874.4632
7454 -4873.7605
7455 -4874.2074
7456 -4874.3584
7457 -4874.4163
7458 -4874.4413
7459 -4874.4527
7460 -4874.4582
7461 -4874.4608
7462 -4874.4620
7463 -4874.4626
7464 -4874.4629
7465 -4873.7598
7466 -4874.2096
7467 -4874.3597
7468 -4874.4169
7469 -4874.4416
7470 -4874.4527
7471 -4874.4581
7472 -4874.4606
7473 -4874.4617
7474 -4874.4623
7475 -4874.4626
7476 -4873.7414
7477 -4874.2034
7478 -4874.3570
7479 -4874.4157
7480 -4874.4409
7481 -4874.4523
7482 -4874.4578
7483 -4874.4603
7484 -4874.4615
7485 -4874.4621
7486 -4874.4623
7487 -4873.7409
7488 -4874.2058
7489 -4874.3585
7490 -4874.4165
7491 -4874.4412
7492 -4874.4523
7493 -4874.4577
7494 -4874.4601
7495 -4874.4613
7496 -4874.4618
7497 -4874.4621
7498 -4873.7403
7499 -4874.2082
7500 -4874.3599
7501 -4874.4172
7502 -4874.4415
7503 -4874.4524
7504 -4874.4576
7505 -4874.4600
7506 -4874.4611
7507 -4874.4616
7508 -4874.4619
7509 -4873.7585
7510 -4874.1946
7511 -4874.3494
7512 -4874.4107
7513 -4874.4376
7514 -4874.4502
7515 -4874.4562
7516 -4874.4591
7517 -4874.4604
7518 -4874.4612
7519 -4874.4615
7520 -4873.7576
7521 -4874.1967
7522 -4874.3509
7523 -4874.4114
7524 -4874.4379
7525 -4874.4501
7526 -4874.4560
7527 -4874.4588
7528 -4874.4602
7529 -4874.4609
7530 -4874.4612
7531 -4873.7569
7532 -4874.1990
7533 -4874.3523
7534 -4874.4120
7535 -4874.4381
7536 -4874.4501
7537 -4874.4558
7538 -4874.4586
7539 -4874.4599
7540 -4874.4606
7541 -4874.4609
7542 -4873.7561
7543 -4874.2014
7544 -4874.3537
7545 -4874.4127
7546 -4874.4383
7547 -4874.4501
7548 -4874.4557
7549 -4874.4583
7550 -4874.4596
7551 -4874.4603
7552 -4874.4606
7553 -4873.7554
7554 -4874.2036
7555 -4874.3552
7556 -4874.4134
7557 -4874.4386
7558 -4874.4501
7559 -4874.4556
7560 -4874.4582
7561 -4874.4594
7562 -4874.4600
7563 -4874.4603
7564 -4873.7548
7565 -4874.2059
7566 -4874.3565
7567 -4874.4141
7568 -4874.4388
7569 -4874.4502
7570 -4874.4555
7571 -4874.4580
7572 -4874.4592
7573 -4874.4597
7574 -4874.4600
7575 -4873.7364
7576 -4874.1996
7577 -4874.3540
7578 -4874.4129
7579 -4874.4382
7580 -4874.4498
7581 -4874.4552
7582 -4874.4577
7583 -4874.4589
7584 -4874.4595
7585 -4874.4597
7586 -4873.7358
7587 -4874.2020
7588 -4874.3555
7589 -4874.4136
7590 -4874.4385
7591 -4874.4498
7592 -4874.4550
7593 -4874.4575
7594 -4874.4586
7595 -4874.4593
7596 -4874.4595
7597 -4873.7352
7598 -4874.2044
7599 -4874.3568
7600 -4874.4143
7601 -4874.4388
7602 -4874.4498
7603 -4874.4550
7604 -4874.4573
7605 -4874.4585
7606 -4874.4590
7607 -4874.4593
7608 -4873.7533
7609 -4874.1906
7610 -4874.3461
7611 -4874.4077
7612 -4874.4349
7613 -4874.4475
7614 -4874.4533
7615 -4874.4564
7616 -4874.4579
7617 -4874.4586
7618 -4874.4589
7619 -4873.7525
7620 -4874.1928
7621 -4874.3476
7622 -4874.4084
7623 -4874.4351
7624 -4874.4475
7625 -4874.4531
7626 -4874.4562
7627 -4874.4576
7628 -4874.4583
7629 -4874.4586
7630 -4873.7517
7631 -4874.1951
7632 -4874.3490
7633 -4874.4091
7634 -4874.4353
7635 -4874.4474
7636 -4874.4530
7637 -4874.4560
7638 -4874.4573
7639 -4874.4580
7640 -4874.4583
7641 -4873.7510
7642 -4874.1973
7643 -4874.3504
7644 -4874.4098
7645 -4874.4356
7646 -4874.4474
7647 -4874.4528
7648 -4874.4558
7649 -4874.4570
7650 -4874.4577
7651 -4874.4580
7652 -4873.7502
7653 -4874.1996
7654 -4874.3519
7655 -4874.4105
7656 -4874.4359
7657 -4874.4475
7658 -4874.4527
7659 -4874.4555
7660 -4874.4568
7661 -4874.4574
7662 -4874.4577
7663 -4873.7496
7664 -4874.2020
7665 -4874.3533
7666 -4874.4112
7667 -4874.4361
7668 -4874.4475
7669 -4874.4526
7670 -4874.4554
7671 -4874.4566
7672 -4874.4572
7673 -4874.4574
7674 -4873.7313
7675 -4874.1959
7676 -4874.3508
7677 -4874.4100
7678 -4874.4355
7679 -4874.4471
7680 -4874.4523
7681 -4874.4551
7682 -4874.4563
7683 -4874.4569
7684 -4874.4572
7685 -4873.7307
7686 -4874.1982
7687 -4874.3523
7688 -4874.4108
7689 -4874.4358
7690 -4874.4471
7691 -4874.4522
7692 -4874.4549
7693 -4874.4561
7694 -4874.4566
7695 -4874.4569
7696 -4873.7301
7697 -4874.2006
7698 -4874.3538
7699 -4874.4115
7700 -4874.4361
7701 -4874.4472
7702 -4874.4521
7703 -4874.4547
7704 -4874.4559
7705 -4874.4564
7706 -4874.4567
7707 -4873.7481
7708 -4874.1866
7709 -4874.3428
7710 -4874.4048
7711 -4874.4321
7712 -4874.4448
7713 -4874.4508
7714 -4874.4537
7715 -4874.4552
7716 -4874.4560
7717 -4874.4563
7718 -4873.7472
7719 -4874.1889
7720 -4874.3443
7721 -4874.4055
7722 -4874.4323
7723 -4874.4448
7724 -4874.4506
7725 -4874.4534
7726 -4874.4549
7727 -4874.4557
7728 -4874.4560
7729 -4873.7464
7730 -4874.1912
7731 -4874.3457
7732 -4874.4062
7733 -4874.4326
7734 -4874.4448
7735 -4874.4505
7736 -4874.4531
7737 -4874.4546
7738 -4874.4553
7739 -4874.4557
7740 -4873.7457
7741 -4874.1935
7742 -4874.3472
7743 -4874.4069
7744 -4874.4329
7745 -4874.4448
7746 -4874.4503
7747 -4874.4529
7748 -4874.4544
7749 -4874.4550
7750 -4874.4554
7751 -4873.7450
7752 -4874.1958
7753 -4874.3486
7754 -4874.4076
7755 -4874.4331
7756 -4874.4448
7757 -4874.4502
7758 -4874.4527
7759 -4874.4541
7760 -4874.4547
7761 -4874.4551
7762 -4873.7443
7763 -4874.1980
7764 -4874.3500
7765 -4874.4083
7766 -4874.4333
7767 -4874.4448
7768 -4874.4501
7769 -4874.4525
7770 -4874.4539
7771 -4874.4544
7772 -4874.4548
7773 -4873.7261
7774 -4874.1920
7775 -4874.3476
7776 -4874.4071
7777 -4874.4328
7778 -4874.4445
7779 -4874.4498
7780 -4874.4522
7781 -4874.4536
7782 -4874.4542
7783 -4874.4545
7784 -4873.7256
7785 -4874.1946
7786 -4874.3491
7787 -4874.4079
7788 -4874.4331
7789 -4874.4445
7790 -4874.4497
7791 -4874.4521
7792 -4874.4532
7793 -4874.4540
7794 -4874.4542
7795 -4873.7250
7796 -4874.1970
7797 -4874.3506
7798 -4874.4086
7799 -4874.4334
7800 -4874.4446
7801 -4874.4496
7802 -4874.4519
7803 -4874.4530
7804 -4874.4537
7805 -4874.4540
7806 -4873.7429
7807 -4874.1827
7808 -4874.3395
7809 -4874.4018
7810 -4874.4293
7811 -4874.4419
7812 -4874.4481
7813 -4874.4511
7814 -4874.4524
7815 -4874.4531
7816 -4874.4536
7817 -4873.7421
7818 -4874.1849
7819 -4874.3410
7820 -4874.4025
7821 -4874.4296
7822 -4874.4419
7823 -4874.4480
7824 -4874.4508
7825 -4874.4521
7826 -4874.4528
7827 -4874.4531
7828 -4873.7413
7829 -4874.1872
7830 -4874.3424
7831 -4874.4032
7832 -4874.4298
7833 -4874.4419
7834 -4874.4478
7835 -4874.4506
7836 -4874.4519
7837 -4874.4525
7838 -4874.4528
7839 -4873.7405
7840 -4874.1896
7841 -4874.3439
7842 -4874.4039
7843 -4874.4301
7844 -4874.4419
7845 -4874.4477
7846 -4874.4504
7847 -4874.4517
7848 -4874.4522
7849 -4874.4525
7850 -4873.7398
7851 -4874.1919
7852 -4874.3454
7853 -4874.4046
7854 -4874.4303
7855 -4874.4419
7856 -4874.4475
7857 -4874.4502
7858 -4874.4514
7859 -4874.4519
7860 -4874.4522
7861 -4873.7391
7862 -4874.1942
7863 -4874.3468
7864 -4874.4053
7865 -4874.4306
7866 -4874.4419
7867 -4874.4474
7868 -4874.4500
7869 -4874.4512
7870 -4874.4518
7871 -4874.4520
7872 -4873.7210
7873 -4874.1882
7874 -4874.3444
7875 -4874.4042
7876 -4874.4300
7877 -4874.4415
7878 -4874.4471
7879 -4874.4497
7880 -4874.4509
7881 -4874.4515
7882 -4874.4518
7883 -4873.7204
7884 -4874.1906
7885 -4874.3459
7886 -4874.4050
7887 -4874.4303
7888 -4874.4416
7889 -4874.4471
7890 -4874.4495
7891 -4874.4507
7892 -4874.4513
7893 -4874.4516
7894 -4873.7198
7895 -4874.1931
7896 -4874.3474
7897 -4874.4057
7898 -4874.4306
7899 -4874.4416
7900 -4874.4470
7901 -4874.4493
7902 -4874.4505
7903 -4874.4510
7904 -4874.4513
7905 -4873.7377
7906 -4874.1786
7907 -4874.3361
7908 -4874.3987
7909 -4874.4263
7910 -4874.4392
7911 -4874.4455
7912 -4874.4484
7913 -4874.4499
7914 -4874.4506
7915 -4874.4509
7916 -4873.7369
7917 -4874.1809
7918 -4874.3377
7919 -4874.3994
7920 -4874.4265
7921 -4874.4392
7922 -4874.4453
7923 -4874.4482
7924 -4874.4496
7925 -4874.4503
7926 -4874.4506
7927 -4873.7361
7928 -4874.1833
7929 -4874.3391
7930 -4874.4003
7931 -4874.4268
7932 -4874.4392
7933 -4874.4452
7934 -4874.4479
7935 -4874.4493
7936 -4874.4500
7937 -4874.4503
7938 -4873.7354
7939 -4874.1856
7940 -4874.3406
7941 -4874.4010
7942 -4874.4270
7943 -4874.4392
7944 -4874.4450
7945 -4874.4477
7946 -4874.4490
7947 -4874.4497
7948 -4874.4500
7949 -4873.7347
7950 -4874.1879
7951 -4874.3421
7952 -4874.4017
7953 -4874.4273
7954 -4874.4392
7955 -4874.4449
7956 -4874.4475
7957 -4874.4488
7958 -4874.4494
7959 -4874.4497
7960 -4873.7340
7961 -4874.1903
7962 -4874.3435
7963 -4874.4024
7964 -4874.4276
7965 -4874.4392
7966 -4874.4448
7967 -4874.4474
7968 -4874.4485
7969 -4874.4491
7970 -4874.4494
7971 -4873.7160
7972 -4874.1844
7973 -4874.3411
7974 -4874.4013
7975 -4874.4270
7976 -4874.4388
7977 -4874.4445
7978 -4874.4471
7979 -4874.4483
7980 -4874.4489
7981 -4874.4492
7982 -4873.7154
7983 -4874.1869
7984 -4874.3427
7985 -4874.4020
7986 -4874.4275
7987 -4874.4389
7988 -4874.4444
7989 -4874.4469
7990 -4874.4481
7991 -4874.4486
7992 -4874.4489
7993 -4873.7148
7994 -4874.1893
7995 -4874.3442
7996 -4874.4028
7997 -4874.4279
7998 -4874.4390
7999 -4874.4444
8000 -4874.4467
8001 -4874.4479
8002 -4874.4484
8003 -4874.4487
8004 -4873.7325
8005 -4874.1746
8006 -4874.3327
8007 -4874.3961
8008 -4874.4234
8009 -4874.4365
8010 -4874.4426
8011 -4874.4458
8012 -4874.4473
8013 -4874.4479
8014 -4874.4483
8015 -4873.7317
8016 -4874.1769
8017 -4874.3343
8018 -4874.3967
8019 -4874.4237
8020 -4874.4364
8021 -4874.4424
8022 -4874.4455
8023 -4874.4470
8024 -4874.4476
8025 -4874.4479
8026 -4873.7309
8027 -4874.1792
8028 -4874.3358
8029 -4874.3975
8030 -4874.4240
8031 -4874.4364
8032 -4874.4423
8033 -4874.4453
8034 -4874.4467
8035 -4874.4473
8036 -4874.4476
8037 -4873.7302
8038 -4874.1816
8039 -4874.3373
8040 -4874.3982
8041 -4874.4242
8042 -4874.4364
8043 -4874.4421
8044 -4874.4451
8045 -4874.4464
8046 -4874.4471
8047 -4874.4473
8048 -4873.7295
8049 -4874.1840
8050 -4874.3388
8051 -4874.3987
8052 -4874.4245
8053 -4874.4365
8054 -4874.4420
8055 -4874.4449
8056 -4874.4461
8057 -4874.4468
8058 -4874.4471
8059 -4873.7288
8060 -4874.1864
8061 -4874.3403
8062 -4874.3993
8063 -4874.4248
8064 -4874.4365
8065 -4874.4419
8066 -4874.4447
8067 -4874.4459
8068 -4874.4465
8069 -4874.4468
8070 -4873.7108
8071 -4874.1805
8072 -4874.3379
8073 -4874.3984
8074 -4874.4243
8075 -4874.4361
8076 -4874.4416
8077 -4874.4444
8078 -4874.4457
8079 -4874.4462
8080 -4874.4465
8081 -4873.7100
8082 -4874.1830
8083 -4874.3395
8084 -4874.3992
8085 -4874.4246
8086 -4874.4362
8087 -4874.4415
8088 -4874.4443
8089 -4874.4455
8090 -4874.4460
8091 -4874.4463
8092 -4873.7095
8093 -4874.1855
8094 -4874.3410
8095 -4874.3999
8096 -4874.4249
8097 -4874.4363
8098 -4874.4414
8099 -4874.4441
8100 -4874.4452
8101 -4874.4458
8102 -4874.4460
8103 -4873.7272
8104 -4874.1706
8105 -4874.3294
8106 -4874.3930
8107 -4874.4206
8108 -4874.4337
8109 -4874.4399
8110 -4874.4429
8111 -4874.4446
8112 -4874.4453
8113 -4874.4457
8114 -4873.7263
8115 -4874.1729
8116 -4874.3309
8117 -4874.3938
8118 -4874.4209
8119 -4874.4337
8120 -4874.4397
8121 -4874.4426
8122 -4874.4443
8123 -4874.4450
8124 -4874.4454
8125 -4873.7255
8126 -4874.1753
8127 -4874.3325
8128 -4874.3946
8129 -4874.4211
8130 -4874.4337
8131 -4874.4395
8132 -4874.4424
8133 -4874.4440
8134 -4874.4447
8135 -4874.4450
8136 -4873.7248
8137 -4874.1777
8138 -4874.3339
8139 -4874.3953
8140 -4874.4214
8141 -4874.4337
8142 -4874.4394
8143 -4874.4422
8144 -4874.4438
8145 -4874.4444
8146 -4874.4447
8147 -4873.7241
8148 -4874.1800
8149 -4874.3354
8150 -4874.3960
8151 -4874.4217
8152 -4874.4337
8153 -4874.4393
8154 -4874.4420
8155 -4874.4433
8156 -4874.4441
8157 -4874.4444
8158 -4873.7234
8159 -4874.1824
8160 -4874.3370
8161 -4874.3967
8162 -4874.4220
8163 -4874.4338
8164 -4874.4392
8165 -4874.4418
8166 -4874.4430
8167 -4874.4439
8168 -4874.4442
8169 -4873.7055
8170 -4874.1767
8171 -4874.3347
8172 -4874.3956
8173 -4874.4214
8174 -4874.4334
8175 -4874.4389
8176 -4874.4415
8177 -4874.4428
8178 -4874.4434
8179 -4874.4439
8180 -4873.7050
8181 -4874.1792
8182 -4874.3362
8183 -4874.3964
8184 -4874.4218
8185 -4874.4335
8186 -4874.4388
8187 -4874.4414
8188 -4874.4426
8189 -4874.4431
8190 -4874.4434
8191 -4873.7045
8192 -4874.1817
8193 -4874.3378
8194 -4874.3969
8195 -4874.4221
8196 -4874.4335
8197 -4874.4387
8198 -4874.4412
8199 -4874.4424
8200 -4874.4429
8201 -4874.4432
8202 -4873.7221
8203 -4874.1664
8204 -4874.3261
8205 -4874.3900
8206 -4874.4177
8207 -4874.4310
8208 -4874.4371
8209 -4874.4402
8210 -4874.4417
8211 -4874.4424
8212 -4874.4428
8213 -4873.7213
8214 -4874.1688
8215 -4874.3277
8216 -4874.3908
8217 -4874.4180
8218 -4874.4309
8219 -4874.4370
8220 -4874.4399
8221 -4874.4414
8222 -4874.4421
8223 -4874.4425
8224 -4873.7205
8225 -4874.1714
8226 -4874.3292
8227 -4874.3915
8228 -4874.4182
8229 -4874.4310
8230 -4874.4369
8231 -4874.4397
8232 -4874.4411
8233 -4874.4418
8234 -4874.4421
8235 -4873.7197
8236 -4874.1737
8237 -4874.3307
8238 -4874.3923
8239 -4874.4185
8240 -4874.4310
8241 -4874.4367
8242 -4874.4395
8243 -4874.4408
8244 -4874.4415
8245 -4874.4418
8246 -4873.7189
8247 -4874.1761
8248 -4874.3321
8249 -4874.3930
8250 -4874.4188
8251 -4874.4310
8252 -4874.4366
8253 -4874.4393
8254 -4874.4406
8255 -4874.4412
8256 -4874.4415
8257 -4873.7182
8258 -4874.1785
8259 -4874.3337
8260 -4874.3937
8261 -4874.4191
8262 -4874.4310
8263 -4874.4365
8264 -4874.4391
8265 -4874.4403
8266 -4874.4409
8267 -4874.4412
8268 -4873.7004
8269 -4874.1727
8270 -4874.3313
8271 -4874.3928
8272 -4874.4186
8273 -4874.4307
8274 -4874.4362
8275 -4874.4388
8276 -4874.4401
8277 -4874.4407
8278 -4874.4410
8279 -4873.6998
8280 -4874.1754
8281 -4874.3330
8282 -4874.3936
8283 -4874.4189
8284 -4874.4307
8285 -4874.4361
8286 -4874.4386
8287 -4874.4398
8288 -4874.4404
8289 -4874.4407
8290 -4873.6992
8291 -4874.1779
8292 -4874.3346
8293 -4874.3943
8294 -4874.4193
8295 -4874.4308
8296 -4874.4360
8297 -4874.4385
8298 -4874.4396
8299 -4874.4402
8300 -4874.4405
8301 -4873.7168
8302 -4874.1623
8303 -4874.3225
8304 -4874.3870
8305 -4874.4148
8306 -4874.4279
8307 -4874.4344
8308 -4874.4375
8309 -4874.4390
8310 -4874.4397
8311 -4874.4401
8312 -4873.7159
8313 -4874.1647
8314 -4874.3242
8315 -4874.3877
8316 -4874.4151
8317 -4874.4279
8318 -4874.4343
8319 -4874.4372
8320 -4874.4387
8321 -4874.4394
8322 -4874.4397
8323 -4873.7151
8324 -4874.1672
8325 -4874.3258
8326 -4874.3885
8327 -4874.4154
8328 -4874.4279
8329 -4874.4341
8330 -4874.4370
8331 -4874.4384
8332 -4874.4391
8333 -4874.4394
8334 -4873.7144
8335 -4874.1695
8336 -4874.3274
8337 -4874.3893
8338 -4874.4157
8339 -4874.4280
8340 -4874.4340
8341 -4874.4368
8342 -4874.4381
8343 -4874.4388
8344 -4874.4391
8345 -4873.7137
8346 -4874.1722
8347 -4874.3288
8348 -4874.3900
8349 -4874.4160
8350 -4874.4280
8351 -4874.4339
8352 -4874.4366
8353 -4874.4379
8354 -4874.4385
8355 -4874.4388
8356 -4873.7130
8357 -4874.1745
8358 -4874.3304
8359 -4874.3908
8360 -4874.4162
8361 -4874.4280
8362 -4874.4337
8363 -4874.4364
8364 -4874.4376
8365 -4874.4382
8366 -4874.4385
8367 -4873.6953
8368 -4874.1689
8369 -4874.3281
8370 -4874.3897
8371 -4874.4157
8372 -4874.4276
8373 -4874.4335
8374 -4874.4361
8375 -4874.4374
8376 -4874.4380
8377 -4874.4382
8378 -4873.6947
8379 -4874.1714
8380 -4874.3297
8381 -4874.3905
8382 -4874.4161
8383 -4874.4277
8384 -4874.4334
8385 -4874.4359
8386 -4874.4371
8387 -4874.4377
8388 -4874.4380
8389 -4873.6941
8390 -4874.1739
8391 -4874.3313
8392 -4874.3913
8393 -4874.4164
8394 -4874.4278
8395 -4874.4333
8396 -4874.4358
8397 -4874.4369
8398 -4874.4375
8399 -4874.4378
8400 -4873.7116
8401 -4874.1582
8402 -4874.3191
8403 -4874.3839
8404 -4874.4120
8405 -4874.4251
8406 -4874.4317
8407 -4874.4348
8408 -4874.4363
8409 -4874.4370
8410 -4874.4374
8411 -4873.7107
8412 -4874.1607
8413 -4874.3207
8414 -4874.3847
8415 -4874.4122
8416 -4874.4251
8417 -4874.4315
8418 -4874.4345
8419 -4874.4360
8420 -4874.4367
8421 -4874.4370
8422 -4873.7099
8423 -4874.1631
8424 -4874.3223
8425 -4874.3855
8426 -4874.4125
8427 -4874.4252
8428 -4874.4314
8429 -4874.4343
8430 -4874.4357
8431 -4874.4364
8432 -4874.4367
8433 -4873.7091
8434 -4874.1655
8435 -4874.3238
8436 -4874.3862
8437 -4874.4128
8438 -4874.4252
8439 -4874.4312
8440 -4874.4340
8441 -4874.4354
8442 -4874.4361
8443 -4874.4364
8444 -4873.7084
8445 -4874.1680
8446 -4874.3256
8447 -4874.3870
8448 -4874.4131
8449 -4874.4252
8450 -4874.4311
8451 -4874.4338
8452 -4874.4351
8453 -4874.4358
8454 -4874.4361
8455 -4873.7077
8456 -4874.1704
8457 -4874.3271
8458 -4874.3877
8459 -4874.4134
8460 -4874.4252
8461 -4874.4310
8462 -4874.4336
8463 -4874.4349
8464 -4874.4355
8465 -4874.4358
8466 -4873.6901
8467 -4874.1649
8468 -4874.3249
8469 -4874.3867
8470 -4874.4129
8471 -4874.4249
8472 -4874.4307
8473 -4874.4333
8474 -4874.4346
8475 -4874.4352
8476 -4874.4355
8477 -4873.6895
8478 -4874.1676
8479 -4874.3264
8480 -4874.3876
8481 -4874.4132
8482 -4874.4250
8483 -4874.4306
8484 -4874.4332
8485 -4874.4344
8486 -4874.4350
8487 -4874.4353
8488 -4873.6889
8489 -4874.1701
8490 -4874.3280
8491 -4874.3884
8492 -4874.4136
8493 -4874.4250
8494 -4874.4305
8495 -4874.4330
8496 -4874.4342
8497 -4874.4348
8498 -4874.4350
8499 -4873.7063
8500 -4874.1542
8501 -4874.3156
8502 -4874.3806
8503 -4874.4091
8504 -4874.4223
8505 -4874.4289
8506 -4874.4320
8507 -4874.4335
8508 -4874.4343
8509 -4874.4347
8510 -4873.7054
8511 -4874.1566
8512 -4874.3172
8513 -4874.3814
8514 -4874.4093
8515 -4874.4223
8516 -4874.4287
8517 -4874.4317
8518 -4874.4332
8519 -4874.4340
8520 -4874.4343
8521 -4873.7046
8522 -4874.1591
8523 -4874.3188
8524 -4874.3823
8525 -4874.4097
8526 -4874.4223
8527 -4874.4286
8528 -4874.4315
8529 -4874.4329
8530 -4874.4336
8531 -4874.4340
8532 -4873.7039
8533 -4874.1616
8534 -4874.3204
8535 -4874.3832
8536 -4874.4099
8537 -4874.4223
8538 -4874.4282
8539 -4874.4313
8540 -4874.4327
8541 -4874.4333
8542 -4874.4337
8543 -4873.7033
8544 -4874.1640
8545 -4874.3220
8546 -4874.3840
8547 -4874.4102
8548 -4874.4224
8549 -4874.4281
8550 -4874.4311
8551 -4874.4324
8552 -4874.4330
8553 -4874.4333
8554 -4873.7026
8555 -4874.1664
8556 -4874.3235
8557 -4874.3847
8558 -4874.4105
8559 -4874.4224
8560 -4874.4280
8561 -4874.4309
8562 -4874.4322
8563 -4874.4328
8564 -4874.4331
8565 -4873.6850
8566 -4874.1609
8567 -4874.3214
8568 -4874.3837
8569 -4874.4100
8570 -4874.4221
8571 -4874.4277
8572 -4874.4306
8573 -4874.4319
8574 -4874.4325
8575 -4874.4328
8576 -4873.6844
8577 -4874.1635
8578 -4874.3232
8579 -4874.3846
8580 -4874.4104
8581 -4874.4222
8582 -4874.4276
8583 -4874.4305
8584 -4874.4317
8585 -4874.4323
8586 -4874.4326
8587 -4873.6839
8588 -4874.1662
8589 -4874.3249
8590 -4874.3854
8591 -4874.4107
8592 -4874.4222
8593 -4874.4275
8594 -4874.4303
8595 -4874.4315
8596 -4874.4321
8597 -4874.4323
8598 -4873.7012
8599 -4874.1501
8600 -4874.3122
8601 -4874.3775
8602 -4874.4061
8603 -4874.4195
8604 -4874.4259
8605 -4874.4293
8606 -4874.4308
8607 -4874.4316
8608 -4874.4319
8609 -4873.7003
8610 -4874.1525
8611 -4874.3138
8612 -4874.3783
8613 -4874.4064
8614 -4874.4195
8615 -4874.4257
8616 -4874.4290
8617 -4874.4305
8618 -4874.4312
8619 -4874.4316
8620 -4873.6995
8621 -4874.1550
8622 -4874.3154
8623 -4874.3791
8624 -4874.4067
8625 -4874.4195
8626 -4874.4256
8627 -4874.4287
8628 -4874.4302
8629 -4874.4309
8630 -4874.4312
8631 -4873.6988
8632 -4874.1575
8633 -4874.3170
8634 -4874.3798
8635 -4874.4071
8636 -4874.4195
8637 -4874.4254
8638 -4874.4285
8639 -4874.4299
8640 -4874.4306
8641 -4874.4309
8642 -4873.6980
8643 -4874.1600
8644 -4874.3186
8645 -4874.3806
8646 -4874.4074
8647 -4874.4195
8648 -4874.4253
8649 -4874.4281
8650 -4874.4296
8651 -4874.4303
8652 -4874.4306
8653 -4873.6974
8654 -4874.1625
8655 -4874.3202
8656 -4874.3814
8657 -4874.4076
8658 -4874.4196
8659 -4874.4252
8660 -4874.4279
8661 -4874.4294
8662 -4874.4300
8663 -4874.4304
8664 -4873.6799
8665 -4874.1570
8666 -4874.3180
8667 -4874.3806
8668 -4874.4072
8669 -4874.4192
8670 -4874.4249
8671 -4874.4276
8672 -4874.4291
8673 -4874.4298
8674 -4874.4301
8675 -4873.6793
8676 -4874.1596
8677 -4874.3197
8678 -4874.3816
8679 -4874.4075
8680 -4874.4194
8681 -4874.4248
8682 -4874.4275
8683 -4874.4289
8684 -4874.4295
8685 -4874.4298
8686 -4873.6787
8687 -4874.1622
8688 -4874.3214
8689 -4874.3824
8690 -4874.4078
8691 -4874.4195
8692 -4874.4248
8693 -4874.4273
8694 -4874.4287
8695 -4874.4293
8696 -4874.4295
8697 -4873.6960
8698 -4874.1459
8699 -4874.3088
8700 -4874.3744
8701 -4874.4032
8702 -4874.4166
8703 -4874.4231
8704 -4874.4262
8705 -4874.4278
8706 -4874.4288
8707 -4874.4292
8708 -4873.6951
8709 -4874.1485
8710 -4874.3104
8711 -4874.3751
8712 -4874.4035
8713 -4874.4166
8714 -4874.4230
8715 -4874.4260
8716 -4874.4275
8717 -4874.4285
8718 -4874.4288
8719 -4873.6943
8720 -4874.1510
8721 -4874.3120
8722 -4874.3759
8723 -4874.4038
8724 -4874.4166
8725 -4874.4228
8726 -4874.4258
8727 -4874.4272
8728 -4874.4279
8729 -4874.4285
8730 -4873.6936
8731 -4874.1535
8732 -4874.3136
8733 -4874.3768
8734 -4874.4041
8735 -4874.4167
8736 -4874.4227
8737 -4874.4255
8738 -4874.4269
8739 -4874.4276
8740 -4874.4279
8741 -4873.6929
8742 -4874.1560
8743 -4874.3152
8744 -4874.3776
8745 -4874.4045
8746 -4874.4167
8747 -4874.4225
8748 -4874.4253
8749 -4874.4267
8750 -4874.4273
8751 -4874.4276
8752 -4873.6922
8753 -4874.1585
8754 -4874.3168
8755 -4874.3784
8756 -4874.4048
8757 -4874.4167
8758 -4874.4224
8759 -4874.4251
8760 -4874.4264
8761 -4874.4270
8762 -4874.4274
8763 -4873.6748
8764 -4874.1530
8765 -4874.3147
8766 -4874.3774
8767 -4874.4043
8768 -4874.4164
8769 -4874.4221
8770 -4874.4248
8771 -4874.4262
8772 -4874.4268
8773 -4874.4271
8774 -4873.6742
8775 -4874.1557
8776 -4874.3164
8777 -4874.3783
8778 -4874.4046
8779 -4874.4165
8780 -4874.4221
8781 -4874.4247
8782 -4874.4259
8783 -4874.4265
8784 -4874.4268
8785 -4873.6736
8786 -4874.1583
8787 -4874.3180
8788 -4874.3791
8789 -4874.4050
8790 -4874.4166
8791 -4874.4220
8792 -4874.4245
8793 -4874.4257
8794 -4874.4263
8795 -4874.4266
8796 -4873.6908
8797 -4874.1418
8798 -4874.3053
8799 -4874.3712
8800 -4874.4002
8801 -4874.4138
8802 -4874.4203
8803 -4874.4235
8804 -4874.4250
8805 -4874.4258
8806 -4874.4262
8807 -4873.6899
8808 -4874.1443
8809 -4874.3070
8810 -4874.3721
8811 -4874.4006
8812 -4874.4138
8813 -4874.4201
8814 -4874.4232
8815 -4874.4247
8816 -4874.4255
8817 -4874.4258
8818 -4873.6891
8819 -4874.1468
8820 -4874.3086
8821 -4874.3729
8822 -4874.4009
8823 -4874.4138
8824 -4874.4200
8825 -4874.4230
8826 -4874.4244
8827 -4874.4251
8828 -4874.4255
8829 -4873.6884
8830 -4874.1494
8831 -4874.3102
8832 -4874.3737
8833 -4874.4012
8834 -4874.4138
8835 -4874.4199
8836 -4874.4227
8837 -4874.4241
8838 -4874.4248
8839 -4874.4252
8840 -4873.6877
8841 -4874.1519
8842 -4874.3118
8843 -4874.3745
8844 -4874.4015
8845 -4874.4139
8846 -4874.4197
8847 -4874.4225
8848 -4874.4239
8849 -4874.4246
8850 -4874.4249
8851 -4873.6870
8852 -4874.1544
8853 -4874.3134
8854 -4874.3753
8855 -4874.4019
8856 -4874.4139
8857 -4874.4195
8858 -4874.4223
8859 -4874.4236
8860 -4874.4243
8861 -4874.4246
8862 -4873.6696
8863 -4874.1491
8864 -4874.3113
8865 -4874.3743
8866 -4874.4014
8867 -4874.4136
8868 -4874.4193
8869 -4874.4221
8870 -4874.4234
8871 -4874.4240
8872 -4874.4243
8873 -4873.6690
8874 -4874.1518
8875 -4874.3130
8876 -4874.3752
8877 -4874.4017
8878 -4874.4136
8879 -4874.4192
8880 -4874.4219
8881 -4874.4232
8882 -4874.4238
8883 -4874.4240
8884 -4873.6684
8885 -4874.1544
8886 -4874.3147
8887 -4874.3761
8888 -4874.4021
8889 -4874.4137
8890 -4874.4191
8891 -4874.4217
8892 -4874.4229
8893 -4874.4235
8894 -4874.4238
8895 -4873.6855
8896 -4874.1377
8897 -4874.3019
8898 -4874.3682
8899 -4874.3975
8900 -4874.4109
8901 -4874.4174
8902 -4874.4206
8903 -4874.4222
8904 -4874.4230
8905 -4874.4234
8906 -4873.6846
8907 -4874.1402
8908 -4874.3036
8909 -4874.3689
8910 -4874.3978
8911 -4874.4109
8912 -4874.4172
8913 -4874.4204
8914 -4874.4219
8915 -4874.4227
8916 -4874.4230
8917 -4873.6838
8918 -4874.1427
8919 -4874.3051
8920 -4874.3698
8921 -4874.3981
8922 -4874.4109
8923 -4874.4171
8924 -4874.4202
8925 -4874.4216
8926 -4874.4223
8927 -4874.4227
8928 -4873.6831
8929 -4874.1452
8930 -4874.3068
8931 -4874.3706
8932 -4874.3984
8933 -4874.4110
8934 -4874.4170
8935 -4874.4199
8936 -4874.4213
8937 -4874.4220
8938 -4874.4224
8939 -4873.6824
8940 -4874.1478
8941 -4874.3084
8942 -4874.3714
8943 -4874.3988
8944 -4874.4110
8945 -4874.4169
8946 -4874.4197
8947 -4874.4211
8948 -4874.4217
8949 -4874.4221
8950 -4873.6817
8951 -4874.1504
8952 -4874.3100
8953 -4874.3722
8954 -4874.3991
8955 -4874.4110
8956 -4874.4167
8957 -4874.4195
8958 -4874.4208
8959 -4874.4215
8960 -4874.4218
8961 -4873.6644
8962 -4874.1451
8963 -4874.3080
8964 -4874.3713
8965 -4874.3984
8966 -4874.4107
8967 -4874.4165
8968 -4874.4192
8969 -4874.4206
8970 -4874.4212
8971 -4874.4215
8972 -4873.6638
8973 -4874.1478
8974 -4874.3096
8975 -4874.3721
8976 -4874.3987
8977 -4874.4108
8978 -4874.4164
8979 -4874.4190
8980 -4874.4204
8981 -4874.4209
8982 -4874.4212
8983 -4873.6633
8984 -4874.1504
8985 -4874.3113
8986 -4874.3730
8987 -4874.3990
8988 -4874.4109
8989 -4874.4163
8990 -4874.4189
8991 -4874.4202
8992 -4874.4207
8993 -4874.4210
8994 -4873.6803
8995 -4874.1336
8996 -4874.2985
8997 -4874.3651
8998 -4874.3946
8999 -4874.4080
9000 -4874.4146
9001 -4874.4178
9002 -4874.4194
9003 -4874.4202
9004 -4874.4206
9005 -4873.6794
9006 -4874.1361
9007 -4874.3001
9008 -4874.3659
9009 -4874.3950
9010 -4874.4080
9011 -4874.4144
9012 -4874.4175
9013 -4874.4190
9014 -4874.4199
9015 -4874.4202
9016 -4873.6786
9017 -4874.1387
9018 -4874.3017
9019 -4874.3667
9020 -4874.3953
9021 -4874.4081
9022 -4874.4143
9023 -4874.4173
9024 -4874.4188
9025 -4874.4195
9026 -4874.4199
9027 -4873.6778
9028 -4874.1412
9029 -4874.3034
9030 -4874.3675
9031 -4874.3956
9032 -4874.4081
9033 -4874.4141
9034 -4874.4171
9035 -4874.4185
9036 -4874.4192
9037 -4874.4195
9038 -4873.6771
9039 -4874.1437
9040 -4874.3050
9041 -4874.3683
9042 -4874.3960
9043 -4874.4081
9044 -4874.4140
9045 -4874.4168
9046 -4874.4182
9047 -4874.4189
9048 -4874.4192
9049 -4873.6765
9050 -4874.1463
9051 -4874.3066
9052 -4874.3691
9053 -4874.3963
9054 -4874.4082
9055 -4874.4139
9056 -4874.4166
9057 -4874.4180
9058 -4874.4186
9059 -4874.4189
9060 -4873.6593
9061 -4874.1410
9062 -4874.3046
9063 -4874.3682
9064 -4874.3958
9065 -4874.4078
9066 -4874.4136
9067 -4874.4164
9068 -4874.4177
9069 -4874.4183
9070 -4874.4186
9071 -4873.6587
9072 -4874.1438
9073 -4874.3063
9074 -4874.3691
9075 -4874.3962
9076 -4874.4079
9077 -4874.4135
9078 -4874.4162
9079 -4874.4175
9080 -4874.4181
9081 -4874.4183
9082 -4873.6581
9083 -4874.1465
9084 -4874.3080
9085 -4874.3699
9086 -4874.3965
9087 -4874.4080
9088 -4874.4135
9089 -4874.4160
9090 -4874.4173
9091 -4874.4178
9092 -4874.4181
9093 -4873.6752
9094 -4874.1294
9095 -4874.2950
9096 -4874.3620
9097 -4874.3916
9098 -4874.4051
9099 -4874.4117
9100 -4874.4149
9101 -4874.4165
9102 -4874.4173
9103 -4874.4177
9104 -4873.6743
9105 -4874.1320
9106 -4874.2966
9107 -4874.3629
9108 -4874.3919
9109 -4874.4051
9110 -4874.4116
9111 -4874.4147
9112 -4874.4162
9113 -4874.4170
9114 -4874.4174
9115 -4873.6735
9116 -4874.1345
9117 -4874.2983
9118 -4874.3637
9119 -4874.3923
9120 -4874.4052
9121 -4874.4114
9122 -4874.4144
9123 -4874.4159
9124 -4874.4166
9125 -4874.4170
9126 -4873.6727
9127 -4874.1371
9128 -4874.3000
9129 -4874.3644
9130 -4874.3926
9131 -4874.4052
9132 -4874.4113
9133 -4874.4142
9134 -4874.4156
9135 -4874.4163
9136 -4874.4167
9137 -4873.6720
9138 -4874.1397
9139 -4874.3016
9140 -4874.3652
9141 -4874.3929
9142 -4874.4052
9143 -4874.4111
9144 -4874.4140
9145 -4874.4154
9146 -4874.4160
9147 -4874.4164
9148 -4873.6714
9149 -4874.1422
9150 -4874.3033
9151 -4874.3661
9152 -4874.3932
9153 -4874.4053
9154 -4874.4110
9155 -4874.4138
9156 -4874.4151
9157 -4874.4157
9158 -4874.4161
9159 -4873.6542
9160 -4874.1370
9161 -4874.3012
9162 -4874.3652
9163 -4874.3928
9164 -4874.4050
9165 -4874.4107
9166 -4874.4135
9167 -4874.4148
9168 -4874.4155
9169 -4874.4158
9170 -4873.6537
9171 -4874.1397
9172 -4874.3029
9173 -4874.3660
9174 -4874.3932
9175 -4874.4050
9176 -4874.4107
9177 -4874.4134
9178 -4874.4146
9179 -4874.4152
9180 -4874.4155
9181 -4873.6531
9182 -4874.1425
9183 -4874.3046
9184 -4874.3669
9185 -4874.3935
9186 -4874.4051
9187 -4874.4106
9188 -4874.4132
9189 -4874.4144
9190 -4874.4150
9191 -4874.4153
9192 -4873.6699
9193 -4874.1251
9194 -4874.2915
9195 -4874.3589
9196 -4874.3886
9197 -4874.4022
9198 -4874.4088
9199 -4874.4121
9200 -4874.4137
9201 -4874.4145
9202 -4874.4149
9203 -4873.6691
9204 -4874.1277
9205 -4874.2932
9206 -4874.3597
9207 -4874.3889
9208 -4874.4022
9209 -4874.4087
9210 -4874.4118
9211 -4874.4134
9212 -4874.4141
9213 -4874.4145
9214 -4873.6683
9215 -4874.1304
9216 -4874.2948
9217 -4874.3605
9218 -4874.3893
9219 -4874.4022
9220 -4874.4085
9221 -4874.4116
9222 -4874.4131
9223 -4874.4138
9224 -4874.4142
9225 -4873.6675
9226 -4874.1330
9227 -4874.2965
9228 -4874.3614
9229 -4874.3896
9230 -4874.4023
9231 -4874.4084
9232 -4874.4114
9233 -4874.4128
9234 -4874.4135
9235 -4874.4138
9236 -4873.6668
9237 -4874.1356
9238 -4874.2982
9239 -4874.3622
9240 -4874.3899
9241 -4874.4023
9242 -4874.4083
9243 -4874.4111
9244 -4874.4125
9245 -4874.4132
9246 -4874.4135
9247 -4873.6661
9248 -4874.1382
9249 -4874.2999
9250 -4874.3631
9251 -4874.3903
9252 -4874.4024
9253 -4874.4082
9254 -4874.4109
9255 -4874.4123
9256 -4874.4129
9257 -4874.4132
9258 -4873.6491
9259 -4874.1331
9260 -4874.2979
9261 -4874.3622
9262 -4874.3898
9263 -4874.4021
9264 -4874.4079
9265 -4874.4107
9266 -4874.4120
9267 -4874.4126
9268 -4874.4129
9269 -4873.6485
9270 -4874.1357
9271 -4874.2996
9272 -4874.3630
9273 -4874.3902
9274 -4874.4021
9275 -4874.4078
9276 -4874.4105
9277 -4874.4118
9278 -4874.4124
9279 -4874.4127
9280 -4873.6479
9281 -4874.1385
9282 -4874.3013
9283 -4874.3638
9284 -4874.3906
9285 -4874.4022
9286 -4874.4077
9287 -4874.4103
9288 -4874.4116
9289 -4874.4121
9290 -4874.4124
9291 -4873.6647
9292 -4874.1210
9293 -4874.2880
9294 -4874.3557
9295 -4874.3856
9296 -4874.3992
9297 -4874.4059
9298 -4874.4092
9299 -4874.4108
9300 -4874.4116
9301 -4874.4120
9302 -4873.6637
9303 -4874.1236
9304 -4874.2897
9305 -4874.3565
9306 -4874.3859
9307 -4874.3992
9308 -4874.4058
9309 -4874.4089
9310 -4874.4105
9311 -4874.4113
9312 -4874.4117
9313 -4873.6629
9314 -4874.1262
9315 -4874.2914
9316 -4874.3574
9317 -4874.3863
9318 -4874.3993
9319 -4874.4056
9320 -4874.4087
9321 -4874.4102
9322 -4874.4109
9323 -4874.4113
9324 -4873.6621
9325 -4874.1287
9326 -4874.2930
9327 -4874.3582
9328 -4874.3866
9329 -4874.3993
9330 -4874.4055
9331 -4874.4085
9332 -4874.4099
9333 -4874.4106
9334 -4874.4110
9335 -4873.6613
9336 -4874.1315
9337 -4874.2947
9338 -4874.3591
9339 -4874.3869
9340 -4874.3993
9341 -4874.4054
9342 -4874.4083
9343 -4874.4097
9344 -4874.4103
9345 -4874.4107
9346 -4873.6607
9347 -4874.1341
9348 -4874.2964
9349 -4874.3599
9350 -4874.3873
9351 -4874.3994
9352 -4874.4053
9353 -4874.4081
9354 -4874.4094
9355 -4874.4100
9356 -4874.4104
9357 -4873.6438
9358 -4874.1290
9359 -4874.2945
9360 -4874.3591
9361 -4874.3868
9362 -4874.3991
9363 -4874.4050
9364 -4874.4078
9365 -4874.4091
9366 -4874.4098
9367 -4874.4101
9368 -4873.6432
9369 -4874.1318
9370 -4874.2962
9371 -4874.3600
9372 -4874.3872
9373 -4874.3992
9374 -4874.4049
9375 -4874.4076
9376 -4874.4089
9377 -4874.4095
9378 -4874.4098
9379 -4873.6427
9380 -4874.1345
9381 -4874.2980
9382 -4874.3609
9383 -4874.3876
9384 -4874.3992
9385 -4874.4048
9386 -4874.4075
9387 -4874.4087
9388 -4874.4093
9389 -4874.4095
9390 -4873.6594
9391 -4874.1169
9392 -4874.2845
9393 -4874.3524
9394 -4874.3823
9395 -4874.3966
9396 -4874.4031
9397 -4874.4063
9398 -4874.4080
9399 -4874.4088
9400 -4874.4092
9401 -4873.6585
9402 -4874.1195
9403 -4874.2861
9404 -4874.3533
9405 -4874.3828
9406 -4874.3966
9407 -4874.4029
9408 -4874.4061
9409 -4874.4076
9410 -4874.4084
9411 -4874.4088
9412 -4873.6577
9413 -4874.1221
9414 -4874.2879
9415 -4874.3542
9416 -4874.3831
9417 -4874.3967
9418 -4874.4027
9419 -4874.4058
9420 -4874.4073
9421 -4874.4080
9422 -4874.4084
9423 -4873.6569
9424 -4874.1247
9425 -4874.2896
9426 -4874.3550
9427 -4874.3835
9428 -4874.3967
9429 -4874.4026
9430 -4874.4056
9431 -4874.4071
9432 -4874.4077
9433 -4874.4081
9434 -4873.6562
9435 -4874.1273
9436 -4874.2913
9437 -4874.3559
9438 -4874.3839
9439 -4874.3968
9440 -4874.4025
9441 -4874.4054
9442 -4874.4068
9443 -4874.4075
9444 -4874.4078
9445 -4873.6555
9446 -4874.1299
9447 -4874.2930
9448 -4874.3568
9449 -4874.3843
9450 -4874.3968
9451 -4874.4024
9452 -4874.4052
9453 -4874.4065
9454 -4874.4072
9455 -4874.4075
9456 -4873.6386
9457 -4874.1249
9458 -4874.2911
9459 -4874.3559
9460 -4874.3839
9461 -4874.3965
9462 -4874.4021
9463 -4874.4049
9464 -4874.4062
9465 -4874.4069
9466 -4874.4072
9467 -4873.6380
9468 -4874.1278
9469 -4874.2928
9470 -4874.3569
9471 -4874.3842
9472 -4874.3966
9473 -4874.4020
9474 -4874.4047
9475 -4874.4060
9476 -4874.4066
9477 -4874.4069
9478 -4873.6374
9479 -4874.1305
9480 -4874.2946
9481 -4874.3578
9482 -4874.3846
9483 -4874.3967
9484 -4874.4020
9485 -4874.4046
9486 -4874.4058
9487 -4874.4064
9488 -4874.4067
9489 -4873.6540
9490 -4874.1128
9491 -4874.2806
9492 -4874.3492
9493 -4874.3792
9494 -4874.3936
9495 -4874.4000
9496 -4874.4034
9497 -4874.4051
9498 -4874.4059
9499 -4874.4063
9500 -4873.6532
9501 -4874.1154
9502 -4874.2824
9503 -4874.3501
9504 -4874.3796
9505 -4874.3936
9506 -4874.3998
9507 -4874.4032
9508 -4874.4047
9509 -4874.4055
9510 -4874.4059
9511 -4873.6524
9512 -4874.1180
9513 -4874.2844
9514 -4874.3510
9515 -4874.3799
9516 -4874.3937
9517 -4874.3997
9518 -4874.4029
9519 -4874.4044
9520 -4874.4052
9521 -4874.4056
9522 -4873.6516
9523 -4874.1206
9524 -4874.2862
9525 -4874.3518
9526 -4874.3803
9527 -4874.3937
9528 -4874.3996
9529 -4874.4027
9530 -4874.4042
9531 -4874.4049
9532 -4874.4052
9533 -4873.6509
9534 -4874.1232
9535 -4874.2878
9536 -4874.3527
9537 -4874.3806
9538 -4874.3937
9539 -4874.3995
9540 -4874.4025
9541 -4874.4039
9542 -4874.4046
9543 -4874.4049
9544 -4873.6502
9545 -4874.1258
9546 -4874.2895
9547 -4874.3535
9548 -4874.3810
9549 -4874.3938
9550 -4874.3994
9551 -4874.4023
9552 -4874.4036
9553 -4874.4043
9554 -4874.4046
9555 -4873.6334
9556 -4874.1209
9557 -4874.2877
9558 -4874.3528
9559 -4874.3806
9560 -4874.3935
9561 -4874.3991
9562 -4874.4020
9563 -4874.4034
9564 -4874.4040
9565 -4874.4043
9566 -4873.6328
9567 -4874.1236
9568 -4874.2894
9569 -4874.3537
9570 -4874.3810
9571 -4874.3936
9572 -4874.3991
9573 -4874.4018
9574 -4874.4032
9575 -4874.4038
9576 -4874.4040
9577 -4873.6322
9578 -4874.1265
9579 -4874.2912
9580 -4874.3546
9581 -4874.3814
9582 -4874.3937
9583 -4874.3990
9584 -4874.4017
9585 -4874.4029
9586 -4874.4035
9587 -4874.4038
9588 -4873.6488
9589 -4874.1088
9590 -4874.2771
9591 -4874.3460
9592 -4874.3761
9593 -4874.3906
9594 -4874.3975
9595 -4874.4004
9596 -4874.4022
9597 -4874.4030
9598 -4874.4034
9599 -4873.6479
9600 -4874.1115
9601 -4874.2789
9602 -4874.3469
9603 -4874.3765
9604 -4874.3907
9605 -4874.3973
9606 -4874.4002
9607 -4874.4019
9608 -4874.4026
9609 -4874.4030
9610 -4873.6471
9611 -4874.1139
9612 -4874.2806
9613 -4874.3478
9614 -4874.3768
9615 -4874.3907
9616 -4874.3972
9617 -4874.3999
9618 -4874.4015
9619 -4874.4023
9620 -4874.4027
9621 -4873.6463
9622 -4874.1165
9623 -4874.2823
9624 -4874.3487
9625 -4874.3772
9626 -4874.3908
9627 -4874.3971
9628 -4874.3997
9629 -4874.4013
9630 -4874.4020
9631 -4874.4023
9632 -4873.6456
9633 -4874.1192
9634 -4874.2842
9635 -4874.3495
9636 -4874.3776
9637 -4874.3908
9638 -4874.3970
9639 -4874.3995
9640 -4874.4010
9641 -4874.4017
9642 -4874.4020
9643 -4873.6450
9644 -4874.1218
9645 -4874.2861
9646 -4874.3504
9647 -4874.3780
9648 -4874.3909
9649 -4874.3968
9650 -4874.3993
9651 -4874.4007
9652 -4874.4014
9653 -4874.4017
9654 -4873.6282
9655 -4874.1168
9656 -4874.2842
9657 -4874.3496
9658 -4874.3776
9659 -4874.3906
9660 -4874.3966
9661 -4874.3990
9662 -4874.4003
9663 -4874.4011
9664 -4874.4014
9665 -4873.6276
9666 -4874.1196
9667 -4874.2860
9668 -4874.3505
9669 -4874.3780
9670 -4874.3907
9671 -4874.3965
9672 -4874.3991
9673 -4874.4001
9674 -4874.4009
9675 -4874.4011
9676 -4873.6270
9677 -4874.1224
9678 -4874.2878
9679 -4874.3515
9680 -4874.3783
9681 -4874.3907
9682 -4874.3964
9683 -4874.3989
9684 -4874.3999
9685 -4874.4005
9686 -4874.4009
9687 -4873.6435
9688 -4874.1047
9689 -4874.2735
9690 -4874.3428
9691 -4874.3730
9692 -4874.3876
9693 -4874.3945
9694 -4874.3978
9695 -4874.3992
9696 -4874.4000
9697 -4874.4004
9698 -4873.6426
9699 -4874.1073
9700 -4874.2753
9701 -4874.3437
9702 -4874.3734
9703 -4874.3877
9704 -4874.3943
9705 -4874.3975
9706 -4874.3991
9707 -4874.3997
9708 -4874.4000
9709 -4873.6418
9710 -4874.1100
9711 -4874.2771
9712 -4874.3446
9713 -4874.3738
9714 -4874.3877
9715 -4874.3942
9716 -4874.3974
9717 -4874.3988
9718 -4874.3993
9719 -4874.3996
9720 -4873.6411
9721 -4874.1126
9722 -4874.2789
9723 -4874.3454
9724 -4874.3741
9725 -4874.3877
9726 -4874.3940
9727 -4874.3971
9728 -4874.3985
9729 -4874.3992
9730 -4874.3993
9731 -4873.6403
9732 -4874.1151
9733 -4874.2805
9734 -4874.3463
9735 -4874.3745
9736 -4874.3878
9737 -4874.3939
9738 -4874.3969
9739 -4874.3982
9740 -4874.3989
9741 -4874.3990
9742 -4873.6396
9743 -4874.1177
9744 -4874.2823
9745 -4874.3472
9746 -4874.3748
9747 -4874.3879
9748 -4874.3938
9749 -4874.3967
9750 -4874.3980
9751 -4874.3986
9752 -4874.3989
9753 -4873.6229
9754 -4874.1128
9755 -4874.2805
9756 -4874.3464
9757 -4874.3744
9758 -4874.3876
9759 -4874.3935
9760 -4874.3964
9761 -4874.3977
9762 -4874.3983
9763 -4874.3987
9764 -4873.6223
9765 -4874.1156
9766 -4874.2826
9767 -4874.3474
9768 -4874.3748
9769 -4874.3877
9770 -4874.3935
9771 -4874.3963
9772 -4874.3974
9773 -4874.3981
9774 -4874.3984
9775 -4873.6218
9776 -4874.1184
9777 -4874.2843
9778 -4874.3483
9779 -4874.3753
9780 -4874.3878
9781 -4874.3934
9782 -4874.3961
9783 -4874.3973
9784 -4874.3978
9785 -4874.3981
9786 -4873.6382
9787 -4874.1004
9788 -4874.2699
9789 -4874.3394
9790 -4874.3700
9791 -4874.3846
9792 -4874.3915
9793 -4874.3949
9794 -4874.3966
9795 -4874.3974
9796 -4874.3977
9797 -4873.6373
9798 -4874.1031
9799 -4874.2717
9800 -4874.3404
9801 -4874.3703
9802 -4874.3846
9803 -4874.3914
9804 -4874.3946
9805 -4874.3963
9806 -4874.3971
9807 -4874.3974
9808 -4873.6365
9809 -4874.1058
9810 -4874.2735
9811 -4874.3412
9812 -4874.3707
9813 -4874.3847
9814 -4874.3912
9815 -4874.3943
9816 -4874.3960
9817 -4874.3967
9818 -4874.3971
9819 -4873.6356
9820 -4874.1085
9821 -4874.2752
9822 -4874.3422
9823 -4874.3711
9824 -4874.3847
9825 -4874.3911
9826 -4874.3941
9827 -4874.3957
9828 -4874.3964
9829 -4874.3968
9830 -4873.6348
9831 -4874.1112
9832 -4874.2771
9833 -4874.3431
9834 -4874.3714
9835 -4874.3848
9836 -4874.3910
9837 -4874.3939
9838 -4874.3954
9839 -4874.3961
9840 -4874.3964
9841 -4873.6342
9842 -4874.1138
9843 -4874.2788
9844 -4874.3440
9845 -4874.3718
9846 -4874.3849
9847 -4874.3909
9848 -4874.3937
9849 -4874.3951
9850 -4874.3958
9851 -4874.3962
9852 -4873.6176
9853 -4874.1088
9854 -4874.2770
9855 -4874.3433
9856 -4874.3714
9857 -4874.3846
9858 -4874.3906
9859 -4874.3934
9860 -4874.3948
9861 -4874.3955
9862 -4874.3958
9863 -4873.6170
9864 -4874.1116
9865 -4874.2788
9866 -4874.3442
9867 -4874.3718
9868 -4874.3847
9869 -4874.3905
9870 -4874.3932
9871 -4874.3946
9872 -4874.3952
9873 -4874.3956
9874 -4873.6164
9875 -4874.1145
9876 -4874.2807
9877 -4874.3451
9878 -4874.3722
9879 -4874.3848
9880 -4874.3905
9881 -4874.3931
9882 -4874.3944
9883 -4874.3950
9884 -4874.3953
9885 -4873.6328
9886 -4874.0963
9887 -4874.2664
9888 -4874.3362
9889 -4874.3669
9890 -4874.3813
9891 -4874.3885
9892 -4874.3919
9893 -4874.3936
9894 -4874.3945
9895 -4874.3949
9896 -4873.6319
9897 -4874.0990
9898 -4874.2682
9899 -4874.3371
9900 -4874.3673
9901 -4874.3813
9902 -4874.3884
9903 -4874.3917
9904 -4874.3933
9905 -4874.3941
9906 -4874.3945
9907 -4873.6311
9908 -4874.1017
9909 -4874.2700
9910 -4874.3380
9911 -4874.3677
9912 -4874.3814
9913 -4874.3882
9914 -4874.3914
9915 -4874.3930
9916 -4874.3937
9917 -4874.3941
9918 -4873.6303
9919 -4874.1044
9920 -4874.2718
9921 -4874.3389
9922 -4874.3680
9923 -4874.3814
9924 -4874.3881
9925 -4874.3912
9926 -4874.3927
9927 -4874.3934
9928 -4874.3937
9929 -4873.6296
9930 -4874.1071
9931 -4874.2735
9932 -4874.3398
9933 -4874.3684
9934 -4874.3815
9935 -4874.3880
9936 -4874.3910
9937 -4874.3924
9938 -4874.3931
9939 -4874.3934
9940 -4873.6289
9941 -4874.1098
9942 -4874.2753
9943 -4874.3407
9944 -4874.3688
9945 -4874.3816
9946 -4874.3879
9947 -4874.3908
9948 -4874.3921
9949 -4874.3928
9950 -4874.3931
9951 -4873.6123
9952 -4874.1050
9953 -4874.2736
9954 -4874.3401
9955 -4874.3684
9956 -4874.3813
9957 -4874.3877
9958 -4874.3905
9959 -4874.3919
9960 -4874.3925
9961 -4874.3928
9962 -4873.6118
9963 -4874.1077
9964 -4874.2755
9965 -4874.3410
9966 -4874.3688
9967 -4874.3814
9968 -4874.3876
9969 -4874.3903
9970 -4874.3917
9971 -4874.3923
9972 -4874.3926
9973 -4873.6112
9974 -4874.1105
9975 -4874.2772
9976 -4874.3420
9977 -4874.3692
9978 -4874.3815
9979 -4874.3875
9980 -4874.3902
9981 -4874.3915
9982 -4874.3920
9983 -4874.3923
9984 -4873.6275
9985 -4874.0921
9986 -4874.2628
9987 -4874.3329
9988 -4874.3640
9989 -4874.3783
9990 -4874.3855
9991 -4874.3890
9992 -4874.3907
9993 -4874.3915
9994 -4874.3919
9995 -4873.6267
9996 -4874.0948
9997 -4874.2646
9998 -4874.3339
9999 -4874.3643
10000 -4874.3919

