Charm++: standalone mode (not using charmrun)
Charm++> Running in Multicore mode: 12 threads (PEs)
Charm++> Using recursive bisection (scheme 3) for topology aware partitions
Converse/Charm++ Commit ID: 
CharmLB> Load balancer assumes all CPUs are same.
Charm++> Running on 1 hosts (1 sockets x 6 cores x 2 PUs = 12-way SMP)
Charm++> cpu topology info is gathered in 0.000 seconds.
CharmLB> Load balancing instrumentation for communication is off.
Info: NAMD Git-2025-12-04 for Linux-x86_64-multicore
Info: 
Info: Please visit http://www.ks.uiuc.edu/Research/namd/
Info: for updates, documentation, and support information.
Info: 
Info: Please cite Phillips et al., J. Chem. Phys. 153:044130 (2020) doi:10.1063/5.0014475
Info: in all publications reporting results obtained with NAMD.
Info: 
Info: Based on Charm++/Converse 80000 for multicore-linux-x86_64-gcc
Info: Built Thu Dec 4 09:25:02 CST 2025 by dhardy on athine.ks.uiuc.edu
Info: Source code at Git commit ID b856a9378ca44bcf5aa708d4b681af4ceb86d8ca
Info: 1 NAMD  Git-2025-12-04  Linux-x86_64-multicore  12    CCBC-pc4-01-L  2014273@uab.cat
Info: Running on 12 processors, 1 nodes, 1 physical nodes.
Info: CPU topology information available.
Info: Charm++/Converse parallel runtime startup completed at 0.0242018 s
CkLoopLib is used in SMP with simple dynamic scheduling (converse-level notification)
Info: 819.945 MB of memory in use based on /proc/self/stat
Info: Configuration file is equilibrationNpzT.namd
Info: Working in the current directory /home/UAB/2014273/Documents/simulation/equilibration
TCL: Suspending until startup complete.
Warning: Option "1-4scaling" has been deprecated. Instead use "oneFourScaling".
Info: EXTENDED SYSTEM FILE   ../minimize/minimized.restart.xsc
Warning: The Langevin gamma parameters differ over the particles,
Warning: requiring extra work per step to constrain rigid bonds.
Info: SIMULATION PARAMETERS:
Info: TIMESTEP               2
Info: NUMBER OF STEPS        0
Info: STEPS PER CYCLE        10
Info: PERIODIC CELL BASIS 1  23 0 0
Info: PERIODIC CELL BASIS 2  0 19.919 0
Info: PERIODIC CELL BASIS 3  0 0 52
Info: PERIODIC CELL CENTER   0 0 0
Info: WRAPPING WATERS AROUND PERIODIC BOUNDARIES ON OUTPUT.
Info: WRAPPING ALL CLUSTERS AROUND PERIODIC BOUNDARIES ON OUTPUT.
Info: LOAD BALANCER  Centralized
Info: LOAD BALANCING STRATEGY  New Load Balancers -- DEFAULT
Info: LDB PERIOD             2000 steps
Info: FIRST LDB TIMESTEP     50
Info: LAST LDB TIMESTEP     -1
Info: LDB BACKGROUND SCALING 1
Info: HOM BACKGROUND SCALING 1
Info: PME BACKGROUND SCALING 1
Info: MIN ATOMS PER PATCH    40
Info: EMPTY PATCH LOAD       40 ATOMS
Info: VELOCITY FILE          ../minimize/minimized.restart.vel
Info: CENTER OF MASS MOVING INITIALLY? NO
Info: DIELECTRIC             1
Info: EXCLUDE                SCALED ONE-FOUR
Info: 1-4 ELECTROSTATICS SCALED BY 1
Info: MODIFIED 1-4 VDW PARAMETERS WILL BE USED
Info: DCD FILENAME           MDequil.dcd
Info: DCD FREQUENCY          5000
Info: DCD FIRST STEP         5000
Info: DCD FILE WILL CONTAIN UNIT CELL DATA
Info: XST FILENAME           MDequil.xst
Info: XST FREQUENCY          5000
Info: NO VELOCITY DCD OUTPUT
Info: NO FORCE DCD OUTPUT
Info: OUTPUT FILENAME        MDequil
Info: BINARY OUTPUT FILES WILL BE USED
Info: RESTART FILENAME       MDequil.restart
Info: RESTART FREQUENCY      50000
Info: BINARY RESTART FILES WILL BE USED
Info: NAMD will save positions and velocities to MDequil.crash.csv when  atoms are moving too fast.
Info: SWITCHING ACTIVE
Info: SWITCHING ON           10
Info: SWITCHING OFF          12
Info: PAIRLIST DISTANCE      14
Info: PAIRLIST SHRINK RATE   0.01
Info: PAIRLIST GROW RATE     0.01
Info: PAIRLIST TRIGGER       0.3
Info: PAIRLISTS PER CYCLE    2
Info: PAIRLISTS ENABLED
Info: MARGIN                 0.99
Info: HYDROGEN GROUP CUTOFF  2.5
Info: PATCH DIMENSION        17.49
Info: ENERGY OUTPUT STEPS    5000
Info: ENERGY EVALUATION STEPS    5000
Info: OUTPUT ENERGY PRECISION 4
Info: CROSSTERM ENERGY INCLUDED IN DIHEDRAL
Info: TIMING OUTPUT STEPS    50000
Info: PRESSURE OUTPUT STEPS  5000
Info: FIXED ATOMS ACTIVE
Info: LANGEVIN DYNAMICS ACTIVE
Info: LANGEVIN TEMPERATURE   300
Info: LANGEVIN USING BBK INTEGRATOR
Info: LANGEVIN DAMPING COEFFICIENT IS 1 INVERSE PS
Info: LANGEVIN DYNAMICS NOT APPLIED TO HYDROGENS
Info: LANGEVIN PISTON PRESSURE CONTROL ACTIVE
Info:        TARGET PRESSURE IS 1.01325 BAR
Info:     OSCILLATION PERIOD IS 200 FS
Info:             DECAY TIME IS 100 FS
Info:     PISTON TEMPERATURE IS 300 K
Info:       PRESSURE CONTROL IS GROUP-BASED
Info:    INITIAL STRAIN RATE IS 0 0 0
Info:       CELL FLUCTUATION IS ANISOTROPIC
Info:     CONSTANT AREA PRESSURE CONTROL ACTIVE
Info: PARTICLE MESH EWALD (PME) ACTIVE
Info: PME TOLERANCE               1e-06
Info: PME EWALD COEFFICIENT       0.257952
Info: PME INTERPOLATION ORDER     4
Info: PME GRID DIMENSIONS         24 20 54
Info: PME MAXIMUM GRID SPACING    1
Info: Attempting to read FFTW data from FFTW_NAMD_Git-2025-12-04_Linux-x86_64-multicore.txt
Info: Optimizing 6 FFT steps.  1... 2... 3... 4... 5... 6...   Done.
Info: Writing FFTW data to FFTW_NAMD_Git-2025-12-04_Linux-x86_64-multicore.txt
Info: FULL ELECTROSTATIC EVALUATION FREQUENCY      2
Info: USING VERLET I (r-RESPA) MTS SCHEME.
Info: C1 SPLITTING OF LONG RANGE ELECTROSTATICS
Info: PLACING ATOMS IN PATCHES BY HYDROGEN GROUPS
Info: RIGID BONDS TO HYDROGEN : ALL
Info:         ERROR TOLERANCE : 1e-08
Info:          MAX ITERATIONS : 100
Info: RIGID WATER USING SETTLE ALGORITHM
Info: RANDOM NUMBER SEED     1777544320
Info: USE HYDROGEN BONDS?    NO
Info: COORDINATE PDB         ../input/system.pdb
Info: STRUCTURE FILE         ../input/system.psf
Info: PARAMETER file: CHARMM format! 
Info: PARAMETERS             ../input/par_nanotubes.inp
Info: PARAMETERS             ../input/par_water_ions.inp
Info: USING ARITHMETIC MEAN TO COMBINE L-J SIGMA PARAMETERS
Info: BINARY COORDINATES     ../minimize/minimized.restart.coor
Info: SUMMARY OF PARAMETERS:
Info: 4 BONDS
Info: 2 ANGLES
Info: 1 DIHEDRAL
Info: 0 IMPROPER
Info: 0 CROSSTERM
Info: 16 VDW
Info: 2 VDW_PAIRS
Info: 0 NBTHOLE_PAIRS
Info: TIME FOR READING PSF FILE: 0.00832197
Info: Reading pdb file ../input/system.pdb
Info: TIME FOR READING PDB FILE: 0.0020221
Info: 
Info: ****************************
Info: STRUCTURE SUMMARY:
Info: 2160 ATOMS
Info: 1872 BONDS
Info: 2064 ANGLES
Info: 2928 DIHEDRALS
Info: 0 IMPROPERS
Info: 0 CROSSTERMS
Info: 0 EXCLUSIONS
Info: 576 FIXED ATOMS
Info: 1584 RIGID BONDS
Info: 0 RIGID BONDS BETWEEN FIXED ATOMS
Info: 3168 DEGREES OF FREEDOM
Info: 1104 HYDROGEN GROUPS
Info: 3 ATOMS IN LARGEST HYDROGEN GROUP
Info: 1104 MIGRATION GROUPS
Info: 3 ATOMS IN LARGEST MIGRATION GROUP
Info: 576 HYDROGEN GROUPS WITH ALL ATOMS FIXED
Info: TOTAL MASS = 16430.5 amu
Info: TOTAL CHARGE = 0 e
Info: MASS DENSITY = 1.14528 g/cm^3
Info: ATOM DENSITY = 0.0906682 atoms/A^3
Info: *****************************
Info: Reading from binary file ../minimize/minimized.restart.coor
Info: 
Info: Entering startup at 11.4421 s, 0.471549 MB of memory in use
Info: Startup phase 0 took 8.9693e-05 s, 0.471549 MB of memory in use
Info: ADDED 6144 IMPLICIT EXCLUSIONS
Info: Startup phase 1 took 0.00294861 s, 0.471549 MB of memory in use
Info: NONBONDED TABLE R-SQUARED SPACING: 0.0625
Info: NONBONDED TABLE SIZE: 769 POINTS
Info: INCONSISTENCY IN FAST TABLE ENERGY VS FORCE: 0.000325096 AT 11.9556
Info: INCONSISTENCY IN SCOR TABLE ENERGY VS FORCE: 0.000324844 AT 11.9556
Info: INCONSISTENCY IN VDWA TABLE ENERGY VS FORCE: 0.0040507 AT 0.251946
Info: INCONSISTENCY IN VDWB TABLE ENERGY VS FORCE: 0.00150189 AT 0.251946
Info: Startup phase 2 took 0.000405038 s, 0.471549 MB of memory in use
Info: Startup phase 3 took 6.4325e-05 s, 0.471549 MB of memory in use
Info: Startup phase 4 took 8.5741e-05 s, 0.471549 MB of memory in use
Info: Startup phase 5 took 5.6805e-05 s, 0.471549 MB of memory in use
Info: PATCH GRID IS 2 (PERIODIC) BY 1 (PERIODIC) BY 2 (PERIODIC)
Info: PATCH GRID IS 2-AWAY BY 1-AWAY BY 1-AWAY
Info: Reading from binary file ../minimize/minimized.restart.vel
Info: REMOVING COM VELOCITY 0 0 0
Info: LARGEST PATCH (0) HAS 564 ATOMS
Info: TORUS A SIZE 1 USING 0
Info: TORUS B SIZE 1 USING 0
Info: TORUS C SIZE 1 USING 0
Info: TORUS MINIMAL MESH SIZE IS 1 BY 1 BY 1
Info: Placed 100% of base nodes on same physical node as patch
Info: Startup phase 6 took 0.000776382 s, 0.471549 MB of memory in use
Info: PME using 12 and 10 processors for FFT and reciprocal sum.
Info: PME GRID LOCATIONS: 0 1 2 3 4 5 6 7 8 9 ...
Info: PME TRANS LOCATIONS: 1 2 3 4 5 6 8 9 10 11
Info: PME USING 1 GRID NODES AND 1 TRANS NODES
Info: Optimizing 4 FFT steps.  1... 2... 3... 4...   Done.
Info: Startup phase 7 took 0.0143428 s, 0.471549 MB of memory in use
Info: Startup phase 8 took 8.3589e-05 s, 0.471549 MB of memory in use
Info: Startup phase 9 took 4.8127e-05 s, 0.471549 MB of memory in use
Info: Startup phase 10 took 5.5004e-05 s, 0.471549 MB of memory in use
Info: Startup phase 11 took 0.00014514 s, 0.471549 MB of memory in use
LDB: Central LB being created...
Info: Startup phase 12 took 9.0003e-05 s, 0.471549 MB of memory in use
Info: Startup phase 13 took 5.6548e-05 s, 0.471549 MB of memory in use
Info: Startup phase 14 took 5.1087e-05 s, 0.471549 MB of memory in use
Info: Startup phase 15 took 5.103e-05 s, 0.471549 MB of memory in use
Info: CREATING 136 COMPUTE OBJECTS
Info: useSync: 0 useProxySync: 0
Info: Startup phase 16 took 0.000192667 s, 0.471549 MB of memory in use
Info: Startup phase 17 took 7.741e-05 s, 0.471549 MB of memory in use
Info: Startup phase 18 took 2.1835e-05 s, 0.471549 MB of memory in use
Info: Finished startup at 11.4617 s, 0.471549 MB of memory in use

TCL: Running for 500000 steps
PRESSURE: 0 2921.08 147.192 539.038 -344.053 4237.05 -1130.15 -2331.39 -1092.05 12390.6
GPRESSURE: 0 2928.3 218.735 601.061 -128.149 4291.18 -1204.91 -2367.3 -977.993 12365.5
ETITLE:      TS           BOND          ANGLE          DIHED          IMPRP               ELECT            VDW       BOUNDARY           MISC        KINETIC               TOTAL           TEMP      POTENTIAL         TOTAL3        TEMPAVG            PRESSURE      GPRESSURE         VOLUME       PRESSAVG      GPRESSAVG

ENERGY:       0         0.0000         0.0000         0.0000         0.0000          -5460.6262       775.2764         0.0000         0.0000         0.0000          -4685.3498         0.0000     -4685.3498     -4684.5917         0.0000           6516.2575      6528.3351     23823.1240      6516.2575      6528.3351

OPENING EXTENDED SYSTEM TRAJECTORY FILE
LDB: ============= START OF LOAD BALANCING ============== 11.4832
LDB: ============== END OF LOAD BALANCING =============== 11.4833
Info: useSync: 0 useProxySync: 0
LDB: =============== DONE WITH MIGRATION ================ 11.4833
LDB: ============= START OF LOAD BALANCING ============== 11.5587
LDB: Largest compute 4 load 0.034428 is 105.0% of average load 0.032786
LDB: Average compute 0.003043 is 9.3% of average load 0.032786
LDB: Partitioning computes with target load 0.006085
LDB: Increased migratable compute count from 112 to 149
LDB: Largest unpartitionable compute is 0.000396
LDB: ============== END OF LOAD BALANCING =============== 11.5591
Info: useSync: 0 useProxySync: 0
LDB: =============== DONE WITH MIGRATION ================ 11.5593
Info: Initial time: 12 CPUs 0.00190285 s/step 0.0110119 days/ns 0.471549 MB memory
LDB: ============= START OF LOAD BALANCING ============== 11.5783
LDB: ============== END OF LOAD BALANCING =============== 11.5783
Info: useSync: 0 useProxySync: 0
LDB: =============== DONE WITH MIGRATION ================ 11.5784
LDB: ============= START OF LOAD BALANCING ============== 11.654
LDB: Largest compute 7 load 0.006273 is 19.0% of average load 0.032989
LDB: Average compute 0.002310 is 7.0% of average load 0.032989
LDB: TIME 11.6541 LOAD: AVG 0.0329894 MAX 0.0739673  PROXIES: TOTAL 24 MAXPE 4 MAXPATCH 6 None MEM: 0.471549 MB
LDB: TIME 11.6542 LOAD: AVG 0.0329894 MAX 0.0395264  PROXIES: TOTAL 24 MAXPE 4 MAXPATCH 6 TorusLB MEM: 0.471549 MB
LDB: ============== END OF LOAD BALANCING =============== 11.6543
Info: useSync: 0 useProxySync: 0
LDB: =============== DONE WITH MIGRATION ================ 11.6546
Info: Initial time: 12 CPUs 0.00185704 s/step 0.0107468 days/ns 0.471549 MB memory
LDB: ============= START OF LOAD BALANCING ============== 11.7171
LDB: Largest compute 148 load 0.009811 is 21.6% of average load 0.045509
LDB: Average compute 0.003177 is 7.0% of average load 0.045509
LDB: TIME 11.7173 LOAD: AVG 0.0455091 MAX 0.0597508  PROXIES: TOTAL 24 MAXPE 4 MAXPATCH 6 None MEM: 0.471549 MB
LDB: TIME 11.7173 LOAD: AVG 0.0455091 MAX 0.0597508  PROXIES: TOTAL 24 MAXPE 4 MAXPATCH 6 RefineTorusLB MEM: 0.471549 MB
LDB: TIME 11.7176 LOAD: AVG 0.0455091 MAX 0.0496001  PROXIES: TOTAL 24 MAXPE 4 MAXPATCH 6 RefineTorusLB MEM: 0.471549 MB
LDB: ============== END OF LOAD BALANCING =============== 11.7176
Info: useSync: 0 useProxySync: 0
LDB: =============== DONE WITH MIGRATION ================ 11.7179
Info: Initial time: 12 CPUs 0.00124231 s/step 0.0071893 days/ns 0.471549 MB memory
LDB: ============= START OF LOAD BALANCING ============== 11.7742
LDB: Largest compute 148 load 0.010020 is 21.7% of average load 0.046078
LDB: Average compute 0.003224 is 7.0% of average load 0.046078
LDB: TIME 11.7744 LOAD: AVG 0.0460783 MAX 0.052368  PROXIES: TOTAL 24 MAXPE 4 MAXPATCH 6 None MEM: 0.471549 MB
LDB: TIME 11.7744 LOAD: AVG 0.0460783 MAX 0.052368  PROXIES: TOTAL 24 MAXPE 4 MAXPATCH 6 RefineTorusLB MEM: 0.471549 MB
LDB: TIME 11.7745 LOAD: AVG 0.0460783 MAX 0.05016  PROXIES: TOTAL 24 MAXPE 4 MAXPATCH 6 RefineTorusLB MEM: 0.471549 MB
LDB: ============== END OF LOAD BALANCING =============== 11.7746
Info: useSync: 0 useProxySync: 0
LDB: =============== DONE WITH MIGRATION ================ 11.7748
Info: Benchmark time: 12 CPUs 0.001122 s/step 0.00649308 days/ns 0.471549 MB memory
Info: Benchmark time: 12 CPUs 0.0011116 s/step 0.00643285 days/ns 0.471549 MB memory
Info: Benchmark time: 12 CPUs 0.00110134 s/step 0.00637348 days/ns 0.471549 MB memory
Info: Benchmark time: 12 CPUs 0.00117175 s/step 0.00678096 days/ns 0.471549 MB memory
Info: Benchmark time: 12 CPUs 0.00181492 s/step 0.010503 days/ns 0.471549 MB memory
Info: Benchmark time: 12 CPUs 0.00136052 s/step 0.00787339 days/ns 0.471549 MB memory
LDB: ============= START OF LOAD BALANCING ============== 14.1183
LDB: ============== END OF LOAD BALANCING =============== 14.1184
Info: useSync: 0 useProxySync: 0
LDB: =============== DONE WITH MIGRATION ================ 14.1186
LDB: ============= START OF LOAD BALANCING ============== 14.1763
LDB: Largest compute 146 load 0.010748 is 23.0% of average load 0.046665
LDB: Average compute 0.003285 is 7.0% of average load 0.046665
LDB: TIME 14.1765 LOAD: AVG 0.0466646 MAX 0.0539481  PROXIES: TOTAL 24 MAXPE 4 MAXPATCH 6 None MEM: 0.471549 MB
LDB: TIME 14.1766 LOAD: AVG 0.0466646 MAX 0.0539481  PROXIES: TOTAL 24 MAXPE 4 MAXPATCH 6 RefineTorusLB MEM: 0.471549 MB
LDB: TIME 14.1767 LOAD: AVG 0.0466646 MAX 0.0508311  PROXIES: TOTAL 24 MAXPE 4 MAXPATCH 6 RefineTorusLB MEM: 0.471549 MB
LDB: ============== END OF LOAD BALANCING =============== 14.1768
Info: useSync: 0 useProxySync: 0
LDB: =============== DONE WITH MIGRATION ================ 14.177
LDB: ============= START OF LOAD BALANCING ============== 16.4216
LDB: ============== END OF LOAD BALANCING =============== 16.4218
Info: useSync: 0 useProxySync: 0
LDB: =============== DONE WITH MIGRATION ================ 16.4219
LDB: ============= START OF LOAD BALANCING ============== 16.4801
LDB: Largest compute 6 load 0.010697 is 22.5% of average load 0.047495
LDB: Average compute 0.003347 is 7.0% of average load 0.047495
LDB: TIME 16.4802 LOAD: AVG 0.0474952 MAX 0.0529868  PROXIES: TOTAL 24 MAXPE 4 MAXPATCH 6 None MEM: 0.471549 MB
LDB: TIME 16.4803 LOAD: AVG 0.0474952 MAX 0.0529868  PROXIES: TOTAL 24 MAXPE 4 MAXPATCH 6 RefineTorusLB MEM: 0.471549 MB
LDB: TIME 16.4804 LOAD: AVG 0.0474952 MAX 0.0517681  PROXIES: TOTAL 24 MAXPE 4 MAXPATCH 6 RefineTorusLB MEM: 0.471549 MB
LDB: ============== END OF LOAD BALANCING =============== 16.4804
Info: useSync: 0 useProxySync: 0
LDB: =============== DONE WITH MIGRATION ================ 16.4807
OPENING COORDINATE DCD FILE
WRITING COORDINATES TO DCD FILE MDequil.dcd AT STEP 5000
The last position output (seq=5000) takes 0.002 seconds, 0.472 MB of memory in use
PRESSURE: 5000 -549.314 -266.147 381.756 68.7806 -469.332 57.5774 515.139 47.2669 93.9576
GPRESSURE: 5000 -625.877 -590.808 33.6433 66.3364 -380.85 144.474 650.76 74.793 144.087
PRESSAVG: 5000 -325.091 1.21899 6.39715 -25.1709 -219.445 -4.42972 -8.90865 -20.4258 12.2131
GPRESSAVG: 5000 -324.765 1.3122 6.13649 -25.0898 -219.544 -4.31303 -8.86157 -20.9579 12.1024
ENERGY:    5000         0.0000         0.0000         0.0000         0.0000          -5649.0839       464.2276         0.0000         0.0000       960.6288          -4224.2275       305.1833     -5184.8563     -4224.0377       278.5424           -308.2294      -287.5466     23350.2280      -177.4407      -177.4024

LDB: ============= START OF LOAD BALANCING ============== 18.7768
LDB: ============== END OF LOAD BALANCING =============== 18.7769
Info: useSync: 0 useProxySync: 0
LDB: =============== DONE WITH MIGRATION ================ 18.777
LDB: ============= START OF LOAD BALANCING ============== 18.836
LDB: Largest compute 149 load 0.009979 is 21.3% of average load 0.046868
LDB: Average compute 0.003293 is 7.0% of average load 0.046868
LDB: TIME 18.8362 LOAD: AVG 0.0468676 MAX 0.0561424  PROXIES: TOTAL 24 MAXPE 4 MAXPATCH 6 None MEM: 0.471549 MB
LDB: TIME 18.8363 LOAD: AVG 0.0468676 MAX 0.0561424  PROXIES: TOTAL 24 MAXPE 4 MAXPATCH 6 RefineTorusLB MEM: 0.471549 MB
LDB: TIME 18.8364 LOAD: AVG 0.0468676 MAX 0.0508683  PROXIES: TOTAL 24 MAXPE 4 MAXPATCH 6 RefineTorusLB MEM: 0.471549 MB
LDB: ============== END OF LOAD BALANCING =============== 18.8364
Info: useSync: 0 useProxySync: 0
LDB: =============== DONE WITH MIGRATION ================ 18.8367
LDB: ============= START OF LOAD BALANCING ============== 21.1638
LDB: ============== END OF LOAD BALANCING =============== 21.1639
Info: useSync: 0 useProxySync: 0
LDB: =============== DONE WITH MIGRATION ================ 21.1641
LDB: ============= START OF LOAD BALANCING ============== 21.2218
LDB: Largest compute 146 load 0.011483 is 24.2% of average load 0.047407
LDB: Average compute 0.003336 is 7.0% of average load 0.047407
LDB: TIME 21.222 LOAD: AVG 0.0474066 MAX 0.055162  PROXIES: TOTAL 24 MAXPE 4 MAXPATCH 6 None MEM: 0.471549 MB
LDB: TIME 21.2221 LOAD: AVG 0.0474066 MAX 0.055162  PROXIES: TOTAL 24 MAXPE 4 MAXPATCH 6 RefineTorusLB MEM: 0.471549 MB
LDB: TIME 21.2222 LOAD: AVG 0.0474066 MAX 0.0516062  PROXIES: TOTAL 24 MAXPE 4 MAXPATCH 6 RefineTorusLB MEM: 0.471549 MB
LDB: ============== END OF LOAD BALANCING =============== 21.2223
Info: useSync: 0 useProxySync: 0
LDB: =============== DONE WITH MIGRATION ================ 21.2225
WRITING COORDINATES TO DCD FILE MDequil.dcd AT STEP 10000
The last position output (seq=10000) takes 0.001 seconds, 0.472 MB of memory in use
PRESSURE: 10000 -283.833 352.865 -825.498 260.588 -988.456 177.043 -1069.54 -37.2818 -330.448
GPRESSURE: 10000 -249.573 315.378 -995.896 187.984 -1070.6 277.752 -1166.62 -246.565 -249.432
PRESSAVG: 10000 -231.76 41.1043 15.4236 15.4329 -237.538 14.5802 1.20157 24.9321 7.78813
GPRESSAVG: 10000 -231.945 41.1111 14.9605 15.5879 -237.385 14.6863 1.09562 25.2596 8.22937
ENERGY:   10000         0.0000         0.0000         0.0000         0.0000          -5589.4164       424.2014         0.0000         0.0000       949.5606          -4215.6543       301.6671     -5165.2149     -4212.4673       301.1540           -534.2457      -523.2013     23268.0202      -153.8366      -153.7002

LDB: ============= START OF LOAD BALANCING ============== 23.464
LDB: ============== END OF LOAD BALANCING =============== 23.4641
Info: useSync: 0 useProxySync: 0
LDB: =============== DONE WITH MIGRATION ================ 23.4642
LDB: ============= START OF LOAD BALANCING ============== 23.5221
LDB: Largest compute 7 load 0.011032 is 23.1% of average load 0.047783
LDB: Average compute 0.003370 is 7.1% of average load 0.047783
LDB: TIME 23.5222 LOAD: AVG 0.0477831 MAX 0.0527507  PROXIES: TOTAL 24 MAXPE 4 MAXPATCH 6 None MEM: 0.471549 MB
LDB: TIME 23.5223 LOAD: AVG 0.0477831 MAX 0.0527507  PROXIES: TOTAL 24 MAXPE 4 MAXPATCH 6 RefineTorusLB MEM: 0.471549 MB
LDB: TIME 23.5224 LOAD: AVG 0.0477831 MAX 0.0520922  PROXIES: TOTAL 24 MAXPE 4 MAXPATCH 6 RefineTorusLB MEM: 0.471549 MB
LDB: ============== END OF LOAD BALANCING =============== 23.5225
Info: useSync: 0 useProxySync: 0
LDB: =============== DONE WITH MIGRATION ================ 23.5227
LDB: ============= START OF LOAD BALANCING ============== 25.7883
LDB: ============== END OF LOAD BALANCING =============== 25.7884
Info: useSync: 0 useProxySync: 0
LDB: =============== DONE WITH MIGRATION ================ 25.7886
LDB: ============= START OF LOAD BALANCING ============== 25.8465
LDB: Largest compute 7 load 0.011346 is 23.5% of average load 0.048324
LDB: Average compute 0.003409 is 7.1% of average load 0.048324
LDB: TIME 25.8467 LOAD: AVG 0.0483235 MAX 0.0524125  PROXIES: TOTAL 24 MAXPE 4 MAXPATCH 6 None MEM: 0.471549 MB
LDB: TIME 25.8468 LOAD: AVG 0.0483235 MAX 0.0524125  PROXIES: TOTAL 24 MAXPE 4 MAXPATCH 6 RefineTorusLB MEM: 0.471549 MB
LDB: TIME 25.8468 LOAD: AVG 0.0483235 MAX 0.0524125  PROXIES: TOTAL 24 MAXPE 4 MAXPATCH 6 RefineTorusLB MEM: 0.471549 MB
LDB: ============== END OF LOAD BALANCING =============== 25.8469
Info: useSync: 0 useProxySync: 0
LDB: =============== DONE WITH MIGRATION ================ 25.8471
LDB: ============= START OF LOAD BALANCING ============== 28.1102
LDB: ============== END OF LOAD BALANCING =============== 28.1104
Info: useSync: 0 useProxySync: 0
LDB: =============== DONE WITH MIGRATION ================ 28.1105
LDB: ============= START OF LOAD BALANCING ============== 28.168
LDB: Largest compute 7 load 0.010917 is 22.8% of average load 0.047963
LDB: Average compute 0.003380 is 7.0% of average load 0.047963
LDB: TIME 28.1683 LOAD: AVG 0.0479634 MAX 0.0532244  PROXIES: TOTAL 24 MAXPE 4 MAXPATCH 6 None MEM: 0.471549 MB
LDB: TIME 28.1683 LOAD: AVG 0.0479634 MAX 0.0532244  PROXIES: TOTAL 24 MAXPE 4 MAXPATCH 6 RefineTorusLB MEM: 0.471549 MB
LDB: TIME 28.1684 LOAD: AVG 0.0479634 MAX 0.0521257  PROXIES: TOTAL 24 MAXPE 4 MAXPATCH 6 RefineTorusLB MEM: 0.471549 MB
LDB: ============== END OF LOAD BALANCING =============== 28.1684
Info: useSync: 0 useProxySync: 0
LDB: =============== DONE WITH MIGRATION ================ 28.1687
WRITING COORDINATES TO DCD FILE MDequil.dcd AT STEP 15000
The last position output (seq=15000) takes 0.012 seconds, 0.472 MB of memory in use
PRESSURE: 15000 -244.015 744.572 -214.476 38.0215 -1157.12 -477.719 233.877 266.226 -777.971
GPRESSURE: 15000 -206.798 323.288 -372.721 397.669 -1114.88 -455.553 409.201 107.937 -798.139
PRESSAVG: 15000 -296.645 86.9903 -78.8778 71.9542 -198.765 10.0598 -23.0821 41.5205 16.1091
GPRESSAVG: 15000 -296.219 86.8974 -78.836 71.9694 -199.156 10.2662 -23.1443 41.1075 15.9613
ENERGY:   15000         0.0000         0.0000         0.0000         0.0000          -5483.4381       329.3456         0.0000         0.0000       941.4925          -4212.5999       299.1039     -5154.0925     -4210.5432       300.2384           -726.3694      -706.6057     22516.4582      -159.7669      -159.8045

LDB: ============= START OF LOAD BALANCING ============== 30.4731
LDB: ============== END OF LOAD BALANCING =============== 30.4732
Info: useSync: 0 useProxySync: 0
LDB: =============== DONE WITH MIGRATION ================ 30.4734
LDB: ============= START OF LOAD BALANCING ============== 30.5331
LDB: Largest compute 6 load 0.011236 is 22.9% of average load 0.049169
LDB: Average compute 0.003480 is 7.1% of average load 0.049169
LDB: TIME 30.5333 LOAD: AVG 0.0491686 MAX 0.056032  PROXIES: TOTAL 24 MAXPE 4 MAXPATCH 6 None MEM: 0.471549 MB
LDB: TIME 30.5333 LOAD: AVG 0.0491686 MAX 0.056032  PROXIES: TOTAL 24 MAXPE 4 MAXPATCH 6 RefineTorusLB MEM: 0.471549 MB
LDB: TIME 30.5334 LOAD: AVG 0.0491686 MAX 0.0535741  PROXIES: TOTAL 24 MAXPE 4 MAXPATCH 6 RefineTorusLB MEM: 0.471549 MB
LDB: ============== END OF LOAD BALANCING =============== 30.5335
Info: useSync: 0 useProxySync: 0
LDB: =============== DONE WITH MIGRATION ================ 30.5338
LDB: ============= START OF LOAD BALANCING ============== 32.8224
LDB: ============== END OF LOAD BALANCING =============== 32.8226
Info: useSync: 0 useProxySync: 0
LDB: =============== DONE WITH MIGRATION ================ 32.8227
LDB: ============= START OF LOAD BALANCING ============== 32.8803
LDB: Largest compute 6 load 0.011282 is 23.1% of average load 0.048844
LDB: Average compute 0.003448 is 7.1% of average load 0.048844
LDB: TIME 32.8804 LOAD: AVG 0.048844 MAX 0.0531351  PROXIES: TOTAL 24 MAXPE 4 MAXPATCH 6 None MEM: 0.471549 MB
LDB: TIME 32.8805 LOAD: AVG 0.048844 MAX 0.0531351  PROXIES: TOTAL 24 MAXPE 4 MAXPATCH 6 RefineTorusLB MEM: 0.471549 MB
LDB: TIME 32.8805 LOAD: AVG 0.048844 MAX 0.0531351  PROXIES: TOTAL 24 MAXPE 4 MAXPATCH 6 RefineTorusLB MEM: 0.471549 MB
LDB: ============== END OF LOAD BALANCING =============== 32.8806
Info: useSync: 0 useProxySync: 0
LDB: =============== DONE WITH MIGRATION ================ 32.8808
WRITING COORDINATES TO DCD FILE MDequil.dcd AT STEP 20000
The last position output (seq=20000) takes 0.000 seconds, 0.472 MB of memory in use
PRESSURE: 20000 -118.481 144.185 8.4703 304.027 206.914 352.379 249.907 283.535 -922.251
GPRESSURE: 20000 -154.065 131.535 355.962 478.577 308.058 152.287 201.865 432.955 -907.004
PRESSAVG: 20000 -245.46 41.9773 -9.17998 19.9494 -357.454 -28.2277 -4.4181 8.04659 11.8415
GPRESSAVG: 20000 -245.653 41.6388 -9.29706 19.7322 -357.172 -28.4361 -4.21211 8.5215 11.704
ENERGY:   20000         0.0000         0.0000         0.0000         0.0000          -5605.5412       396.6570         0.0000         0.0000       924.9146          -4283.9696       293.8372     -5208.8841     -4282.4728       299.4296           -277.9394      -251.0035     22925.4074      -197.0241      -197.0403

LDB: ============= START OF LOAD BALANCING ============== 35.1326
LDB: ============== END OF LOAD BALANCING =============== 35.1327
Info: useSync: 0 useProxySync: 0
LDB: =============== DONE WITH MIGRATION ================ 35.1329
LDB: ============= START OF LOAD BALANCING ============== 35.1904
LDB: Largest compute 7 load 0.011221 is 22.9% of average load 0.048932
LDB: Average compute 0.003458 is 7.1% of average load 0.048932
LDB: TIME 35.1905 LOAD: AVG 0.0489324 MAX 0.0523566  PROXIES: TOTAL 24 MAXPE 4 MAXPATCH 6 None MEM: 0.471549 MB
LDB: TIME 35.1905 LOAD: AVG 0.0489324 MAX 0.0523566  PROXIES: TOTAL 24 MAXPE 4 MAXPATCH 6 RefineTorusLB MEM: 0.471549 MB
LDB: TIME 35.1905 LOAD: AVG 0.0489324 MAX 0.0523566  PROXIES: TOTAL 24 MAXPE 4 MAXPATCH 6 RefineTorusLB MEM: 0.471549 MB
LDB: ============== END OF LOAD BALANCING =============== 35.1906
Info: useSync: 0 useProxySync: 0
LDB: =============== DONE WITH MIGRATION ================ 35.1908
LDB: ============= START OF LOAD BALANCING ============== 37.4733
LDB: ============== END OF LOAD BALANCING =============== 37.4734
Info: useSync: 0 useProxySync: 0
LDB: =============== DONE WITH MIGRATION ================ 37.4736
LDB: ============= START OF LOAD BALANCING ============== 37.5314
LDB: Largest compute 7 load 0.010968 is 22.4% of average load 0.048861
LDB: Average compute 0.003454 is 7.1% of average load 0.048861
LDB: TIME 37.5316 LOAD: AVG 0.0488607 MAX 0.0538562  PROXIES: TOTAL 24 MAXPE 4 MAXPATCH 6 None MEM: 0.471549 MB
LDB: TIME 37.5316 LOAD: AVG 0.0488607 MAX 0.0538562  PROXIES: TOTAL 24 MAXPE 4 MAXPATCH 6 RefineTorusLB MEM: 0.471549 MB
LDB: TIME 37.5316 LOAD: AVG 0.0488607 MAX 0.0527999  PROXIES: TOTAL 24 MAXPE 4 MAXPATCH 6 RefineTorusLB MEM: 0.471549 MB
LDB: ============== END OF LOAD BALANCING =============== 37.5317
Info: useSync: 0 useProxySync: 0
LDB: =============== DONE WITH MIGRATION ================ 37.5319
LDB: ============= START OF LOAD BALANCING ============== 39.8113
LDB: ============== END OF LOAD BALANCING =============== 39.8116
Info: useSync: 0 useProxySync: 0
LDB: =============== DONE WITH MIGRATION ================ 39.8116
LDB: ============= START OF LOAD BALANCING ============== 39.8704
LDB: Largest compute 7 load 0.011145 is 22.7% of average load 0.049187
LDB: Average compute 0.003479 is 7.1% of average load 0.049187
LDB: TIME 39.8706 LOAD: AVG 0.0491866 MAX 0.052831  PROXIES: TOTAL 24 MAXPE 4 MAXPATCH 6 None MEM: 0.471549 MB
LDB: TIME 39.8707 LOAD: AVG 0.0491866 MAX 0.052831  PROXIES: TOTAL 24 MAXPE 4 MAXPATCH 6 RefineTorusLB MEM: 0.471549 MB
LDB: TIME 39.8707 LOAD: AVG 0.0491866 MAX 0.052831  PROXIES: TOTAL 24 MAXPE 4 MAXPATCH 6 RefineTorusLB MEM: 0.471549 MB
LDB: ============== END OF LOAD BALANCING =============== 39.8708
Info: useSync: 0 useProxySync: 0
LDB: =============== DONE WITH MIGRATION ================ 39.8713
PRESSURE: 25000 -374.822 -223.711 -527.348 -373.082 -809.301 -45.2587 -359.285 -126.465 747.289
GPRESSURE: 25000 -367.38 -393.596 -627.175 -99.2802 -793.672 281.004 -17.9153 -380.914 808.014
PRESSAVG: 25000 -267.804 -43.1217 3.15473 -37.6497 -405.856 87.5604 -1.4696 59.3754 -7.2625
GPRESSAVG: 25000 -267.561 -42.3363 2.8943 -37.5126 -405.858 88.1425 -1.79379 59.0317 -7.47615
ENERGY:   25000         0.0000         0.0000         0.0000         0.0000          -5657.8329       406.2318         0.0000         0.0000       930.5382          -4321.0629       295.6238     -5251.6011     -4319.8604       295.8002           -145.6114      -117.6792     22472.8358      -226.9742      -226.9652

WRITING COORDINATES TO DCD FILE MDequil.dcd AT STEP 25000
The last position output (seq=25000) takes 0.000 seconds, 0.472 MB of memory in use
LDB: ============= START OF LOAD BALANCING ============== 48.3025
LDB: ============== END OF LOAD BALANCING =============== 48.3072
Info: useSync: 0 useProxySync: 0
LDB: =============== DONE WITH MIGRATION ================ 48.3211
LDB: ============= START OF LOAD BALANCING ============== 48.6962
LDB: Largest compute 162 load 0.016670 is 32.2% of average load 0.051848
LDB: Average compute 0.003633 is 7.0% of average load 0.051848
LDB: TIME 48.7021 LOAD: AVG 0.0518482 MAX 0.0689233  PROXIES: TOTAL 24 MAXPE 4 MAXPATCH 6 None MEM: 0.471549 MB
LDB: TIME 48.7022 LOAD: AVG 0.0518482 MAX 0.0689233  PROXIES: TOTAL 24 MAXPE 4 MAXPATCH 6 RefineTorusLB MEM: 0.471549 MB
LDB: TIME 48.7023 LOAD: AVG 0.0518482 MAX 0.0559021  PROXIES: TOTAL 24 MAXPE 4 MAXPATCH 6 RefineTorusLB MEM: 0.471549 MB
LDB: ============== END OF LOAD BALANCING =============== 48.7111
Info: useSync: 0 useProxySync: 0
LDB: =============== DONE WITH MIGRATION ================ 48.7114
LDB: ============= START OF LOAD BALANCING ============== 60.3719
LDB: ============== END OF LOAD BALANCING =============== 60.3751
Info: useSync: 0 useProxySync: 0
LDB: =============== DONE WITH MIGRATION ================ 60.3881
LDB: ============= START OF LOAD BALANCING ============== 60.7144
LDB: Largest compute 150 load 0.011520 is 23.5% of average load 0.048945
LDB: Average compute 0.003388 is 6.9% of average load 0.048945
LDB: TIME 60.7201 LOAD: AVG 0.0489455 MAX 0.0587862  PROXIES: TOTAL 24 MAXPE 4 MAXPATCH 6 None MEM: 0.471549 MB
LDB: TIME 60.7202 LOAD: AVG 0.0489455 MAX 0.0587862  PROXIES: TOTAL 24 MAXPE 4 MAXPATCH 6 RefineTorusLB MEM: 0.471549 MB
LDB: TIME 60.7203 LOAD: AVG 0.0489455 MAX 0.0531644  PROXIES: TOTAL 24 MAXPE 4 MAXPATCH 6 RefineTorusLB MEM: 0.471549 MB
LDB: ============== END OF LOAD BALANCING =============== 60.7261
Info: useSync: 0 useProxySync: 0
LDB: =============== DONE WITH MIGRATION ================ 60.7731
PRESSURE: 30000 28.9859 699.691 -275.617 785.091 159.244 -325.799 -599.136 -22.2435 -823.789
GPRESSURE: 30000 142.318 623.932 -341.955 777.045 14.6273 -188.775 -746.397 70.7656 -791.666
PRESSAVG: 30000 -237.906 -14.6322 -32.9521 -55.5892 -333.709 -2.21514 -74.3342 -23.8133 4.94485
GPRESSAVG: 30000 -238.242 -14.9752 -33.0763 -55.8684 -333.762 -2.20201 -74.4221 -23.7481 5.08338
ENERGY:   30000         0.0000         0.0000         0.0000         0.0000          -5605.1850       407.9247         0.0000         0.0000       940.2733          -4256.9870       298.7166     -5197.2603     -4254.3538       295.5510           -211.8532      -211.5736     22816.1012      -188.8900      -188.9736

WRITING COORDINATES TO DCD FILE MDequil.dcd AT STEP 30000
The last position output (seq=30000) takes 0.000 seconds, 0.472 MB of memory in use
LDB: ============= START OF LOAD BALANCING ============== 78.8772
LDB: ============== END OF LOAD BALANCING =============== 78.8811
Info: useSync: 0 useProxySync: 0
LDB: =============== DONE WITH MIGRATION ================ 78.8971
LDB: ============= START OF LOAD BALANCING ============== 79.3231
LDB: Largest compute 7 load 0.019076 is 36.1% of average load 0.052822
LDB: Average compute 0.003484 is 6.6% of average load 0.052822
LDB: TIME 79.3292 LOAD: AVG 0.0528224 MAX 0.066432  PROXIES: TOTAL 24 MAXPE 4 MAXPATCH 6 None MEM: 0.471549 MB
LDB: TIME 79.3293 LOAD: AVG 0.0528224 MAX 0.066432  PROXIES: TOTAL 24 MAXPE 4 MAXPATCH 6 RefineTorusLB MEM: 0.471549 MB
LDB: TIME 79.3295 LOAD: AVG 0.0528224 MAX 0.0574724  PROXIES: TOTAL 25 MAXPE 4 MAXPATCH 7 RefineTorusLB MEM: 0.471549 MB
LDB: ============== END OF LOAD BALANCING =============== 79.3361
Info: useSync: 0 useProxySync: 0
LDB: =============== DONE WITH MIGRATION ================ 79.4081
LDB: ============= START OF LOAD BALANCING ============== 93.2553
LDB: ============== END OF LOAD BALANCING =============== 93.2561
Info: useSync: 0 useProxySync: 0
LDB: =============== DONE WITH MIGRATION ================ 93.2621
LDB: ============= START OF LOAD BALANCING ============== 93.6232
LDB: Largest compute 149 load 0.018751 is 37.0% of average load 0.050654
LDB: Average compute 0.003479 is 6.9% of average load 0.050654
LDB: TIME 93.6292 LOAD: AVG 0.0506536 MAX 0.0571855  PROXIES: TOTAL 24 MAXPE 4 MAXPATCH 6 None MEM: 0.471549 MB
LDB: TIME 93.6293 LOAD: AVG 0.0506536 MAX 0.0571855  PROXIES: TOTAL 25 MAXPE 4 MAXPATCH 7 RefineTorusLB MEM: 0.471549 MB
LDB: TIME 93.6294 LOAD: AVG 0.0506536 MAX 0.0552191  PROXIES: TOTAL 24 MAXPE 4 MAXPATCH 6 RefineTorusLB MEM: 0.471549 MB
LDB: ============== END OF LOAD BALANCING =============== 93.6331
Info: useSync: 0 useProxySync: 0
LDB: =============== DONE WITH MIGRATION ================ 93.6548
LDB: ============= START OF LOAD BALANCING ============== 106.71
LDB: ============== END OF LOAD BALANCING =============== 106.712
Info: useSync: 0 useProxySync: 0
LDB: =============== DONE WITH MIGRATION ================ 106.724
LDB: ============= START OF LOAD BALANCING ============== 106.984
LDB: Largest compute 136 load 0.016628 is 32.0% of average load 0.051951
LDB: Average compute 0.003513 is 6.8% of average load 0.051951
LDB: TIME 106.99 LOAD: AVG 0.0519506 MAX 0.0660718  PROXIES: TOTAL 24 MAXPE 4 MAXPATCH 6 None MEM: 0.471549 MB
LDB: TIME 106.99 LOAD: AVG 0.0519506 MAX 0.0660718  PROXIES: TOTAL 24 MAXPE 4 MAXPATCH 6 RefineTorusLB MEM: 0.471549 MB
LDB: TIME 106.99 LOAD: AVG 0.0519506 MAX 0.0549954  PROXIES: TOTAL 26 MAXPE 4 MAXPATCH 8 RefineTorusLB MEM: 0.471549 MB
LDB: ============== END OF LOAD BALANCING =============== 106.995
Info: useSync: 0 useProxySync: 0
LDB: =============== DONE WITH MIGRATION ================ 107.043
PRESSURE: 35000 -345.683 -12.3085 175.498 -97.729 -276.88 384.009 321.966 252.461 -23.0241
GPRESSURE: 35000 -368.402 469.112 208.856 -393.759 -502.071 465.964 653.852 122.91 237.014
PRESSAVG: 35000 -410.91 -23.0053 -27.7945 -26.4337 -386.002 -5.87983 59.2401 -15.8733 -6.03378
GPRESSAVG: 35000 -410.911 -22.8424 -27.9813 -26.2865 -386.055 -6.31898 59.1993 -16.1219 -6.10049
ENERGY:   35000         0.0000         0.0000         0.0000         0.0000          -5596.5365       387.9516         0.0000         0.0000       971.7823          -4236.8027       308.7267     -5208.5849     -4234.6908       298.3431           -215.1960      -211.1530     22655.2080      -267.6487      -267.6888

WRITING COORDINATES TO DCD FILE MDequil.dcd AT STEP 35000
The last position output (seq=35000) takes 0.000 seconds, 0.472 MB of memory in use
LDB: ============= START OF LOAD BALANCING ============== 120.653
LDB: ============== END OF LOAD BALANCING =============== 120.653
Info: useSync: 0 useProxySync: 0
LDB: =============== DONE WITH MIGRATION ================ 120.653
LDB: ============= START OF LOAD BALANCING ============== 120.742
LDB: Largest compute 164 load 0.015992 is 32.2% of average load 0.049608
LDB: Average compute 0.003483 is 7.0% of average load 0.049608
LDB: TIME 120.742 LOAD: AVG 0.0496082 MAX 0.0587513  PROXIES: TOTAL 24 MAXPE 4 MAXPATCH 6 None MEM: 0.471549 MB
LDB: TIME 120.742 LOAD: AVG 0.0496082 MAX 0.0587513  PROXIES: TOTAL 26 MAXPE 4 MAXPATCH 8 RefineTorusLB MEM: 0.471549 MB
LDB: TIME 120.742 LOAD: AVG 0.0496082 MAX 0.0534129  PROXIES: TOTAL 27 MAXPE 4 MAXPATCH 7 RefineTorusLB MEM: 0.471549 MB
LDB: ============== END OF LOAD BALANCING =============== 120.742
Info: useSync: 0 useProxySync: 0
LDB: =============== DONE WITH MIGRATION ================ 120.744
LDB: ============= START OF LOAD BALANCING ============== 124.967
LDB: ============== END OF LOAD BALANCING =============== 124.97
Info: useSync: 0 useProxySync: 0
LDB: =============== DONE WITH MIGRATION ================ 124.982
LDB: ============= START OF LOAD BALANCING ============== 125.192
LDB: Largest compute 150 load 0.012508 is 24.7% of average load 0.050583
LDB: Average compute 0.003451 is 6.8% of average load 0.050583
LDB: TIME 125.192 LOAD: AVG 0.0505831 MAX 0.0634977  PROXIES: TOTAL 24 MAXPE 4 MAXPATCH 6 None MEM: 0.471549 MB
LDB: TIME 125.192 LOAD: AVG 0.0505831 MAX 0.0634977  PROXIES: TOTAL 27 MAXPE 4 MAXPATCH 7 RefineTorusLB MEM: 0.471549 MB
LDB: TIME 125.192 LOAD: AVG 0.0505831 MAX 0.0543318  PROXIES: TOTAL 27 MAXPE 4 MAXPATCH 7 RefineTorusLB MEM: 0.471549 MB
LDB: ============== END OF LOAD BALANCING =============== 125.192
Info: useSync: 0 useProxySync: 0
LDB: =============== DONE WITH MIGRATION ================ 125.192
PRESSURE: 40000 -52.1956 434.55 165.516 518.003 -81.1688 -143.676 496.317 -458.885 106.154
GPRESSURE: 40000 -81.2293 539.977 273.059 682.429 18.1638 189.445 502.014 -607.88 95.6947
PRESSAVG: 40000 -411.269 -24.3253 -37.7563 -2.0344 -364.59 20.6077 8.24917 34.7899 4.77755
GPRESSAVG: 40000 -411.313 -24.5427 -38.1688 -2.31133 -364.512 20.2012 8.44449 34.8105 5.06061
ENERGY:   40000         0.0000         0.0000         0.0000         0.0000          -5529.8436       385.3825         0.0000         0.0000       910.0836          -4234.3775       289.1256     -5144.4611     -4231.3143       304.2712             -9.0701        10.8764     22819.4380      -257.0269      -256.9216

WRITING COORDINATES TO DCD FILE MDequil.dcd AT STEP 40000
The last position output (seq=40000) takes 0.000 seconds, 0.472 MB of memory in use
LDB: ============= START OF LOAD BALANCING ============== 127.471
LDB: ============== END OF LOAD BALANCING =============== 127.471
Info: useSync: 0 useProxySync: 0
LDB: =============== DONE WITH MIGRATION ================ 127.471
LDB: ============= START OF LOAD BALANCING ============== 127.53
LDB: Largest compute 146 load 0.010745 is 22.5% of average load 0.047782
LDB: Average compute 0.003341 is 7.0% of average load 0.047782
LDB: TIME 127.53 LOAD: AVG 0.0477815 MAX 0.0560274  PROXIES: TOTAL 24 MAXPE 4 MAXPATCH 6 None MEM: 0.471549 MB
LDB: TIME 127.53 LOAD: AVG 0.0477815 MAX 0.0560274  PROXIES: TOTAL 27 MAXPE 4 MAXPATCH 7 RefineTorusLB MEM: 0.471549 MB
LDB: TIME 127.53 LOAD: AVG 0.0477815 MAX 0.0519816  PROXIES: TOTAL 27 MAXPE 4 MAXPATCH 7 RefineTorusLB MEM: 0.471549 MB
LDB: ============== END OF LOAD BALANCING =============== 127.53
Info: useSync: 0 useProxySync: 0
LDB: =============== DONE WITH MIGRATION ================ 127.531
LDB: ============= START OF LOAD BALANCING ============== 129.782
LDB: ============== END OF LOAD BALANCING =============== 129.782
Info: useSync: 0 useProxySync: 0
LDB: =============== DONE WITH MIGRATION ================ 129.783
LDB: ============= START OF LOAD BALANCING ============== 129.841
LDB: Largest compute 149 load 0.010918 is 22.6% of average load 0.048409
LDB: Average compute 0.003391 is 7.0% of average load 0.048409
LDB: TIME 129.841 LOAD: AVG 0.0484088 MAX 0.0521403  PROXIES: TOTAL 24 MAXPE 4 MAXPATCH 6 None MEM: 0.471549 MB
LDB: TIME 129.842 LOAD: AVG 0.0484088 MAX 0.0521403  PROXIES: TOTAL 27 MAXPE 4 MAXPATCH 7 RefineTorusLB MEM: 0.471549 MB
LDB: TIME 129.842 LOAD: AVG 0.0484088 MAX 0.0521403  PROXIES: TOTAL 27 MAXPE 4 MAXPATCH 7 RefineTorusLB MEM: 0.471549 MB
LDB: ============== END OF LOAD BALANCING =============== 129.842
Info: useSync: 0 useProxySync: 0
LDB: =============== DONE WITH MIGRATION ================ 129.842
LDB: ============= START OF LOAD BALANCING ============== 132.165
LDB: ============== END OF LOAD BALANCING =============== 132.165
Info: useSync: 0 useProxySync: 0
LDB: =============== DONE WITH MIGRATION ================ 132.165
LDB: ============= START OF LOAD BALANCING ============== 132.231
LDB: Largest compute 150 load 0.012884 is 23.6% of average load 0.054605
LDB: Average compute 0.003835 is 7.0% of average load 0.054605
LDB: TIME 132.231 LOAD: AVG 0.0546049 MAX 0.0605967  PROXIES: TOTAL 24 MAXPE 4 MAXPATCH 6 None MEM: 0.471549 MB
LDB: TIME 132.231 LOAD: AVG 0.0546049 MAX 0.0605967  PROXIES: TOTAL 27 MAXPE 4 MAXPATCH 7 RefineTorusLB MEM: 0.471549 MB
LDB: TIME 132.231 LOAD: AVG 0.0546049 MAX 0.0594824  PROXIES: TOTAL 27 MAXPE 4 MAXPATCH 7 RefineTorusLB MEM: 0.471549 MB
LDB: ============== END OF LOAD BALANCING =============== 132.231
Info: useSync: 0 useProxySync: 0
LDB: =============== DONE WITH MIGRATION ================ 132.232
WRITING COORDINATES TO DCD FILE MDequil.dcd AT STEP 45000
The last position output (seq=45000) takes 0.001 seconds, 0.472 MB of memory in use
PRESSURE: 45000 -228.098 80.375 -468.325 189.228 -796.997 -264.299 -227.566 -52.0836 70.0393
GPRESSURE: 45000 -226.735 226.094 -494.927 7.99444 -646.075 -453.224 -191.333 15.4788 -9.7627
PRESSAVG: 45000 -458.43 38.3725 -30.3632 33.8726 -389.951 -81.5916 42.1633 -38.9764 -18.3354
GPRESSAVG: 45000 -458.576 38.6475 -30.3806 33.7761 -389.933 -81.2525 41.9728 -38.5737 -18.6379
ENERGY:   45000         0.0000         0.0000         0.0000         0.0000          -5623.2471       396.9285         0.0000         0.0000       969.5189          -4256.7997       308.0076     -5226.3186     -4255.3505       297.2045           -318.3519      -294.1909     22782.9005      -288.9054      -289.0490

LDB: ============= START OF LOAD BALANCING ============== 134.727
LDB: ============== END OF LOAD BALANCING =============== 134.727
Info: useSync: 0 useProxySync: 0
LDB: =============== DONE WITH MIGRATION ================ 134.727
LDB: ============= START OF LOAD BALANCING ============== 134.79
LDB: Largest compute 146 load 0.012083 is 22.4% of average load 0.053903
LDB: Average compute 0.003778 is 7.0% of average load 0.053903
LDB: TIME 134.791 LOAD: AVG 0.053903 MAX 0.0591298  PROXIES: TOTAL 24 MAXPE 4 MAXPATCH 6 None MEM: 0.471549 MB
LDB: TIME 134.791 LOAD: AVG 0.053903 MAX 0.0591298  PROXIES: TOTAL 27 MAXPE 4 MAXPATCH 7 RefineTorusLB MEM: 0.471549 MB
LDB: TIME 134.791 LOAD: AVG 0.053903 MAX 0.0586188  PROXIES: TOTAL 27 MAXPE 4 MAXPATCH 7 RefineTorusLB MEM: 0.471549 MB
LDB: ============== END OF LOAD BALANCING =============== 134.791
Info: useSync: 0 useProxySync: 0
LDB: =============== DONE WITH MIGRATION ================ 134.791
LDB: ============= START OF LOAD BALANCING ============== 137.298
LDB: ============== END OF LOAD BALANCING =============== 137.298
Info: useSync: 0 useProxySync: 0
LDB: =============== DONE WITH MIGRATION ================ 137.298
LDB: ============= START OF LOAD BALANCING ============== 137.362
LDB: Largest compute 149 load 0.012918 is 23.9% of average load 0.054138
LDB: Average compute 0.003799 is 7.0% of average load 0.054138
LDB: TIME 137.362 LOAD: AVG 0.054138 MAX 0.059051  PROXIES: TOTAL 24 MAXPE 4 MAXPATCH 6 None MEM: 0.471549 MB
LDB: TIME 137.363 LOAD: AVG 0.054138 MAX 0.059051  PROXIES: TOTAL 27 MAXPE 4 MAXPATCH 7 RefineTorusLB MEM: 0.471549 MB
LDB: TIME 137.363 LOAD: AVG 0.054138 MAX 0.0587999  PROXIES: TOTAL 27 MAXPE 4 MAXPATCH 7 RefineTorusLB MEM: 0.471549 MB
LDB: ============== END OF LOAD BALANCING =============== 137.363
Info: useSync: 0 useProxySync: 0
LDB: =============== DONE WITH MIGRATION ================ 137.363
PRESSURE: 50000 -357.923 -533.298 88.8814 -907.044 -1003.81 -512.436 -268.409 -801.637 -870.797
GPRESSURE: 50000 -355.468 -275.069 -95.9873 -1157.89 -915.571 -597.536 3.93689 -1225.22 -873.283
PRESSAVG: 50000 -379.184 -35.486 -28.7031 -23.8459 -441.453 89.4295 -39.8684 38.1985 -3.76082
GPRESSAVG: 50000 -379.167 -35.795 -27.9405 -23.9227 -441.324 88.8641 -40.5247 38.4506 -4.21293
TIMING: 50000  CPU: 121.039, 0.00242065/step  Wall: 128.209, 0.00256405/step, 0.320506 hours remaining, 0.471549 MB of memory in use.
PERFORMANCE: 50000  averaging 67.3935 ns/day, 0.00256405 sec/step with standard deviation 0
ETITLE:      TS           BOND          ANGLE          DIHED          IMPRP               ELECT            VDW       BOUNDARY           MISC        KINETIC               TOTAL           TEMP      POTENTIAL         TOTAL3        TEMPAVG            PRESSURE      GPRESSURE         VOLUME       PRESSAVG      GPRESSAVG

ENERGY:   50000         0.0000         0.0000         0.0000         0.0000          -5630.2973       363.0214         0.0000         0.0000       926.9795          -4340.2963       294.4933     -5267.2759     -4337.7235       292.1627           -744.1782      -714.7742     22548.8241      -274.7994      -274.9014

WRITING EXTENDED SYSTEM TO RESTART FILE AT STEP 50000
WRITING COORDINATES TO DCD FILE MDequil.dcd AT STEP 50000
WRITING COORDINATES TO RESTART FILE AT STEP 50000
FINISHED WRITING RESTART COORDINATES
The last position output (seq=50000) takes 0.001 seconds, 0.472 MB of memory in use
WRITING VELOCITIES TO RESTART FILE AT STEP 50000
FINISHED WRITING RESTART VELOCITIES
The last velocity output (seq=50000) takes 0.000 seconds, 0.472 MB of memory in use
LDB: ============= START OF LOAD BALANCING ============== 139.89
LDB: ============== END OF LOAD BALANCING =============== 139.891
Info: useSync: 0 useProxySync: 0
LDB: =============== DONE WITH MIGRATION ================ 139.891
LDB: ============= START OF LOAD BALANCING ============== 139.955
LDB: Largest compute 146 load 0.011989 is 22.3% of average load 0.053875
LDB: Average compute 0.003776 is 7.0% of average load 0.053875
LDB: TIME 139.956 LOAD: AVG 0.0538752 MAX 0.0593406  PROXIES: TOTAL 24 MAXPE 4 MAXPATCH 6 None MEM: 0.471549 MB
LDB: TIME 139.956 LOAD: AVG 0.0538752 MAX 0.0593406  PROXIES: TOTAL 27 MAXPE 4 MAXPATCH 7 RefineTorusLB MEM: 0.471549 MB
LDB: TIME 139.956 LOAD: AVG 0.0538752 MAX 0.0586852  PROXIES: TOTAL 27 MAXPE 4 MAXPATCH 7 RefineTorusLB MEM: 0.471549 MB
LDB: ============== END OF LOAD BALANCING =============== 139.956
Info: useSync: 0 useProxySync: 0
LDB: =============== DONE WITH MIGRATION ================ 139.956
LDB: ============= START OF LOAD BALANCING ============== 142.599
LDB: ============== END OF LOAD BALANCING =============== 142.599
Info: useSync: 0 useProxySync: 0
LDB: =============== DONE WITH MIGRATION ================ 142.599
LDB: ============= START OF LOAD BALANCING ============== 142.673
LDB: Largest compute 146 load 0.012077 is 22.4% of average load 0.053793
LDB: Average compute 0.003707 is 6.9% of average load 0.053793
LDB: TIME 142.674 LOAD: AVG 0.0537934 MAX 0.0609856  PROXIES: TOTAL 24 MAXPE 4 MAXPATCH 6 None MEM: 0.471549 MB
LDB: TIME 142.674 LOAD: AVG 0.0537934 MAX 0.0609856  PROXIES: TOTAL 27 MAXPE 4 MAXPATCH 7 RefineTorusLB MEM: 0.471549 MB
LDB: TIME 142.674 LOAD: AVG 0.0537934 MAX 0.0572363  PROXIES: TOTAL 27 MAXPE 4 MAXPATCH 8 RefineTorusLB MEM: 0.471549 MB
LDB: ============== END OF LOAD BALANCING =============== 142.674
Info: useSync: 0 useProxySync: 0
LDB: =============== DONE WITH MIGRATION ================ 142.674
LDB: ============= START OF LOAD BALANCING ============== 145.215
LDB: ============== END OF LOAD BALANCING =============== 145.215
Info: useSync: 0 useProxySync: 0
LDB: =============== DONE WITH MIGRATION ================ 145.215
LDB: ============= START OF LOAD BALANCING ============== 145.28
LDB: Largest compute 146 load 0.012721 is 23.7% of average load 0.053686
LDB: Average compute 0.003764 is 7.0% of average load 0.053686
LDB: TIME 145.28 LOAD: AVG 0.0536864 MAX 0.0601741  PROXIES: TOTAL 24 MAXPE 4 MAXPATCH 6 None MEM: 0.471549 MB
LDB: TIME 145.28 LOAD: AVG 0.0536864 MAX 0.0601741  PROXIES: TOTAL 27 MAXPE 4 MAXPATCH 8 RefineTorusLB MEM: 0.471549 MB
LDB: TIME 145.28 LOAD: AVG 0.0536864 MAX 0.0576596  PROXIES: TOTAL 28 MAXPE 4 MAXPATCH 8 RefineTorusLB MEM: 0.471549 MB
LDB: ============== END OF LOAD BALANCING =============== 145.281
Info: useSync: 0 useProxySync: 0
LDB: =============== DONE WITH MIGRATION ================ 145.281
PRESSURE: 55000 -445.915 287.883 -896.473 163.493 109.332 -471.066 -485.263 -220.954 -6.82046
GPRESSURE: 55000 -339.621 135.607 -710.503 61.0242 7.41219 -411.535 -423.167 226.644 62.4919
PRESSAVG: 55000 -453.626 -38.2445 -18.362 16.951 -343.448 83.6947 14.3963 96.9267 0.958911
GPRESSAVG: 55000 -453.326 -38.267 -18.2367 16.9587 -343.62 84.2323 14.3363 97.0235 0.863925
ENERGY:   55000         0.0000         0.0000         0.0000         0.0000          -5669.1083       425.1739         0.0000         0.0000       922.3827          -4321.5517       293.0329     -5243.9344     -4319.1617       295.9703           -114.4678       -89.9058     22591.7499      -265.3716      -265.3606

WRITING COORDINATES TO DCD FILE MDequil.dcd AT STEP 55000
LDB: ============= START OF LOAD BALANCING ============== 147.733
LDB: ============== END OF LOAD BALANCING =============== 147.733
Info: useSync: 0 useProxySync: 0
LDB: =============== DONE WITH MIGRATION ================ 147.733
LDB: ============= START OF LOAD BALANCING ============== 147.807
LDB: Largest compute 146 load 0.012625 is 23.5% of average load 0.053671
LDB: Average compute 0.003693 is 6.9% of average load 0.053671
LDB: TIME 147.808 LOAD: AVG 0.0536707 MAX 0.0646214  PROXIES: TOTAL 24 MAXPE 4 MAXPATCH 6 None MEM: 0.471549 MB
LDB: TIME 147.808 LOAD: AVG 0.0536707 MAX 0.0646214  PROXIES: TOTAL 28 MAXPE 4 MAXPATCH 8 RefineTorusLB MEM: 0.471549 MB
LDB: TIME 147.808 LOAD: AVG 0.0536707 MAX 0.0581023  PROXIES: TOTAL 29 MAXPE 4 MAXPATCH 8 RefineTorusLB MEM: 0.471549 MB
LDB: ============== END OF LOAD BALANCING =============== 147.808
Info: useSync: 0 useProxySync: 0
LDB: =============== DONE WITH MIGRATION ================ 147.808
LDB: ============= START OF LOAD BALANCING ============== 150.335
LDB: ============== END OF LOAD BALANCING =============== 150.335
Info: useSync: 0 useProxySync: 0
LDB: =============== DONE WITH MIGRATION ================ 150.335
LDB: ============= START OF LOAD BALANCING ============== 150.4
LDB: Largest compute 151 load 0.012203 is 22.5% of average load 0.054201
LDB: Average compute 0.003806 is 7.0% of average load 0.054201
LDB: TIME 150.4 LOAD: AVG 0.0542013 MAX 0.0611232  PROXIES: TOTAL 24 MAXPE 4 MAXPATCH 6 None MEM: 0.471549 MB
LDB: TIME 150.4 LOAD: AVG 0.0542013 MAX 0.0611232  PROXIES: TOTAL 29 MAXPE 4 MAXPATCH 8 RefineTorusLB MEM: 0.471549 MB
LDB: TIME 150.4 LOAD: AVG 0.0542013 MAX 0.05836  PROXIES: TOTAL 28 MAXPE 4 MAXPATCH 8 RefineTorusLB MEM: 0.471549 MB
LDB: ============== END OF LOAD BALANCING =============== 150.4
Info: useSync: 0 useProxySync: 0
LDB: =============== DONE WITH MIGRATION ================ 150.4
WRITING COORDINATES TO DCD FILE MDequil.dcd AT STEP 60000
PRESSURE: 60000 432.52 92.997 147.527 665.913 -288.966 250.698 42.53 370.442 -550.568
GPRESSURE: 60000 437.619 -92.3339 382.488 504.334 -308.75 277.047 -285.742 362.082 -510.678
PRESSAVG: 60000 -395.52 3.24025 29.7958 -12.6611 -439.318 -22.3363 -33.1136 3.99694 -13.2399
GPRESSAVG: 60000 -395.56 3.57924 29.3802 -12.523 -439.131 -22.0269 -32.6851 3.49982 -13.2561
ENERGY:   60000         0.0000         0.0000         0.0000         0.0000          -5565.3790       379.1072         0.0000         0.0000       953.6919          -4232.5799       302.9795     -5186.2718     -4231.1838       296.2424           -135.6713      -127.2698     22515.1776      -282.6926      -282.6491

LDB: ============= START OF LOAD BALANCING ============== 152.855
LDB: ============== END OF LOAD BALANCING =============== 152.856
Info: useSync: 0 useProxySync: 0
LDB: =============== DONE WITH MIGRATION ================ 152.856
LDB: ============= START OF LOAD BALANCING ============== 152.918
LDB: Largest compute 146 load 0.011729 is 22.0% of average load 0.053409
LDB: Average compute 0.003746 is 7.0% of average load 0.053409
LDB: TIME 152.918 LOAD: AVG 0.0534087 MAX 0.0575007  PROXIES: TOTAL 24 MAXPE 4 MAXPATCH 6 None MEM: 0.471549 MB
LDB: TIME 152.918 LOAD: AVG 0.0534087 MAX 0.0575007  PROXIES: TOTAL 28 MAXPE 4 MAXPATCH 8 RefineTorusLB MEM: 0.471549 MB
LDB: TIME 152.918 LOAD: AVG 0.0534087 MAX 0.0575007  PROXIES: TOTAL 28 MAXPE 4 MAXPATCH 8 RefineTorusLB MEM: 0.471549 MB
LDB: ============== END OF LOAD BALANCING =============== 152.918
Info: useSync: 0 useProxySync: 0
LDB: =============== DONE WITH MIGRATION ================ 152.919
LDB: ============= START OF LOAD BALANCING ============== 155.387
LDB: ============== END OF LOAD BALANCING =============== 155.387
Info: useSync: 0 useProxySync: 0
LDB: =============== DONE WITH MIGRATION ================ 155.387
LDB: ============= START OF LOAD BALANCING ============== 155.449
LDB: Largest compute 146 load 0.012309 is 23.0% of average load 0.053518
LDB: Average compute 0.003753 is 7.0% of average load 0.053518
LDB: TIME 155.45 LOAD: AVG 0.053518 MAX 0.0583943  PROXIES: TOTAL 24 MAXPE 4 MAXPATCH 6 None MEM: 0.471549 MB
LDB: TIME 155.45 LOAD: AVG 0.053518 MAX 0.0583943  PROXIES: TOTAL 28 MAXPE 4 MAXPATCH 8 RefineTorusLB MEM: 0.471549 MB
LDB: TIME 155.45 LOAD: AVG 0.053518 MAX 0.0581432  PROXIES: TOTAL 28 MAXPE 4 MAXPATCH 8 RefineTorusLB MEM: 0.471549 MB
LDB: ============== END OF LOAD BALANCING =============== 155.45
Info: useSync: 0 useProxySync: 0
LDB: =============== DONE WITH MIGRATION ================ 155.45
LDB: ============= START OF LOAD BALANCING ============== 157.929
LDB: ============== END OF LOAD BALANCING =============== 157.929
Info: useSync: 0 useProxySync: 0
LDB: =============== DONE WITH MIGRATION ================ 157.932
LDB: ============= START OF LOAD BALANCING ============== 157.996
LDB: Largest compute 151 load 0.012121 is 22.6% of average load 0.053577
LDB: Average compute 0.003753 is 7.0% of average load 0.053577
LDB: TIME 157.996 LOAD: AVG 0.0535768 MAX 0.0584903  PROXIES: TOTAL 24 MAXPE 4 MAXPATCH 6 None MEM: 0.471549 MB
LDB: TIME 157.996 LOAD: AVG 0.0535768 MAX 0.0584903  PROXIES: TOTAL 28 MAXPE 4 MAXPATCH 8 RefineTorusLB MEM: 0.471549 MB
LDB: TIME 157.996 LOAD: AVG 0.0535768 MAX 0.0582412  PROXIES: TOTAL 28 MAXPE 4 MAXPATCH 8 RefineTorusLB MEM: 0.471549 MB
LDB: ============== END OF LOAD BALANCING =============== 157.996
Info: useSync: 0 useProxySync: 0
LDB: =============== DONE WITH MIGRATION ================ 157.996
PRESSURE: 65000 604.985 93.4222 -37.2853 168.052 -572.927 -50.0011 12.0923 115.607 513.638
GPRESSURE: 65000 540.842 -83.7411 -445.53 315.68 -407.52 58.7902 312.181 145.873 464.934
PRESSAVG: 65000 -405.142 35.7323 82.9954 59.43 -439.824 4.49609 -5.79336 -10.8895 -3.77606
GPRESSAVG: 65000 -405.243 35.6997 82.6645 60.0532 -440.06 4.52613 -5.87677 -10.6415 -3.76172
ENERGY:   65000         0.0000         0.0000         0.0000         0.0000          -5605.7836       409.9179         0.0000         0.0000       972.2643          -4223.6015       308.8798     -5195.8658     -4223.3003       302.4806            181.8986       199.4187     22606.6473      -282.9140      -283.0216

WRITING COORDINATES TO DCD FILE MDequil.dcd AT STEP 65000
LDB: ============= START OF LOAD BALANCING ============== 160.549
LDB: ============== END OF LOAD BALANCING =============== 160.549
Info: useSync: 0 useProxySync: 0
LDB: =============== DONE WITH MIGRATION ================ 160.549
LDB: ============= START OF LOAD BALANCING ============== 160.612
LDB: Largest compute 146 load 0.012159 is 22.7% of average load 0.053534
LDB: Average compute 0.003754 is 7.0% of average load 0.053534
LDB: TIME 160.612 LOAD: AVG 0.0535339 MAX 0.0590205  PROXIES: TOTAL 24 MAXPE 4 MAXPATCH 6 None MEM: 0.471549 MB
LDB: TIME 160.612 LOAD: AVG 0.0535339 MAX 0.0590205  PROXIES: TOTAL 28 MAXPE 4 MAXPATCH 8 RefineTorusLB MEM: 0.471549 MB
LDB: TIME 160.612 LOAD: AVG 0.0535339 MAX 0.0582485  PROXIES: TOTAL 28 MAXPE 4 MAXPATCH 8 RefineTorusLB MEM: 0.471549 MB
LDB: ============== END OF LOAD BALANCING =============== 160.612
Info: useSync: 0 useProxySync: 0
LDB: =============== DONE WITH MIGRATION ================ 160.613
LDB: ============= START OF LOAD BALANCING ============== 163.067
LDB: ============== END OF LOAD BALANCING =============== 163.067
Info: useSync: 0 useProxySync: 0
LDB: =============== DONE WITH MIGRATION ================ 163.067
LDB: ============= START OF LOAD BALANCING ============== 163.13
LDB: Largest compute 146 load 0.011727 is 21.8% of average load 0.053866
LDB: Average compute 0.003776 is 7.0% of average load 0.053866
LDB: TIME 163.13 LOAD: AVG 0.0538664 MAX 0.0573558  PROXIES: TOTAL 24 MAXPE 4 MAXPATCH 6 None MEM: 0.471549 MB
LDB: TIME 163.13 LOAD: AVG 0.0538664 MAX 0.0573558  PROXIES: TOTAL 28 MAXPE 4 MAXPATCH 8 RefineTorusLB MEM: 0.471549 MB
LDB: TIME 163.131 LOAD: AVG 0.0538664 MAX 0.0573558  PROXIES: TOTAL 28 MAXPE 4 MAXPATCH 8 RefineTorusLB MEM: 0.471549 MB
LDB: ============== END OF LOAD BALANCING =============== 163.131
Info: useSync: 0 useProxySync: 0
LDB: =============== DONE WITH MIGRATION ================ 163.131
WRITING COORDINATES TO DCD FILE MDequil.dcd AT STEP 70000
PRESSURE: 70000 89.6085 -45.2402 431.566 -479.33 -526.716 -378.904 346.66 -322.523 118.906
GPRESSURE: 70000 62.6464 -365.995 678.98 -382.962 -601.545 -403.268 321.117 -154.527 301.086
PRESSAVG: 70000 -348.503 -36.2161 46.0788 -58.1873 -350.663 48.3756 11.8838 44.439 7.75675
GPRESSAVG: 70000 -348.494 -36.6735 46.0564 -58.3216 -350.461 48.4676 11.8434 44.5568 7.63045
ENERGY:   70000         0.0000         0.0000         0.0000         0.0000          -5612.4801       395.4632         0.0000         0.0000       958.6450          -4258.3719       304.5531     -5217.0169     -4254.7051       300.8449           -106.0670       -79.2710     22677.3474      -230.4698      -230.4416

LDB: ============= START OF LOAD BALANCING ============== 165.595
LDB: ============== END OF LOAD BALANCING =============== 165.595
Info: useSync: 0 useProxySync: 0
LDB: =============== DONE WITH MIGRATION ================ 165.595
LDB: ============= START OF LOAD BALANCING ============== 165.659
LDB: Largest compute 146 load 0.012242 is 22.8% of average load 0.053700
LDB: Average compute 0.003766 is 7.0% of average load 0.053700
LDB: TIME 165.659 LOAD: AVG 0.0536996 MAX 0.0584394  PROXIES: TOTAL 24 MAXPE 4 MAXPATCH 6 None MEM: 0.471549 MB
LDB: TIME 165.659 LOAD: AVG 0.0536996 MAX 0.0584394  PROXIES: TOTAL 28 MAXPE 4 MAXPATCH 8 RefineTorusLB MEM: 0.471549 MB
LDB: TIME 165.659 LOAD: AVG 0.0536996 MAX 0.0584394  PROXIES: TOTAL 28 MAXPE 4 MAXPATCH 8 RefineTorusLB MEM: 0.471549 MB
LDB: ============== END OF LOAD BALANCING =============== 165.659
Info: useSync: 0 useProxySync: 0
LDB: =============== DONE WITH MIGRATION ================ 165.66
LDB: ============= START OF LOAD BALANCING ============== 168.136
LDB: ============== END OF LOAD BALANCING =============== 168.136
Info: useSync: 0 useProxySync: 0
LDB: =============== DONE WITH MIGRATION ================ 168.147
LDB: ============= START OF LOAD BALANCING ============== 168.209
LDB: Largest compute 148 load 0.012249 is 23.4% of average load 0.052377
LDB: Average compute 0.003664 is 7.0% of average load 0.052377
LDB: TIME 168.209 LOAD: AVG 0.0523773 MAX 0.0570633  PROXIES: TOTAL 24 MAXPE 4 MAXPATCH 6 None MEM: 0.471549 MB
LDB: TIME 168.209 LOAD: AVG 0.0523773 MAX 0.0570633  PROXIES: TOTAL 28 MAXPE 4 MAXPATCH 8 RefineTorusLB MEM: 0.471549 MB
LDB: TIME 168.209 LOAD: AVG 0.0523773 MAX 0.0570633  PROXIES: TOTAL 28 MAXPE 4 MAXPATCH 8 RefineTorusLB MEM: 0.471549 MB
LDB: ============== END OF LOAD BALANCING =============== 168.209
Info: useSync: 0 useProxySync: 0
LDB: =============== DONE WITH MIGRATION ================ 168.209
LDB: ============= START OF LOAD BALANCING ============== 170.677
LDB: ============== END OF LOAD BALANCING =============== 170.678
Info: useSync: 0 useProxySync: 0
LDB: =============== DONE WITH MIGRATION ================ 170.678
LDB: ============= START OF LOAD BALANCING ============== 170.742
LDB: Largest compute 147 load 0.011735 is 21.6% of average load 0.054266
LDB: Average compute 0.003808 is 7.0% of average load 0.054266
LDB: TIME 170.742 LOAD: AVG 0.0542664 MAX 0.0576306  PROXIES: TOTAL 24 MAXPE 4 MAXPATCH 6 None MEM: 0.471549 MB
LDB: TIME 170.742 LOAD: AVG 0.0542664 MAX 0.0576306  PROXIES: TOTAL 28 MAXPE 4 MAXPATCH 8 RefineTorusLB MEM: 0.471549 MB
LDB: TIME 170.742 LOAD: AVG 0.0542664 MAX 0.0576306  PROXIES: TOTAL 28 MAXPE 4 MAXPATCH 8 RefineTorusLB MEM: 0.471549 MB
LDB: ============== END OF LOAD BALANCING =============== 170.742
Info: useSync: 0 useProxySync: 0
LDB: =============== DONE WITH MIGRATION ================ 170.742
WRITING COORDINATES TO DCD FILE MDequil.dcd AT STEP 75000
PRESSURE: 75000 -192.744 325.206 88.3506 183.828 715.669 -634.773 32.8789 -716.676 334.852
GPRESSURE: 75000 5.43724 513.177 -238.588 46.5946 773.384 -650.241 50.4359 -784.333 112.358
PRESSAVG: 75000 -413.341 -6.92704 -21.5694 2.14524 -402.453 -50.9537 -39.9686 -61.479 -11.4532
GPRESSAVG: 75000 -412.907 -6.97704 -21.3459 2.09362 -402.62 -50.6675 -39.8458 -61.4248 -11.5302
ENERGY:   75000         0.0000         0.0000         0.0000         0.0000          -5615.8521       430.7220         0.0000         0.0000       963.7160          -4221.4141       306.1641     -5185.1301     -4218.3163       300.3382            285.9259       297.0598     22807.1225      -275.7490      -275.6858

LDB: ============= START OF LOAD BALANCING ============== 173.216
LDB: ============== END OF LOAD BALANCING =============== 173.217
Info: useSync: 0 useProxySync: 0
LDB: =============== DONE WITH MIGRATION ================ 173.217
LDB: ============= START OF LOAD BALANCING ============== 173.282
LDB: Largest compute 146 load 0.012527 is 22.7% of average load 0.055222
LDB: Average compute 0.003888 is 7.0% of average load 0.055222
LDB: TIME 173.282 LOAD: AVG 0.0552219 MAX 0.0622568  PROXIES: TOTAL 24 MAXPE 4 MAXPATCH 6 None MEM: 0.471549 MB
LDB: TIME 173.282 LOAD: AVG 0.0552219 MAX 0.0622568  PROXIES: TOTAL 28 MAXPE 4 MAXPATCH 8 RefineTorusLB MEM: 0.471549 MB
LDB: TIME 173.282 LOAD: AVG 0.0552219 MAX 0.0602101  PROXIES: TOTAL 28 MAXPE 4 MAXPATCH 8 RefineTorusLB MEM: 0.471549 MB
LDB: ============== END OF LOAD BALANCING =============== 173.282
Info: useSync: 0 useProxySync: 0
LDB: =============== DONE WITH MIGRATION ================ 173.283
LDB: ============= START OF LOAD BALANCING ============== 175.771
LDB: ============== END OF LOAD BALANCING =============== 175.771
Info: useSync: 0 useProxySync: 0
LDB: =============== DONE WITH MIGRATION ================ 175.772
LDB: ============= START OF LOAD BALANCING ============== 175.834
LDB: Largest compute 146 load 0.012733 is 23.9% of average load 0.053249
LDB: Average compute 0.003729 is 7.0% of average load 0.053249
LDB: TIME 175.834 LOAD: AVG 0.0532487 MAX 0.0562093  PROXIES: TOTAL 24 MAXPE 4 MAXPATCH 6 None MEM: 0.471549 MB
LDB: TIME 175.834 LOAD: AVG 0.0532487 MAX 0.0562093  PROXIES: TOTAL 28 MAXPE 4 MAXPATCH 8 RefineTorusLB MEM: 0.471549 MB
LDB: TIME 175.834 LOAD: AVG 0.0532487 MAX 0.0562093  PROXIES: TOTAL 28 MAXPE 4 MAXPATCH 8 RefineTorusLB MEM: 0.471549 MB
LDB: ============== END OF LOAD BALANCING =============== 175.835
Info: useSync: 0 useProxySync: 0
LDB: =============== DONE WITH MIGRATION ================ 175.835
PRESSURE: 80000 -727.528 124.427 455.183 31.1254 -122.718 270.889 29.9226 49.0728 -259.826
GPRESSURE: 80000 -793.152 -541.161 516.945 604.931 -74.3784 -162.219 -156.183 241.682 -205.249
PRESSAVG: 80000 -267.398 10.5169 -88.8633 10.8282 -308.346 24.5667 -82.576 -14.7113 -13.0842
GPRESSAVG: 80000 -267.202 10.5634 -88.6833 10.8822 -308.411 24.1144 -82.5166 -14.4311 -13.1693
ENERGY:   80000         0.0000         0.0000         0.0000         0.0000          -5607.1444       410.0115         0.0000         0.0000       946.2171          -4250.9159       300.6049     -5197.1330     -4248.3930       303.5659           -370.0239      -357.5931     23069.9064      -196.2760      -196.2608

WRITING COORDINATES TO DCD FILE MDequil.dcd AT STEP 80000
LDB: ============= START OF LOAD BALANCING ============== 178.307
LDB: ============== END OF LOAD BALANCING =============== 178.307
Info: useSync: 0 useProxySync: 0
LDB: =============== DONE WITH MIGRATION ================ 178.318
LDB: ============= START OF LOAD BALANCING ============== 178.38
LDB: Largest compute 150 load 0.011963 is 22.8% of average load 0.052391
LDB: Average compute 0.003668 is 7.0% of average load 0.052391
LDB: TIME 178.38 LOAD: AVG 0.0523911 MAX 0.0571775  PROXIES: TOTAL 24 MAXPE 4 MAXPATCH 6 None MEM: 0.471549 MB
LDB: TIME 178.38 LOAD: AVG 0.0523911 MAX 0.0571775  PROXIES: TOTAL 28 MAXPE 4 MAXPATCH 8 RefineTorusLB MEM: 0.471549 MB
LDB: TIME 178.38 LOAD: AVG 0.0523911 MAX 0.0569243  PROXIES: TOTAL 28 MAXPE 4 MAXPATCH 8 RefineTorusLB MEM: 0.471549 MB
LDB: ============== END OF LOAD BALANCING =============== 178.381
Info: useSync: 0 useProxySync: 0
LDB: =============== DONE WITH MIGRATION ================ 178.381
LDB: ============= START OF LOAD BALANCING ============== 180.858
LDB: ============== END OF LOAD BALANCING =============== 180.858
Info: useSync: 0 useProxySync: 0
LDB: =============== DONE WITH MIGRATION ================ 180.858
LDB: ============= START OF LOAD BALANCING ============== 180.922
LDB: Largest compute 150 load 0.012628 is 23.1% of average load 0.054619
LDB: Average compute 0.003840 is 7.0% of average load 0.054619
LDB: TIME 180.923 LOAD: AVG 0.054619 MAX 0.0598299  PROXIES: TOTAL 24 MAXPE 4 MAXPATCH 6 None MEM: 0.471549 MB
LDB: TIME 180.923 LOAD: AVG 0.054619 MAX 0.0598299  PROXIES: TOTAL 28 MAXPE 4 MAXPATCH 8 RefineTorusLB MEM: 0.471549 MB
LDB: TIME 180.923 LOAD: AVG 0.054619 MAX 0.0593345  PROXIES: TOTAL 28 MAXPE 4 MAXPATCH 8 RefineTorusLB MEM: 0.471549 MB
LDB: ============== END OF LOAD BALANCING =============== 180.923
Info: useSync: 0 useProxySync: 0
LDB: =============== DONE WITH MIGRATION ================ 180.923
LDB: ============= START OF LOAD BALANCING ============== 183.414
LDB: ============== END OF LOAD BALANCING =============== 183.426
Info: useSync: 0 useProxySync: 0
LDB: =============== DONE WITH MIGRATION ================ 183.426
LDB: ============= START OF LOAD BALANCING ============== 183.488
LDB: Largest compute 146 load 0.011429 is 21.6% of average load 0.052819
LDB: Average compute 0.003708 is 7.0% of average load 0.052819
LDB: TIME 183.488 LOAD: AVG 0.0528185 MAX 0.0563184  PROXIES: TOTAL 24 MAXPE 4 MAXPATCH 6 None MEM: 0.471549 MB
LDB: TIME 183.488 LOAD: AVG 0.0528185 MAX 0.0563184  PROXIES: TOTAL 28 MAXPE 4 MAXPATCH 8 RefineTorusLB MEM: 0.471549 MB
LDB: TIME 183.488 LOAD: AVG 0.0528185 MAX 0.0563184  PROXIES: TOTAL 28 MAXPE 4 MAXPATCH 8 RefineTorusLB MEM: 0.471549 MB
LDB: ============== END OF LOAD BALANCING =============== 183.489
Info: useSync: 0 useProxySync: 0
LDB: =============== DONE WITH MIGRATION ================ 183.489
PRESSURE: 85000 477.499 -252.323 -545.88 -68.7701 1151.45 -826.246 -890.066 -585.881 1067.53
GPRESSURE: 85000 491.912 -46.9255 -791.869 -146.365 1209.18 -599.408 -1003.62 -321.233 1086.56
PRESSAVG: 85000 -247.205 18.0316 -53.8722 36.2242 -275.246 66.9 -22.5883 42.4041 -6.09435
GPRESSAVG: 85000 -247.37 18.0876 -54.1506 35.8647 -275.091 67.309 -22.4545 42.1329 -6.0558
ENERGY:   85000         0.0000         0.0000         0.0000         0.0000          -5664.5596       453.4489         0.0000         0.0000       932.2733          -4278.8374       296.1750     -5211.1107     -4276.7890       299.2115            898.8234       929.2195     22736.7871      -176.1816      -176.1723

WRITING COORDINATES TO DCD FILE MDequil.dcd AT STEP 85000
LDB: ============= START OF LOAD BALANCING ============== 185.978
LDB: ============== END OF LOAD BALANCING =============== 185.978
Info: useSync: 0 useProxySync: 0
LDB: =============== DONE WITH MIGRATION ================ 185.978
LDB: ============= START OF LOAD BALANCING ============== 186.041
LDB: Largest compute 146 load 0.011618 is 21.9% of average load 0.053035
LDB: Average compute 0.003715 is 7.0% of average load 0.053035
LDB: TIME 186.041 LOAD: AVG 0.0530355 MAX 0.0569898  PROXIES: TOTAL 24 MAXPE 4 MAXPATCH 6 None MEM: 0.471549 MB
LDB: TIME 186.041 LOAD: AVG 0.0530355 MAX 0.0569898  PROXIES: TOTAL 28 MAXPE 4 MAXPATCH 8 RefineTorusLB MEM: 0.471549 MB
LDB: TIME 186.041 LOAD: AVG 0.0530355 MAX 0.0569898  PROXIES: TOTAL 28 MAXPE 4 MAXPATCH 8 RefineTorusLB MEM: 0.471549 MB
LDB: ============== END OF LOAD BALANCING =============== 186.041
Info: useSync: 0 useProxySync: 0
LDB: =============== DONE WITH MIGRATION ================ 186.041
LDB: ============= START OF LOAD BALANCING ============== 188.497
LDB: ============== END OF LOAD BALANCING =============== 188.508
Info: useSync: 0 useProxySync: 0
LDB: =============== DONE WITH MIGRATION ================ 188.508
LDB: ============= START OF LOAD BALANCING ============== 188.569
LDB: Largest compute 146 load 0.013636 is 26.1% of average load 0.052227
LDB: Average compute 0.003652 is 7.0% of average load 0.052227
LDB: TIME 188.569 LOAD: AVG 0.0522272 MAX 0.0553357  PROXIES: TOTAL 24 MAXPE 4 MAXPATCH 6 None MEM: 0.471549 MB
LDB: TIME 188.57 LOAD: AVG 0.0522272 MAX 0.0553357  PROXIES: TOTAL 28 MAXPE 4 MAXPATCH 8 RefineTorusLB MEM: 0.471549 MB
LDB: TIME 188.57 LOAD: AVG 0.0522272 MAX 0.0553357  PROXIES: TOTAL 28 MAXPE 4 MAXPATCH 8 RefineTorusLB MEM: 0.471549 MB
LDB: ============== END OF LOAD BALANCING =============== 188.57
Info: useSync: 0 useProxySync: 0
LDB: =============== DONE WITH MIGRATION ================ 188.57
PRESSURE: 90000 -530.438 -342.474 529.726 -72.2155 424.075 19.6488 523.614 93.4356 980.586
GPRESSURE: 90000 -353.815 -425.204 165.799 42.7773 387.345 -146.027 515.483 131.626 930.469
PRESSAVG: 90000 -338.967 -21.9019 -102.15 -34.8998 -327.225 30.2591 -38.7357 -25.8317 -2.80683
GPRESSAVG: 90000 -339.327 -21.5555 -101.997 -35.3184 -327.24 30.3352 -38.4728 -25.554 -2.816
ENERGY:   90000         0.0000         0.0000         0.0000         0.0000          -5627.4956       434.7520         0.0000         0.0000       930.4653          -4262.2783       295.6007     -5192.7436     -4260.0416       298.2617            291.4078       321.3330     22846.8472      -222.9998      -223.1277

WRITING COORDINATES TO DCD FILE MDequil.dcd AT STEP 90000
LDB: ============= START OF LOAD BALANCING ============== 191.046
LDB: ============== END OF LOAD BALANCING =============== 191.046
Info: useSync: 0 useProxySync: 0
LDB: =============== DONE WITH MIGRATION ================ 191.046
LDB: ============= START OF LOAD BALANCING ============== 191.108
LDB: Largest compute 146 load 0.011376 is 21.4% of average load 0.053208
LDB: Average compute 0.003728 is 7.0% of average load 0.053208
LDB: TIME 191.108 LOAD: AVG 0.0532077 MAX 0.0570282  PROXIES: TOTAL 24 MAXPE 4 MAXPATCH 6 None MEM: 0.471549 MB
LDB: TIME 191.108 LOAD: AVG 0.0532077 MAX 0.0570282  PROXIES: TOTAL 28 MAXPE 4 MAXPATCH 8 RefineTorusLB MEM: 0.471549 MB
LDB: TIME 191.108 LOAD: AVG 0.0532077 MAX 0.0570282  PROXIES: TOTAL 28 MAXPE 4 MAXPATCH 8 RefineTorusLB MEM: 0.471549 MB
LDB: ============== END OF LOAD BALANCING =============== 191.108
Info: useSync: 0 useProxySync: 0
LDB: =============== DONE WITH MIGRATION ================ 191.109
LDB: ============= START OF LOAD BALANCING ============== 193.552
LDB: ============== END OF LOAD BALANCING =============== 193.552
Info: useSync: 0 useProxySync: 0
LDB: =============== DONE WITH MIGRATION ================ 193.555
LDB: ============= START OF LOAD BALANCING ============== 193.618
LDB: Largest compute 151 load 0.012182 is 22.6% of average load 0.053865
LDB: Average compute 0.003777 is 7.0% of average load 0.053865
LDB: TIME 193.618 LOAD: AVG 0.0538647 MAX 0.0591849  PROXIES: TOTAL 24 MAXPE 4 MAXPATCH 6 None MEM: 0.471549 MB
LDB: TIME 193.618 LOAD: AVG 0.0538647 MAX 0.0591849  PROXIES: TOTAL 28 MAXPE 4 MAXPATCH 8 RefineTorusLB MEM: 0.471549 MB
LDB: TIME 193.618 LOAD: AVG 0.0538647 MAX 0.0581507  PROXIES: TOTAL 28 MAXPE 4 MAXPATCH 8 RefineTorusLB MEM: 0.471549 MB
LDB: ============== END OF LOAD BALANCING =============== 193.618
Info: useSync: 0 useProxySync: 0
LDB: =============== DONE WITH MIGRATION ================ 193.619
LDB: ============= START OF LOAD BALANCING ============== 196.093
LDB: ============== END OF LOAD BALANCING =============== 196.093
Info: useSync: 0 useProxySync: 0
LDB: =============== DONE WITH MIGRATION ================ 196.093
LDB: ============= START OF LOAD BALANCING ============== 196.156
LDB: Largest compute 146 load 0.012133 is 22.7% of average load 0.053448
LDB: Average compute 0.003749 is 7.0% of average load 0.053448
LDB: TIME 196.156 LOAD: AVG 0.0534482 MAX 0.0587274  PROXIES: TOTAL 24 MAXPE 4 MAXPATCH 6 None MEM: 0.471549 MB
LDB: TIME 196.156 LOAD: AVG 0.0534482 MAX 0.0587274  PROXIES: TOTAL 28 MAXPE 4 MAXPATCH 8 RefineTorusLB MEM: 0.471549 MB
LDB: TIME 196.156 LOAD: AVG 0.0534482 MAX 0.0581196  PROXIES: TOTAL 28 MAXPE 4 MAXPATCH 8 RefineTorusLB MEM: 0.471549 MB
LDB: ============== END OF LOAD BALANCING =============== 196.156
Info: useSync: 0 useProxySync: 0
LDB: =============== DONE WITH MIGRATION ================ 196.156
WRITING COORDINATES TO DCD FILE MDequil.dcd AT STEP 95000
PRESSURE: 95000 -804.102 206.315 -11.1029 375.344 15.1555 -366.565 40.0077 -147.001 -884.822
GPRESSURE: 95000 -624.93 367.406 63.8569 305.614 -124.214 -354.765 -422.865 70.667 -912.307
PRESSAVG: 95000 -455.06 -58.8454 10.8264 -14.3958 -417.927 30.5192 -37.6599 -84.3702 -2.52366
GPRESSAVG: 95000 -454.673 -58.7001 10.871 -14.5045 -417.687 30.3081 -37.7088 -84.5366 -2.85879
ENERGY:   95000         0.0000         0.0000         0.0000         0.0000          -5530.0765       338.8887         0.0000         0.0000       945.1031          -4246.0847       300.2510     -5191.1878     -4243.4173       298.0115           -557.9229      -553.8167     22690.2266      -291.8370      -291.7393

LDB: ============= START OF LOAD BALANCING ============== 198.622
LDB: ============== END OF LOAD BALANCING =============== 198.622
Info: useSync: 0 useProxySync: 0
LDB: =============== DONE WITH MIGRATION ================ 198.622
LDB: ============= START OF LOAD BALANCING ============== 198.685
LDB: Largest compute 151 load 0.012374 is 22.9% of average load 0.053932
LDB: Average compute 0.003779 is 7.0% of average load 0.053932
LDB: TIME 198.685 LOAD: AVG 0.0539317 MAX 0.0587675  PROXIES: TOTAL 24 MAXPE 4 MAXPATCH 6 None MEM: 0.471549 MB
LDB: TIME 198.685 LOAD: AVG 0.0539317 MAX 0.0587675  PROXIES: TOTAL 28 MAXPE 4 MAXPATCH 8 RefineTorusLB MEM: 0.471549 MB
LDB: TIME 198.685 LOAD: AVG 0.0539317 MAX 0.0587675  PROXIES: TOTAL 28 MAXPE 4 MAXPATCH 8 RefineTorusLB MEM: 0.471549 MB
LDB: ============== END OF LOAD BALANCING =============== 198.685
Info: useSync: 0 useProxySync: 0
LDB: =============== DONE WITH MIGRATION ================ 198.685
LDB: ============= START OF LOAD BALANCING ============== 201.229
LDB: ============== END OF LOAD BALANCING =============== 201.229
Info: useSync: 0 useProxySync: 0
LDB: =============== DONE WITH MIGRATION ================ 201.229
LDB: ============= START OF LOAD BALANCING ============== 201.293
LDB: Largest compute 151 load 0.011798 is 21.8% of average load 0.054092
LDB: Average compute 0.003798 is 7.0% of average load 0.054092
LDB: TIME 201.294 LOAD: AVG 0.0540923 MAX 0.0621268  PROXIES: TOTAL 24 MAXPE 4 MAXPATCH 6 None MEM: 0.471549 MB
LDB: TIME 201.294 LOAD: AVG 0.0540923 MAX 0.0621268  PROXIES: TOTAL 28 MAXPE 4 MAXPATCH 8 RefineTorusLB MEM: 0.471549 MB
LDB: TIME 201.294 LOAD: AVG 0.0540923 MAX 0.0579666  PROXIES: TOTAL 28 MAXPE 4 MAXPATCH 8 RefineTorusLB MEM: 0.471549 MB
LDB: ============== END OF LOAD BALANCING =============== 201.294
Info: useSync: 0 useProxySync: 0
LDB: =============== DONE WITH MIGRATION ================ 201.294
PRESSURE: 100000 486.295 -104.247 -610.105 -75.5552 58.7426 -244.44 -244.291 187.576 527.713
GPRESSURE: 100000 406.338 307.129 -505.504 -134.144 22.2849 -80.9785 -75.0039 193.846 718.037
PRESSAVG: 100000 -250.297 -11.9684 -32.5684 11.5163 -299.871 17.7452 -33.6777 88.5608 -11.5732
GPRESSAVG: 100000 -250.155 -12.1996 -32.526 11.8882 -299.902 17.4715 -33.5085 88.9957 -11.5878
TIMING: 100000  CPU: 184.642, 0.00127207/step  Wall: 192.099, 0.00127781/step, 0.141979 hours remaining, 0.471549 MB of memory in use.
PERFORMANCE: 100000  averaging 89.9564 ns/day, 0.00192093 sec/step with standard deviation 0.000909505
ETITLE:      TS           BOND          ANGLE          DIHED          IMPRP               ELECT            VDW       BOUNDARY           MISC        KINETIC               TOTAL           TEMP      POTENTIAL         TOTAL3        TEMPAVG            PRESSURE      GPRESSURE         VOLUME       PRESSAVG      GPRESSAVG

ENERGY:  100000         0.0000         0.0000         0.0000         0.0000          -5636.2642       447.7438         0.0000         0.0000       950.0452          -4238.4752       301.8210     -5188.5204     -4236.5191       297.5500            357.5836       382.2200     22823.6880      -187.2469      -187.2149

WRITING EXTENDED SYSTEM TO RESTART FILE AT STEP 100000
WRITING COORDINATES TO DCD FILE MDequil.dcd AT STEP 100000
WRITING COORDINATES TO RESTART FILE AT STEP 100000
FINISHED WRITING RESTART COORDINATES
WRITING VELOCITIES TO RESTART FILE AT STEP 100000
FINISHED WRITING RESTART VELOCITIES
The last velocity output (seq=100000) takes 0.000 seconds, 0.472 MB of memory in use
LDB: ============= START OF LOAD BALANCING ============== 203.749
LDB: ============== END OF LOAD BALANCING =============== 203.749
Info: useSync: 0 useProxySync: 0
LDB: =============== DONE WITH MIGRATION ================ 203.75
LDB: ============= START OF LOAD BALANCING ============== 203.813
LDB: Largest compute 151 load 0.012234 is 22.5% of average load 0.054254
LDB: Average compute 0.003807 is 7.0% of average load 0.054254
LDB: TIME 203.814 LOAD: AVG 0.0542535 MAX 0.0585925  PROXIES: TOTAL 24 MAXPE 4 MAXPATCH 6 None MEM: 0.471549 MB
LDB: TIME 203.814 LOAD: AVG 0.0542535 MAX 0.0585925  PROXIES: TOTAL 28 MAXPE 4 MAXPATCH 8 RefineTorusLB MEM: 0.471549 MB
LDB: TIME 203.814 LOAD: AVG 0.0542535 MAX 0.0585925  PROXIES: TOTAL 28 MAXPE 4 MAXPATCH 8 RefineTorusLB MEM: 0.471549 MB
LDB: ============== END OF LOAD BALANCING =============== 203.814
Info: useSync: 0 useProxySync: 0
LDB: =============== DONE WITH MIGRATION ================ 203.814
LDB: ============= START OF LOAD BALANCING ============== 206.321
LDB: ============== END OF LOAD BALANCING =============== 206.321
Info: useSync: 0 useProxySync: 0
LDB: =============== DONE WITH MIGRATION ================ 206.322
LDB: ============= START OF LOAD BALANCING ============== 206.385
LDB: Largest compute 151 load 0.012059 is 22.5% of average load 0.053497
LDB: Average compute 0.003759 is 7.0% of average load 0.053497
LDB: TIME 206.385 LOAD: AVG 0.0534974 MAX 0.0576442  PROXIES: TOTAL 24 MAXPE 4 MAXPATCH 6 None MEM: 0.471549 MB
LDB: TIME 206.385 LOAD: AVG 0.0534974 MAX 0.0576442  PROXIES: TOTAL 28 MAXPE 4 MAXPATCH 8 RefineTorusLB MEM: 0.471549 MB
LDB: TIME 206.385 LOAD: AVG 0.0534974 MAX 0.0576442  PROXIES: TOTAL 28 MAXPE 4 MAXPATCH 8 RefineTorusLB MEM: 0.471549 MB
LDB: ============== END OF LOAD BALANCING =============== 206.385
Info: useSync: 0 useProxySync: 0
LDB: =============== DONE WITH MIGRATION ================ 206.386
LDB: ============= START OF LOAD BALANCING ============== 208.855
LDB: ============== END OF LOAD BALANCING =============== 208.855
Info: useSync: 0 useProxySync: 0
LDB: =============== DONE WITH MIGRATION ================ 208.855
LDB: ============= START OF LOAD BALANCING ============== 208.918
LDB: Largest compute 151 load 0.013016 is 24.5% of average load 0.053142
LDB: Average compute 0.003720 is 7.0% of average load 0.053142
LDB: TIME 208.918 LOAD: AVG 0.0531417 MAX 0.0574276  PROXIES: TOTAL 24 MAXPE 4 MAXPATCH 6 None MEM: 0.471549 MB
LDB: TIME 208.918 LOAD: AVG 0.0531417 MAX 0.0574276  PROXIES: TOTAL 28 MAXPE 4 MAXPATCH 8 RefineTorusLB MEM: 0.471549 MB
LDB: TIME 208.918 LOAD: AVG 0.0531417 MAX 0.0574276  PROXIES: TOTAL 28 MAXPE 4 MAXPATCH 8 RefineTorusLB MEM: 0.471549 MB
LDB: ============== END OF LOAD BALANCING =============== 208.918
Info: useSync: 0 useProxySync: 0
LDB: =============== DONE WITH MIGRATION ================ 208.919
PRESSURE: 105000 -5.83277 436.831 392.331 195.104 -836.467 548.667 -61.669 784.101 -661.158
GPRESSURE: 105000 -98.151 516.618 149.493 76.4499 -830.966 521.347 171.877 661.347 -527.538
PRESSAVG: 105000 -353.72 58.5657 -58.894 -0.623165 -288.459 -100.28 -99.0556 -25.8729 3.65703
GPRESSAVG: 105000 -353.942 58.512 -59.2005 -0.886527 -288.655 -100.095 -98.7533 -25.9323 3.95167
ENERGY:  105000         0.0000         0.0000         0.0000         0.0000          -5599.4454       374.6428         0.0000         0.0000       970.1021          -4254.7005       308.1929     -5224.8026     -4252.8477       298.1965           -501.1525      -485.5516     22843.2859      -212.8408      -212.8816

WRITING COORDINATES TO DCD FILE MDequil.dcd AT STEP 105000
LDB: ============= START OF LOAD BALANCING ============== 211.387
LDB: ============== END OF LOAD BALANCING =============== 211.387
Info: useSync: 0 useProxySync: 0
LDB: =============== DONE WITH MIGRATION ================ 211.387
LDB: ============= START OF LOAD BALANCING ============== 211.451
LDB: Largest compute 151 load 0.012288 is 22.8% of average load 0.053902
LDB: Average compute 0.003779 is 7.0% of average load 0.053902
LDB: TIME 211.451 LOAD: AVG 0.0539019 MAX 0.0577844  PROXIES: TOTAL 24 MAXPE 4 MAXPATCH 6 None MEM: 0.471549 MB
LDB: TIME 211.451 LOAD: AVG 0.0539019 MAX 0.0577844  PROXIES: TOTAL 28 MAXPE 4 MAXPATCH 8 RefineTorusLB MEM: 0.471549 MB
LDB: TIME 211.451 LOAD: AVG 0.0539019 MAX 0.0577844  PROXIES: TOTAL 28 MAXPE 4 MAXPATCH 8 RefineTorusLB MEM: 0.471549 MB
LDB: ============== END OF LOAD BALANCING =============== 211.451
Info: useSync: 0 useProxySync: 0
LDB: =============== DONE WITH MIGRATION ================ 211.451
LDB: ============= START OF LOAD BALANCING ============== 213.932
LDB: ============== END OF LOAD BALANCING =============== 213.942
Info: useSync: 0 useProxySync: 0
LDB: =============== DONE WITH MIGRATION ================ 213.942
LDB: ============= START OF LOAD BALANCING ============== 214.005
LDB: Largest compute 151 load 0.012891 is 24.2% of average load 0.053367
LDB: Average compute 0.003745 is 7.0% of average load 0.053367
LDB: TIME 214.005 LOAD: AVG 0.0533666 MAX 0.056845  PROXIES: TOTAL 24 MAXPE 4 MAXPATCH 6 None MEM: 0.471549 MB
LDB: TIME 214.005 LOAD: AVG 0.0533666 MAX 0.056845  PROXIES: TOTAL 28 MAXPE 4 MAXPATCH 8 RefineTorusLB MEM: 0.471549 MB
LDB: TIME 214.005 LOAD: AVG 0.0533666 MAX 0.056845  PROXIES: TOTAL 28 MAXPE 4 MAXPATCH 8 RefineTorusLB MEM: 0.471549 MB
LDB: ============== END OF LOAD BALANCING =============== 214.005
Info: useSync: 0 useProxySync: 0
LDB: =============== DONE WITH MIGRATION ================ 214.006
PRESSURE: 110000 -113.267 264.13 -87.9971 68.9211 -609.263 -492.573 -104.829 -465.986 335.212
GPRESSURE: 110000 -165.869 -129.119 -324.728 384.781 -611.508 -2.36249 10.6225 -804.002 471.619
PRESSAVG: 110000 -327.126 -1.12702 -51.9061 -10.4338 -300.792 -15.7897 3.56584 -7.84495 -16.7024
GPRESSAVG: 110000 -326.994 -1.21672 -51.4786 -10.4553 -300.952 -15.1555 3.62272 -8.40007 -16.5808
ENERGY:  110000         0.0000         0.0000         0.0000         0.0000          -5588.2484       409.0721         0.0000         0.0000       957.3960          -4221.7803       304.1563     -5179.1764     -4219.4393       302.5462           -129.1058      -101.9192     22770.7958      -214.8733      -214.8424

WRITING COORDINATES TO DCD FILE MDequil.dcd AT STEP 110000
LDB: ============= START OF LOAD BALANCING ============== 216.541
LDB: ============== END OF LOAD BALANCING =============== 216.541
Info: useSync: 0 useProxySync: 0
LDB: =============== DONE WITH MIGRATION ================ 216.542
LDB: ============= START OF LOAD BALANCING ============== 216.605
LDB: Largest compute 146 load 0.012352 is 23.4% of average load 0.052848
LDB: Average compute 0.003688 is 7.0% of average load 0.052848
LDB: TIME 216.606 LOAD: AVG 0.0528478 MAX 0.0559201  PROXIES: TOTAL 24 MAXPE 4 MAXPATCH 6 None MEM: 0.471549 MB
LDB: TIME 216.606 LOAD: AVG 0.0528478 MAX 0.0559201  PROXIES: TOTAL 28 MAXPE 4 MAXPATCH 8 RefineTorusLB MEM: 0.471549 MB
LDB: TIME 216.606 LOAD: AVG 0.0528478 MAX 0.0559201  PROXIES: TOTAL 28 MAXPE 4 MAXPATCH 8 RefineTorusLB MEM: 0.471549 MB
LDB: ============== END OF LOAD BALANCING =============== 216.606
Info: useSync: 0 useProxySync: 0
LDB: =============== DONE WITH MIGRATION ================ 216.606
LDB: ============= START OF LOAD BALANCING ============== 219.104
LDB: ============== END OF LOAD BALANCING =============== 219.107
Info: useSync: 0 useProxySync: 0
LDB: =============== DONE WITH MIGRATION ================ 219.107
LDB: ============= START OF LOAD BALANCING ============== 219.17
LDB: Largest compute 146 load 0.012254 is 22.9% of average load 0.053589
LDB: Average compute 0.003756 is 7.0% of average load 0.053589
LDB: TIME 219.171 LOAD: AVG 0.0535887 MAX 0.0575811  PROXIES: TOTAL 24 MAXPE 4 MAXPATCH 6 None MEM: 0.471549 MB
LDB: TIME 219.171 LOAD: AVG 0.0535887 MAX 0.0575811  PROXIES: TOTAL 28 MAXPE 4 MAXPATCH 8 RefineTorusLB MEM: 0.471549 MB
LDB: TIME 219.171 LOAD: AVG 0.0535887 MAX 0.0575811  PROXIES: TOTAL 28 MAXPE 4 MAXPATCH 8 RefineTorusLB MEM: 0.471549 MB
LDB: ============== END OF LOAD BALANCING =============== 219.171
Info: useSync: 0 useProxySync: 0
LDB: =============== DONE WITH MIGRATION ================ 219.171
LDB: ============= START OF LOAD BALANCING ============== 225.046
LDB: ============== END OF LOAD BALANCING =============== 225.049
Info: useSync: 0 useProxySync: 0
LDB: =============== DONE WITH MIGRATION ================ 225.061
LDB: ============= START OF LOAD BALANCING ============== 225.401
LDB: Largest compute 167 load 0.012515 is 24.6% of average load 0.050890
LDB: Average compute 0.003490 is 6.9% of average load 0.050890
LDB: TIME 225.406 LOAD: AVG 0.0508895 MAX 0.0576167  PROXIES: TOTAL 24 MAXPE 4 MAXPATCH 6 None MEM: 0.471549 MB
LDB: TIME 225.406 LOAD: AVG 0.0508895 MAX 0.0576167  PROXIES: TOTAL 28 MAXPE 4 MAXPATCH 8 RefineTorusLB MEM: 0.471549 MB
LDB: TIME 225.406 LOAD: AVG 0.0508895 MAX 0.055477  PROXIES: TOTAL 28 MAXPE 4 MAXPATCH 8 RefineTorusLB MEM: 0.471549 MB
LDB: ============== END OF LOAD BALANCING =============== 225.412
Info: useSync: 0 useProxySync: 0
LDB: =============== DONE WITH MIGRATION ================ 225.459
WRITING COORDINATES TO DCD FILE MDequil.dcd AT STEP 115000
PRESSURE: 115000 -1243.8 253.784 -348.586 248.757 -1573.61 -237.101 -517.514 -445.57 -989.669
GPRESSURE: 115000 -1174.92 108.601 -329.838 129.544 -1678.38 -334.363 -518.093 -467.255 -893.484
PRESSAVG: 115000 -357.608 -15.2002 -53.9542 -7.17797 -431.072 -43.7322 -78.3426 -16.1637 -1.80224
GPRESSAVG: 115000 -357.577 -15.453 -53.9224 -6.91202 -431.008 -44.0911 -78.1228 -15.9168 -1.83618
ENERGY:  115000         0.0000         0.0000         0.0000         0.0000          -5568.1216       326.6525         0.0000         0.0000       920.5014          -4320.9677       292.4352     -5241.4691     -4318.4757       300.1967          -1269.0266     -1248.9263     22995.5036      -263.4941      -263.4739

LDB: ============= START OF LOAD BALANCING ============== 237.57
LDB: ============== END OF LOAD BALANCING =============== 237.571
Info: useSync: 0 useProxySync: 0
LDB: =============== DONE WITH MIGRATION ================ 237.575
LDB: ============= START OF LOAD BALANCING ============== 237.868
LDB: Largest compute 150 load 0.011083 is 22.1% of average load 0.050044
LDB: Average compute 0.003404 is 6.8% of average load 0.050044
LDB: TIME 237.87 LOAD: AVG 0.0500438 MAX 0.0578565  PROXIES: TOTAL 24 MAXPE 4 MAXPATCH 6 None MEM: 0.471549 MB
LDB: TIME 237.87 LOAD: AVG 0.0500438 MAX 0.0578565  PROXIES: TOTAL 28 MAXPE 4 MAXPATCH 8 RefineTorusLB MEM: 0.471549 MB
LDB: TIME 237.87 LOAD: AVG 0.0500438 MAX 0.0541977  PROXIES: TOTAL 28 MAXPE 4 MAXPATCH 8 RefineTorusLB MEM: 0.471549 MB
LDB: ============== END OF LOAD BALANCING =============== 237.872
Info: useSync: 0 useProxySync: 0
LDB: =============== DONE WITH MIGRATION ================ 237.89
LDB: ============= START OF LOAD BALANCING ============== 249.733
LDB: ============== END OF LOAD BALANCING =============== 249.737
Info: useSync: 0 useProxySync: 0
LDB: =============== DONE WITH MIGRATION ================ 249.741
LDB: ============= START OF LOAD BALANCING ============== 250.02
LDB: Largest compute 149 load 0.012827 is 25.7% of average load 0.050005
LDB: Average compute 0.003398 is 6.8% of average load 0.050005
LDB: TIME 250.029 LOAD: AVG 0.0500049 MAX 0.0591331  PROXIES: TOTAL 24 MAXPE 4 MAXPATCH 6 None MEM: 0.471549 MB
LDB: TIME 250.029 LOAD: AVG 0.0500049 MAX 0.0591331  PROXIES: TOTAL 28 MAXPE 4 MAXPATCH 8 RefineTorusLB MEM: 0.471549 MB
LDB: TIME 250.029 LOAD: AVG 0.0500049 MAX 0.0545281  PROXIES: TOTAL 27 MAXPE 4 MAXPATCH 7 RefineTorusLB MEM: 0.471549 MB
LDB: ============== END OF LOAD BALANCING =============== 250.039
Info: useSync: 0 useProxySync: 0
LDB: =============== DONE WITH MIGRATION ================ 250.09
PRESSURE: 120000 -675.106 390.825 -560.334 648.326 179.008 315.334 234.648 463.319 -191.463
GPRESSURE: 120000 -561.751 276.441 -545.164 717.872 105.465 -29.5779 311.941 615.997 -179.717
PRESSAVG: 120000 -293.827 14.9519 14.5479 -22.8764 -279.49 -10.6041 -13.2273 -37.8553 3.68175
GPRESSAVG: 120000 -293.727 15.0517 14.9985 -23.2304 -279.548 -10.7126 -13.4618 -37.6758 3.83798
ENERGY:  120000         0.0000         0.0000         0.0000         0.0000          -5625.4123       390.1354         0.0000         0.0000       939.4022          -4295.8746       298.4398     -5235.2768     -4293.9642       295.7627           -229.1872      -212.0011     22649.0472      -189.8782      -189.8123

WRITING COORDINATES TO DCD FILE MDequil.dcd AT STEP 120000
LDB: ============= START OF LOAD BALANCING ============== 260.944
LDB: ============== END OF LOAD BALANCING =============== 260.944
Info: useSync: 0 useProxySync: 0
LDB: =============== DONE WITH MIGRATION ================ 260.944
LDB: ============= START OF LOAD BALANCING ============== 261.005
LDB: Largest compute 146 load 0.011412 is 23.5% of average load 0.048665
LDB: Average compute 0.003420 is 7.0% of average load 0.048665
LDB: TIME 261.005 LOAD: AVG 0.0486654 MAX 0.0550318  PROXIES: TOTAL 24 MAXPE 4 MAXPATCH 6 None MEM: 0.471549 MB
LDB: TIME 261.005 LOAD: AVG 0.0486654 MAX 0.0550318  PROXIES: TOTAL 27 MAXPE 4 MAXPATCH 7 RefineTorusLB MEM: 0.471549 MB
LDB: TIME 261.005 LOAD: AVG 0.0486654 MAX 0.0529153  PROXIES: TOTAL 27 MAXPE 4 MAXPATCH 7 RefineTorusLB MEM: 0.471549 MB
LDB: ============== END OF LOAD BALANCING =============== 261.005
Info: useSync: 0 useProxySync: 0
LDB: =============== DONE WITH MIGRATION ================ 261.005
LDB: ============= START OF LOAD BALANCING ============== 263.335
LDB: ============== END OF LOAD BALANCING =============== 263.335
Info: useSync: 0 useProxySync: 0
LDB: =============== DONE WITH MIGRATION ================ 263.336
LDB: ============= START OF LOAD BALANCING ============== 263.394
LDB: Largest compute 146 load 0.011636 is 23.8% of average load 0.048843
LDB: Average compute 0.003431 is 7.0% of average load 0.048843
LDB: TIME 263.394 LOAD: AVG 0.0488434 MAX 0.0534504  PROXIES: TOTAL 24 MAXPE 4 MAXPATCH 6 None MEM: 0.471549 MB
LDB: TIME 263.394 LOAD: AVG 0.0488434 MAX 0.0534504  PROXIES: TOTAL 27 MAXPE 4 MAXPATCH 7 RefineTorusLB MEM: 0.471549 MB
LDB: TIME 263.395 LOAD: AVG 0.0488434 MAX 0.0532124  PROXIES: TOTAL 27 MAXPE 4 MAXPATCH 7 RefineTorusLB MEM: 0.471549 MB
LDB: ============== END OF LOAD BALANCING =============== 263.395
Info: useSync: 0 useProxySync: 0
LDB: =============== DONE WITH MIGRATION ================ 263.395
LDB: ============= START OF LOAD BALANCING ============== 265.739
LDB: ============== END OF LOAD BALANCING =============== 265.739
Info: useSync: 0 useProxySync: 0
LDB: =============== DONE WITH MIGRATION ================ 265.74
LDB: ============= START OF LOAD BALANCING ============== 265.803
LDB: Largest compute 146 load 0.013503 is 25.2% of average load 0.053588
LDB: Average compute 0.003755 is 7.0% of average load 0.053588
LDB: TIME 265.804 LOAD: AVG 0.0535881 MAX 0.0591097  PROXIES: TOTAL 24 MAXPE 4 MAXPATCH 6 None MEM: 0.471549 MB
LDB: TIME 265.804 LOAD: AVG 0.0535881 MAX 0.0591097  PROXIES: TOTAL 27 MAXPE 4 MAXPATCH 7 RefineTorusLB MEM: 0.471549 MB
LDB: TIME 265.804 LOAD: AVG 0.0535881 MAX 0.0575722  PROXIES: TOTAL 27 MAXPE 4 MAXPATCH 7 RefineTorusLB MEM: 0.471549 MB
LDB: ============== END OF LOAD BALANCING =============== 265.804
Info: useSync: 0 useProxySync: 0
LDB: =============== DONE WITH MIGRATION ================ 265.804
PRESSURE: 125000 159.363 165.034 -170.328 90.1252 385.069 -1389.35 88.443 -1434.37 983.244
GPRESSURE: 125000 16.9361 203.306 -440.614 -39.4259 571.362 -1314.85 215.692 -1181 1003.95
PRESSAVG: 125000 -237.539 -36.0888 -64.4778 -31.9941 -320.777 -0.140926 -36.2459 -5.16459 3.33785
GPRESSAVG: 125000 -237.388 -35.4488 -64.5511 -32.2624 -320.773 0.261772 -36.8877 -5.71327 3.53931
ENERGY:  125000         0.0000         0.0000         0.0000         0.0000          -5601.2888       409.9309         0.0000         0.0000       937.5917          -4253.7662       297.8646     -5191.3579     -4250.1692       295.2930            509.2255       530.7488     22354.9371      -184.9929      -184.8739

WRITING COORDINATES TO DCD FILE MDequil.dcd AT STEP 125000
LDB: ============= START OF LOAD BALANCING ============== 268.308
LDB: ============== END OF LOAD BALANCING =============== 268.308
Info: useSync: 0 useProxySync: 0
LDB: =============== DONE WITH MIGRATION ================ 268.308
LDB: ============= START OF LOAD BALANCING ============== 268.371
LDB: Largest compute 146 load 0.012501 is 23.4% of average load 0.053388
LDB: Average compute 0.003752 is 7.0% of average load 0.053388
LDB: TIME 268.372 LOAD: AVG 0.0533876 MAX 0.0593365  PROXIES: TOTAL 24 MAXPE 4 MAXPATCH 6 None MEM: 0.471549 MB
LDB: TIME 268.372 LOAD: AVG 0.0533876 MAX 0.0593365  PROXIES: TOTAL 27 MAXPE 4 MAXPATCH 7 RefineTorusLB MEM: 0.471549 MB
LDB: TIME 268.372 LOAD: AVG 0.0533876 MAX 0.0581504  PROXIES: TOTAL 27 MAXPE 4 MAXPATCH 7 RefineTorusLB MEM: 0.471549 MB
LDB: ============== END OF LOAD BALANCING =============== 268.372
Info: useSync: 0 useProxySync: 0
LDB: =============== DONE WITH MIGRATION ================ 268.372
LDB: ============= START OF LOAD BALANCING ============== 270.846
LDB: ============== END OF LOAD BALANCING =============== 270.847
Info: useSync: 0 useProxySync: 0
LDB: =============== DONE WITH MIGRATION ================ 270.847
LDB: ============= START OF LOAD BALANCING ============== 270.911
LDB: Largest compute 150 load 0.011769 is 21.7% of average load 0.054277
LDB: Average compute 0.003811 is 7.0% of average load 0.054277
LDB: TIME 270.911 LOAD: AVG 0.0542773 MAX 0.0587664  PROXIES: TOTAL 24 MAXPE 4 MAXPATCH 6 None MEM: 0.471549 MB
LDB: TIME 270.912 LOAD: AVG 0.0542773 MAX 0.0587664  PROXIES: TOTAL 27 MAXPE 4 MAXPATCH 7 RefineTorusLB MEM: 0.471549 MB
LDB: TIME 270.912 LOAD: AVG 0.0542773 MAX 0.0587664  PROXIES: TOTAL 27 MAXPE 4 MAXPATCH 7 RefineTorusLB MEM: 0.471549 MB
LDB: ============== END OF LOAD BALANCING =============== 270.912
Info: useSync: 0 useProxySync: 0
LDB: =============== DONE WITH MIGRATION ================ 270.912
PRESSURE: 130000 -294.032 -5.36228 -143.112 -72.0575 -621.53 186.527 -43.2767 -312.792 421.692
GPRESSURE: 130000 -275.685 39.7278 538.796 33.1913 -648.151 -15.0925 -407.482 -239.777 485.277
PRESSAVG: 130000 -415.633 43.2337 6.74197 8.44327 -383.954 -30.8514 -72.3859 -24.6753 16.4887
GPRESSAVG: 130000 -415.62 42.6184 6.70232 8.4749 -384.422 -31.1084 -71.9201 -24.449 16.6
ENERGY:  130000         0.0000         0.0000         0.0000         0.0000          -5617.0130       408.1522         0.0000         0.0000       913.6487          -4295.2120       290.2582     -5208.8608     -4293.3160       298.4113           -164.6232      -146.1862     22694.6656      -261.0328      -261.1470

WRITING COORDINATES TO DCD FILE MDequil.dcd AT STEP 130000
LDB: ============= START OF LOAD BALANCING ============== 273.408
LDB: ============== END OF LOAD BALANCING =============== 273.408
Info: useSync: 0 useProxySync: 0
LDB: =============== DONE WITH MIGRATION ================ 273.408
LDB: ============= START OF LOAD BALANCING ============== 273.472
LDB: Largest compute 146 load 0.012195 is 22.7% of average load 0.053794
LDB: Average compute 0.003774 is 7.0% of average load 0.053794
LDB: TIME 273.472 LOAD: AVG 0.0537939 MAX 0.0605658  PROXIES: TOTAL 24 MAXPE 4 MAXPATCH 6 None MEM: 0.471549 MB
LDB: TIME 273.472 LOAD: AVG 0.0537939 MAX 0.0605658  PROXIES: TOTAL 27 MAXPE 4 MAXPATCH 7 RefineTorusLB MEM: 0.471549 MB
LDB: TIME 273.473 LOAD: AVG 0.0537939 MAX 0.0581403  PROXIES: TOTAL 27 MAXPE 4 MAXPATCH 7 RefineTorusLB MEM: 0.471549 MB
LDB: ============== END OF LOAD BALANCING =============== 273.473
Info: useSync: 0 useProxySync: 0
LDB: =============== DONE WITH MIGRATION ================ 273.473
LDB: ============= START OF LOAD BALANCING ============== 276.014
LDB: ============== END OF LOAD BALANCING =============== 276.014
Info: useSync: 0 useProxySync: 0
LDB: =============== DONE WITH MIGRATION ================ 276.014
LDB: ============= START OF LOAD BALANCING ============== 276.082
LDB: Largest compute 147 load 0.012789 is 23.4% of average load 0.054649
LDB: Average compute 0.003828 is 7.0% of average load 0.054649
LDB: TIME 276.082 LOAD: AVG 0.0546489 MAX 0.0585184  PROXIES: TOTAL 24 MAXPE 4 MAXPATCH 6 None MEM: 0.471549 MB
LDB: TIME 276.082 LOAD: AVG 0.0546489 MAX 0.0585184  PROXIES: TOTAL 27 MAXPE 4 MAXPATCH 7 RefineTorusLB MEM: 0.471549 MB
LDB: TIME 276.082 LOAD: AVG 0.0546489 MAX 0.0585184  PROXIES: TOTAL 27 MAXPE 4 MAXPATCH 7 RefineTorusLB MEM: 0.471549 MB
LDB: ============== END OF LOAD BALANCING =============== 276.082
Info: useSync: 0 useProxySync: 0
LDB: =============== DONE WITH MIGRATION ================ 276.083
LDB: ============= START OF LOAD BALANCING ============== 278.612
LDB: ============== END OF LOAD BALANCING =============== 278.612
Info: useSync: 0 useProxySync: 0
LDB: =============== DONE WITH MIGRATION ================ 278.612
LDB: ============= START OF LOAD BALANCING ============== 278.676
LDB: Largest compute 6 load 0.011251 is 21.2% of average load 0.053033
LDB: Average compute 0.003718 is 7.0% of average load 0.053033
LDB: TIME 278.676 LOAD: AVG 0.0530331 MAX 0.0570112  PROXIES: TOTAL 24 MAXPE 4 MAXPATCH 6 None MEM: 0.471549 MB
LDB: TIME 278.676 LOAD: AVG 0.0530331 MAX 0.0570112  PROXIES: TOTAL 27 MAXPE 4 MAXPATCH 7 RefineTorusLB MEM: 0.471549 MB
LDB: TIME 278.676 LOAD: AVG 0.0530331 MAX 0.0570112  PROXIES: TOTAL 27 MAXPE 4 MAXPATCH 7 RefineTorusLB MEM: 0.471549 MB
LDB: ============== END OF LOAD BALANCING =============== 278.676
Info: useSync: 0 useProxySync: 0
LDB: =============== DONE WITH MIGRATION ================ 278.676
WRITING COORDINATES TO DCD FILE MDequil.dcd AT STEP 135000
PRESSURE: 135000 -653.803 -256.522 -703.128 -68.7626 -853.986 -218.215 -574.193 -73.7356 703.568
GPRESSURE: 135000 -481.83 -342.672 -602.107 3.43835 -645.54 41.5443 -395.002 -187.836 406.92
PRESSAVG: 135000 -350.759 40.4212 -4.28578 -23.7872 -381.403 43.0041 -21.415 -44.415 13.4017
GPRESSAVG: 135000 -350.763 40.6972 -4.41848 -24.2054 -381.582 42.9629 -21.8072 -44.4764 13.3621
ENERGY:  135000         0.0000         0.0000         0.0000         0.0000          -5552.8490       370.8509         0.0000         0.0000       925.5399          -4256.4582       294.0359     -5181.9980     -4255.6628       298.5889           -268.0737      -240.1498     22644.9296      -239.5867      -239.6607

LDB: ============= START OF LOAD BALANCING ============== 281.215
LDB: ============== END OF LOAD BALANCING =============== 281.218
Info: useSync: 0 useProxySync: 0
LDB: =============== DONE WITH MIGRATION ================ 281.218
LDB: ============= START OF LOAD BALANCING ============== 281.282
LDB: Largest compute 146 load 0.012367 is 23.2% of average load 0.053367
LDB: Average compute 0.003742 is 7.0% of average load 0.053367
LDB: TIME 281.282 LOAD: AVG 0.0533672 MAX 0.0571803  PROXIES: TOTAL 24 MAXPE 4 MAXPATCH 6 None MEM: 0.471549 MB
LDB: TIME 281.282 LOAD: AVG 0.0533672 MAX 0.0571803  PROXIES: TOTAL 27 MAXPE 4 MAXPATCH 7 RefineTorusLB MEM: 0.471549 MB
LDB: TIME 281.282 LOAD: AVG 0.0533672 MAX 0.0571803  PROXIES: TOTAL 27 MAXPE 4 MAXPATCH 7 RefineTorusLB MEM: 0.471549 MB
LDB: ============== END OF LOAD BALANCING =============== 281.282
Info: useSync: 0 useProxySync: 0
LDB: =============== DONE WITH MIGRATION ================ 281.282
LDB: ============= START OF LOAD BALANCING ============== 283.757
LDB: ============== END OF LOAD BALANCING =============== 283.757
Info: useSync: 0 useProxySync: 0
LDB: =============== DONE WITH MIGRATION ================ 283.758
LDB: ============= START OF LOAD BALANCING ============== 283.82
LDB: Largest compute 149 load 0.012060 is 22.7% of average load 0.053135
LDB: Average compute 0.003723 is 7.0% of average load 0.053135
LDB: TIME 283.82 LOAD: AVG 0.0531345 MAX 0.058087  PROXIES: TOTAL 24 MAXPE 4 MAXPATCH 6 None MEM: 0.471549 MB
LDB: TIME 283.82 LOAD: AVG 0.0531345 MAX 0.058087  PROXIES: TOTAL 27 MAXPE 4 MAXPATCH 7 RefineTorusLB MEM: 0.471549 MB
LDB: TIME 283.82 LOAD: AVG 0.0531345 MAX 0.0578345  PROXIES: TOTAL 27 MAXPE 4 MAXPATCH 7 RefineTorusLB MEM: 0.471549 MB
LDB: ============== END OF LOAD BALANCING =============== 283.821
Info: useSync: 0 useProxySync: 0
LDB: =============== DONE WITH MIGRATION ================ 283.821
PRESSURE: 140000 -248.927 302.174 -307.083 143.858 -733.195 -204.619 -345.371 150.237 -1268.65
GPRESSURE: 140000 -350.274 61.1622 -114.274 305.504 -825.183 -95.6991 -227.73 -145.328 -998.401
PRESSAVG: 140000 -346.712 16.7272 -48.5227 35.9671 -347.252 -30.9498 -31.2547 -66.7346 -5.21417
GPRESSAVG: 140000 -346.342 16.4338 -48.82 36.1561 -347.192 -30.8246 -31.3163 -66.8265 -4.96339
ENERGY:  140000         0.0000         0.0000         0.0000         0.0000          -5504.8180       317.4331         0.0000         0.0000       941.9846          -4245.4002       299.2602     -5187.3848     -4243.3856       298.9088           -750.2581      -724.6193     22562.4140      -233.0593      -232.8324

WRITING COORDINATES TO DCD FILE MDequil.dcd AT STEP 140000
LDB: ============= START OF LOAD BALANCING ============== 286.299
LDB: ============== END OF LOAD BALANCING =============== 286.299
Info: useSync: 0 useProxySync: 0
LDB: =============== DONE WITH MIGRATION ================ 286.299
LDB: ============= START OF LOAD BALANCING ============== 286.363
LDB: Largest compute 30 load 0.012097 is 22.6% of average load 0.053442
LDB: Average compute 0.003740 is 7.0% of average load 0.053442
LDB: TIME 286.363 LOAD: AVG 0.0534416 MAX 0.0582762  PROXIES: TOTAL 24 MAXPE 4 MAXPATCH 6 None MEM: 0.471549 MB
LDB: TIME 286.363 LOAD: AVG 0.0534416 MAX 0.0582762  PROXIES: TOTAL 27 MAXPE 4 MAXPATCH 7 RefineTorusLB MEM: 0.471549 MB
LDB: TIME 286.363 LOAD: AVG 0.0534416 MAX 0.0582762  PROXIES: TOTAL 27 MAXPE 4 MAXPATCH 7 RefineTorusLB MEM: 0.471549 MB
LDB: ============== END OF LOAD BALANCING =============== 286.363
Info: useSync: 0 useProxySync: 0
LDB: =============== DONE WITH MIGRATION ================ 286.364
LDB: ============= START OF LOAD BALANCING ============== 288.975
LDB: ============== END OF LOAD BALANCING =============== 288.975
Info: useSync: 0 useProxySync: 0
LDB: =============== DONE WITH MIGRATION ================ 288.976
LDB: ============= START OF LOAD BALANCING ============== 289.039
LDB: Largest compute 146 load 0.011510 is 21.5% of average load 0.053479
LDB: Average compute 0.003757 is 7.0% of average load 0.053479
LDB: TIME 289.039 LOAD: AVG 0.0534788 MAX 0.0575915  PROXIES: TOTAL 24 MAXPE 4 MAXPATCH 6 None MEM: 0.471549 MB
LDB: TIME 289.039 LOAD: AVG 0.0534788 MAX 0.0575915  PROXIES: TOTAL 27 MAXPE 4 MAXPATCH 7 RefineTorusLB MEM: 0.471549 MB
LDB: TIME 289.039 LOAD: AVG 0.0534788 MAX 0.0575915  PROXIES: TOTAL 27 MAXPE 4 MAXPATCH 7 RefineTorusLB MEM: 0.471549 MB
LDB: ============== END OF LOAD BALANCING =============== 289.039
Info: useSync: 0 useProxySync: 0
LDB: =============== DONE WITH MIGRATION ================ 289.039
LDB: ============= START OF LOAD BALANCING ============== 291.501
LDB: ============== END OF LOAD BALANCING =============== 291.501
Info: useSync: 0 useProxySync: 0
LDB: =============== DONE WITH MIGRATION ================ 291.501
LDB: ============= START OF LOAD BALANCING ============== 291.564
LDB: Largest compute 6 load 0.012420 is 23.2% of average load 0.053603
LDB: Average compute 0.003768 is 7.0% of average load 0.053603
LDB: TIME 291.564 LOAD: AVG 0.0536033 MAX 0.0586143  PROXIES: TOTAL 24 MAXPE 4 MAXPATCH 6 None MEM: 0.471549 MB
LDB: TIME 291.564 LOAD: AVG 0.0536033 MAX 0.0586143  PROXIES: TOTAL 27 MAXPE 4 MAXPATCH 7 RefineTorusLB MEM: 0.471549 MB
LDB: TIME 291.564 LOAD: AVG 0.0536033 MAX 0.058365  PROXIES: TOTAL 27 MAXPE 4 MAXPATCH 7 RefineTorusLB MEM: 0.471549 MB
LDB: ============== END OF LOAD BALANCING =============== 291.564
Info: useSync: 0 useProxySync: 0
LDB: =============== DONE WITH MIGRATION ================ 291.564
WRITING COORDINATES TO DCD FILE MDequil.dcd AT STEP 145000
PRESSURE: 145000 -386.033 448.157 -15.7944 469.688 -587.185 -148.44 -361.162 -391.147 -883.944
GPRESSURE: 145000 -486.671 659.217 372.445 419.701 -530.926 42.5954 -416.297 -480.873 -762.14
PRESSAVG: 145000 -385.038 -10.0363 4.47151 -5.932 -297.332 18.0392 71.0093 14.62 -19.3058
GPRESSAVG: 145000 -385.415 -9.91947 4.75092 -6.51104 -296.985 18.2079 71.0301 14.5429 -19.053
ENERGY:  145000         0.0000         0.0000         0.0000         0.0000          -5571.7103       381.3295         0.0000         0.0000       929.1539          -4261.2270       295.1840     -5190.3808     -4257.9186       301.4523           -619.0541      -593.2459     22733.9443      -233.8918      -233.8175

LDB: ============= START OF LOAD BALANCING ============== 294.112
LDB: ============== END OF LOAD BALANCING =============== 294.113
Info: useSync: 0 useProxySync: 0
LDB: =============== DONE WITH MIGRATION ================ 294.113
LDB: ============= START OF LOAD BALANCING ============== 294.174
LDB: Largest compute 150 load 0.012177 is 23.2% of average load 0.052599
LDB: Average compute 0.003679 is 7.0% of average load 0.052599
LDB: TIME 294.175 LOAD: AVG 0.0525988 MAX 0.0568905  PROXIES: TOTAL 24 MAXPE 4 MAXPATCH 6 None MEM: 0.471549 MB
LDB: TIME 294.175 LOAD: AVG 0.0525988 MAX 0.0568905  PROXIES: TOTAL 27 MAXPE 4 MAXPATCH 7 RefineTorusLB MEM: 0.471549 MB
LDB: TIME 294.175 LOAD: AVG 0.0525988 MAX 0.0568905  PROXIES: TOTAL 27 MAXPE 4 MAXPATCH 7 RefineTorusLB MEM: 0.471549 MB
LDB: ============== END OF LOAD BALANCING =============== 294.175
Info: useSync: 0 useProxySync: 0
LDB: =============== DONE WITH MIGRATION ================ 294.175
LDB: ============= START OF LOAD BALANCING ============== 296.628
LDB: ============== END OF LOAD BALANCING =============== 296.628
Info: useSync: 0 useProxySync: 0
LDB: =============== DONE WITH MIGRATION ================ 296.628
LDB: ============= START OF LOAD BALANCING ============== 296.692
LDB: Largest compute 6 load 0.012860 is 24.0% of average load 0.053484
LDB: Average compute 0.003749 is 7.0% of average load 0.053484
LDB: TIME 296.692 LOAD: AVG 0.0534836 MAX 0.058914  PROXIES: TOTAL 24 MAXPE 4 MAXPATCH 6 None MEM: 0.471549 MB
LDB: TIME 296.692 LOAD: AVG 0.0534836 MAX 0.058914  PROXIES: TOTAL 27 MAXPE 4 MAXPATCH 7 RefineTorusLB MEM: 0.471549 MB
LDB: TIME 296.692 LOAD: AVG 0.0534836 MAX 0.0583026  PROXIES: TOTAL 27 MAXPE 4 MAXPATCH 7 RefineTorusLB MEM: 0.471549 MB
LDB: ============== END OF LOAD BALANCING =============== 296.692
Info: useSync: 0 useProxySync: 0
LDB: =============== DONE WITH MIGRATION ================ 296.693
WRITING COORDINATES TO DCD FILE MDequil.dcd AT STEP 150000
WRITING COORDINATES TO RESTART FILE AT STEP 150000
FINISHED WRITING RESTART COORDINATES
WRITING VELOCITIES TO RESTART FILE AT STEP 150000
FINISHED WRITING RESTART VELOCITIES
The last velocity output (seq=150000) takes 0.000 seconds, 0.472 MB of memory in use
PRESSURE: 150000 -703.836 61.9827 542.097 214.922 209.16 73.5898 757.918 268.991 2096.64
GPRESSURE: 150000 -531.205 -298.794 944.748 317.002 77.9563 22.3744 784.07 279.751 2110.72
PRESSAVG: 150000 -301.756 28.8935 93.2229 36.807 -321.945 103.76 77.5043 43.3872 -6.49147
GPRESSAVG: 150000 -301.289 28.2483 92.7904 37.7232 -322.026 103.958 77.7225 43.3487 -6.77877
TIMING: 150000  CPU: 275.644, 0.00182004/step  Wall: 287.538, 0.00190877/step, 0.185575 hours remaining, 0.471549 MB of memory in use.
PERFORMANCE: 150000  averaging 90.1466 ns/day, 0.00191688 sec/step with standard deviation 0.000643156
ETITLE:      TS           BOND          ANGLE          DIHED          IMPRP               ELECT            VDW       BOUNDARY           MISC        KINETIC               TOTAL           TEMP      POTENTIAL         TOTAL3        TEMPAVG            PRESSURE      GPRESSURE         VOLUME       PRESSAVG      GPRESSAVG

ENERGY:  150000         0.0000         0.0000         0.0000         0.0000          -5650.7663       411.4627         0.0000         0.0000       927.3395          -4311.9640       294.6076     -5239.3036     -4309.3105       300.6645            533.9896       552.4889     22186.9068      -210.0641      -210.0312

WRITING EXTENDED SYSTEM TO RESTART FILE AT STEP 150000
LDB: ============= START OF LOAD BALANCING ============== 299.189
LDB: ============== END OF LOAD BALANCING =============== 299.189
Info: useSync: 0 useProxySync: 0
LDB: =============== DONE WITH MIGRATION ================ 299.19
LDB: ============= START OF LOAD BALANCING ============== 299.253
LDB: Largest compute 149 load 0.012713 is 23.4% of average load 0.054238
LDB: Average compute 0.003812 is 7.0% of average load 0.054238
LDB: TIME 299.253 LOAD: AVG 0.0542377 MAX 0.0591738  PROXIES: TOTAL 24 MAXPE 4 MAXPATCH 6 None MEM: 0.471549 MB
LDB: TIME 299.253 LOAD: AVG 0.0542377 MAX 0.0591738  PROXIES: TOTAL 27 MAXPE 4 MAXPATCH 7 RefineTorusLB MEM: 0.471549 MB
LDB: TIME 299.253 LOAD: AVG 0.0542377 MAX 0.0589252  PROXIES: TOTAL 27 MAXPE 4 MAXPATCH 7 RefineTorusLB MEM: 0.471549 MB
LDB: ============== END OF LOAD BALANCING =============== 299.253
Info: useSync: 0 useProxySync: 0
LDB: =============== DONE WITH MIGRATION ================ 299.253
LDB: ============= START OF LOAD BALANCING ============== 301.726
LDB: ============== END OF LOAD BALANCING =============== 301.727
Info: useSync: 0 useProxySync: 0
LDB: =============== DONE WITH MIGRATION ================ 301.727
LDB: ============= START OF LOAD BALANCING ============== 301.791
LDB: Largest compute 150 load 0.012531 is 23.1% of average load 0.054290
LDB: Average compute 0.003812 is 7.0% of average load 0.054290
LDB: TIME 301.791 LOAD: AVG 0.0542899 MAX 0.0579883  PROXIES: TOTAL 24 MAXPE 4 MAXPATCH 6 None MEM: 0.471549 MB
LDB: TIME 301.791 LOAD: AVG 0.0542899 MAX 0.0579883  PROXIES: TOTAL 27 MAXPE 4 MAXPATCH 7 RefineTorusLB MEM: 0.471549 MB
LDB: TIME 301.791 LOAD: AVG 0.0542899 MAX 0.0579883  PROXIES: TOTAL 27 MAXPE 4 MAXPATCH 7 RefineTorusLB MEM: 0.471549 MB
LDB: ============== END OF LOAD BALANCING =============== 301.791
Info: useSync: 0 useProxySync: 0
LDB: =============== DONE WITH MIGRATION ================ 301.791
LDB: ============= START OF LOAD BALANCING ============== 304.261
LDB: ============== END OF LOAD BALANCING =============== 304.261
Info: useSync: 0 useProxySync: 0
LDB: =============== DONE WITH MIGRATION ================ 304.261
LDB: ============= START OF LOAD BALANCING ============== 304.324
LDB: Largest compute 30 load 0.012125 is 22.6% of average load 0.053557
LDB: Average compute 0.003756 is 7.0% of average load 0.053557
LDB: TIME 304.324 LOAD: AVG 0.0535574 MAX 0.0568746  PROXIES: TOTAL 24 MAXPE 4 MAXPATCH 6 None MEM: 0.471549 MB
LDB: TIME 304.324 LOAD: AVG 0.0535574 MAX 0.0568746  PROXIES: TOTAL 27 MAXPE 4 MAXPATCH 7 RefineTorusLB MEM: 0.471549 MB
LDB: TIME 304.324 LOAD: AVG 0.0535574 MAX 0.0568746  PROXIES: TOTAL 27 MAXPE 4 MAXPATCH 7 RefineTorusLB MEM: 0.471549 MB
LDB: ============== END OF LOAD BALANCING =============== 304.324
Info: useSync: 0 useProxySync: 0
LDB: =============== DONE WITH MIGRATION ================ 304.324
WRITING COORDINATES TO DCD FILE MDequil.dcd AT STEP 155000
PRESSURE: 155000 -189.806 -153.796 83.429 140.832 -567.987 314.969 106.028 558.052 -932.807
GPRESSURE: 155000 -353.297 -1.54887 232.773 204.437 -519.194 116.199 364.921 763.042 -729.657
PRESSAVG: 155000 -442.211 -17.5908 1.13069 -25.7294 -400.509 -25.4075 0.408658 23.4267 -5.34777
GPRESSAVG: 155000 -442.517 -16.7413 1.55085 -27.0921 -400.54 -25.7195 0.188375 23.503 -5.45884
ENERGY:  155000         0.0000         0.0000         0.0000         0.0000          -5542.6170       365.2820         0.0000         0.0000       917.1088          -4260.2263       291.3574     -5177.3350     -4258.4908       298.8213           -563.5333      -534.0493     22784.3826      -282.6892      -282.8385

LDB: ============= START OF LOAD BALANCING ============== 306.786
LDB: ============== END OF LOAD BALANCING =============== 306.786
Info: useSync: 0 useProxySync: 0
LDB: =============== DONE WITH MIGRATION ================ 306.787
LDB: ============= START OF LOAD BALANCING ============== 306.849
LDB: Largest compute 6 load 0.011777 is 22.0% of average load 0.053540
LDB: Average compute 0.003758 is 7.0% of average load 0.053540
LDB: TIME 306.849 LOAD: AVG 0.0535402 MAX 0.0573209  PROXIES: TOTAL 24 MAXPE 4 MAXPATCH 6 None MEM: 0.471549 MB
LDB: TIME 306.849 LOAD: AVG 0.0535402 MAX 0.0573209  PROXIES: TOTAL 27 MAXPE 4 MAXPATCH 7 RefineTorusLB MEM: 0.471549 MB
LDB: TIME 306.849 LOAD: AVG 0.0535402 MAX 0.0573209  PROXIES: TOTAL 27 MAXPE 4 MAXPATCH 7 RefineTorusLB MEM: 0.471549 MB
LDB: ============== END OF LOAD BALANCING =============== 306.849
Info: useSync: 0 useProxySync: 0
LDB: =============== DONE WITH MIGRATION ================ 306.85
LDB: ============= START OF LOAD BALANCING ============== 309.308
LDB: ============== END OF LOAD BALANCING =============== 309.308
Info: useSync: 0 useProxySync: 0
LDB: =============== DONE WITH MIGRATION ================ 309.309
LDB: ============= START OF LOAD BALANCING ============== 309.372
LDB: Largest compute 150 load 0.013472 is 24.7% of average load 0.054449
LDB: Average compute 0.003832 is 7.0% of average load 0.054449
LDB: TIME 309.372 LOAD: AVG 0.0544493 MAX 0.0584636  PROXIES: TOTAL 24 MAXPE 4 MAXPATCH 6 None MEM: 0.471549 MB
LDB: TIME 309.373 LOAD: AVG 0.0544493 MAX 0.0584636  PROXIES: TOTAL 27 MAXPE 4 MAXPATCH 7 RefineTorusLB MEM: 0.471549 MB
LDB: TIME 309.373 LOAD: AVG 0.0544493 MAX 0.0584636  PROXIES: TOTAL 27 MAXPE 4 MAXPATCH 7 RefineTorusLB MEM: 0.471549 MB
LDB: ============== END OF LOAD BALANCING =============== 309.373
Info: useSync: 0 useProxySync: 0
LDB: =============== DONE WITH MIGRATION ================ 309.373
WRITING COORDINATES TO DCD FILE MDequil.dcd AT STEP 160000
PRESSURE: 160000 -315.006 -297.233 -319.258 -294.982 -183.21 -618.06 -291.683 -169.44 -234.766
GPRESSURE: 160000 -207.465 -351.861 -240.897 -409.873 -497.341 -503.209 -283.123 -204.968 21.9252
PRESSAVG: 160000 -376.873 -4.41505 -77.6087 -10.3857 -408.552 -60.8397 -0.280314 -34.8331 5.95658
GPRESSAVG: 160000 -376.485 -4.96026 -77.744 -9.98092 -409.122 -61.0714 0.0206778 -34.74 6.15926
ENERGY:  160000         0.0000         0.0000         0.0000         0.0000          -5576.9933       372.1675         0.0000         0.0000       947.2897          -4257.5361       300.9456     -5204.8257     -4255.6516       299.7996           -244.3277      -227.6272     22650.9037      -259.8226      -259.8157

LDB: ============= START OF LOAD BALANCING ============== 311.82
LDB: ============== END OF LOAD BALANCING =============== 311.821
Info: useSync: 0 useProxySync: 0
LDB: =============== DONE WITH MIGRATION ================ 311.821
LDB: ============= START OF LOAD BALANCING ============== 311.884
LDB: Largest compute 6 load 0.012399 is 23.1% of average load 0.053789
LDB: Average compute 0.003790 is 7.0% of average load 0.053789
LDB: TIME 311.884 LOAD: AVG 0.0537894 MAX 0.0584898  PROXIES: TOTAL 24 MAXPE 4 MAXPATCH 6 None MEM: 0.471549 MB
LDB: TIME 311.884 LOAD: AVG 0.0537894 MAX 0.0584898  PROXIES: TOTAL 27 MAXPE 4 MAXPATCH 7 RefineTorusLB MEM: 0.471549 MB
LDB: TIME 311.884 LOAD: AVG 0.0537894 MAX 0.0584898  PROXIES: TOTAL 27 MAXPE 4 MAXPATCH 7 RefineTorusLB MEM: 0.471549 MB
LDB: ============== END OF LOAD BALANCING =============== 311.884
Info: useSync: 0 useProxySync: 0
LDB: =============== DONE WITH MIGRATION ================ 311.885
LDB: ============= START OF LOAD BALANCING ============== 314.337
LDB: ============== END OF LOAD BALANCING =============== 314.337
Info: useSync: 0 useProxySync: 0
LDB: =============== DONE WITH MIGRATION ================ 314.337
LDB: ============= START OF LOAD BALANCING ============== 314.399
LDB: Largest compute 147 load 0.012261 is 23.1% of average load 0.052985
LDB: Average compute 0.003725 is 7.0% of average load 0.052985
LDB: TIME 314.399 LOAD: AVG 0.052985 MAX 0.0566819  PROXIES: TOTAL 24 MAXPE 4 MAXPATCH 6 None MEM: 0.471549 MB
LDB: TIME 314.399 LOAD: AVG 0.052985 MAX 0.0566819  PROXIES: TOTAL 27 MAXPE 4 MAXPATCH 7 RefineTorusLB MEM: 0.471549 MB
LDB: TIME 314.399 LOAD: AVG 0.052985 MAX 0.0566819  PROXIES: TOTAL 27 MAXPE 4 MAXPATCH 7 RefineTorusLB MEM: 0.471549 MB
LDB: ============== END OF LOAD BALANCING =============== 314.399
Info: useSync: 0 useProxySync: 0
LDB: =============== DONE WITH MIGRATION ================ 314.4
LDB: ============= START OF LOAD BALANCING ============== 316.852
LDB: ============== END OF LOAD BALANCING =============== 316.855
Info: useSync: 0 useProxySync: 0
LDB: =============== DONE WITH MIGRATION ================ 316.855
LDB: ============= START OF LOAD BALANCING ============== 316.92
LDB: Largest compute 6 load 0.012645 is 23.1% of average load 0.054668
LDB: Average compute 0.003857 is 7.1% of average load 0.054668
LDB: TIME 316.92 LOAD: AVG 0.0546683 MAX 0.0602957  PROXIES: TOTAL 24 MAXPE 4 MAXPATCH 6 None MEM: 0.471549 MB
LDB: TIME 316.92 LOAD: AVG 0.0546683 MAX 0.0602957  PROXIES: TOTAL 27 MAXPE 4 MAXPATCH 7 RefineTorusLB MEM: 0.471549 MB
LDB: TIME 316.92 LOAD: AVG 0.0546683 MAX 0.0595184  PROXIES: TOTAL 27 MAXPE 4 MAXPATCH 7 RefineTorusLB MEM: 0.471549 MB
LDB: ============== END OF LOAD BALANCING =============== 316.92
Info: useSync: 0 useProxySync: 0
LDB: =============== DONE WITH MIGRATION ================ 316.92
WRITING COORDINATES TO DCD FILE MDequil.dcd AT STEP 165000
PRESSURE: 165000 434.007 -348.175 51.266 -308.845 -1001.4 -95.5972 265.585 -168.067 252.739
GPRESSURE: 165000 385.051 -213.739 7.47106 -607.289 -922.551 13.2116 196.856 -235.015 299.396
PRESSAVG: 165000 -199.814 43.7888 1.20272 22.3212 -243.479 -19.2126 42.7384 29.3845 15.0737
GPRESSAVG: 165000 -199.982 43.8741 1.11556 22.0573 -243.516 -19.2013 42.9629 29.2591 15.3186
ENERGY:  165000         0.0000         0.0000         0.0000         0.0000          -5635.6482       418.4729         0.0000         0.0000       961.0426          -4256.1327       305.3148     -5217.1753     -4254.1656       300.7267           -104.8854       -79.3681     22652.2878      -142.7397      -142.7264

LDB: ============= START OF LOAD BALANCING ============== 319.384
LDB: ============== END OF LOAD BALANCING =============== 319.384
Info: useSync: 0 useProxySync: 0
LDB: =============== DONE WITH MIGRATION ================ 319.385
LDB: ============= START OF LOAD BALANCING ============== 319.448
LDB: Largest compute 149 load 0.012811 is 23.8% of average load 0.053907
LDB: Average compute 0.003793 is 7.0% of average load 0.053907
LDB: TIME 319.448 LOAD: AVG 0.0539074 MAX 0.0599548  PROXIES: TOTAL 24 MAXPE 4 MAXPATCH 6 None MEM: 0.471549 MB
LDB: TIME 319.448 LOAD: AVG 0.0539074 MAX 0.0599548  PROXIES: TOTAL 27 MAXPE 4 MAXPATCH 7 RefineTorusLB MEM: 0.471549 MB
LDB: TIME 319.448 LOAD: AVG 0.0539074 MAX 0.0586822  PROXIES: TOTAL 27 MAXPE 4 MAXPATCH 7 RefineTorusLB MEM: 0.471549 MB
LDB: ============== END OF LOAD BALANCING =============== 319.448
Info: useSync: 0 useProxySync: 0
LDB: =============== DONE WITH MIGRATION ================ 319.448
LDB: ============= START OF LOAD BALANCING ============== 321.963
LDB: ============== END OF LOAD BALANCING =============== 321.963
Info: useSync: 0 useProxySync: 0
LDB: =============== DONE WITH MIGRATION ================ 321.964
LDB: ============= START OF LOAD BALANCING ============== 322.027
LDB: Largest compute 149 load 0.013352 is 24.7% of average load 0.054045
LDB: Average compute 0.003797 is 7.0% of average load 0.054045
LDB: TIME 322.027 LOAD: AVG 0.0540448 MAX 0.0589849  PROXIES: TOTAL 24 MAXPE 4 MAXPATCH 6 None MEM: 0.471549 MB
LDB: TIME 322.027 LOAD: AVG 0.0540448 MAX 0.0589849  PROXIES: TOTAL 27 MAXPE 4 MAXPATCH 7 RefineTorusLB MEM: 0.471549 MB
LDB: TIME 322.027 LOAD: AVG 0.0540448 MAX 0.0587343  PROXIES: TOTAL 27 MAXPE 4 MAXPATCH 7 RefineTorusLB MEM: 0.471549 MB
LDB: ============== END OF LOAD BALANCING =============== 322.028
Info: useSync: 0 useProxySync: 0
LDB: =============== DONE WITH MIGRATION ================ 322.028
PRESSURE: 170000 -417.745 -72.7001 -485.153 -299.245 283.595 -332.321 -156.942 -436.467 874.461
GPRESSURE: 170000 -429.137 31.6114 -375.701 -247.984 239.012 -220.387 -115.375 -707.9 971.879
PRESSAVG: 170000 -303.819 63.237 -52.3012 48.7287 -389.285 -41.0291 -43.4722 -33.8551 12.1848
GPRESSAVG: 170000 -304.277 63.4304 -52.5613 48.3402 -389.051 -40.9392 -43.2553 -33.8397 12.2858
ENERGY:  170000         0.0000         0.0000         0.0000         0.0000          -5594.4997       423.3640         0.0000         0.0000       918.4912          -4252.6445       291.7966     -5171.1357     -4250.0531       301.1600            246.7702       260.5847     22632.1110      -226.9730      -227.0139

WRITING COORDINATES TO DCD FILE MDequil.dcd AT STEP 170000
LDB: ============= START OF LOAD BALANCING ============== 324.617
LDB: ============== END OF LOAD BALANCING =============== 324.617
Info: useSync: 0 useProxySync: 0
LDB: =============== DONE WITH MIGRATION ================ 324.617
LDB: ============= START OF LOAD BALANCING ============== 324.683
LDB: Largest compute 6 load 0.012363 is 22.9% of average load 0.053951
LDB: Average compute 0.003791 is 7.0% of average load 0.053951
LDB: TIME 324.686 LOAD: AVG 0.0539511 MAX 0.0593236  PROXIES: TOTAL 24 MAXPE 4 MAXPATCH 6 None MEM: 0.471549 MB
LDB: TIME 324.686 LOAD: AVG 0.0539511 MAX 0.0593236  PROXIES: TOTAL 27 MAXPE 4 MAXPATCH 7 RefineTorusLB MEM: 0.471549 MB
LDB: TIME 324.686 LOAD: AVG 0.0539511 MAX 0.0586829  PROXIES: TOTAL 27 MAXPE 4 MAXPATCH 7 RefineTorusLB MEM: 0.471549 MB
LDB: ============== END OF LOAD BALANCING =============== 324.687
Info: useSync: 0 useProxySync: 0
LDB: =============== DONE WITH MIGRATION ================ 324.687
LDB: ============= START OF LOAD BALANCING ============== 327.55
LDB: ============== END OF LOAD BALANCING =============== 327.55
Info: useSync: 0 useProxySync: 0
LDB: =============== DONE WITH MIGRATION ================ 327.55
LDB: ============= START OF LOAD BALANCING ============== 327.617
LDB: Largest compute 6 load 0.012142 is 22.1% of average load 0.055032
LDB: Average compute 0.003862 is 7.0% of average load 0.055032
LDB: TIME 327.617 LOAD: AVG 0.0550315 MAX 0.059458  PROXIES: TOTAL 24 MAXPE 4 MAXPATCH 6 None MEM: 0.471549 MB
LDB: TIME 327.617 LOAD: AVG 0.0550315 MAX 0.059458  PROXIES: TOTAL 27 MAXPE 4 MAXPATCH 7 RefineTorusLB MEM: 0.471549 MB
LDB: TIME 327.617 LOAD: AVG 0.0550315 MAX 0.059458  PROXIES: TOTAL 27 MAXPE 4 MAXPATCH 7 RefineTorusLB MEM: 0.471549 MB
LDB: ============== END OF LOAD BALANCING =============== 327.617
Info: useSync: 0 useProxySync: 0
LDB: =============== DONE WITH MIGRATION ================ 327.617
LDB: ============= START OF LOAD BALANCING ============== 330.491
LDB: ============== END OF LOAD BALANCING =============== 330.491
Info: useSync: 0 useProxySync: 0
LDB: =============== DONE WITH MIGRATION ================ 330.491
LDB: ============= START OF LOAD BALANCING ============== 330.553
LDB: Largest compute 150 load 0.012378 is 23.3% of average load 0.053165
LDB: Average compute 0.003734 is 7.0% of average load 0.053165
LDB: TIME 330.554 LOAD: AVG 0.0531651 MAX 0.0569322  PROXIES: TOTAL 24 MAXPE 4 MAXPATCH 6 None MEM: 0.471549 MB
LDB: TIME 330.554 LOAD: AVG 0.0531651 MAX 0.0569322  PROXIES: TOTAL 27 MAXPE 4 MAXPATCH 7 RefineTorusLB MEM: 0.471549 MB
LDB: TIME 330.554 LOAD: AVG 0.0531651 MAX 0.0569322  PROXIES: TOTAL 27 MAXPE 4 MAXPATCH 7 RefineTorusLB MEM: 0.471549 MB
LDB: ============== END OF LOAD BALANCING =============== 330.554
Info: useSync: 0 useProxySync: 0
LDB: =============== DONE WITH MIGRATION ================ 330.554
WRITING COORDINATES TO DCD FILE MDequil.dcd AT STEP 175000
PRESSURE: 175000 -181.384 -400.931 -582.668 185.503 -214.276 -16.1929 -5.02678 -224.59 -494.254
GPRESSURE: 175000 -106.079 -298.956 -873.855 225.565 -264.23 46.3444 100.453 -283.351 -485.373
PRESSAVG: 175000 -336.772 -5.00461 -9.17314 -15.7389 -385.446 -85.4321 38.7274 -50.8913 1.57281
GPRESSAVG: 175000 -337.026 -5.29371 -9.323 -15.2411 -385.248 -85.4799 38.3248 -50.7668 1.64439
ENERGY:  175000         0.0000         0.0000         0.0000         0.0000          -5661.7635       416.2162         0.0000         0.0000       918.1283          -4327.4190       291.6813     -5245.5473     -4324.3372       298.6544           -296.6380      -285.2277     22760.3206      -240.2148      -240.2100

LDB: ============= START OF LOAD BALANCING ============== 333.12
LDB: ============== END OF LOAD BALANCING =============== 333.121
Info: useSync: 0 useProxySync: 0
LDB: =============== DONE WITH MIGRATION ================ 333.121
LDB: ============= START OF LOAD BALANCING ============== 333.185
LDB: Largest compute 149 load 0.012217 is 22.7% of average load 0.053852
LDB: Average compute 0.003791 is 7.0% of average load 0.053852
LDB: TIME 333.185 LOAD: AVG 0.0538521 MAX 0.0579382  PROXIES: TOTAL 24 MAXPE 4 MAXPATCH 6 None MEM: 0.471549 MB
LDB: TIME 333.185 LOAD: AVG 0.0538521 MAX 0.0579382  PROXIES: TOTAL 27 MAXPE 4 MAXPATCH 7 RefineTorusLB MEM: 0.471549 MB
LDB: TIME 333.185 LOAD: AVG 0.0538521 MAX 0.0579382  PROXIES: TOTAL 27 MAXPE 4 MAXPATCH 7 RefineTorusLB MEM: 0.471549 MB
LDB: ============== END OF LOAD BALANCING =============== 333.185
Info: useSync: 0 useProxySync: 0
LDB: =============== DONE WITH MIGRATION ================ 333.185
LDB: ============= START OF LOAD BALANCING ============== 335.883
LDB: ============== END OF LOAD BALANCING =============== 335.884
Info: useSync: 0 useProxySync: 0
LDB: =============== DONE WITH MIGRATION ================ 335.894
LDB: ============= START OF LOAD BALANCING ============== 335.975
LDB: Largest compute 151 load 0.012428 is 23.3% of average load 0.053313
LDB: Average compute 0.003715 is 7.0% of average load 0.053313
LDB: TIME 335.975 LOAD: AVG 0.0533126 MAX 0.0600002  PROXIES: TOTAL 24 MAXPE 4 MAXPATCH 6 None MEM: 0.471549 MB
LDB: TIME 335.975 LOAD: AVG 0.0533126 MAX 0.0600002  PROXIES: TOTAL 27 MAXPE 4 MAXPATCH 7 RefineTorusLB MEM: 0.471549 MB
LDB: TIME 335.975 LOAD: AVG 0.0533126 MAX 0.0577097  PROXIES: TOTAL 27 MAXPE 4 MAXPATCH 7 RefineTorusLB MEM: 0.471549 MB
LDB: ============== END OF LOAD BALANCING =============== 335.975
Info: useSync: 0 useProxySync: 0
LDB: =============== DONE WITH MIGRATION ================ 335.976
WRITING COORDINATES TO DCD FILE MDequil.dcd AT STEP 180000
PRESSURE: 180000 1114.89 173.927 532.147 90.8036 -574.464 -539.704 382.358 -798.995 735.504
GPRESSURE: 180000 1090.04 274.007 576.567 9.44655 -624.952 -487.762 -3.44527 -1073.53 870.48
PRESSAVG: 180000 -222.336 -25.0815 40.5407 -37.7387 -284.896 -21.2237 81.0593 -14.457 23.8066
GPRESSAVG: 180000 -222.078 -24.9751 41.0015 -37.9182 -284.817 -20.8517 81.225 -14.7903 23.8658
ENERGY:  180000         0.0000         0.0000         0.0000         0.0000          -5659.1591       430.6169         0.0000         0.0000       956.6060          -4271.9362       303.9053     -5228.5422     -4270.5106       297.8279            425.3095       445.1884     22329.7731      -161.1418      -161.0095

LDB: ============= START OF LOAD BALANCING ============== 339.343
LDB: ============== END OF LOAD BALANCING =============== 339.343
Info: useSync: 0 useProxySync: 0
LDB: =============== DONE WITH MIGRATION ================ 339.343
LDB: ============= START OF LOAD BALANCING ============== 339.41
LDB: Largest compute 6 load 0.012434 is 22.8% of average load 0.054533
LDB: Average compute 0.003827 is 7.0% of average load 0.054533
LDB: TIME 339.41 LOAD: AVG 0.0545335 MAX 0.0592041  PROXIES: TOTAL 24 MAXPE 4 MAXPATCH 6 None MEM: 0.471549 MB
LDB: TIME 339.41 LOAD: AVG 0.0545335 MAX 0.0592041  PROXIES: TOTAL 27 MAXPE 4 MAXPATCH 7 RefineTorusLB MEM: 0.471549 MB
LDB: TIME 339.41 LOAD: AVG 0.0545335 MAX 0.0592041  PROXIES: TOTAL 27 MAXPE 4 MAXPATCH 7 RefineTorusLB MEM: 0.471549 MB
LDB: ============== END OF LOAD BALANCING =============== 339.41
Info: useSync: 0 useProxySync: 0
LDB: =============== DONE WITH MIGRATION ================ 339.411
LDB: ============= START OF LOAD BALANCING ============== 341.991
LDB: ============== END OF LOAD BALANCING =============== 341.991
Info: useSync: 0 useProxySync: 0
LDB: =============== DONE WITH MIGRATION ================ 341.992
LDB: ============= START OF LOAD BALANCING ============== 342.056
LDB: Largest compute 6 load 0.011913 is 22.3% of average load 0.053437
LDB: Average compute 0.003755 is 7.0% of average load 0.053437
LDB: TIME 342.057 LOAD: AVG 0.0534367 MAX 0.0596866  PROXIES: TOTAL 24 MAXPE 4 MAXPATCH 6 None MEM: 0.471549 MB
LDB: TIME 342.057 LOAD: AVG 0.0534367 MAX 0.0596866  PROXIES: TOTAL 27 MAXPE 4 MAXPATCH 7 RefineTorusLB MEM: 0.471549 MB
LDB: TIME 342.057 LOAD: AVG 0.0534367 MAX 0.0580716  PROXIES: TOTAL 27 MAXPE 4 MAXPATCH 7 RefineTorusLB MEM: 0.471549 MB
LDB: ============== END OF LOAD BALANCING =============== 342.057
Info: useSync: 0 useProxySync: 0
LDB: =============== DONE WITH MIGRATION ================ 342.057
LDB: ============= START OF LOAD BALANCING ============== 344.731
LDB: ============== END OF LOAD BALANCING =============== 344.731
Info: useSync: 0 useProxySync: 0
LDB: =============== DONE WITH MIGRATION ================ 344.732
LDB: ============= START OF LOAD BALANCING ============== 344.815
LDB: Largest compute 169 load 0.013008 is 24.2% of average load 0.053856
LDB: Average compute 0.003746 is 7.0% of average load 0.053856
LDB: TIME 344.815 LOAD: AVG 0.0538563 MAX 0.0591287  PROXIES: TOTAL 24 MAXPE 4 MAXPATCH 6 None MEM: 0.471549 MB
LDB: TIME 344.815 LOAD: AVG 0.0538563 MAX 0.0591287  PROXIES: TOTAL 27 MAXPE 4 MAXPATCH 7 RefineTorusLB MEM: 0.471549 MB
LDB: TIME 344.815 LOAD: AVG 0.0538563 MAX 0.058643  PROXIES: TOTAL 27 MAXPE 4 MAXPATCH 7 RefineTorusLB MEM: 0.471549 MB
LDB: ============== END OF LOAD BALANCING =============== 344.815
Info: useSync: 0 useProxySync: 0
LDB: =============== DONE WITH MIGRATION ================ 344.815
PRESSURE: 185000 -1065.03 659.642 -126.234 1085.92 -53.4339 169.951 -62.1003 93.4589 2087.47
GPRESSURE: 185000 -1009.97 427.041 -39.4812 1083.14 98.2342 -203.207 -153.431 384.297 1929.26
PRESSAVG: 185000 -292.595 -7.05671 -0.424821 -10.8768 -362.913 32.3787 4.34374 -16.7807 10.2824
GPRESSAVG: 185000 -291.913 -7.03618 -0.313677 -11.1829 -362.775 32.3474 4.19739 -16.4543 10.2443
ENERGY:  185000         0.0000         0.0000         0.0000         0.0000          -5689.5522       445.1708         0.0000         0.0000       925.2109          -4319.1705       293.9314     -5244.3814     -4316.7383       294.6674            323.0045       339.1735     22643.1974      -215.0752      -214.8147

WRITING COORDINATES TO DCD FILE MDequil.dcd AT STEP 185000
LDB: ============= START OF LOAD BALANCING ============== 347.994
LDB: ============== END OF LOAD BALANCING =============== 347.994
Info: useSync: 0 useProxySync: 0
LDB: =============== DONE WITH MIGRATION ================ 347.994
LDB: ============= START OF LOAD BALANCING ============== 348.058
LDB: Largest compute 147 load 0.011939 is 22.1% of average load 0.053964
LDB: Average compute 0.003798 is 7.0% of average load 0.053964
LDB: TIME 348.058 LOAD: AVG 0.0539643 MAX 0.0589664  PROXIES: TOTAL 24 MAXPE 4 MAXPATCH 6 None MEM: 0.471549 MB
LDB: TIME 348.058 LOAD: AVG 0.0539643 MAX 0.0589664  PROXIES: TOTAL 27 MAXPE 4 MAXPATCH 7 RefineTorusLB MEM: 0.471549 MB
LDB: TIME 348.058 LOAD: AVG 0.0539643 MAX 0.0584098  PROXIES: TOTAL 27 MAXPE 4 MAXPATCH 7 RefineTorusLB MEM: 0.471549 MB
LDB: ============== END OF LOAD BALANCING =============== 348.058
Info: useSync: 0 useProxySync: 0
LDB: =============== DONE WITH MIGRATION ================ 348.059
LDB: ============= START OF LOAD BALANCING ============== 350.718
LDB: ============== END OF LOAD BALANCING =============== 350.718
Info: useSync: 0 useProxySync: 0
LDB: =============== DONE WITH MIGRATION ================ 350.718
LDB: ============= START OF LOAD BALANCING ============== 350.782
LDB: Largest compute 148 load 0.011872 is 22.4% of average load 0.052928
LDB: Average compute 0.003715 is 7.0% of average load 0.052928
LDB: TIME 350.782 LOAD: AVG 0.0529277 MAX 0.0602977  PROXIES: TOTAL 24 MAXPE 4 MAXPATCH 6 None MEM: 0.471549 MB
LDB: TIME 350.783 LOAD: AVG 0.0529277 MAX 0.0602977  PROXIES: TOTAL 27 MAXPE 4 MAXPATCH 7 RefineTorusLB MEM: 0.471549 MB
LDB: TIME 350.783 LOAD: AVG 0.0529277 MAX 0.0573767  PROXIES: TOTAL 27 MAXPE 4 MAXPATCH 7 RefineTorusLB MEM: 0.471549 MB
LDB: ============== END OF LOAD BALANCING =============== 350.783
Info: useSync: 0 useProxySync: 0
LDB: =============== DONE WITH MIGRATION ================ 350.783
PRESSURE: 190000 -941.818 -398.313 -276.617 -189.679 -180.136 55.2582 -392.78 -86.8122 265.469
GPRESSURE: 190000 -1009.33 -548.695 -13.7034 -483.978 17.1615 59.7656 -675.801 175.322 208.181
PRESSAVG: 190000 -338.38 32.064 -9.03471 50.5599 -268.87 2.27232 -59.479 -4.27299 -12.7858
GPRESSAVG: 190000 -338.911 32.2424 -8.89303 50.8903 -268.307 1.98797 -58.9988 -4.36225 -12.4347
ENERGY:  190000         0.0000         0.0000         0.0000         0.0000          -5635.6489       412.0473         0.0000         0.0000       915.5393          -4308.0624       290.8588     -5223.6017     -4306.6772       293.1055           -285.4950      -261.3291     22931.6660      -206.6786      -206.5508

WRITING COORDINATES TO DCD FILE MDequil.dcd AT STEP 190000
LDB: ============= START OF LOAD BALANCING ============== 354
LDB: ============== END OF LOAD BALANCING =============== 354.001
Info: useSync: 0 useProxySync: 0
LDB: =============== DONE WITH MIGRATION ================ 354.006
LDB: ============= START OF LOAD BALANCING ============== 354.161
LDB: Largest compute 78 load 0.037207 is 68.9% of average load 0.054015
LDB: Average compute 0.003686 is 6.8% of average load 0.054015
LDB: TIME 354.161 LOAD: AVG 0.0540147 MAX 0.0906117  PROXIES: TOTAL 24 MAXPE 4 MAXPATCH 6 None MEM: 0.471549 MB
LDB: TIME 354.161 LOAD: AVG 0.0540147 MAX 0.0906117  PROXIES: TOTAL 27 MAXPE 4 MAXPATCH 7 RefineTorusLB MEM: 0.471549 MB
LDB: TIME 354.162 LOAD: AVG 0.0540147 MAX 0.0585552  PROXIES: TOTAL 27 MAXPE 4 MAXPATCH 7 RefineTorusLB MEM: 0.471549 MB
LDB: ============== END OF LOAD BALANCING =============== 354.162
Info: useSync: 0 useProxySync: 0
LDB: =============== DONE WITH MIGRATION ================ 354.162
LDB: ============= START OF LOAD BALANCING ============== 357.037
LDB: ============== END OF LOAD BALANCING =============== 357.038
Info: useSync: 0 useProxySync: 0
LDB: =============== DONE WITH MIGRATION ================ 357.048
LDB: ============= START OF LOAD BALANCING ============== 357.125
LDB: Largest compute 160 load 0.012956 is 24.6% of average load 0.052710
LDB: Average compute 0.003676 is 7.0% of average load 0.052710
LDB: TIME 357.126 LOAD: AVG 0.0527101 MAX 0.0730447  PROXIES: TOTAL 24 MAXPE 4 MAXPATCH 6 None MEM: 0.471549 MB
LDB: TIME 357.126 LOAD: AVG 0.0527101 MAX 0.0730447  PROXIES: TOTAL 27 MAXPE 4 MAXPATCH 7 RefineTorusLB MEM: 0.471549 MB
LDB: TIME 357.126 LOAD: AVG 0.0527101 MAX 0.0570171  PROXIES: TOTAL 27 MAXPE 4 MAXPATCH 7 RefineTorusLB MEM: 0.471549 MB
LDB: ============== END OF LOAD BALANCING =============== 357.126
Info: useSync: 0 useProxySync: 0
LDB: =============== DONE WITH MIGRATION ================ 357.126
LDB: ============= START OF LOAD BALANCING ============== 360.246
LDB: ============== END OF LOAD BALANCING =============== 360.246
Info: useSync: 0 useProxySync: 0
LDB: =============== DONE WITH MIGRATION ================ 360.246
LDB: ============= START OF LOAD BALANCING ============== 360.316
LDB: Largest compute 160 load 0.012708 is 23.8% of average load 0.053470
LDB: Average compute 0.003753 is 7.0% of average load 0.053470
LDB: TIME 360.316 LOAD: AVG 0.0534701 MAX 0.0608242  PROXIES: TOTAL 24 MAXPE 4 MAXPATCH 6 None MEM: 0.471549 MB
LDB: TIME 360.316 LOAD: AVG 0.0534701 MAX 0.0608242  PROXIES: TOTAL 27 MAXPE 4 MAXPATCH 7 RefineTorusLB MEM: 0.471549 MB
LDB: TIME 360.316 LOAD: AVG 0.0534701 MAX 0.0582046  PROXIES: TOTAL 27 MAXPE 4 MAXPATCH 7 RefineTorusLB MEM: 0.471549 MB
LDB: ============== END OF LOAD BALANCING =============== 360.316
Info: useSync: 0 useProxySync: 0
LDB: =============== DONE WITH MIGRATION ================ 360.316
WRITING COORDINATES TO DCD FILE MDequil.dcd AT STEP 195000
PRESSURE: 195000 -859.787 419.11 49.6944 418.835 -780.221 -56.6457 -6.7345 -270.769 -235.784
GPRESSURE: 195000 -755.664 181.248 -45.6599 307.936 -779.251 103.024 -59.3556 -177.431 -280.673
PRESSAVG: 195000 -353.428 -25.1405 29.65 13.7452 -290.311 76.3245 -40.1625 50.001 18.4317
GPRESSAVG: 195000 -353.021 -24.9605 29.3449 13.5582 -289.975 76.7689 -39.6793 50.092 18.1364
ENERGY:  195000         0.0000         0.0000         0.0000         0.0000          -5524.1576       363.6682         0.0000         0.0000       941.8687          -4218.6208       299.2234     -5160.4894     -4217.1332       295.3330           -625.2642      -605.1959     23082.6112      -208.4358      -208.2866

LDB: ============= START OF LOAD BALANCING ============== 363.232
LDB: ============== END OF LOAD BALANCING =============== 363.232
Info: useSync: 0 useProxySync: 0
LDB: =============== DONE WITH MIGRATION ================ 363.232
LDB: ============= START OF LOAD BALANCING ============== 363.313
LDB: Largest compute 146 load 0.011151 is 20.3% of average load 0.054861
LDB: Average compute 0.003833 is 7.0% of average load 0.054861
LDB: TIME 363.313 LOAD: AVG 0.0548614 MAX 0.0651501  PROXIES: TOTAL 24 MAXPE 4 MAXPATCH 6 None MEM: 0.471549 MB
LDB: TIME 363.313 LOAD: AVG 0.0548614 MAX 0.0651501  PROXIES: TOTAL 27 MAXPE 4 MAXPATCH 7 RefineTorusLB MEM: 0.471549 MB
LDB: TIME 363.313 LOAD: AVG 0.0548614 MAX 0.0592331  PROXIES: TOTAL 27 MAXPE 4 MAXPATCH 7 RefineTorusLB MEM: 0.471549 MB
LDB: ============== END OF LOAD BALANCING =============== 363.314
Info: useSync: 0 useProxySync: 0
LDB: =============== DONE WITH MIGRATION ================ 363.314
LDB: ============= START OF LOAD BALANCING ============== 365.958
LDB: ============== END OF LOAD BALANCING =============== 365.958
Info: useSync: 0 useProxySync: 0
LDB: =============== DONE WITH MIGRATION ================ 365.958
LDB: ============= START OF LOAD BALANCING ============== 366.023
LDB: Largest compute 147 load 0.012503 is 23.6% of average load 0.052900
LDB: Average compute 0.003717 is 7.0% of average load 0.052900
LDB: TIME 366.023 LOAD: AVG 0.0529002 MAX 0.0578509  PROXIES: TOTAL 24 MAXPE 4 MAXPATCH 6 None MEM: 0.471549 MB
LDB: TIME 366.023 LOAD: AVG 0.0529002 MAX 0.0578509  PROXIES: TOTAL 27 MAXPE 4 MAXPATCH 7 RefineTorusLB MEM: 0.471549 MB
LDB: TIME 366.023 LOAD: AVG 0.0529002 MAX 0.0576033  PROXIES: TOTAL 27 MAXPE 4 MAXPATCH 7 RefineTorusLB MEM: 0.471549 MB
LDB: ============== END OF LOAD BALANCING =============== 366.023
Info: useSync: 0 useProxySync: 0
LDB: =============== DONE WITH MIGRATION ================ 366.023
WRITING COORDINATES TO DCD FILE MDequil.dcd AT STEP 200000
WRITING COORDINATES TO RESTART FILE AT STEP 200000
FINISHED WRITING RESTART COORDINATES
WRITING VELOCITIES TO RESTART FILE AT STEP 200000
FINISHED WRITING RESTART VELOCITIES
The last velocity output (seq=200000) takes 0.000 seconds, 0.472 MB of memory in use
PRESSURE: 200000 -151.693 152.182 -114.232 339.523 -493.932 -3.72802 -202.948 354.708 -655.056
GPRESSURE: 200000 -330.011 -46.7091 -157.8 345.688 -442.536 91.9423 -289.089 233.869 -499.386
PRESSAVG: 200000 -325.753 17.3191 -82.0472 -1.19807 -392.391 -4.50925 80.6558 35.2632 1.09564
GPRESSAVG: 200000 -325.828 17.2948 -82.2399 -0.946513 -392.752 -4.43304 80.478 35.4202 1.13931
TIMING: 200000  CPU: 344.465, 0.00137642/step  Wall: 357.325, 0.00139575/step, 0.116313 hours remaining, 0.471549 MB of memory in use.
PERFORMANCE: 200000  averaging 96.7203 ns/day, 0.0017866 sec/step with standard deviation 0.000586224
ETITLE:      TS           BOND          ANGLE          DIHED          IMPRP               ELECT            VDW       BOUNDARY           MISC        KINETIC               TOTAL           TEMP      POTENTIAL         TOTAL3        TEMPAVG            PRESSURE      GPRESSURE         VOLUME       PRESSAVG      GPRESSAVG

ENERGY:  200000         0.0000         0.0000         0.0000         0.0000          -5596.9176       349.0431         0.0000         0.0000       973.0194          -4274.8551       309.1197     -5247.8745     -4272.8706       299.6639           -433.5600      -423.9775     22430.7195      -239.0161      -239.1470

WRITING EXTENDED SYSTEM TO RESTART FILE AT STEP 200000
LDB: ============= START OF LOAD BALANCING ============== 369.042
LDB: ============== END OF LOAD BALANCING =============== 369.042
Info: useSync: 0 useProxySync: 0
LDB: =============== DONE WITH MIGRATION ================ 369.042
LDB: ============= START OF LOAD BALANCING ============== 369.125
LDB: Largest compute 149 load 0.014648 is 26.6% of average load 0.055150
LDB: Average compute 0.003874 is 7.0% of average load 0.055150
LDB: TIME 369.125 LOAD: AVG 0.0551496 MAX 0.0665932  PROXIES: TOTAL 24 MAXPE 4 MAXPATCH 6 None MEM: 0.471549 MB
LDB: TIME 369.125 LOAD: AVG 0.0551496 MAX 0.0665932  PROXIES: TOTAL 27 MAXPE 4 MAXPATCH 7 RefineTorusLB MEM: 0.471549 MB
LDB: TIME 369.125 LOAD: AVG 0.0551496 MAX 0.0596619  PROXIES: TOTAL 27 MAXPE 4 MAXPATCH 7 RefineTorusLB MEM: 0.471549 MB
LDB: ============== END OF LOAD BALANCING =============== 369.125
Info: useSync: 0 useProxySync: 0
LDB: =============== DONE WITH MIGRATION ================ 369.125
LDB: ============= START OF LOAD BALANCING ============== 371.92
LDB: ============== END OF LOAD BALANCING =============== 371.921
Info: useSync: 0 useProxySync: 0
LDB: =============== DONE WITH MIGRATION ================ 371.921
LDB: ============= START OF LOAD BALANCING ============== 371.997
LDB: Largest compute 146 load 0.011282 is 21.0% of average load 0.053641
LDB: Average compute 0.003757 is 7.0% of average load 0.053641
LDB: TIME 371.997 LOAD: AVG 0.053641 MAX 0.0600264  PROXIES: TOTAL 24 MAXPE 4 MAXPATCH 6 None MEM: 0.471549 MB
LDB: TIME 371.998 LOAD: AVG 0.053641 MAX 0.0600264  PROXIES: TOTAL 27 MAXPE 4 MAXPATCH 7 RefineTorusLB MEM: 0.471549 MB
LDB: TIME 371.998 LOAD: AVG 0.053641 MAX 0.0583119  PROXIES: TOTAL 27 MAXPE 4 MAXPATCH 7 RefineTorusLB MEM: 0.471549 MB
LDB: ============== END OF LOAD BALANCING =============== 371.998
Info: useSync: 0 useProxySync: 0
LDB: =============== DONE WITH MIGRATION ================ 371.998
LDB: ============= START OF LOAD BALANCING ============== 375.076
LDB: ============== END OF LOAD BALANCING =============== 375.076
Info: useSync: 0 useProxySync: 0
LDB: =============== DONE WITH MIGRATION ================ 375.076
LDB: ============= START OF LOAD BALANCING ============== 375.147
LDB: Largest compute 150 load 0.012872 is 24.5% of average load 0.052619
LDB: Average compute 0.003675 is 7.0% of average load 0.052619
LDB: TIME 375.148 LOAD: AVG 0.052619 MAX 0.0622464  PROXIES: TOTAL 24 MAXPE 4 MAXPATCH 6 None MEM: 0.471549 MB
LDB: TIME 375.148 LOAD: AVG 0.052619 MAX 0.0622464  PROXIES: TOTAL 27 MAXPE 4 MAXPATCH 7 RefineTorusLB MEM: 0.471549 MB
LDB: TIME 375.148 LOAD: AVG 0.052619 MAX 0.0557015  PROXIES: TOTAL 27 MAXPE 4 MAXPATCH 7 RefineTorusLB MEM: 0.471549 MB
LDB: ============== END OF LOAD BALANCING =============== 375.148
Info: useSync: 0 useProxySync: 0
LDB: =============== DONE WITH MIGRATION ================ 375.148
PRESSURE: 205000 -46.1029 -267.45 278.542 -496.939 -844.431 373.401 -12.8312 233.943 407.069
GPRESSURE: 205000 -71.8581 -385.747 424.936 -267.117 -747.644 318.747 -167.867 102.882 396.79
PRESSAVG: 205000 -297.427 -1.98542 37.7504 9.65339 -334.015 10.53 31.7809 -11.0632 -1.95648
GPRESSAVG: 205000 -297.412 -1.25794 37.948 9.91125 -333.854 10.7072 32.0701 -11.394 -1.89377
ENERGY:  205000         0.0000         0.0000         0.0000         0.0000          -5604.6589       396.2220         0.0000         0.0000       922.9826          -4285.4544       293.2235     -5208.4370     -4283.0086       295.1521           -161.1550      -140.9041     22761.8569      -211.1331      -211.0530

WRITING COORDINATES TO DCD FILE MDequil.dcd AT STEP 205000
LDB: ============= START OF LOAD BALANCING ============== 377.929
LDB: ============== END OF LOAD BALANCING =============== 377.929
Info: useSync: 0 useProxySync: 0
LDB: =============== DONE WITH MIGRATION ================ 377.929
LDB: ============= START OF LOAD BALANCING ============== 378.015
LDB: Largest compute 167 load 0.011587 is 21.5% of average load 0.053961
LDB: Average compute 0.003749 is 6.9% of average load 0.053961
LDB: TIME 378.016 LOAD: AVG 0.0539611 MAX 0.0601055  PROXIES: TOTAL 24 MAXPE 4 MAXPATCH 6 None MEM: 0.471549 MB
LDB: TIME 378.016 LOAD: AVG 0.0539611 MAX 0.0601055  PROXIES: TOTAL 27 MAXPE 4 MAXPATCH 7 RefineTorusLB MEM: 0.471549 MB
LDB: TIME 378.016 LOAD: AVG 0.0539611 MAX 0.057726  PROXIES: TOTAL 27 MAXPE 4 MAXPATCH 7 RefineTorusLB MEM: 0.471549 MB
LDB: ============== END OF LOAD BALANCING =============== 378.016
Info: useSync: 0 useProxySync: 0
LDB: =============== DONE WITH MIGRATION ================ 378.016
LDB: ============= START OF LOAD BALANCING ============== 380.692
LDB: ============== END OF LOAD BALANCING =============== 380.692
Info: useSync: 0 useProxySync: 0
LDB: =============== DONE WITH MIGRATION ================ 380.692
LDB: ============= START OF LOAD BALANCING ============== 380.762
LDB: Largest compute 149 load 0.013417 is 25.2% of average load 0.053286
LDB: Average compute 0.003734 is 7.0% of average load 0.053286
LDB: TIME 380.763 LOAD: AVG 0.0532864 MAX 0.0579479  PROXIES: TOTAL 24 MAXPE 4 MAXPATCH 6 None MEM: 0.471549 MB
LDB: TIME 380.763 LOAD: AVG 0.0532864 MAX 0.0579479  PROXIES: TOTAL 27 MAXPE 4 MAXPATCH 7 RefineTorusLB MEM: 0.471549 MB
LDB: TIME 380.763 LOAD: AVG 0.0532864 MAX 0.0579479  PROXIES: TOTAL 27 MAXPE 4 MAXPATCH 7 RefineTorusLB MEM: 0.471549 MB
LDB: ============== END OF LOAD BALANCING =============== 380.763
Info: useSync: 0 useProxySync: 0
LDB: =============== DONE WITH MIGRATION ================ 380.764
WRITING COORDINATES TO DCD FILE MDequil.dcd AT STEP 210000
PRESSURE: 210000 -871.448 -301.956 141.615 -3.18001 -1021.62 22.6542 2.66336 55.0776 489.805
GPRESSURE: 210000 -891.858 -524.158 -256.251 276.334 -953.967 -139.161 -52.6443 149.04 523.753
PRESSAVG: 210000 -405.516 -4.1622 32.8889 22.091 -332.136 -55.4458 26.4028 -118.769 5.30599
GPRESSAVG: 210000 -405.454 -4.8251 32.811 22.1599 -331.883 -55.8606 26.5319 -118.941 5.12211
ENERGY:  210000         0.0000         0.0000         0.0000         0.0000          -5522.8338       364.4343         0.0000         0.0000       965.0005          -4193.3989       306.5722     -5158.3995     -4192.3894       303.8234           -467.7545      -440.6906     22848.3528      -244.1151      -244.0715

LDB: ============= START OF LOAD BALANCING ============== 383.53
LDB: ============== END OF LOAD BALANCING =============== 383.532
Info: useSync: 0 useProxySync: 0
LDB: =============== DONE WITH MIGRATION ================ 383.533
LDB: ============= START OF LOAD BALANCING ============== 383.612
LDB: Largest compute 161 load 0.014106 is 26.3% of average load 0.053659
LDB: Average compute 0.003748 is 7.0% of average load 0.053659
LDB: TIME 383.612 LOAD: AVG 0.0536586 MAX 0.0650849  PROXIES: TOTAL 24 MAXPE 4 MAXPATCH 6 None MEM: 0.471549 MB
LDB: TIME 383.612 LOAD: AVG 0.0536586 MAX 0.0650849  PROXIES: TOTAL 27 MAXPE 4 MAXPATCH 7 RefineTorusLB MEM: 0.471549 MB
LDB: TIME 383.612 LOAD: AVG 0.0536586 MAX 0.0572699  PROXIES: TOTAL 27 MAXPE 4 MAXPATCH 7 RefineTorusLB MEM: 0.471549 MB
LDB: ============== END OF LOAD BALANCING =============== 383.612
Info: useSync: 0 useProxySync: 0
LDB: =============== DONE WITH MIGRATION ================ 383.612
LDB: ============= START OF LOAD BALANCING ============== 386.266
LDB: ============== END OF LOAD BALANCING =============== 386.267
Info: useSync: 0 useProxySync: 0
LDB: =============== DONE WITH MIGRATION ================ 386.267
LDB: ============= START OF LOAD BALANCING ============== 386.335
LDB: Largest compute 149 load 0.011738 is 21.9% of average load 0.053709
LDB: Average compute 0.003766 is 7.0% of average load 0.053709
LDB: TIME 386.335 LOAD: AVG 0.0537092 MAX 0.0603933  PROXIES: TOTAL 24 MAXPE 4 MAXPATCH 6 None MEM: 0.471549 MB
LDB: TIME 386.335 LOAD: AVG 0.0537092 MAX 0.0603933  PROXIES: TOTAL 27 MAXPE 4 MAXPATCH 7 RefineTorusLB MEM: 0.471549 MB
LDB: TIME 386.335 LOAD: AVG 0.0537092 MAX 0.0584163  PROXIES: TOTAL 27 MAXPE 4 MAXPATCH 7 RefineTorusLB MEM: 0.471549 MB
LDB: ============== END OF LOAD BALANCING =============== 386.335
Info: useSync: 0 useProxySync: 0
LDB: =============== DONE WITH MIGRATION ================ 386.335
LDB: ============= START OF LOAD BALANCING ============== 388.999
LDB: ============== END OF LOAD BALANCING =============== 388.999
Info: useSync: 0 useProxySync: 0
LDB: =============== DONE WITH MIGRATION ================ 388.999
LDB: ============= START OF LOAD BALANCING ============== 389.064
LDB: Largest compute 150 load 0.011703 is 22.3% of average load 0.052584
LDB: Average compute 0.003685 is 7.0% of average load 0.052584
LDB: TIME 389.064 LOAD: AVG 0.052584 MAX 0.0565579  PROXIES: TOTAL 24 MAXPE 4 MAXPATCH 6 None MEM: 0.471549 MB
LDB: TIME 389.064 LOAD: AVG 0.052584 MAX 0.0565579  PROXIES: TOTAL 27 MAXPE 4 MAXPATCH 7 RefineTorusLB MEM: 0.471549 MB
LDB: TIME 389.064 LOAD: AVG 0.052584 MAX 0.0565579  PROXIES: TOTAL 27 MAXPE 4 MAXPATCH 7 RefineTorusLB MEM: 0.471549 MB
LDB: ============== END OF LOAD BALANCING =============== 389.064
Info: useSync: 0 useProxySync: 0
LDB: =============== DONE WITH MIGRATION ================ 389.065
WRITING COORDINATES TO DCD FILE MDequil.dcd AT STEP 215000
PRESSURE: 215000 -253.308 -48.2049 -30.6008 -33.4799 -1.84507 368.649 -436.128 44.4703 -134.179
GPRESSURE: 215000 -143.457 -20.3582 -46.6521 51.3004 -45.5312 825.378 -465.217 -127.396 -155.55
PRESSAVG: 215000 -317.806 57.8523 -47.6049 47.6911 -345.059 4.15386 -29.1948 -6.42802 17.7774
GPRESSAVG: 215000 -317.805 58.3114 -47.9132 48.1441 -345.389 4.27323 -29.3404 -6.45635 17.8577
ENERGY:  215000         0.0000         0.0000         0.0000         0.0000          -5652.4917       446.9122         0.0000         0.0000       927.3219          -4278.2576       294.6020     -5205.5795     -4276.0421       296.5126           -129.7776      -114.8461     22986.5331      -215.0291      -215.1122

LDB: ============= START OF LOAD BALANCING ============== 391.795
LDB: ============== END OF LOAD BALANCING =============== 391.795
Info: useSync: 0 useProxySync: 0
LDB: =============== DONE WITH MIGRATION ================ 391.795
LDB: ============= START OF LOAD BALANCING ============== 391.866
LDB: Largest compute 150 load 0.012961 is 23.9% of average load 0.054140
LDB: Average compute 0.003806 is 7.0% of average load 0.054140
LDB: TIME 391.866 LOAD: AVG 0.0541396 MAX 0.0607595  PROXIES: TOTAL 24 MAXPE 4 MAXPATCH 6 None MEM: 0.471549 MB
LDB: TIME 391.866 LOAD: AVG 0.0541396 MAX 0.0607595  PROXIES: TOTAL 27 MAXPE 4 MAXPATCH 7 RefineTorusLB MEM: 0.471549 MB
LDB: TIME 391.866 LOAD: AVG 0.0541396 MAX 0.0585015  PROXIES: TOTAL 27 MAXPE 4 MAXPATCH 7 RefineTorusLB MEM: 0.471549 MB
LDB: ============== END OF LOAD BALANCING =============== 391.866
Info: useSync: 0 useProxySync: 0
LDB: =============== DONE WITH MIGRATION ================ 391.866
LDB: ============= START OF LOAD BALANCING ============== 396.365
LDB: ============== END OF LOAD BALANCING =============== 396.365
Info: useSync: 0 useProxySync: 0
LDB: =============== DONE WITH MIGRATION ================ 396.366
LDB: ============= START OF LOAD BALANCING ============== 396.426
LDB: Largest compute 150 load 0.011498 is 23.8% of average load 0.048334
LDB: Average compute 0.003389 is 7.0% of average load 0.048334
LDB: TIME 396.426 LOAD: AVG 0.0483336 MAX 0.0529043  PROXIES: TOTAL 24 MAXPE 4 MAXPATCH 6 None MEM: 0.471549 MB
LDB: TIME 396.426 LOAD: AVG 0.0483336 MAX 0.0529043  PROXIES: TOTAL 27 MAXPE 4 MAXPATCH 7 RefineTorusLB MEM: 0.471549 MB
LDB: TIME 396.426 LOAD: AVG 0.0483336 MAX 0.0526803  PROXIES: TOTAL 27 MAXPE 4 MAXPATCH 7 RefineTorusLB MEM: 0.471549 MB
LDB: ============== END OF LOAD BALANCING =============== 396.428
Info: useSync: 0 useProxySync: 0
LDB: =============== DONE WITH MIGRATION ================ 396.428
PRESSURE: 220000 790.668 342.708 -152.914 473.683 -84.8551 -824.202 -237.168 -823.457 821.264
GPRESSURE: 220000 948.167 101.897 -300.171 707.174 -165.803 -962.286 -61.8207 -771.916 790.375
PRESSAVG: 220000 -454.171 -9.15365 21.2003 11.3529 -427.636 8.58841 44.8545 19.2136 13.5751
GPRESSAVG: 220000 -454.302 -8.96982 21.4729 10.6597 -427.912 8.31649 44.7181 19.4549 13.5539
ENERGY:  220000         0.0000         0.0000         0.0000         0.0000          -5567.6693       414.5734         0.0000         0.0000       968.5733          -4184.5226       307.7072     -5153.0959     -4181.9642       300.3787            509.0257       524.2463     22773.6989      -289.4105      -289.5532

WRITING COORDINATES TO DCD FILE MDequil.dcd AT STEP 220000
LDB: ============= START OF LOAD BALANCING ============== 399.329
LDB: ============== END OF LOAD BALANCING =============== 399.329
Info: useSync: 0 useProxySync: 0
LDB: =============== DONE WITH MIGRATION ================ 399.329
LDB: ============= START OF LOAD BALANCING ============== 399.395
LDB: Largest compute 147 load 0.011753 is 22.3% of average load 0.052778
LDB: Average compute 0.003706 is 7.0% of average load 0.052778
LDB: TIME 399.396 LOAD: AVG 0.0527776 MAX 0.0597571  PROXIES: TOTAL 24 MAXPE 4 MAXPATCH 6 None MEM: 0.471549 MB
LDB: TIME 399.396 LOAD: AVG 0.0527776 MAX 0.0597571  PROXIES: TOTAL 27 MAXPE 4 MAXPATCH 7 RefineTorusLB MEM: 0.471549 MB
LDB: TIME 399.396 LOAD: AVG 0.0527776 MAX 0.0574964  PROXIES: TOTAL 27 MAXPE 4 MAXPATCH 7 RefineTorusLB MEM: 0.471549 MB
LDB: ============== END OF LOAD BALANCING =============== 399.396
Info: useSync: 0 useProxySync: 0
LDB: =============== DONE WITH MIGRATION ================ 399.396
LDB: ============= START OF LOAD BALANCING ============== 410.566
LDB: ============== END OF LOAD BALANCING =============== 410.566
Info: useSync: 0 useProxySync: 0
LDB: =============== DONE WITH MIGRATION ================ 410.574
LDB: ============= START OF LOAD BALANCING ============== 411.026
LDB: Largest compute 149 load 0.017021 is 29.6% of average load 0.057408
LDB: Average compute 0.003621 is 6.3% of average load 0.057408
LDB: TIME 411.031 LOAD: AVG 0.0574077 MAX 0.08113  PROXIES: TOTAL 24 MAXPE 4 MAXPATCH 6 None MEM: 0.471549 MB
LDB: TIME 411.031 LOAD: AVG 0.0574077 MAX 0.08113  PROXIES: TOTAL 27 MAXPE 4 MAXPATCH 7 RefineTorusLB MEM: 0.471549 MB
LDB: TIME 411.031 LOAD: AVG 0.0574077 MAX 0.0621029  PROXIES: TOTAL 27 MAXPE 4 MAXPATCH 7 RefineTorusLB MEM: 0.471549 MB
LDB: ============== END OF LOAD BALANCING =============== 411.037
Info: useSync: 0 useProxySync: 0
LDB: =============== DONE WITH MIGRATION ================ 411.086
LDB: ============= START OF LOAD BALANCING ============== 422.062
LDB: ============== END OF LOAD BALANCING =============== 422.062
Info: useSync: 0 useProxySync: 0
LDB: =============== DONE WITH MIGRATION ================ 422.071
LDB: ============= START OF LOAD BALANCING ============== 422.542
LDB: Largest compute 146 load 0.011384 is 23.3% of average load 0.048829
LDB: Average compute 0.003288 is 6.7% of average load 0.048829
LDB: TIME 422.548 LOAD: AVG 0.0488286 MAX 0.0602685  PROXIES: TOTAL 24 MAXPE 4 MAXPATCH 6 None MEM: 0.471549 MB
LDB: TIME 422.548 LOAD: AVG 0.0488286 MAX 0.0602685  PROXIES: TOTAL 27 MAXPE 4 MAXPATCH 7 RefineTorusLB MEM: 0.471549 MB
LDB: TIME 422.549 LOAD: AVG 0.0488286 MAX 0.0531469  PROXIES: TOTAL 27 MAXPE 4 MAXPATCH 7 RefineTorusLB MEM: 0.471549 MB
LDB: ============== END OF LOAD BALANCING =============== 422.554
Info: useSync: 0 useProxySync: 0
LDB: =============== DONE WITH MIGRATION ================ 422.601
WRITING COORDINATES TO DCD FILE MDequil.dcd AT STEP 225000
PRESSURE: 225000 95.2565 168.183 144.555 46.0865 -15.5876 66.9775 204.879 268.061 -677.256
GPRESSURE: 225000 68.8595 -89.7292 330.3 122.73 57.1533 25.2689 -63.6607 239.97 -671.203
PRESSAVG: 225000 -301.227 -48.0124 -80.3088 -81.8655 -385.207 54.6625 -73.3422 1.24778 10.1389
GPRESSAVG: 225000 -301.502 -48.4043 -80.3146 -81.8963 -384.866 54.9153 -73.4731 0.935474 10.2413
ENERGY:  225000         0.0000         0.0000         0.0000         0.0000          -5613.5070       401.0935         0.0000         0.0000      1002.1371          -4210.2764       318.3701     -5212.4135     -4207.9030       302.5491           -199.1956      -181.7302     22718.0229      -225.4318      -225.3758

LDB: ============= START OF LOAD BALANCING ============== 438.741
LDB: ============== END OF LOAD BALANCING =============== 438.745
Info: useSync: 0 useProxySync: 0
LDB: =============== DONE WITH MIGRATION ================ 438.757
LDB: ============= START OF LOAD BALANCING ============== 439.239
LDB: Largest compute 146 load 0.010742 is 21.4% of average load 0.050293
LDB: Average compute 0.003326 is 6.6% of average load 0.050293
LDB: TIME 439.247 LOAD: AVG 0.0502935 MAX 0.0552846  PROXIES: TOTAL 24 MAXPE 4 MAXPATCH 6 None MEM: 0.471549 MB
LDB: TIME 439.247 LOAD: AVG 0.0502935 MAX 0.0552846  PROXIES: TOTAL 27 MAXPE 4 MAXPATCH 7 RefineTorusLB MEM: 0.471549 MB
LDB: TIME 439.247 LOAD: AVG 0.0502935 MAX 0.0547833  PROXIES: TOTAL 27 MAXPE 4 MAXPATCH 7 RefineTorusLB MEM: 0.471549 MB
LDB: ============== END OF LOAD BALANCING =============== 439.254
Info: useSync: 0 useProxySync: 0
LDB: =============== DONE WITH MIGRATION ================ 439.38
LDB: ============= START OF LOAD BALANCING ============== 453.603
LDB: ============== END OF LOAD BALANCING =============== 453.609
Info: useSync: 0 useProxySync: 0
LDB: =============== DONE WITH MIGRATION ================ 453.627
LDB: ============= START OF LOAD BALANCING ============== 453.926
LDB: Largest compute 147 load 0.010957 is 22.3% of average load 0.049131
LDB: Average compute 0.003372 is 6.9% of average load 0.049131
LDB: TIME 453.931 LOAD: AVG 0.049131 MAX 0.0550093  PROXIES: TOTAL 24 MAXPE 4 MAXPATCH 6 None MEM: 0.471549 MB
LDB: TIME 453.931 LOAD: AVG 0.049131 MAX 0.0550093  PROXIES: TOTAL 27 MAXPE 4 MAXPATCH 7 RefineTorusLB MEM: 0.471549 MB
LDB: TIME 453.931 LOAD: AVG 0.049131 MAX 0.0534289  PROXIES: TOTAL 27 MAXPE 4 MAXPATCH 7 RefineTorusLB MEM: 0.471549 MB
LDB: ============== END OF LOAD BALANCING =============== 453.937
Info: useSync: 0 useProxySync: 0
LDB: =============== DONE WITH MIGRATION ================ 454
PRESSURE: 230000 -301.328 331.647 873.025 294.237 843.021 -618.782 352.679 -299.683 1144.55
GPRESSURE: 230000 -137.75 502.943 822.858 105.866 889.227 -757.454 567.559 -382.182 994.379
PRESSAVG: 230000 -353.185 33.0682 6.89915 64.4299 -399.911 -19.2789 -61.79 -12.5896 -4.22499
GPRESSAVG: 230000 -353.055 33.2767 6.68709 64.6344 -399.562 -18.8382 -62.0356 -12.864 -4.34816
ENERGY:  230000         0.0000         0.0000         0.0000         0.0000          -5704.2736       448.5588         0.0000         0.0000       973.6106          -4282.1042       309.3076     -5255.7148     -4280.4317       298.8086            562.0820       581.9524     22637.7572      -252.4402      -252.3218

WRITING COORDINATES TO DCD FILE MDequil.dcd AT STEP 230000
LDB: ============= START OF LOAD BALANCING ============== 467.771
LDB: ============== END OF LOAD BALANCING =============== 467.777
Info: useSync: 0 useProxySync: 0
LDB: =============== DONE WITH MIGRATION ================ 467.789
LDB: ============= START OF LOAD BALANCING ============== 468.143
LDB: Largest compute 146 load 0.032137 is 57.1% of average load 0.056275
LDB: Average compute 0.003821 is 6.8% of average load 0.056275
LDB: TIME 468.148 LOAD: AVG 0.0562752 MAX 0.0830492  PROXIES: TOTAL 24 MAXPE 4 MAXPATCH 6 None MEM: 0.471549 MB
LDB: TIME 468.148 LOAD: AVG 0.0562752 MAX 0.0830492  PROXIES: TOTAL 27 MAXPE 4 MAXPATCH 7 RefineTorusLB MEM: 0.471549 MB
LDB: TIME 468.148 LOAD: AVG 0.0562752 MAX 0.0611773  PROXIES: TOTAL 29 MAXPE 4 MAXPATCH 8 RefineTorusLB MEM: 0.471549 MB
LDB: ============== END OF LOAD BALANCING =============== 468.154
Info: useSync: 0 useProxySync: 0
LDB: =============== DONE WITH MIGRATION ================ 468.202
LDB: ============= START OF LOAD BALANCING ============== 482.706
LDB: ============== END OF LOAD BALANCING =============== 482.706
Info: useSync: 0 useProxySync: 0
LDB: =============== DONE WITH MIGRATION ================ 482.71
LDB: ============= START OF LOAD BALANCING ============== 482.974
LDB: Largest compute 159 load 0.012572 is 24.4% of average load 0.051536
LDB: Average compute 0.003558 is 6.9% of average load 0.051536
LDB: TIME 482.974 LOAD: AVG 0.0515359 MAX 0.06878  PROXIES: TOTAL 24 MAXPE 4 MAXPATCH 6 None MEM: 0.471549 MB
LDB: TIME 482.974 LOAD: AVG 0.0515359 MAX 0.06878  PROXIES: TOTAL 29 MAXPE 4 MAXPATCH 8 RefineTorusLB MEM: 0.471549 MB
LDB: TIME 482.975 LOAD: AVG 0.0515359 MAX 0.0561047  PROXIES: TOTAL 28 MAXPE 4 MAXPATCH 8 RefineTorusLB MEM: 0.471549 MB
LDB: ============== END OF LOAD BALANCING =============== 482.98
Info: useSync: 0 useProxySync: 0
LDB: =============== DONE WITH MIGRATION ================ 483.076
LDB: ============= START OF LOAD BALANCING ============== 488.322
LDB: ============== END OF LOAD BALANCING =============== 488.322
Info: useSync: 0 useProxySync: 0
LDB: =============== DONE WITH MIGRATION ================ 488.322
LDB: ============= START OF LOAD BALANCING ============== 488.385
LDB: Largest compute 146 load 0.011413 is 23.2% of average load 0.049271
LDB: Average compute 0.003461 is 7.0% of average load 0.049271
LDB: TIME 488.385 LOAD: AVG 0.0492714 MAX 0.0566982  PROXIES: TOTAL 24 MAXPE 4 MAXPATCH 6 None MEM: 0.471549 MB
LDB: TIME 488.385 LOAD: AVG 0.0492714 MAX 0.0566982  PROXIES: TOTAL 28 MAXPE 4 MAXPATCH 8 RefineTorusLB MEM: 0.471549 MB
LDB: TIME 488.385 LOAD: AVG 0.0492714 MAX 0.0534023  PROXIES: TOTAL 28 MAXPE 4 MAXPATCH 8 RefineTorusLB MEM: 0.471549 MB
LDB: ============== END OF LOAD BALANCING =============== 488.385
Info: useSync: 0 useProxySync: 0
LDB: =============== DONE WITH MIGRATION ================ 488.385
WRITING COORDINATES TO DCD FILE MDequil.dcd AT STEP 235000
PRESSURE: 235000 -45.342 116.826 -429.216 332.103 -548.282 -598.134 -93.0554 -719.95 -102.474
GPRESSURE: 235000 37.2353 -157.461 -89.7376 682.447 -586.821 -311.26 138.073 -783.755 -120.2
PRESSAVG: 235000 -369.019 -46.6302 16.013 -9.36082 -329.925 -58.7224 23.6066 -38.2849 -8.54213
GPRESSAVG: 235000 -368.827 -47.235 16.1756 -9.49802 -330.003 -58.7165 23.7645 -38.0179 -8.42046
ENERGY:  235000         0.0000         0.0000         0.0000         0.0000          -5602.9620       381.1702         0.0000         0.0000       958.7195          -4263.0723       304.5768     -5221.7918     -4261.1680       297.6683           -232.0328      -223.2619     22773.9516      -235.8287      -235.7504

LDB: ============= START OF LOAD BALANCING ============== 490.704
LDB: ============== END OF LOAD BALANCING =============== 490.704
Info: useSync: 0 useProxySync: 0
LDB: =============== DONE WITH MIGRATION ================ 490.704
LDB: ============= START OF LOAD BALANCING ============== 490.763
LDB: Largest compute 146 load 0.011891 is 23.8% of average load 0.049968
LDB: Average compute 0.003515 is 7.0% of average load 0.049968
LDB: TIME 490.763 LOAD: AVG 0.0499678 MAX 0.0548133  PROXIES: TOTAL 24 MAXPE 4 MAXPATCH 6 None MEM: 0.471549 MB
LDB: TIME 490.763 LOAD: AVG 0.0499678 MAX 0.0548133  PROXIES: TOTAL 28 MAXPE 4 MAXPATCH 8 RefineTorusLB MEM: 0.471549 MB
LDB: TIME 490.763 LOAD: AVG 0.0499678 MAX 0.0538628  PROXIES: TOTAL 28 MAXPE 4 MAXPATCH 8 RefineTorusLB MEM: 0.471549 MB
LDB: ============== END OF LOAD BALANCING =============== 490.764
Info: useSync: 0 useProxySync: 0
LDB: =============== DONE WITH MIGRATION ================ 490.764
LDB: ============= START OF LOAD BALANCING ============== 493.076
LDB: ============== END OF LOAD BALANCING =============== 493.076
Info: useSync: 0 useProxySync: 0
LDB: =============== DONE WITH MIGRATION ================ 493.076
LDB: ============= START OF LOAD BALANCING ============== 493.134
LDB: Largest compute 146 load 0.011356 is 23.1% of average load 0.049063
LDB: Average compute 0.003444 is 7.0% of average load 0.049063
LDB: TIME 493.134 LOAD: AVG 0.0490632 MAX 0.0516925  PROXIES: TOTAL 24 MAXPE 4 MAXPATCH 6 None MEM: 0.471549 MB
LDB: TIME 493.135 LOAD: AVG 0.0490632 MAX 0.0516925  PROXIES: TOTAL 28 MAXPE 4 MAXPATCH 8 RefineTorusLB MEM: 0.471549 MB
LDB: TIME 493.135 LOAD: AVG 0.0490632 MAX 0.0516925  PROXIES: TOTAL 28 MAXPE 4 MAXPATCH 8 RefineTorusLB MEM: 0.471549 MB
LDB: ============== END OF LOAD BALANCING =============== 493.135
Info: useSync: 0 useProxySync: 0
LDB: =============== DONE WITH MIGRATION ================ 493.135
PRESSURE: 240000 -134.686 523.272 329.616 583.253 337.443 -448.288 198.392 -403.25 1102
GPRESSURE: 240000 -194.773 347.015 -87.3648 699.549 299.095 -265.173 379.915 -574.477 1257.62
PRESSAVG: 240000 -384.474 1.2406 43.5365 -10.9878 -370.316 -17.518 -37.5331 -42.6671 -15.9447
GPRESSAVG: 240000 -384.788 1.54938 43.4382 -11.2467 -370.284 -17.1455 -37.0012 -42.8571 -16.0882
ENERGY:  240000         0.0000         0.0000         0.0000         0.0000          -5683.1770       438.8507         0.0000         0.0000       933.5008          -4310.8256       296.5650     -5244.3264     -4308.9108       295.2510            434.9198       453.9817     22436.6508      -256.9117      -257.0535

WRITING COORDINATES TO DCD FILE MDequil.dcd AT STEP 240000
LDB: ============= START OF LOAD BALANCING ============== 495.573
LDB: ============== END OF LOAD BALANCING =============== 495.573
Info: useSync: 0 useProxySync: 0
LDB: =============== DONE WITH MIGRATION ================ 495.574
LDB: ============= START OF LOAD BALANCING ============== 495.638
LDB: Largest compute 146 load 0.012668 is 23.3% of average load 0.054437
LDB: Average compute 0.003822 is 7.0% of average load 0.054437
LDB: TIME 495.639 LOAD: AVG 0.0544366 MAX 0.0598598  PROXIES: TOTAL 24 MAXPE 4 MAXPATCH 6 None MEM: 0.471549 MB
LDB: TIME 495.639 LOAD: AVG 0.0544366 MAX 0.0598598  PROXIES: TOTAL 28 MAXPE 4 MAXPATCH 8 RefineTorusLB MEM: 0.471549 MB
LDB: TIME 495.639 LOAD: AVG 0.0544366 MAX 0.0593512  PROXIES: TOTAL 28 MAXPE 4 MAXPATCH 8 RefineTorusLB MEM: 0.471549 MB
LDB: ============== END OF LOAD BALANCING =============== 495.639
Info: useSync: 0 useProxySync: 0
LDB: =============== DONE WITH MIGRATION ================ 495.639
LDB: ============= START OF LOAD BALANCING ============== 498.194
LDB: ============== END OF LOAD BALANCING =============== 498.194
Info: useSync: 0 useProxySync: 0
LDB: =============== DONE WITH MIGRATION ================ 498.194
LDB: ============= START OF LOAD BALANCING ============== 498.26
LDB: Largest compute 146 load 0.012960 is 23.5% of average load 0.055044
LDB: Average compute 0.003870 is 7.0% of average load 0.055044
LDB: TIME 498.26 LOAD: AVG 0.0550442 MAX 0.0591355  PROXIES: TOTAL 24 MAXPE 4 MAXPATCH 6 None MEM: 0.471549 MB
LDB: TIME 498.26 LOAD: AVG 0.0550442 MAX 0.0591355  PROXIES: TOTAL 28 MAXPE 4 MAXPATCH 8 RefineTorusLB MEM: 0.471549 MB
LDB: TIME 498.26 LOAD: AVG 0.0550442 MAX 0.0591355  PROXIES: TOTAL 28 MAXPE 4 MAXPATCH 8 RefineTorusLB MEM: 0.471549 MB
LDB: ============== END OF LOAD BALANCING =============== 498.26
Info: useSync: 0 useProxySync: 0
LDB: =============== DONE WITH MIGRATION ================ 498.26
LDB: ============= START OF LOAD BALANCING ============== 500.803
LDB: ============== END OF LOAD BALANCING =============== 500.804
Info: useSync: 0 useProxySync: 0
LDB: =============== DONE WITH MIGRATION ================ 500.814
LDB: ============= START OF LOAD BALANCING ============== 500.877
LDB: Largest compute 146 load 0.012824 is 24.3% of average load 0.052868
LDB: Average compute 0.003716 is 7.0% of average load 0.052868
LDB: TIME 500.877 LOAD: AVG 0.0528678 MAX 0.0573553  PROXIES: TOTAL 24 MAXPE 4 MAXPATCH 6 None MEM: 0.471549 MB
LDB: TIME 500.877 LOAD: AVG 0.0528678 MAX 0.0573553  PROXIES: TOTAL 28 MAXPE 4 MAXPATCH 8 RefineTorusLB MEM: 0.471549 MB
LDB: TIME 500.877 LOAD: AVG 0.0528678 MAX 0.0573553  PROXIES: TOTAL 28 MAXPE 4 MAXPATCH 8 RefineTorusLB MEM: 0.471549 MB
LDB: ============== END OF LOAD BALANCING =============== 500.877
Info: useSync: 0 useProxySync: 0
LDB: =============== DONE WITH MIGRATION ================ 500.878
WRITING COORDINATES TO DCD FILE MDequil.dcd AT STEP 245000
PRESSURE: 245000 -781.391 -173.654 269.886 -332.1 -960.947 -300.94 664.154 -252.551 -1540.26
GPRESSURE: 245000 -744.393 -167.611 387.501 -296.174 -1086.1 -546.707 595.941 -25.5539 -1416.76
PRESSAVG: 245000 -236.023 45.0457 27.4181 2.17471 -254.657 42.0402 -37.2134 58.0833 -0.824545
GPRESSAVG: 245000 -236.081 45.1381 27.763 2.3128 -254.386 42.0014 -37.5325 57.882 -1.09074
ENERGY:  245000         0.0000         0.0000         0.0000         0.0000          -5572.5004       340.0198         0.0000         0.0000       923.8547          -4308.6259       293.5005     -5232.4806     -4306.6678       300.5216          -1094.1991     -1082.4194     22801.1166      -163.8346      -163.8527

LDB: ============= START OF LOAD BALANCING ============== 503.615
LDB: ============== END OF LOAD BALANCING =============== 503.616
Info: useSync: 0 useProxySync: 0
LDB: =============== DONE WITH MIGRATION ================ 503.616
LDB: ============= START OF LOAD BALANCING ============== 503.688
LDB: Largest compute 146 load 0.012135 is 21.9% of average load 0.055395
LDB: Average compute 0.003866 is 7.0% of average load 0.055395
LDB: TIME 503.689 LOAD: AVG 0.0553952 MAX 0.06105  PROXIES: TOTAL 24 MAXPE 4 MAXPATCH 6 None MEM: 0.471549 MB
LDB: TIME 503.689 LOAD: AVG 0.0553952 MAX 0.06105  PROXIES: TOTAL 28 MAXPE 4 MAXPATCH 8 RefineTorusLB MEM: 0.471549 MB
LDB: TIME 503.689 LOAD: AVG 0.0553952 MAX 0.0602726  PROXIES: TOTAL 28 MAXPE 4 MAXPATCH 8 RefineTorusLB MEM: 0.471549 MB
LDB: ============== END OF LOAD BALANCING =============== 503.689
Info: useSync: 0 useProxySync: 0
LDB: =============== DONE WITH MIGRATION ================ 503.689
LDB: ============= START OF LOAD BALANCING ============== 506.245
LDB: ============== END OF LOAD BALANCING =============== 506.245
Info: useSync: 0 useProxySync: 0
LDB: =============== DONE WITH MIGRATION ================ 506.245
LDB: ============= START OF LOAD BALANCING ============== 506.311
LDB: Largest compute 147 load 0.013097 is 23.9% of average load 0.054730
LDB: Average compute 0.003837 is 7.0% of average load 0.054730
LDB: TIME 506.311 LOAD: AVG 0.0547296 MAX 0.0609826  PROXIES: TOTAL 24 MAXPE 4 MAXPATCH 6 None MEM: 0.471549 MB
LDB: TIME 506.311 LOAD: AVG 0.0547296 MAX 0.0609826  PROXIES: TOTAL 28 MAXPE 4 MAXPATCH 8 RefineTorusLB MEM: 0.471549 MB
LDB: TIME 506.312 LOAD: AVG 0.0547296 MAX 0.0594799  PROXIES: TOTAL 28 MAXPE 4 MAXPATCH 8 RefineTorusLB MEM: 0.471549 MB
LDB: ============== END OF LOAD BALANCING =============== 506.312
Info: useSync: 0 useProxySync: 0
LDB: =============== DONE WITH MIGRATION ================ 506.312
WRITING COORDINATES TO DCD FILE MDequil.dcd AT STEP 250000
WRITING COORDINATES TO RESTART FILE AT STEP 250000
FINISHED WRITING RESTART COORDINATES
WRITING VELOCITIES TO RESTART FILE AT STEP 250000
FINISHED WRITING RESTART VELOCITIES
The last velocity output (seq=250000) takes 0.000 seconds, 0.472 MB of memory in use
PRESSURE: 250000 322.261 174.404 -72.1158 242.308 -443.375 422.79 134.542 198.588 714.302
GPRESSURE: 250000 301.079 3.56686 150.263 433.747 -295.257 372.218 -133.553 126.248 676.219
PRESSAVG: 250000 -374.004 -43.9917 -15.7613 15.0075 -378.146 64.249 68.6786 64.5613 25.5154
GPRESSAVG: 250000 -373.887 -44.2932 -15.5589 15.27 -378.37 64.3243 68.6627 64.7354 25.7675
TIMING: 250000  CPU: 473.838, 0.00258746/step  Wall: 497.21, 0.0027977/step, 0.194285 hours remaining, 0.471549 MB of memory in use.
PERFORMANCE: 250000  averaging 86.8858 ns/day, 0.00198882 sec/step with standard deviation 0.000679861
ETITLE:      TS           BOND          ANGLE          DIHED          IMPRP               ELECT            VDW       BOUNDARY           MISC        KINETIC               TOTAL           TEMP      POTENTIAL         TOTAL3        TEMPAVG            PRESSURE      GPRESSURE         VOLUME       PRESSAVG      GPRESSAVG

ENERGY:  250000         0.0000         0.0000         0.0000         0.0000          -5580.4514       423.3232         0.0000         0.0000       914.1999          -4242.9283       290.4333     -5157.1283     -4241.9514       296.0971            197.7295       227.3470     22838.9942      -242.2115      -242.1634

WRITING EXTENDED SYSTEM TO RESTART FILE AT STEP 250000
LDB: ============= START OF LOAD BALANCING ============== 508.864
LDB: ============== END OF LOAD BALANCING =============== 508.864
Info: useSync: 0 useProxySync: 0
LDB: =============== DONE WITH MIGRATION ================ 508.864
LDB: ============= START OF LOAD BALANCING ============== 508.931
LDB: Largest compute 146 load 0.011870 is 22.0% of average load 0.054024
LDB: Average compute 0.003780 is 7.0% of average load 0.054024
LDB: TIME 508.931 LOAD: AVG 0.0540237 MAX 0.0590932  PROXIES: TOTAL 24 MAXPE 4 MAXPATCH 6 None MEM: 0.471549 MB
LDB: TIME 508.931 LOAD: AVG 0.0540237 MAX 0.0590932  PROXIES: TOTAL 28 MAXPE 4 MAXPATCH 8 RefineTorusLB MEM: 0.471549 MB
LDB: TIME 508.931 LOAD: AVG 0.0540237 MAX 0.0588278  PROXIES: TOTAL 28 MAXPE 4 MAXPATCH 8 RefineTorusLB MEM: 0.471549 MB
LDB: ============== END OF LOAD BALANCING =============== 508.931
Info: useSync: 0 useProxySync: 0
LDB: =============== DONE WITH MIGRATION ================ 508.932
LDB: ============= START OF LOAD BALANCING ============== 511.489
LDB: ============== END OF LOAD BALANCING =============== 511.489
Info: useSync: 0 useProxySync: 0
LDB: =============== DONE WITH MIGRATION ================ 511.5
LDB: ============= START OF LOAD BALANCING ============== 511.565
LDB: Largest compute 146 load 0.011521 is 21.7% of average load 0.053051
LDB: Average compute 0.003716 is 7.0% of average load 0.053051
LDB: TIME 511.565 LOAD: AVG 0.0530514 MAX 0.056956  PROXIES: TOTAL 24 MAXPE 4 MAXPATCH 6 None MEM: 0.471549 MB
LDB: TIME 511.565 LOAD: AVG 0.0530514 MAX 0.056956  PROXIES: TOTAL 28 MAXPE 4 MAXPATCH 8 RefineTorusLB MEM: 0.471549 MB
LDB: TIME 511.565 LOAD: AVG 0.0530514 MAX 0.056956  PROXIES: TOTAL 28 MAXPE 4 MAXPATCH 8 RefineTorusLB MEM: 0.471549 MB
LDB: ============== END OF LOAD BALANCING =============== 511.565
Info: useSync: 0 useProxySync: 0
LDB: =============== DONE WITH MIGRATION ================ 511.566
LDB: ============= START OF LOAD BALANCING ============== 514.179
LDB: ============== END OF LOAD BALANCING =============== 514.18
Info: useSync: 0 useProxySync: 0
LDB: =============== DONE WITH MIGRATION ================ 514.18
LDB: ============= START OF LOAD BALANCING ============== 514.246
LDB: Largest compute 150 load 0.011626 is 21.2% of average load 0.054765
LDB: Average compute 0.003843 is 7.0% of average load 0.054765
LDB: TIME 514.246 LOAD: AVG 0.0547652 MAX 0.059328  PROXIES: TOTAL 24 MAXPE 4 MAXPATCH 6 None MEM: 0.471549 MB
LDB: TIME 514.246 LOAD: AVG 0.0547652 MAX 0.059328  PROXIES: TOTAL 28 MAXPE 4 MAXPATCH 8 RefineTorusLB MEM: 0.471549 MB
LDB: TIME 514.246 LOAD: AVG 0.0547652 MAX 0.059328  PROXIES: TOTAL 28 MAXPE 4 MAXPATCH 8 RefineTorusLB MEM: 0.471549 MB
LDB: ============== END OF LOAD BALANCING =============== 514.246
Info: useSync: 0 useProxySync: 0
LDB: =============== DONE WITH MIGRATION ================ 514.247
WRITING COORDINATES TO DCD FILE MDequil.dcd AT STEP 255000
PRESSURE: 255000 13.1941 -57.3406 169.028 -402.215 92.4207 386.238 -192.248 -58.6426 574.371
GPRESSURE: 255000 66.2304 159.672 109.781 -290.629 75.8987 361.238 -67.7001 221.256 619.702
PRESSAVG: 255000 -323.509 12.8872 17.5206 43.1819 -237.309 32.9839 10.1057 5.43886 5.4941
GPRESSAVG: 255000 -323.05 13.1197 17.5468 42.9134 -237.062 32.6662 9.95861 5.24292 5.08509
ENERGY:  255000         0.0000         0.0000         0.0000         0.0000          -5590.7464       414.1065         0.0000         0.0000       944.9829          -4231.6570       300.2128     -5176.6399     -4228.9520       303.4494            226.6621       253.9436     22837.3686      -185.1080      -185.0089

LDB: ============= START OF LOAD BALANCING ============== 516.816
LDB: ============== END OF LOAD BALANCING =============== 516.816
Info: useSync: 0 useProxySync: 0
LDB: =============== DONE WITH MIGRATION ================ 516.817
LDB: ============= START OF LOAD BALANCING ============== 516.882
LDB: Largest compute 6 load 0.012571 is 23.1% of average load 0.054528
LDB: Average compute 0.003821 is 7.0% of average load 0.054528
LDB: TIME 516.882 LOAD: AVG 0.0545283 MAX 0.0580375  PROXIES: TOTAL 24 MAXPE 4 MAXPATCH 6 None MEM: 0.471549 MB
LDB: TIME 516.882 LOAD: AVG 0.0545283 MAX 0.0580375  PROXIES: TOTAL 28 MAXPE 4 MAXPATCH 8 RefineTorusLB MEM: 0.471549 MB
LDB: TIME 516.882 LOAD: AVG 0.0545283 MAX 0.0580375  PROXIES: TOTAL 28 MAXPE 4 MAXPATCH 8 RefineTorusLB MEM: 0.471549 MB
LDB: ============== END OF LOAD BALANCING =============== 516.882
Info: useSync: 0 useProxySync: 0
LDB: =============== DONE WITH MIGRATION ================ 516.882
LDB: ============= START OF LOAD BALANCING ============== 519.46
LDB: ============== END OF LOAD BALANCING =============== 519.46
Info: useSync: 0 useProxySync: 0
LDB: =============== DONE WITH MIGRATION ================ 519.461
LDB: ============= START OF LOAD BALANCING ============== 519.525
LDB: Largest compute 6 load 0.011411 is 21.5% of average load 0.053164
LDB: Average compute 0.003727 is 7.0% of average load 0.053164
LDB: TIME 519.526 LOAD: AVG 0.0531641 MAX 0.0567824  PROXIES: TOTAL 24 MAXPE 4 MAXPATCH 6 None MEM: 0.471549 MB
LDB: TIME 519.526 LOAD: AVG 0.0531641 MAX 0.0567824  PROXIES: TOTAL 28 MAXPE 4 MAXPATCH 8 RefineTorusLB MEM: 0.471549 MB
LDB: TIME 519.526 LOAD: AVG 0.0531641 MAX 0.0567824  PROXIES: TOTAL 28 MAXPE 4 MAXPATCH 8 RefineTorusLB MEM: 0.471549 MB
LDB: ============== END OF LOAD BALANCING =============== 519.526
Info: useSync: 0 useProxySync: 0
LDB: =============== DONE WITH MIGRATION ================ 519.526
WRITING COORDINATES TO DCD FILE MDequil.dcd AT STEP 260000
PRESSURE: 260000 -1343.57 97.6308 263.745 243.747 -715.643 -216.733 249.381 -471.621 -1101.71
GPRESSURE: 260000 -1273.98 8.60511 321.133 77.8334 -657.781 -159.521 283.908 -487.792 -1196.67
PRESSAVG: 260000 -392.656 25.539 10.0252 -13.2651 -411.647 33.1424 10.8616 66.3412 12.6796
GPRESSAVG: 260000 -392.43 25.4699 10.2035 -13.4191 -411.584 33.2022 10.6386 66.4132 12.9026
ENERGY:  260000         0.0000         0.0000         0.0000         0.0000          -5513.8093       353.4671         0.0000         0.0000       910.9655          -4249.3768       289.4057     -5160.3423     -4247.1546       296.7418          -1053.6429     -1042.8095     22979.7978      -263.8745      -263.7039

LDB: ============= START OF LOAD BALANCING ============== 522.076
LDB: ============== END OF LOAD BALANCING =============== 522.076
Info: useSync: 0 useProxySync: 0
LDB: =============== DONE WITH MIGRATION ================ 522.076
LDB: ============= START OF LOAD BALANCING ============== 522.142
LDB: Largest compute 146 load 0.012125 is 22.4% of average load 0.054174
LDB: Average compute 0.003801 is 7.0% of average load 0.054174
LDB: TIME 522.143 LOAD: AVG 0.0541745 MAX 0.0583156  PROXIES: TOTAL 24 MAXPE 4 MAXPATCH 6 None MEM: 0.471549 MB
LDB: TIME 522.143 LOAD: AVG 0.0541745 MAX 0.0583156  PROXIES: TOTAL 28 MAXPE 4 MAXPATCH 8 RefineTorusLB MEM: 0.471549 MB
LDB: TIME 522.143 LOAD: AVG 0.0541745 MAX 0.0583156  PROXIES: TOTAL 28 MAXPE 4 MAXPATCH 8 RefineTorusLB MEM: 0.471549 MB
LDB: ============== END OF LOAD BALANCING =============== 522.143
Info: useSync: 0 useProxySync: 0
LDB: =============== DONE WITH MIGRATION ================ 522.143
LDB: ============= START OF LOAD BALANCING ============== 524.696
LDB: ============== END OF LOAD BALANCING =============== 524.696
Info: useSync: 0 useProxySync: 0
LDB: =============== DONE WITH MIGRATION ================ 524.696
LDB: ============= START OF LOAD BALANCING ============== 524.762
LDB: Largest compute 146 load 0.012194 is 22.8% of average load 0.053564
LDB: Average compute 0.003768 is 7.0% of average load 0.053564
LDB: TIME 524.762 LOAD: AVG 0.0535642 MAX 0.058187  PROXIES: TOTAL 24 MAXPE 4 MAXPATCH 6 None MEM: 0.471549 MB
LDB: TIME 524.762 LOAD: AVG 0.0535642 MAX 0.058187  PROXIES: TOTAL 28 MAXPE 4 MAXPATCH 8 RefineTorusLB MEM: 0.471549 MB
LDB: TIME 524.762 LOAD: AVG 0.0535642 MAX 0.058187  PROXIES: TOTAL 28 MAXPE 4 MAXPATCH 8 RefineTorusLB MEM: 0.471549 MB
LDB: ============== END OF LOAD BALANCING =============== 524.762
Info: useSync: 0 useProxySync: 0
LDB: =============== DONE WITH MIGRATION ================ 524.762
LDB: ============= START OF LOAD BALANCING ============== 527.357
LDB: ============== END OF LOAD BALANCING =============== 527.357
Info: useSync: 0 useProxySync: 0
LDB: =============== DONE WITH MIGRATION ================ 527.357
LDB: ============= START OF LOAD BALANCING ============== 527.425
LDB: Largest compute 6 load 0.012431 is 22.9% of average load 0.054305
LDB: Average compute 0.003825 is 7.0% of average load 0.054305
LDB: TIME 527.425 LOAD: AVG 0.0543053 MAX 0.0607753  PROXIES: TOTAL 24 MAXPE 4 MAXPATCH 6 None MEM: 0.471549 MB
LDB: TIME 527.425 LOAD: AVG 0.0543053 MAX 0.0607753  PROXIES: TOTAL 28 MAXPE 4 MAXPATCH 8 RefineTorusLB MEM: 0.471549 MB
LDB: TIME 527.425 LOAD: AVG 0.0543053 MAX 0.059109  PROXIES: TOTAL 29 MAXPE 4 MAXPATCH 8 RefineTorusLB MEM: 0.471549 MB
LDB: ============== END OF LOAD BALANCING =============== 527.425
Info: useSync: 0 useProxySync: 0
LDB: =============== DONE WITH MIGRATION ================ 527.425
WRITING COORDINATES TO DCD FILE MDequil.dcd AT STEP 265000
PRESSURE: 265000 218.648 -100.928 -467.456 -155.047 -360.345 110.913 8.68101 -17.1479 -187.956
GPRESSURE: 265000 80.8837 -292.606 -342.618 -4.59869 -122.515 45.6515 -197.818 193.393 -243.937
PRESSAVG: 265000 -373.062 42.5483 -17.0913 17.4241 -450.817 -32.4768 -30.9857 28.3036 -22.6364
GPRESSAVG: 265000 -373.421 42.6239 -17.106 17.6203 -450.575 -32.4343 -31.1498 28.3366 -22.6573
ENERGY:  265000         0.0000         0.0000         0.0000         0.0000          -5642.1317       386.2237         0.0000         0.0000       917.6942          -4338.2138       291.5434     -5255.9080     -4336.6796       295.3525           -109.8843       -95.1893     22407.9093      -282.1719      -282.2178

LDB: ============= START OF LOAD BALANCING ============== 529.979
LDB: ============== END OF LOAD BALANCING =============== 529.979
Info: useSync: 0 useProxySync: 0
LDB: =============== DONE WITH MIGRATION ================ 529.979
LDB: ============= START OF LOAD BALANCING ============== 530.044
LDB: Largest compute 146 load 0.012651 is 23.4% of average load 0.054059
LDB: Average compute 0.003792 is 7.0% of average load 0.054059
LDB: TIME 530.044 LOAD: AVG 0.0540591 MAX 0.0560886  PROXIES: TOTAL 24 MAXPE 4 MAXPATCH 6 None MEM: 0.471549 MB
LDB: TIME 530.044 LOAD: AVG 0.0540591 MAX 0.0560886  PROXIES: TOTAL 29 MAXPE 4 MAXPATCH 8 RefineTorusLB MEM: 0.471549 MB
LDB: TIME 530.044 LOAD: AVG 0.0540591 MAX 0.0560886  PROXIES: TOTAL 29 MAXPE 4 MAXPATCH 8 RefineTorusLB MEM: 0.471549 MB
LDB: ============== END OF LOAD BALANCING =============== 530.045
Info: useSync: 0 useProxySync: 0
LDB: =============== DONE WITH MIGRATION ================ 530.045
LDB: ============= START OF LOAD BALANCING ============== 532.565
LDB: ============== END OF LOAD BALANCING =============== 532.565
Info: useSync: 0 useProxySync: 0
LDB: =============== DONE WITH MIGRATION ================ 532.565
LDB: ============= START OF LOAD BALANCING ============== 532.629
LDB: Largest compute 146 load 0.012634 is 23.6% of average load 0.053543
LDB: Average compute 0.003748 is 7.0% of average load 0.053543
LDB: TIME 532.629 LOAD: AVG 0.0535433 MAX 0.0565493  PROXIES: TOTAL 24 MAXPE 4 MAXPATCH 6 None MEM: 0.471549 MB
LDB: TIME 532.63 LOAD: AVG 0.0535433 MAX 0.0565493  PROXIES: TOTAL 29 MAXPE 4 MAXPATCH 8 RefineTorusLB MEM: 0.471549 MB
LDB: TIME 532.63 LOAD: AVG 0.0535433 MAX 0.0565493  PROXIES: TOTAL 29 MAXPE 4 MAXPATCH 8 RefineTorusLB MEM: 0.471549 MB
LDB: ============== END OF LOAD BALANCING =============== 532.63
Info: useSync: 0 useProxySync: 0
LDB: =============== DONE WITH MIGRATION ================ 532.63
WRITING COORDINATES TO DCD FILE MDequil.dcd AT STEP 270000
PRESSURE: 270000 -598.799 152.519 648.66 402.473 118.967 -655.664 792.637 108.98 1005.72
GPRESSURE: 270000 -804.278 234.499 651.957 147.479 126.073 -420.622 828.066 -379.433 1266.13
PRESSAVG: 270000 -432.966 7.73165 -9.49903 -40.2028 -362.83 28.4026 -33.1228 -62.2043 -23.3214
GPRESSAVG: 270000 -432.78 7.71431 -9.35886 -40.4431 -362.754 28.1999 -33.0079 -62.5997 -22.9849
ENERGY:  270000         0.0000         0.0000         0.0000         0.0000          -5604.8502       404.3171         0.0000         0.0000       985.3753          -4215.1579       313.0451     -5200.5331     -4213.6675       301.6729            175.2967       195.9749     22373.5085      -273.0391      -272.8396

LDB: ============= START OF LOAD BALANCING ============== 535.179
LDB: ============== END OF LOAD BALANCING =============== 535.179
Info: useSync: 0 useProxySync: 0
LDB: =============== DONE WITH MIGRATION ================ 535.179
LDB: ============= START OF LOAD BALANCING ============== 535.243
LDB: Largest compute 150 load 0.012547 is 23.4% of average load 0.053647
LDB: Average compute 0.003765 is 7.0% of average load 0.053647
LDB: TIME 535.243 LOAD: AVG 0.0536466 MAX 0.0577141  PROXIES: TOTAL 24 MAXPE 4 MAXPATCH 6 None MEM: 0.471549 MB
LDB: TIME 535.243 LOAD: AVG 0.0536466 MAX 0.0577141  PROXIES: TOTAL 29 MAXPE 4 MAXPATCH 8 RefineTorusLB MEM: 0.471549 MB
LDB: TIME 535.244 LOAD: AVG 0.0536466 MAX 0.0577141  PROXIES: TOTAL 29 MAXPE 4 MAXPATCH 8 RefineTorusLB MEM: 0.471549 MB
LDB: ============== END OF LOAD BALANCING =============== 535.244
Info: useSync: 0 useProxySync: 0
LDB: =============== DONE WITH MIGRATION ================ 535.244
LDB: ============= START OF LOAD BALANCING ============== 537.781
LDB: ============== END OF LOAD BALANCING =============== 537.781
Info: useSync: 0 useProxySync: 0
LDB: =============== DONE WITH MIGRATION ================ 537.782
LDB: ============= START OF LOAD BALANCING ============== 537.847
LDB: Largest compute 149 load 0.011952 is 22.2% of average load 0.053957
LDB: Average compute 0.003787 is 7.0% of average load 0.053957
LDB: TIME 537.847 LOAD: AVG 0.0539566 MAX 0.0587979  PROXIES: TOTAL 24 MAXPE 4 MAXPATCH 6 None MEM: 0.471549 MB
LDB: TIME 537.847 LOAD: AVG 0.0539566 MAX 0.0587979  PROXIES: TOTAL 29 MAXPE 4 MAXPATCH 8 RefineTorusLB MEM: 0.471549 MB
LDB: TIME 537.847 LOAD: AVG 0.0539566 MAX 0.0587979  PROXIES: TOTAL 29 MAXPE 4 MAXPATCH 8 RefineTorusLB MEM: 0.471549 MB
LDB: ============== END OF LOAD BALANCING =============== 537.847
Info: useSync: 0 useProxySync: 0
LDB: =============== DONE WITH MIGRATION ================ 537.847
LDB: ============= START OF LOAD BALANCING ============== 540.384
LDB: ============== END OF LOAD BALANCING =============== 540.384
Info: useSync: 0 useProxySync: 0
LDB: =============== DONE WITH MIGRATION ================ 540.384
LDB: ============= START OF LOAD BALANCING ============== 540.449
LDB: Largest compute 150 load 0.011862 is 22.0% of average load 0.053852
LDB: Average compute 0.003784 is 7.0% of average load 0.053852
LDB: TIME 540.45 LOAD: AVG 0.0538521 MAX 0.0599805  PROXIES: TOTAL 24 MAXPE 4 MAXPATCH 6 None MEM: 0.471549 MB
LDB: TIME 540.45 LOAD: AVG 0.0538521 MAX 0.0599805  PROXIES: TOTAL 29 MAXPE 4 MAXPATCH 8 RefineTorusLB MEM: 0.471549 MB
LDB: TIME 540.45 LOAD: AVG 0.0538521 MAX 0.0585617  PROXIES: TOTAL 28 MAXPE 4 MAXPATCH 8 RefineTorusLB MEM: 0.471549 MB
LDB: ============== END OF LOAD BALANCING =============== 540.45
Info: useSync: 0 useProxySync: 0
LDB: =============== DONE WITH MIGRATION ================ 540.45
WRITING COORDINATES TO DCD FILE MDequil.dcd AT STEP 275000
PRESSURE: 275000 -1460.97 133.732 31.6495 329.272 -310.759 549.761 -4.51647 -84.1551 -1167.37
GPRESSURE: 275000 -1280.3 37.8415 -36.1391 671.234 -426.554 274.337 169.093 128.899 -1196.88
PRESSAVG: 275000 -312.878 -29.7726 -15.9651 -28.1369 -290.641 -62.2717 -11.918 -21.5506 4.64909
GPRESSAVG: 275000 -313.331 -29.8788 -16.5288 -27.6965 -290.587 -62.3267 -11.4274 -20.9781 4.67098
ENERGY:  275000         0.0000         0.0000         0.0000         0.0000          -5500.7200       325.8822         0.0000         0.0000       960.6403          -4214.1975       305.1870     -5174.8378     -4212.3270       302.8402           -979.6971      -967.9094     22796.0508      -199.6235      -199.7490

LDB: ============= START OF LOAD BALANCING ============== 543.037
LDB: ============== END OF LOAD BALANCING =============== 543.037
Info: useSync: 0 useProxySync: 0
LDB: =============== DONE WITH MIGRATION ================ 543.04
LDB: ============= START OF LOAD BALANCING ============== 543.105
LDB: Largest compute 149 load 0.012331 is 23.0% of average load 0.053704
LDB: Average compute 0.003769 is 7.0% of average load 0.053704
LDB: TIME 543.105 LOAD: AVG 0.0537038 MAX 0.056931  PROXIES: TOTAL 24 MAXPE 4 MAXPATCH 6 None MEM: 0.471549 MB
LDB: TIME 543.105 LOAD: AVG 0.0537038 MAX 0.056931  PROXIES: TOTAL 28 MAXPE 4 MAXPATCH 8 RefineTorusLB MEM: 0.471549 MB
LDB: TIME 543.105 LOAD: AVG 0.0537038 MAX 0.056931  PROXIES: TOTAL 28 MAXPE 4 MAXPATCH 8 RefineTorusLB MEM: 0.471549 MB
LDB: ============== END OF LOAD BALANCING =============== 543.106
Info: useSync: 0 useProxySync: 0
LDB: =============== DONE WITH MIGRATION ================ 543.106
LDB: ============= START OF LOAD BALANCING ============== 545.677
LDB: ============== END OF LOAD BALANCING =============== 545.677
Info: useSync: 0 useProxySync: 0
LDB: =============== DONE WITH MIGRATION ================ 545.685
LDB: ============= START OF LOAD BALANCING ============== 545.752
LDB: Largest compute 147 load 0.012174 is 23.1% of average load 0.052598
LDB: Average compute 0.003691 is 7.0% of average load 0.052598
LDB: TIME 545.752 LOAD: AVG 0.0525983 MAX 0.0559553  PROXIES: TOTAL 24 MAXPE 4 MAXPATCH 6 None MEM: 0.471549 MB
LDB: TIME 545.752 LOAD: AVG 0.0525983 MAX 0.0559553  PROXIES: TOTAL 28 MAXPE 4 MAXPATCH 8 RefineTorusLB MEM: 0.471549 MB
LDB: TIME 545.753 LOAD: AVG 0.0525983 MAX 0.0559553  PROXIES: TOTAL 28 MAXPE 4 MAXPATCH 8 RefineTorusLB MEM: 0.471549 MB
LDB: ============== END OF LOAD BALANCING =============== 545.753
Info: useSync: 0 useProxySync: 0
LDB: =============== DONE WITH MIGRATION ================ 545.753
PRESSURE: 280000 380.399 -257.889 -32.6779 -391.362 -740.069 182.816 140.314 314.152 -126.042
GPRESSURE: 280000 407.548 -338.544 -23.0673 -138.31 -468.788 247.583 123.998 -29.6602 -339.235
PRESSAVG: 280000 -348.076 7.25733 6.09871 3.40754 -406.973 -1.9839 -3.78682 -57.5988 -11.9548
GPRESSAVG: 280000 -348.076 7.25175 6.83805 3.87349 -407.095 -2.12918 -4.467 -58.1857 -12.3563
ENERGY:  280000         0.0000         0.0000         0.0000         0.0000          -5609.8200       427.6709         0.0000         0.0000       932.0542          -4250.0950       296.1054     -5182.1492     -4247.9743       299.0309           -161.9038      -133.4914     22902.1855      -255.6680      -255.8422

WRITING COORDINATES TO DCD FILE MDequil.dcd AT STEP 280000
LDB: ============= START OF LOAD BALANCING ============== 548.331
LDB: ============== END OF LOAD BALANCING =============== 548.331
Info: useSync: 0 useProxySync: 0
LDB: =============== DONE WITH MIGRATION ================ 548.331
LDB: ============= START OF LOAD BALANCING ============== 548.397
LDB: Largest compute 147 load 0.012963 is 24.0% of average load 0.054113
LDB: Average compute 0.003804 is 7.0% of average load 0.054113
LDB: TIME 548.397 LOAD: AVG 0.0541125 MAX 0.0588019  PROXIES: TOTAL 24 MAXPE 4 MAXPATCH 6 None MEM: 0.471549 MB
LDB: TIME 548.397 LOAD: AVG 0.0541125 MAX 0.0588019  PROXIES: TOTAL 28 MAXPE 4 MAXPATCH 8 RefineTorusLB MEM: 0.471549 MB
LDB: TIME 548.398 LOAD: AVG 0.0541125 MAX 0.0588019  PROXIES: TOTAL 28 MAXPE 4 MAXPATCH 8 RefineTorusLB MEM: 0.471549 MB
LDB: ============== END OF LOAD BALANCING =============== 548.405
Info: useSync: 0 useProxySync: 0
LDB: =============== DONE WITH MIGRATION ================ 548.407
LDB: ============= START OF LOAD BALANCING ============== 550.965
LDB: ============== END OF LOAD BALANCING =============== 550.966
Info: useSync: 0 useProxySync: 0
LDB: =============== DONE WITH MIGRATION ================ 550.973
LDB: ============= START OF LOAD BALANCING ============== 551.04
LDB: Largest compute 150 load 0.013890 is 26.3% of average load 0.052813
LDB: Average compute 0.003714 is 7.0% of average load 0.052813
LDB: TIME 551.041 LOAD: AVG 0.0528135 MAX 0.0575412  PROXIES: TOTAL 24 MAXPE 4 MAXPATCH 6 None MEM: 0.471549 MB
LDB: TIME 551.041 LOAD: AVG 0.0528135 MAX 0.0575412  PROXIES: TOTAL 28 MAXPE 4 MAXPATCH 8 RefineTorusLB MEM: 0.471549 MB
LDB: TIME 551.041 LOAD: AVG 0.0528135 MAX 0.0575412  PROXIES: TOTAL 28 MAXPE 4 MAXPATCH 8 RefineTorusLB MEM: 0.471549 MB
LDB: ============== END OF LOAD BALANCING =============== 551.041
Info: useSync: 0 useProxySync: 0
LDB: =============== DONE WITH MIGRATION ================ 551.041
LDB: ============= START OF LOAD BALANCING ============== 553.606
LDB: ============== END OF LOAD BALANCING =============== 553.606
Info: useSync: 0 useProxySync: 0
LDB: =============== DONE WITH MIGRATION ================ 553.607
LDB: ============= START OF LOAD BALANCING ============== 553.673
LDB: Largest compute 146 load 0.012432 is 22.7% of average load 0.054742
LDB: Average compute 0.003857 is 7.0% of average load 0.054742
LDB: TIME 553.674 LOAD: AVG 0.0547421 MAX 0.0588337  PROXIES: TOTAL 24 MAXPE 4 MAXPATCH 6 None MEM: 0.471549 MB
LDB: TIME 553.674 LOAD: AVG 0.0547421 MAX 0.0588337  PROXIES: TOTAL 28 MAXPE 4 MAXPATCH 8 RefineTorusLB MEM: 0.471549 MB
LDB: TIME 553.674 LOAD: AVG 0.0547421 MAX 0.0588337  PROXIES: TOTAL 28 MAXPE 4 MAXPATCH 8 RefineTorusLB MEM: 0.471549 MB
LDB: ============== END OF LOAD BALANCING =============== 553.674
Info: useSync: 0 useProxySync: 0
LDB: =============== DONE WITH MIGRATION ================ 553.674
WRITING COORDINATES TO DCD FILE MDequil.dcd AT STEP 285000
PRESSURE: 285000 -36.4008 135.011 -442.189 -51.4795 -739.8 306.138 -171.857 790.07 -109.284
GPRESSURE: 285000 6.52059 -60.8761 -657.571 92.6853 -759.974 75.4842 153.013 832.99 -61.8373
PRESSAVG: 285000 -401.925 -0.41053 -101.585 23.3391 -334.342 7.73954 -54.0987 -6.99084 22.8848
GPRESSAVG: 285000 -401.664 -0.558606 -101.828 23.4893 -334.387 7.63708 -53.8603 -6.58628 22.7276
ENERGY:  285000         0.0000         0.0000         0.0000         0.0000          -5636.8720       410.2278         0.0000         0.0000       958.5022          -4268.1419       304.5077     -5226.6442     -4265.6891       300.2429           -295.1615      -271.7635     22752.2920      -237.7941      -237.7743

LDB: ============= START OF LOAD BALANCING ============== 556.282
LDB: ============== END OF LOAD BALANCING =============== 556.282
Info: useSync: 0 useProxySync: 0
LDB: =============== DONE WITH MIGRATION ================ 556.282
LDB: ============= START OF LOAD BALANCING ============== 556.348
LDB: Largest compute 150 load 0.012094 is 22.5% of average load 0.053703
LDB: Average compute 0.003779 is 7.0% of average load 0.053703
LDB: TIME 556.348 LOAD: AVG 0.0537029 MAX 0.0576806  PROXIES: TOTAL 24 MAXPE 4 MAXPATCH 6 None MEM: 0.471549 MB
LDB: TIME 556.348 LOAD: AVG 0.0537029 MAX 0.0576806  PROXIES: TOTAL 28 MAXPE 4 MAXPATCH 8 RefineTorusLB MEM: 0.471549 MB
LDB: TIME 556.348 LOAD: AVG 0.0537029 MAX 0.0576806  PROXIES: TOTAL 28 MAXPE 4 MAXPATCH 8 RefineTorusLB MEM: 0.471549 MB
LDB: ============== END OF LOAD BALANCING =============== 556.348
Info: useSync: 0 useProxySync: 0
LDB: =============== DONE WITH MIGRATION ================ 556.348
LDB: ============= START OF LOAD BALANCING ============== 558.917
LDB: ============== END OF LOAD BALANCING =============== 558.917
Info: useSync: 0 useProxySync: 0
LDB: =============== DONE WITH MIGRATION ================ 558.92
LDB: ============= START OF LOAD BALANCING ============== 558.993
LDB: Largest compute 149 load 0.014400 is 26.5% of average load 0.054327
LDB: Average compute 0.003804 is 7.0% of average load 0.054327
LDB: TIME 558.993 LOAD: AVG 0.0543266 MAX 0.0619378  PROXIES: TOTAL 24 MAXPE 4 MAXPATCH 6 None MEM: 0.471549 MB
LDB: TIME 558.993 LOAD: AVG 0.0543266 MAX 0.0619378  PROXIES: TOTAL 28 MAXPE 4 MAXPATCH 8 RefineTorusLB MEM: 0.471549 MB
LDB: TIME 558.993 LOAD: AVG 0.0543266 MAX 0.0590185  PROXIES: TOTAL 27 MAXPE 4 MAXPATCH 8 RefineTorusLB MEM: 0.471549 MB
LDB: ============== END OF LOAD BALANCING =============== 558.993
Info: useSync: 0 useProxySync: 0
LDB: =============== DONE WITH MIGRATION ================ 558.993
WRITING COORDINATES TO DCD FILE MDequil.dcd AT STEP 290000
PRESSURE: 290000 24.296 249.735 -177.518 418.007 4.61052 -404.623 395.397 -308.472 -58.4604
GPRESSURE: 290000 16.9543 354.121 -421.177 327.712 49.3444 -498.887 478.405 -226.784 2.54234
PRESSAVG: 290000 -360.478 11.5249 -22.2914 13.905 -339.088 12.4429 20.5439 -71.3666 -3.60573
GPRESSAVG: 290000 -360.538 11.7123 -22.3434 13.7051 -338.791 12.6949 20.3811 -71.5498 -4.01301
ENERGY:  290000         0.0000         0.0000         0.0000         0.0000          -5660.3191       417.3186         0.0000         0.0000       938.6899          -4304.3106       298.2135     -5243.0005     -4302.9664       298.6278             -9.8513        22.9470     22562.5848      -234.3906      -234.4472

LDB: ============= START OF LOAD BALANCING ============== 561.756
LDB: ============== END OF LOAD BALANCING =============== 561.756
Info: useSync: 0 useProxySync: 0
LDB: =============== DONE WITH MIGRATION ================ 561.756
LDB: ============= START OF LOAD BALANCING ============== 561.822
LDB: Largest compute 146 load 0.012812 is 23.5% of average load 0.054489
LDB: Average compute 0.003830 is 7.0% of average load 0.054489
LDB: TIME 561.822 LOAD: AVG 0.0544888 MAX 0.0591702  PROXIES: TOTAL 24 MAXPE 4 MAXPATCH 6 None MEM: 0.471549 MB
LDB: TIME 561.822 LOAD: AVG 0.0544888 MAX 0.0591702  PROXIES: TOTAL 27 MAXPE 4 MAXPATCH 8 RefineTorusLB MEM: 0.471549 MB
LDB: TIME 561.822 LOAD: AVG 0.0544888 MAX 0.0591702  PROXIES: TOTAL 27 MAXPE 4 MAXPATCH 8 RefineTorusLB MEM: 0.471549 MB
LDB: ============== END OF LOAD BALANCING =============== 561.822
Info: useSync: 0 useProxySync: 0
LDB: =============== DONE WITH MIGRATION ================ 561.823
LDB: ============= START OF LOAD BALANCING ============== 564.369
LDB: ============== END OF LOAD BALANCING =============== 564.369
Info: useSync: 0 useProxySync: 0
LDB: =============== DONE WITH MIGRATION ================ 564.372
LDB: ============= START OF LOAD BALANCING ============== 564.438
LDB: Largest compute 146 load 0.012286 is 22.6% of average load 0.054471
LDB: Average compute 0.003825 is 7.0% of average load 0.054471
LDB: TIME 564.438 LOAD: AVG 0.0544714 MAX 0.0604101  PROXIES: TOTAL 24 MAXPE 4 MAXPATCH 6 None MEM: 0.471549 MB
LDB: TIME 564.438 LOAD: AVG 0.0544714 MAX 0.0604101  PROXIES: TOTAL 27 MAXPE 4 MAXPATCH 8 RefineTorusLB MEM: 0.471549 MB
LDB: TIME 564.438 LOAD: AVG 0.0544714 MAX 0.0592394  PROXIES: TOTAL 27 MAXPE 4 MAXPATCH 8 RefineTorusLB MEM: 0.471549 MB
LDB: ============== END OF LOAD BALANCING =============== 564.439
Info: useSync: 0 useProxySync: 0
LDB: =============== DONE WITH MIGRATION ================ 564.439
LDB: ============= START OF LOAD BALANCING ============== 567.014
LDB: ============== END OF LOAD BALANCING =============== 567.014
Info: useSync: 0 useProxySync: 0
LDB: =============== DONE WITH MIGRATION ================ 567.014
LDB: ============= START OF LOAD BALANCING ============== 567.079
LDB: Largest compute 150 load 0.013173 is 24.6% of average load 0.053636
LDB: Average compute 0.003770 is 7.0% of average load 0.053636
LDB: TIME 567.079 LOAD: AVG 0.0536362 MAX 0.0579329  PROXIES: TOTAL 24 MAXPE 4 MAXPATCH 6 None MEM: 0.471549 MB
LDB: TIME 567.08 LOAD: AVG 0.0536362 MAX 0.0579329  PROXIES: TOTAL 27 MAXPE 4 MAXPATCH 8 RefineTorusLB MEM: 0.471549 MB
LDB: TIME 567.08 LOAD: AVG 0.0536362 MAX 0.0579329  PROXIES: TOTAL 27 MAXPE 4 MAXPATCH 8 RefineTorusLB MEM: 0.471549 MB
LDB: ============== END OF LOAD BALANCING =============== 567.08
Info: useSync: 0 useProxySync: 0
LDB: =============== DONE WITH MIGRATION ================ 567.08
PRESSURE: 295000 82.4969 -187.324 174.923 -356.916 -447.594 -854.806 125.083 -802.083 -902.774
GPRESSURE: 295000 155.37 -178.643 236.144 -347.228 -466.084 -579.666 -306.431 -1294.33 -894.908
PRESSAVG: 295000 -274.494 -7.21596 31.0265 5.38185 -308.033 4.46294 31.9321 -19.1144 1.40661
GPRESSAVG: 295000 -274.731 -7.74696 30.4154 5.30618 -308.204 3.76173 32.1876 -19.1695 1.58245
ENERGY:  295000         0.0000         0.0000         0.0000         0.0000          -5633.1968       387.0983         0.0000         0.0000       950.6816          -4295.4168       302.0232     -5246.0984     -4293.2776       293.4859           -422.6236      -401.8742     22415.4735      -193.7066      -193.7842

WRITING COORDINATES TO DCD FILE MDequil.dcd AT STEP 295000
LDB: ============= START OF LOAD BALANCING ============== 569.683
LDB: ============== END OF LOAD BALANCING =============== 569.683
Info: useSync: 0 useProxySync: 0
LDB: =============== DONE WITH MIGRATION ================ 569.694
LDB: ============= START OF LOAD BALANCING ============== 569.759
LDB: Largest compute 149 load 0.012265 is 22.5% of average load 0.054468
LDB: Average compute 0.003766 is 6.9% of average load 0.054468
LDB: TIME 569.759 LOAD: AVG 0.0544682 MAX 0.0577224  PROXIES: TOTAL 24 MAXPE 4 MAXPATCH 6 None MEM: 0.471549 MB
LDB: TIME 569.759 LOAD: AVG 0.0544682 MAX 0.0577224  PROXIES: TOTAL 27 MAXPE 4 MAXPATCH 8 RefineTorusLB MEM: 0.471549 MB
LDB: TIME 569.759 LOAD: AVG 0.0544682 MAX 0.0577224  PROXIES: TOTAL 27 MAXPE 4 MAXPATCH 8 RefineTorusLB MEM: 0.471549 MB
LDB: ============== END OF LOAD BALANCING =============== 569.76
Info: useSync: 0 useProxySync: 0
LDB: =============== DONE WITH MIGRATION ================ 569.76
LDB: ============= START OF LOAD BALANCING ============== 572.314
LDB: ============== END OF LOAD BALANCING =============== 572.314
Info: useSync: 0 useProxySync: 0
LDB: =============== DONE WITH MIGRATION ================ 572.314
LDB: ============= START OF LOAD BALANCING ============== 572.38
LDB: Largest compute 149 load 0.013444 is 25.0% of average load 0.053750
LDB: Average compute 0.003778 is 7.0% of average load 0.053750
LDB: TIME 572.38 LOAD: AVG 0.0537502 MAX 0.0574643  PROXIES: TOTAL 24 MAXPE 4 MAXPATCH 6 None MEM: 0.471549 MB
LDB: TIME 572.38 LOAD: AVG 0.0537502 MAX 0.0574643  PROXIES: TOTAL 27 MAXPE 4 MAXPATCH 8 RefineTorusLB MEM: 0.471549 MB
LDB: TIME 572.38 LOAD: AVG 0.0537502 MAX 0.0574643  PROXIES: TOTAL 27 MAXPE 4 MAXPATCH 8 RefineTorusLB MEM: 0.471549 MB
LDB: ============== END OF LOAD BALANCING =============== 572.38
Info: useSync: 0 useProxySync: 0
LDB: =============== DONE WITH MIGRATION ================ 572.38
WRITING COORDINATES TO DCD FILE MDequil.dcd AT STEP 300000
WRITING COORDINATES TO RESTART FILE AT STEP 300000
FINISHED WRITING RESTART COORDINATES
WRITING VELOCITIES TO RESTART FILE AT STEP 300000
FINISHED WRITING RESTART VELOCITIES
PRESSURE: 300000 224.489 293.71 358.629 153.415 -947.452 -10.5067 -277.785 -55.9253 -758.086
GPRESSURE: 300000 193.663 276.753 190.454 252.441 -912.873 148.028 99.6248 -232.251 -670.736
PRESSAVG: 300000 -443.603 22.1086 7.1171 59.8472 -377.153 -1.4946 14.9571 74.1608 5.34998
GPRESSAVG: 300000 -443.25 22.5116 7.31878 59.75 -376.989 -1.072 15.0038 74.1861 4.93536
TIMING: 300000  CPU: 539.692, 0.00131706/step  Wall: 563.311, 0.00132202/step, 0.0734453 hours remaining, 0.471549 MB of memory in use.
PERFORMANCE: 300000  averaging 92.0283 ns/day, 0.00187768 sec/step with standard deviation 0.000666238
ETITLE:      TS           BOND          ANGLE          DIHED          IMPRP               ELECT            VDW       BOUNDARY           MISC        KINETIC               TOTAL           TEMP      POTENTIAL         TOTAL3        TEMPAVG            PRESSURE      GPRESSURE         VOLUME       PRESSAVG      GPRESSAVG

ENERGY:  300000         0.0000         0.0000         0.0000         0.0000          -5607.7646       385.2872         0.0000         0.0000       924.7201          -4297.7574       293.7754     -5222.4774     -4295.7814       299.3218           -493.6831      -463.3152     22853.9935      -271.8020      -271.7679

WRITING EXTENDED SYSTEM TO RESTART FILE AT STEP 300000
LDB: ============= START OF LOAD BALANCING ============== 574.967
LDB: ============== END OF LOAD BALANCING =============== 574.967
Info: useSync: 0 useProxySync: 0
LDB: =============== DONE WITH MIGRATION ================ 574.967
LDB: ============= START OF LOAD BALANCING ============== 575.031
LDB: Largest compute 149 load 0.012439 is 23.5% of average load 0.052956
LDB: Average compute 0.003715 is 7.0% of average load 0.052956
LDB: TIME 575.031 LOAD: AVG 0.052956 MAX 0.0558459  PROXIES: TOTAL 24 MAXPE 4 MAXPATCH 6 None MEM: 0.471549 MB
LDB: TIME 575.031 LOAD: AVG 0.052956 MAX 0.0558459  PROXIES: TOTAL 27 MAXPE 4 MAXPATCH 8 RefineTorusLB MEM: 0.471549 MB
LDB: TIME 575.031 LOAD: AVG 0.052956 MAX 0.0558459  PROXIES: TOTAL 27 MAXPE 4 MAXPATCH 8 RefineTorusLB MEM: 0.471549 MB
LDB: ============== END OF LOAD BALANCING =============== 575.031
Info: useSync: 0 useProxySync: 0
LDB: =============== DONE WITH MIGRATION ================ 575.032
LDB: ============= START OF LOAD BALANCING ============== 577.624
LDB: ============== END OF LOAD BALANCING =============== 577.624
Info: useSync: 0 useProxySync: 0
LDB: =============== DONE WITH MIGRATION ================ 577.624
LDB: ============= START OF LOAD BALANCING ============== 577.691
LDB: Largest compute 149 load 0.012258 is 22.7% of average load 0.053989
LDB: Average compute 0.003798 is 7.0% of average load 0.053989
LDB: TIME 577.692 LOAD: AVG 0.0539889 MAX 0.0578512  PROXIES: TOTAL 24 MAXPE 4 MAXPATCH 6 None MEM: 0.471549 MB
LDB: TIME 577.692 LOAD: AVG 0.0539889 MAX 0.0578512  PROXIES: TOTAL 27 MAXPE 4 MAXPATCH 8 RefineTorusLB MEM: 0.471549 MB
LDB: TIME 577.692 LOAD: AVG 0.0539889 MAX 0.0578512  PROXIES: TOTAL 27 MAXPE 4 MAXPATCH 8 RefineTorusLB MEM: 0.471549 MB
LDB: ============== END OF LOAD BALANCING =============== 577.692
Info: useSync: 0 useProxySync: 0
LDB: =============== DONE WITH MIGRATION ================ 577.692
LDB: ============= START OF LOAD BALANCING ============== 580.245
LDB: ============== END OF LOAD BALANCING =============== 580.245
Info: useSync: 0 useProxySync: 0
LDB: =============== DONE WITH MIGRATION ================ 580.245
LDB: ============= START OF LOAD BALANCING ============== 580.32
LDB: Largest compute 146 load 0.012006 is 22.2% of average load 0.054131
LDB: Average compute 0.003736 is 6.9% of average load 0.054131
LDB: TIME 580.32 LOAD: AVG 0.054131 MAX 0.0657433  PROXIES: TOTAL 24 MAXPE 4 MAXPATCH 6 None MEM: 0.471549 MB
LDB: TIME 580.321 LOAD: AVG 0.054131 MAX 0.0657433  PROXIES: TOTAL 27 MAXPE 4 MAXPATCH 8 RefineTorusLB MEM: 0.471549 MB
LDB: TIME 580.321 LOAD: AVG 0.054131 MAX 0.0577564  PROXIES: TOTAL 27 MAXPE 4 MAXPATCH 8 RefineTorusLB MEM: 0.471549 MB
LDB: ============== END OF LOAD BALANCING =============== 580.321
Info: useSync: 0 useProxySync: 0
LDB: =============== DONE WITH MIGRATION ================ 580.321
PRESSURE: 305000 -665.616 -262.81 -274.502 -321.192 -696.961 -296.961 -572.832 -439.882 -731.858
GPRESSURE: 305000 -582.2 18.4104 -259.474 -248.571 -712.944 -195.588 -487.898 -372.99 -725.052
PRESSAVG: 305000 -344.485 21.536 -69.0066 -0.0308382 -356.299 -15.7448 -37.4576 -2.86758 28.9419
GPRESSAVG: 305000 -344.393 21.3847 -69.0423 0.662754 -356.871 -16.1814 -37.4648 -2.90407 29.0873
ENERGY:  305000         0.0000         0.0000         0.0000         0.0000          -5613.1770       379.7438         0.0000         0.0000       961.2446          -4272.1886       305.3790     -5233.4332     -4270.0487       298.9222           -698.1451      -673.3988     22770.2949      -223.9475      -224.0590

WRITING COORDINATES TO DCD FILE MDequil.dcd AT STEP 305000
LDB: ============= START OF LOAD BALANCING ============== 590.186
LDB: ============== END OF LOAD BALANCING =============== 590.19
Info: useSync: 0 useProxySync: 0
LDB: =============== DONE WITH MIGRATION ================ 590.192
LDB: ============= START OF LOAD BALANCING ============== 590.625
LDB: Largest compute 163 load 0.012603 is 23.9% of average load 0.052837
LDB: Average compute 0.003573 is 6.8% of average load 0.052837
LDB: TIME 590.626 LOAD: AVG 0.0528371 MAX 0.0667193  PROXIES: TOTAL 24 MAXPE 4 MAXPATCH 6 None MEM: 0.471549 MB
LDB: TIME 590.626 LOAD: AVG 0.0528371 MAX 0.0667193  PROXIES: TOTAL 27 MAXPE 4 MAXPATCH 8 RefineTorusLB MEM: 0.471549 MB
LDB: TIME 590.626 LOAD: AVG 0.0528371 MAX 0.0570901  PROXIES: TOTAL 27 MAXPE 4 MAXPATCH 8 RefineTorusLB MEM: 0.471549 MB
LDB: ============== END OF LOAD BALANCING =============== 590.628
Info: useSync: 0 useProxySync: 0
LDB: =============== DONE WITH MIGRATION ================ 590.658
LDB: ============= START OF LOAD BALANCING ============== 603.014
LDB: ============== END OF LOAD BALANCING =============== 603.02
Info: useSync: 0 useProxySync: 0
LDB: =============== DONE WITH MIGRATION ================ 603.044
LDB: ============= START OF LOAD BALANCING ============== 603.362
LDB: Largest compute 150 load 0.010692 is 22.1% of average load 0.048339
LDB: Average compute 0.003325 is 6.9% of average load 0.048339
LDB: TIME 603.373 LOAD: AVG 0.0483389 MAX 0.0544205  PROXIES: TOTAL 24 MAXPE 4 MAXPATCH 6 None MEM: 0.471549 MB
LDB: TIME 603.373 LOAD: AVG 0.0483389 MAX 0.0544205  PROXIES: TOTAL 27 MAXPE 4 MAXPATCH 8 RefineTorusLB MEM: 0.471549 MB
LDB: TIME 603.373 LOAD: AVG 0.0483389 MAX 0.0526937  PROXIES: TOTAL 27 MAXPE 4 MAXPATCH 8 RefineTorusLB MEM: 0.471549 MB
LDB: ============== END OF LOAD BALANCING =============== 603.377
Info: useSync: 0 useProxySync: 0
LDB: =============== DONE WITH MIGRATION ================ 603.425
WRITING COORDINATES TO DCD FILE MDequil.dcd AT STEP 310000
PRESSURE: 310000 -181.284 -237.988 -201.913 -158.391 -560.207 -149.915 -434.171 -420.139 -218.108
GPRESSURE: 310000 -92.5176 -111.324 -561.678 -288.162 -584.015 0.432635 -261.293 -489.735 -223.986
PRESSAVG: 310000 -340.417 -20.8386 4.75825 -21.4654 -245.413 -12.0893 29.1602 -15.4043 -16.0564
GPRESSAVG: 310000 -340.516 -20.3243 4.84865 -21.9207 -245.141 -11.7097 29.051 -15.7019 -15.9601
ENERGY:  310000         0.0000         0.0000         0.0000         0.0000          -5538.9489       392.7568         0.0000         0.0000       945.9240          -4200.2681       300.5117     -5146.1921     -4197.3739       304.4735           -319.8664      -300.1729     22953.5217      -200.6288      -200.5393

LDB: ============= START OF LOAD BALANCING ============== 615.886
LDB: ============== END OF LOAD BALANCING =============== 615.892
Info: useSync: 0 useProxySync: 0
LDB: =============== DONE WITH MIGRATION ================ 615.91
LDB: ============= START OF LOAD BALANCING ============== 616.215
LDB: Largest compute 150 load 0.011171 is 22.7% of average load 0.049300
LDB: Average compute 0.003371 is 6.8% of average load 0.049300
LDB: TIME 616.22 LOAD: AVG 0.0493001 MAX 0.0568587  PROXIES: TOTAL 24 MAXPE 4 MAXPATCH 6 None MEM: 0.471549 MB
LDB: TIME 616.22 LOAD: AVG 0.0493001 MAX 0.0568587  PROXIES: TOTAL 27 MAXPE 4 MAXPATCH 8 RefineTorusLB MEM: 0.471549 MB
LDB: TIME 616.22 LOAD: AVG 0.0493001 MAX 0.0537119  PROXIES: TOTAL 27 MAXPE 4 MAXPATCH 8 RefineTorusLB MEM: 0.471549 MB
LDB: ============== END OF LOAD BALANCING =============== 616.226
Info: useSync: 0 useProxySync: 0
LDB: =============== DONE WITH MIGRATION ================ 616.257
LDB: ============= START OF LOAD BALANCING ============== 626.276
LDB: ============== END OF LOAD BALANCING =============== 626.277
Info: useSync: 0 useProxySync: 0
LDB: =============== DONE WITH MIGRATION ================ 626.277
LDB: ============= START OF LOAD BALANCING ============== 626.337
LDB: Largest compute 148 load 0.011200 is 23.2% of average load 0.048368
LDB: Average compute 0.003392 is 7.0% of average load 0.048368
LDB: TIME 626.337 LOAD: AVG 0.0483682 MAX 0.0540498  PROXIES: TOTAL 24 MAXPE 4 MAXPATCH 6 None MEM: 0.471549 MB
LDB: TIME 626.338 LOAD: AVG 0.0483682 MAX 0.0540498  PROXIES: TOTAL 27 MAXPE 4 MAXPATCH 8 RefineTorusLB MEM: 0.471549 MB
LDB: TIME 626.338 LOAD: AVG 0.0483682 MAX 0.0526528  PROXIES: TOTAL 27 MAXPE 4 MAXPATCH 8 RefineTorusLB MEM: 0.471549 MB
LDB: ============== END OF LOAD BALANCING =============== 626.338
Info: useSync: 0 useProxySync: 0
LDB: =============== DONE WITH MIGRATION ================ 626.338
LDB: ============= START OF LOAD BALANCING ============== 628.746
LDB: ============== END OF LOAD BALANCING =============== 628.747
Info: useSync: 0 useProxySync: 0
LDB: =============== DONE WITH MIGRATION ================ 628.757
LDB: ============= START OF LOAD BALANCING ============== 628.819
LDB: Largest compute 147 load 0.011428 is 23.6% of average load 0.048483
LDB: Average compute 0.003403 is 7.0% of average load 0.048483
LDB: TIME 628.82 LOAD: AVG 0.0484826 MAX 0.0544898  PROXIES: TOTAL 24 MAXPE 4 MAXPATCH 6 None MEM: 0.471549 MB
LDB: TIME 628.82 LOAD: AVG 0.0484826 MAX 0.0544898  PROXIES: TOTAL 27 MAXPE 4 MAXPATCH 8 RefineTorusLB MEM: 0.471549 MB
LDB: TIME 628.82 LOAD: AVG 0.0484826 MAX 0.0519973  PROXIES: TOTAL 27 MAXPE 4 MAXPATCH 8 RefineTorusLB MEM: 0.471549 MB
LDB: ============== END OF LOAD BALANCING =============== 628.82
Info: useSync: 0 useProxySync: 0
LDB: =============== DONE WITH MIGRATION ================ 628.82
PRESSURE: 315000 -740.554 -485.321 -10.375 218.913 785.389 -71.0457 271.899 437.02 547.459
GPRESSURE: 315000 -733.877 -601.884 276.53 372.161 794.501 -82.1128 276.147 588.05 604.89
PRESSAVG: 315000 -399.021 -2.06461 -39.6049 55.5104 -316.693 -2.12521 30.0431 -14.384 -0.37852
GPRESSAVG: 315000 -399.114 -1.74636 -39.6165 55.7439 -317.379 -2.23397 30.3207 -14.3753 -0.055161
ENERGY:  315000         0.0000         0.0000         0.0000         0.0000          -5586.4808       414.7209         0.0000         0.0000       945.2549          -4226.5050       300.2992     -5171.7599     -4224.4645       299.9999            197.4312       221.8384     22669.7727      -238.6973      -238.8495

WRITING COORDINATES TO DCD FILE MDequil.dcd AT STEP 315000
LDB: ============= START OF LOAD BALANCING ============== 631.225
LDB: ============== END OF LOAD BALANCING =============== 631.225
Info: useSync: 0 useProxySync: 0
LDB: =============== DONE WITH MIGRATION ================ 631.225
LDB: ============= START OF LOAD BALANCING ============== 631.29
LDB: Largest compute 6 load 0.012255 is 23.2% of average load 0.052912
LDB: Average compute 0.003714 is 7.0% of average load 0.052912
LDB: TIME 631.293 LOAD: AVG 0.0529123 MAX 0.0577444  PROXIES: TOTAL 24 MAXPE 4 MAXPATCH 6 None MEM: 0.471549 MB
LDB: TIME 631.293 LOAD: AVG 0.0529123 MAX 0.0577444  PROXIES: TOTAL 27 MAXPE 4 MAXPATCH 8 RefineTorusLB MEM: 0.471549 MB
LDB: TIME 631.293 LOAD: AVG 0.0529123 MAX 0.0566159  PROXIES: TOTAL 27 MAXPE 4 MAXPATCH 8 RefineTorusLB MEM: 0.471549 MB
LDB: ============== END OF LOAD BALANCING =============== 631.293
Info: useSync: 0 useProxySync: 0
LDB: =============== DONE WITH MIGRATION ================ 631.293
LDB: ============= START OF LOAD BALANCING ============== 633.873
LDB: ============== END OF LOAD BALANCING =============== 633.873
Info: useSync: 0 useProxySync: 0
LDB: =============== DONE WITH MIGRATION ================ 633.873
LDB: ============= START OF LOAD BALANCING ============== 633.939
LDB: Largest compute 6 load 0.013524 is 25.3% of average load 0.053358
LDB: Average compute 0.003751 is 7.0% of average load 0.053358
LDB: TIME 633.94 LOAD: AVG 0.0533583 MAX 0.0585926  PROXIES: TOTAL 24 MAXPE 4 MAXPATCH 6 None MEM: 0.471549 MB
LDB: TIME 633.94 LOAD: AVG 0.0533583 MAX 0.0585926  PROXIES: TOTAL 27 MAXPE 4 MAXPATCH 8 RefineTorusLB MEM: 0.471549 MB
LDB: TIME 633.94 LOAD: AVG 0.0533583 MAX 0.0580467  PROXIES: TOTAL 27 MAXPE 4 MAXPATCH 8 RefineTorusLB MEM: 0.471549 MB
LDB: ============== END OF LOAD BALANCING =============== 633.94
Info: useSync: 0 useProxySync: 0
LDB: =============== DONE WITH MIGRATION ================ 633.94
WRITING COORDINATES TO DCD FILE MDequil.dcd AT STEP 320000
PRESSURE: 320000 -24.807 701.952 -570.82 875.995 159.828 563.382 -295.155 596.283 -146.694
GPRESSURE: 320000 39.7854 840.023 -602.719 663.324 316.394 410.482 -544.754 686.715 -306.887
PRESSAVG: 320000 -323.508 -7.12031 -14.0879 14.9074 -355.284 44.1893 -97.0988 31.8433 -18.5075
GPRESSAVG: 320000 -323.458 -7.3831 -14.7538 15.0551 -354.923 43.877 -97.0032 31.9443 -18.4766
ENERGY:  320000         0.0000         0.0000         0.0000         0.0000          -5512.2825       360.0289         0.0000         0.0000       945.5659          -4206.6878       300.3980     -5152.2537     -4204.7710       305.0458             -3.8909        16.4307     22494.7559      -232.4333      -232.2858

LDB: ============= START OF LOAD BALANCING ============== 636.565
LDB: ============== END OF LOAD BALANCING =============== 636.565
Info: useSync: 0 useProxySync: 0
LDB: =============== DONE WITH MIGRATION ================ 636.565
LDB: ============= START OF LOAD BALANCING ============== 636.633
LDB: Largest compute 146 load 0.012620 is 23.3% of average load 0.054102
LDB: Average compute 0.003803 is 7.0% of average load 0.054102
LDB: TIME 636.633 LOAD: AVG 0.0541015 MAX 0.0595108  PROXIES: TOTAL 24 MAXPE 4 MAXPATCH 6 None MEM: 0.471549 MB
LDB: TIME 636.633 LOAD: AVG 0.0541015 MAX 0.0595108  PROXIES: TOTAL 27 MAXPE 4 MAXPATCH 8 RefineTorusLB MEM: 0.471549 MB
LDB: TIME 636.634 LOAD: AVG 0.0541015 MAX 0.05896  PROXIES: TOTAL 27 MAXPE 4 MAXPATCH 8 RefineTorusLB MEM: 0.471549 MB
LDB: ============== END OF LOAD BALANCING =============== 636.634
Info: useSync: 0 useProxySync: 0
LDB: =============== DONE WITH MIGRATION ================ 636.634
LDB: ============= START OF LOAD BALANCING ============== 639.269
LDB: ============== END OF LOAD BALANCING =============== 639.269
Info: useSync: 0 useProxySync: 0
LDB: =============== DONE WITH MIGRATION ================ 639.269
LDB: ============= START OF LOAD BALANCING ============== 639.335
LDB: Largest compute 146 load 0.012342 is 23.3% of average load 0.052890
LDB: Average compute 0.003707 is 7.0% of average load 0.052890
LDB: TIME 639.335 LOAD: AVG 0.0528902 MAX 0.0579964  PROXIES: TOTAL 24 MAXPE 4 MAXPATCH 6 None MEM: 0.471549 MB
LDB: TIME 639.335 LOAD: AVG 0.0528902 MAX 0.0579964  PROXIES: TOTAL 27 MAXPE 4 MAXPATCH 8 RefineTorusLB MEM: 0.471549 MB
LDB: TIME 639.335 LOAD: AVG 0.0528902 MAX 0.0574925  PROXIES: TOTAL 27 MAXPE 4 MAXPATCH 8 RefineTorusLB MEM: 0.471549 MB
LDB: ============== END OF LOAD BALANCING =============== 639.335
Info: useSync: 0 useProxySync: 0
LDB: =============== DONE WITH MIGRATION ================ 639.335
LDB: ============= START OF LOAD BALANCING ============== 641.915
LDB: ============== END OF LOAD BALANCING =============== 641.915
Info: useSync: 0 useProxySync: 0
LDB: =============== DONE WITH MIGRATION ================ 641.918
LDB: ============= START OF LOAD BALANCING ============== 641.984
LDB: Largest compute 150 load 0.012004 is 22.7% of average load 0.052899
LDB: Average compute 0.003694 is 7.0% of average load 0.052899
LDB: TIME 641.984 LOAD: AVG 0.0528987 MAX 0.0593608  PROXIES: TOTAL 24 MAXPE 4 MAXPATCH 6 None MEM: 0.471549 MB
LDB: TIME 641.984 LOAD: AVG 0.0528987 MAX 0.0593608  PROXIES: TOTAL 27 MAXPE 4 MAXPATCH 8 RefineTorusLB MEM: 0.471549 MB
LDB: TIME 641.984 LOAD: AVG 0.0528987 MAX 0.057476  PROXIES: TOTAL 27 MAXPE 4 MAXPATCH 8 RefineTorusLB MEM: 0.471549 MB
LDB: ============== END OF LOAD BALANCING =============== 641.984
Info: useSync: 0 useProxySync: 0
LDB: =============== DONE WITH MIGRATION ================ 641.985
WRITING COORDINATES TO DCD FILE MDequil.dcd AT STEP 325000
PRESSURE: 325000 301.299 -437.491 799.336 -404.87 915.819 121.48 753.604 314.166 -90.0552
GPRESSURE: 325000 340.456 -703.854 950.483 -250.025 821.795 -152.307 586.266 335.158 -27.7606
PRESSAVG: 325000 -401.194 -9.1305 12.144 22.7175 -291.756 -1.40647 -14.5154 -11.3372 -21.3695
GPRESSAVG: 325000 -401.419 -8.76201 12.3652 22.4377 -291.73 -1.28693 -14.7711 -11.4135 -21.2556
ENERGY:  325000         0.0000         0.0000         0.0000         0.0000          -5656.2755       473.5403         0.0000         0.0000       915.0691          -4267.6661       290.7094     -5182.7352     -4265.7376       301.6065            375.6876       378.1635     22971.5219      -238.1065      -238.1352

LDB: ============= START OF LOAD BALANCING ============== 644.528
LDB: ============== END OF LOAD BALANCING =============== 644.528
Info: useSync: 0 useProxySync: 0
LDB: =============== DONE WITH MIGRATION ================ 644.528
LDB: ============= START OF LOAD BALANCING ============== 644.594
LDB: Largest compute 146 load 0.012848 is 24.0% of average load 0.053464
LDB: Average compute 0.003752 is 7.0% of average load 0.053464
LDB: TIME 644.594 LOAD: AVG 0.0534636 MAX 0.0605033  PROXIES: TOTAL 24 MAXPE 4 MAXPATCH 6 None MEM: 0.471549 MB
LDB: TIME 644.594 LOAD: AVG 0.0534636 MAX 0.0605033  PROXIES: TOTAL 27 MAXPE 4 MAXPATCH 8 RefineTorusLB MEM: 0.471549 MB
LDB: TIME 644.594 LOAD: AVG 0.0534636 MAX 0.0582369  PROXIES: TOTAL 27 MAXPE 4 MAXPATCH 8 RefineTorusLB MEM: 0.471549 MB
LDB: ============== END OF LOAD BALANCING =============== 644.594
Info: useSync: 0 useProxySync: 0
LDB: =============== DONE WITH MIGRATION ================ 644.594
LDB: ============= START OF LOAD BALANCING ============== 647.162
LDB: ============== END OF LOAD BALANCING =============== 647.162
Info: useSync: 0 useProxySync: 0
LDB: =============== DONE WITH MIGRATION ================ 647.162
LDB: ============= START OF LOAD BALANCING ============== 647.229
LDB: Largest compute 6 load 0.012069 is 22.2% of average load 0.054467
LDB: Average compute 0.003830 is 7.0% of average load 0.054467
LDB: TIME 647.229 LOAD: AVG 0.054467 MAX 0.0596347  PROXIES: TOTAL 24 MAXPE 4 MAXPATCH 6 None MEM: 0.471549 MB
LDB: TIME 647.229 LOAD: AVG 0.054467 MAX 0.0596347  PROXIES: TOTAL 27 MAXPE 4 MAXPATCH 8 RefineTorusLB MEM: 0.471549 MB
LDB: TIME 647.229 LOAD: AVG 0.054467 MAX 0.0585042  PROXIES: TOTAL 27 MAXPE 4 MAXPATCH 8 RefineTorusLB MEM: 0.471549 MB
LDB: ============== END OF LOAD BALANCING =============== 647.236
Info: useSync: 0 useProxySync: 0
LDB: =============== DONE WITH MIGRATION ================ 647.241
PRESSURE: 330000 -482.901 -261.45 -93.1812 -134.807 143.188 -805.797 -49.2102 -732.914 616.712
GPRESSURE: 330000 -486.386 -484.675 -224.109 16.8104 106.707 -792.676 102.877 -845.59 735.23
PRESSAVG: 330000 -385.133 24.1777 36.3674 70.3692 -333.291 20.5455 -33.308 8.77044 -7.75629
GPRESSAVG: 330000 -384.909 23.8652 35.9884 70.1953 -333.422 20.62 -32.6774 8.65619 -7.44054
ENERGY:  330000         0.0000         0.0000         0.0000         0.0000          -5692.1982       432.5752         0.0000         0.0000       941.2984          -4318.3246       299.0422     -5259.6230     -4317.1589       298.1616             92.3331       118.5170     22508.1334      -242.0601      -241.9237

WRITING COORDINATES TO DCD FILE MDequil.dcd AT STEP 330000
LDB: ============= START OF LOAD BALANCING ============== 649.827
LDB: ============== END OF LOAD BALANCING =============== 649.827
Info: useSync: 0 useProxySync: 0
LDB: =============== DONE WITH MIGRATION ================ 649.827
LDB: ============= START OF LOAD BALANCING ============== 649.893
LDB: Largest compute 6 load 0.011912 is 22.1% of average load 0.053954
LDB: Average compute 0.003798 is 7.0% of average load 0.053954
LDB: TIME 649.893 LOAD: AVG 0.0539535 MAX 0.0592137  PROXIES: TOTAL 24 MAXPE 4 MAXPATCH 6 None MEM: 0.471549 MB
LDB: TIME 649.893 LOAD: AVG 0.0539535 MAX 0.0592137  PROXIES: TOTAL 27 MAXPE 4 MAXPATCH 8 RefineTorusLB MEM: 0.471549 MB
LDB: TIME 649.893 LOAD: AVG 0.0539535 MAX 0.0587465  PROXIES: TOTAL 27 MAXPE 4 MAXPATCH 8 RefineTorusLB MEM: 0.471549 MB
LDB: ============== END OF LOAD BALANCING =============== 649.893
Info: useSync: 0 useProxySync: 0
LDB: =============== DONE WITH MIGRATION ================ 649.893
LDB: ============= START OF LOAD BALANCING ============== 652.476
LDB: ============== END OF LOAD BALANCING =============== 652.476
Info: useSync: 0 useProxySync: 0
LDB: =============== DONE WITH MIGRATION ================ 652.476
LDB: ============= START OF LOAD BALANCING ============== 652.542
LDB: Largest compute 150 load 0.012579 is 23.3% of average load 0.054087
LDB: Average compute 0.003797 is 7.0% of average load 0.054087
LDB: TIME 652.542 LOAD: AVG 0.0540866 MAX 0.0595002  PROXIES: TOTAL 24 MAXPE 4 MAXPATCH 6 None MEM: 0.471549 MB
LDB: TIME 652.542 LOAD: AVG 0.0540866 MAX 0.0595002  PROXIES: TOTAL 27 MAXPE 4 MAXPATCH 8 RefineTorusLB MEM: 0.471549 MB
LDB: TIME 652.542 LOAD: AVG 0.0540866 MAX 0.058576  PROXIES: TOTAL 27 MAXPE 4 MAXPATCH 8 RefineTorusLB MEM: 0.471549 MB
LDB: ============== END OF LOAD BALANCING =============== 652.543
Info: useSync: 0 useProxySync: 0
LDB: =============== DONE WITH MIGRATION ================ 652.543
LDB: ============= START OF LOAD BALANCING ============== 655.193
LDB: ============== END OF LOAD BALANCING =============== 655.193
Info: useSync: 0 useProxySync: 0
LDB: =============== DONE WITH MIGRATION ================ 655.193
LDB: ============= START OF LOAD BALANCING ============== 655.259
LDB: Largest compute 150 load 0.012485 is 23.3% of average load 0.053619
LDB: Average compute 0.003764 is 7.0% of average load 0.053619
LDB: TIME 655.259 LOAD: AVG 0.0536188 MAX 0.0579704  PROXIES: TOTAL 24 MAXPE 4 MAXPATCH 6 None MEM: 0.471549 MB
LDB: TIME 655.259 LOAD: AVG 0.0536188 MAX 0.0579704  PROXIES: TOTAL 27 MAXPE 4 MAXPATCH 8 RefineTorusLB MEM: 0.471549 MB
LDB: TIME 655.259 LOAD: AVG 0.0536188 MAX 0.0579704  PROXIES: TOTAL 27 MAXPE 4 MAXPATCH 8 RefineTorusLB MEM: 0.471549 MB
LDB: ============== END OF LOAD BALANCING =============== 655.259
Info: useSync: 0 useProxySync: 0
LDB: =============== DONE WITH MIGRATION ================ 655.259
PRESSURE: 335000 -669.346 193.516 544.591 198.794 244.62 320.417 506.353 253.197 236.717
GPRESSURE: 335000 -512.313 372.961 749.333 552.987 265.251 348.082 469.121 202.207 142.335
PRESSAVG: 335000 -349.069 -52.0369 -10.8365 -68.1241 -248.656 -21.9598 31.8432 -32.6321 -6.3251
GPRESSAVG: 335000 -348.923 -52.1824 -10.7317 -68.131 -248.676 -22.6093 31.3613 -32.7092 -6.29164
ENERGY:  335000         0.0000         0.0000         0.0000         0.0000          -5596.0008       404.6598         0.0000         0.0000      1005.1902          -4186.1507       319.3401     -5191.3410     -4184.4274       298.8591            -62.6700       -34.9093     22814.4768      -201.3503      -201.2968

WRITING COORDINATES TO DCD FILE MDequil.dcd AT STEP 335000
LDB: ============= START OF LOAD BALANCING ============== 657.899
LDB: ============== END OF LOAD BALANCING =============== 657.899
Info: useSync: 0 useProxySync: 0
LDB: =============== DONE WITH MIGRATION ================ 657.899
LDB: ============= START OF LOAD BALANCING ============== 657.965
LDB: Largest compute 150 load 0.012146 is 22.8% of average load 0.053168
LDB: Average compute 0.003730 is 7.0% of average load 0.053168
LDB: TIME 657.965 LOAD: AVG 0.0531683 MAX 0.0585932  PROXIES: TOTAL 24 MAXPE 4 MAXPATCH 6 None MEM: 0.471549 MB
LDB: TIME 657.965 LOAD: AVG 0.0531683 MAX 0.0585932  PROXIES: TOTAL 27 MAXPE 4 MAXPATCH 8 RefineTorusLB MEM: 0.471549 MB
LDB: TIME 657.965 LOAD: AVG 0.0531683 MAX 0.0568371  PROXIES: TOTAL 27 MAXPE 4 MAXPATCH 8 RefineTorusLB MEM: 0.471549 MB
LDB: ============== END OF LOAD BALANCING =============== 657.965
Info: useSync: 0 useProxySync: 0
LDB: =============== DONE WITH MIGRATION ================ 657.965
LDB: ============= START OF LOAD BALANCING ============== 660.497
LDB: ============== END OF LOAD BALANCING =============== 660.497
Info: useSync: 0 useProxySync: 0
LDB: =============== DONE WITH MIGRATION ================ 660.497
LDB: ============= START OF LOAD BALANCING ============== 660.562
LDB: Largest compute 6 load 0.012415 is 23.0% of average load 0.053958
LDB: Average compute 0.003781 is 7.0% of average load 0.053958
LDB: TIME 660.562 LOAD: AVG 0.0539579 MAX 0.0570355  PROXIES: TOTAL 24 MAXPE 4 MAXPATCH 6 None MEM: 0.471549 MB
LDB: TIME 660.562 LOAD: AVG 0.0539579 MAX 0.0570355  PROXIES: TOTAL 27 MAXPE 4 MAXPATCH 8 RefineTorusLB MEM: 0.471549 MB
LDB: TIME 660.562 LOAD: AVG 0.0539579 MAX 0.0570355  PROXIES: TOTAL 27 MAXPE 4 MAXPATCH 8 RefineTorusLB MEM: 0.471549 MB
LDB: ============== END OF LOAD BALANCING =============== 660.562
Info: useSync: 0 useProxySync: 0
LDB: =============== DONE WITH MIGRATION ================ 660.562
PRESSURE: 340000 -461.995 -593.151 867.333 -941.148 -1017.11 727.545 869.082 1045.17 370.823
GPRESSURE: 340000 -391.653 -692.502 1077.98 -739.857 -1009.73 496.508 706.8 1386.47 385.656
PRESSAVG: 340000 -365.042 -27.8276 -43.1618 -16.8908 -409.35 -22.445 28.4938 -34.5816 29.3106
GPRESSAVG: 340000 -365.249 -28.0316 -42.8714 -17.1408 -409.313 -22.2668 28.3331 -34.7388 29.2051
ENERGY:  340000         0.0000         0.0000         0.0000         0.0000          -5647.5374       390.9530         0.0000         0.0000       935.8881          -4320.6962       297.3234     -5256.5844     -4318.1418       298.4824           -369.4273      -338.5768     22460.3643      -248.3604      -248.4523

WRITING COORDINATES TO DCD FILE MDequil.dcd AT STEP 340000
LDB: ============= START OF LOAD BALANCING ============== 663.103
LDB: ============== END OF LOAD BALANCING =============== 663.104
Info: useSync: 0 useProxySync: 0
LDB: =============== DONE WITH MIGRATION ================ 663.104
LDB: ============= START OF LOAD BALANCING ============== 663.169
LDB: Largest compute 150 load 0.012670 is 23.3% of average load 0.054318
LDB: Average compute 0.003823 is 7.0% of average load 0.054318
LDB: TIME 663.169 LOAD: AVG 0.0543183 MAX 0.0582397  PROXIES: TOTAL 24 MAXPE 4 MAXPATCH 6 None MEM: 0.471549 MB
LDB: TIME 663.169 LOAD: AVG 0.0543183 MAX 0.0582397  PROXIES: TOTAL 27 MAXPE 4 MAXPATCH 8 RefineTorusLB MEM: 0.471549 MB
LDB: TIME 663.169 LOAD: AVG 0.0543183 MAX 0.0582397  PROXIES: TOTAL 27 MAXPE 4 MAXPATCH 8 RefineTorusLB MEM: 0.471549 MB
LDB: ============== END OF LOAD BALANCING =============== 663.17
Info: useSync: 0 useProxySync: 0
LDB: =============== DONE WITH MIGRATION ================ 663.17
LDB: ============= START OF LOAD BALANCING ============== 665.702
LDB: ============== END OF LOAD BALANCING =============== 665.703
Info: useSync: 0 useProxySync: 0
LDB: =============== DONE WITH MIGRATION ================ 665.703
LDB: ============= START OF LOAD BALANCING ============== 665.766
LDB: Largest compute 150 load 0.012405 is 23.7% of average load 0.052424
LDB: Average compute 0.003671 is 7.0% of average load 0.052424
LDB: TIME 665.766 LOAD: AVG 0.0524243 MAX 0.0569094  PROXIES: TOTAL 24 MAXPE 4 MAXPATCH 6 None MEM: 0.471549 MB
LDB: TIME 665.766 LOAD: AVG 0.0524243 MAX 0.0569094  PROXIES: TOTAL 27 MAXPE 4 MAXPATCH 8 RefineTorusLB MEM: 0.471549 MB
LDB: TIME 665.766 LOAD: AVG 0.0524243 MAX 0.0569094  PROXIES: TOTAL 27 MAXPE 4 MAXPATCH 8 RefineTorusLB MEM: 0.471549 MB
LDB: ============== END OF LOAD BALANCING =============== 665.766
Info: useSync: 0 useProxySync: 0
LDB: =============== DONE WITH MIGRATION ================ 665.766
LDB: ============= START OF LOAD BALANCING ============== 668.284
LDB: ============== END OF LOAD BALANCING =============== 668.284
Info: useSync: 0 useProxySync: 0
LDB: =============== DONE WITH MIGRATION ================ 668.284
LDB: ============= START OF LOAD BALANCING ============== 668.35
LDB: Largest compute 6 load 0.011815 is 21.8% of average load 0.054077
LDB: Average compute 0.003797 is 7.0% of average load 0.054077
LDB: TIME 668.35 LOAD: AVG 0.0540767 MAX 0.05725  PROXIES: TOTAL 24 MAXPE 4 MAXPATCH 6 None MEM: 0.471549 MB
LDB: TIME 668.35 LOAD: AVG 0.0540767 MAX 0.05725  PROXIES: TOTAL 27 MAXPE 4 MAXPATCH 8 RefineTorusLB MEM: 0.471549 MB
LDB: TIME 668.35 LOAD: AVG 0.0540767 MAX 0.05725  PROXIES: TOTAL 27 MAXPE 4 MAXPATCH 8 RefineTorusLB MEM: 0.471549 MB
LDB: ============== END OF LOAD BALANCING =============== 668.35
Info: useSync: 0 useProxySync: 0
LDB: =============== DONE WITH MIGRATION ================ 668.35
WRITING COORDINATES TO DCD FILE MDequil.dcd AT STEP 345000
PRESSURE: 345000 -453.682 74.287 163.607 -276.88 -877.616 564.519 -172.704 566.746 230.242
GPRESSURE: 345000 -407.474 83.2888 -1.6459 -272.472 -917.201 572.533 -139.767 573.537 270.617
PRESSAVG: 345000 -392.609 -70.9837 10.8481 -43.3136 -454.015 -36.5645 -59.7276 -8.7851 -20.0885
GPRESSAVG: 345000 -392.642 -71.4495 10.3504 -43.0084 -453.935 -37.0688 -59.9774 -8.59642 -20.0171
ENERGY:  345000         0.0000         0.0000         0.0000         0.0000          -5555.1356       375.7884         0.0000         0.0000       941.4209          -4237.9262       299.0812     -5179.3471     -4236.4014       301.3809           -367.0188      -351.3526     22821.8535      -288.9041      -288.8645

LDB: ============= START OF LOAD BALANCING ============== 670.902
LDB: ============== END OF LOAD BALANCING =============== 670.902
Info: useSync: 0 useProxySync: 0
LDB: =============== DONE WITH MIGRATION ================ 670.902
LDB: ============= START OF LOAD BALANCING ============== 670.968
LDB: Largest compute 6 load 0.013196 is 24.1% of average load 0.054793
LDB: Average compute 0.003859 is 7.0% of average load 0.054793
LDB: TIME 670.968 LOAD: AVG 0.0547929 MAX 0.0587263  PROXIES: TOTAL 24 MAXPE 4 MAXPATCH 6 None MEM: 0.471549 MB
LDB: TIME 670.968 LOAD: AVG 0.0547929 MAX 0.0587263  PROXIES: TOTAL 27 MAXPE 4 MAXPATCH 8 RefineTorusLB MEM: 0.471549 MB
LDB: TIME 670.968 LOAD: AVG 0.0547929 MAX 0.0587263  PROXIES: TOTAL 27 MAXPE 4 MAXPATCH 8 RefineTorusLB MEM: 0.471549 MB
LDB: ============== END OF LOAD BALANCING =============== 670.968
Info: useSync: 0 useProxySync: 0
LDB: =============== DONE WITH MIGRATION ================ 670.969
LDB: ============= START OF LOAD BALANCING ============== 673.502
LDB: ============== END OF LOAD BALANCING =============== 673.502
Info: useSync: 0 useProxySync: 0
LDB: =============== DONE WITH MIGRATION ================ 673.503
LDB: ============= START OF LOAD BALANCING ============== 673.569
LDB: Largest compute 6 load 0.012084 is 22.1% of average load 0.054560
LDB: Average compute 0.003842 is 7.0% of average load 0.054560
LDB: TIME 673.569 LOAD: AVG 0.0545598 MAX 0.0594757  PROXIES: TOTAL 24 MAXPE 4 MAXPATCH 6 None MEM: 0.471549 MB
LDB: TIME 673.569 LOAD: AVG 0.0545598 MAX 0.0594757  PROXIES: TOTAL 27 MAXPE 4 MAXPATCH 8 RefineTorusLB MEM: 0.471549 MB
LDB: TIME 673.569 LOAD: AVG 0.0545598 MAX 0.0594757  PROXIES: TOTAL 27 MAXPE 4 MAXPATCH 8 RefineTorusLB MEM: 0.471549 MB
LDB: ============== END OF LOAD BALANCING =============== 673.57
Info: useSync: 0 useProxySync: 0
LDB: =============== DONE WITH MIGRATION ================ 673.57
PRESSURE: 350000 -1030.39 4.67049 433.007 28.2162 98.5093 -257.562 186.551 -500.202 -493.348
GPRESSURE: 350000 -1188.59 88.6749 525.709 -70.0041 183.163 -329.389 -143.762 -251.501 -404.076
PRESSAVG: 350000 -245.988 -1.47274 2.39433 20.0588 -310.03 34.8417 -9.07783 -13.1696 3.2963
GPRESSAVG: 350000 -246.003 -1.46086 2.42602 20.0925 -309.917 35.4228 -8.83213 -12.958 3.1575
TIMING: 350000  CPU: 636.919, 0.00194455/step  Wall: 664.47, 0.00202318/step, 0.0842992 hours remaining, 0.471549 MB of memory in use.
PERFORMANCE: 350000  averaging 91.0207 ns/day, 0.00189847 sec/step with standard deviation 0.00061067
ETITLE:      TS           BOND          ANGLE          DIHED          IMPRP               ELECT            VDW       BOUNDARY           MISC        KINETIC               TOTAL           TEMP      POTENTIAL         TOTAL3        TEMPAVG            PRESSURE      GPRESSURE         VOLUME       PRESSAVG      GPRESSAVG

ENERGY:  350000         0.0000         0.0000         0.0000         0.0000          -5597.3102       389.2414         0.0000         0.0000       946.4045          -4261.6643       300.6644     -5208.0688     -4259.9485       300.3391           -475.0763      -469.8349     22893.2651      -184.2407      -184.2540

WRITING EXTENDED SYSTEM TO RESTART FILE AT STEP 350000
WRITING COORDINATES TO DCD FILE MDequil.dcd AT STEP 350000
WRITING COORDINATES TO RESTART FILE AT STEP 350000
FINISHED WRITING RESTART COORDINATES
WRITING VELOCITIES TO RESTART FILE AT STEP 350000
FINISHED WRITING RESTART VELOCITIES
LDB: ============= START OF LOAD BALANCING ============== 676.126
LDB: ============== END OF LOAD BALANCING =============== 676.126
Info: useSync: 0 useProxySync: 0
LDB: =============== DONE WITH MIGRATION ================ 676.126
LDB: ============= START OF LOAD BALANCING ============== 676.19
LDB: Largest compute 6 load 0.012485 is 23.3% of average load 0.053552
LDB: Average compute 0.003756 is 7.0% of average load 0.053552
LDB: TIME 676.191 LOAD: AVG 0.0535518 MAX 0.0578756  PROXIES: TOTAL 24 MAXPE 4 MAXPATCH 6 None MEM: 0.471549 MB
LDB: TIME 676.191 LOAD: AVG 0.0535518 MAX 0.0578756  PROXIES: TOTAL 27 MAXPE 4 MAXPATCH 8 RefineTorusLB MEM: 0.471549 MB
LDB: TIME 676.191 LOAD: AVG 0.0535518 MAX 0.0578756  PROXIES: TOTAL 27 MAXPE 4 MAXPATCH 8 RefineTorusLB MEM: 0.471549 MB
LDB: ============== END OF LOAD BALANCING =============== 676.191
Info: useSync: 0 useProxySync: 0
LDB: =============== DONE WITH MIGRATION ================ 676.191
LDB: ============= START OF LOAD BALANCING ============== 678.74
LDB: ============== END OF LOAD BALANCING =============== 678.74
Info: useSync: 0 useProxySync: 0
LDB: =============== DONE WITH MIGRATION ================ 678.74
LDB: ============= START OF LOAD BALANCING ============== 678.805
LDB: Largest compute 6 load 0.012248 is 22.8% of average load 0.053774
LDB: Average compute 0.003777 is 7.0% of average load 0.053774
LDB: TIME 678.805 LOAD: AVG 0.0537741 MAX 0.0586811  PROXIES: TOTAL 24 MAXPE 4 MAXPATCH 6 None MEM: 0.471549 MB
LDB: TIME 678.805 LOAD: AVG 0.0537741 MAX 0.0586811  PROXIES: TOTAL 27 MAXPE 4 MAXPATCH 8 RefineTorusLB MEM: 0.471549 MB
LDB: TIME 678.806 LOAD: AVG 0.0537741 MAX 0.0584134  PROXIES: TOTAL 27 MAXPE 4 MAXPATCH 8 RefineTorusLB MEM: 0.471549 MB
LDB: ============== END OF LOAD BALANCING =============== 678.806
Info: useSync: 0 useProxySync: 0
LDB: =============== DONE WITH MIGRATION ================ 678.806
LDB: ============= START OF LOAD BALANCING ============== 681.384
LDB: ============== END OF LOAD BALANCING =============== 681.384
Info: useSync: 0 useProxySync: 0
LDB: =============== DONE WITH MIGRATION ================ 681.384
LDB: ============= START OF LOAD BALANCING ============== 681.453
LDB: Largest compute 30 load 0.011949 is 22.3% of average load 0.053567
LDB: Average compute 0.003751 is 7.0% of average load 0.053567
LDB: TIME 681.453 LOAD: AVG 0.0535674 MAX 0.0574128  PROXIES: TOTAL 24 MAXPE 4 MAXPATCH 6 None MEM: 0.471549 MB
LDB: TIME 681.453 LOAD: AVG 0.0535674 MAX 0.0574128  PROXIES: TOTAL 27 MAXPE 4 MAXPATCH 8 RefineTorusLB MEM: 0.471549 MB
LDB: TIME 681.454 LOAD: AVG 0.0535674 MAX 0.0574128  PROXIES: TOTAL 27 MAXPE 4 MAXPATCH 8 RefineTorusLB MEM: 0.471549 MB
LDB: ============== END OF LOAD BALANCING =============== 681.454
Info: useSync: 0 useProxySync: 0
LDB: =============== DONE WITH MIGRATION ================ 681.454
WRITING COORDINATES TO DCD FILE MDequil.dcd AT STEP 355000
PRESSURE: 355000 -1380.98 81.715 136.511 440.873 13.9696 246.018 13.6709 -187.754 -981.499
GPRESSURE: 355000 -1213.85 87.1862 158.426 601.854 -138.7 327.78 72.4628 -273.49 -938.502
PRESSAVG: 355000 -271.537 35.689 -38.6037 10.4885 -243.931 0.580019 20.3923 8.32612 4.02631
GPRESSAVG: 355000 -271.396 35.7964 -38.4065 10.2666 -244.231 0.418183 20.0535 8.47311 3.71524
ENERGY:  355000         0.0000         0.0000         0.0000         0.0000          -5574.8479       373.4507         0.0000         0.0000       898.5151          -4302.8820       285.4504     -5201.3971     -4301.9065       299.1123           -782.8376      -763.6837     23120.3055      -170.4804      -170.6370

LDB: ============= START OF LOAD BALANCING ============== 684.138
LDB: ============== END OF LOAD BALANCING =============== 684.138
Info: useSync: 0 useProxySync: 0
LDB: =============== DONE WITH MIGRATION ================ 684.141
LDB: ============= START OF LOAD BALANCING ============== 684.208
LDB: Largest compute 149 load 0.012464 is 23.2% of average load 0.053753
LDB: Average compute 0.003767 is 7.0% of average load 0.053753
LDB: TIME 684.208 LOAD: AVG 0.0537527 MAX 0.0583359  PROXIES: TOTAL 24 MAXPE 4 MAXPATCH 6 None MEM: 0.471549 MB
LDB: TIME 684.208 LOAD: AVG 0.0537527 MAX 0.0583359  PROXIES: TOTAL 27 MAXPE 4 MAXPATCH 8 RefineTorusLB MEM: 0.471549 MB
LDB: TIME 684.208 LOAD: AVG 0.0537527 MAX 0.0583359  PROXIES: TOTAL 27 MAXPE 4 MAXPATCH 8 RefineTorusLB MEM: 0.471549 MB
LDB: ============== END OF LOAD BALANCING =============== 684.208
Info: useSync: 0 useProxySync: 0
LDB: =============== DONE WITH MIGRATION ================ 684.208
LDB: ============= START OF LOAD BALANCING ============== 686.808
LDB: ============== END OF LOAD BALANCING =============== 686.808
Info: useSync: 0 useProxySync: 0
LDB: =============== DONE WITH MIGRATION ================ 686.808
LDB: ============= START OF LOAD BALANCING ============== 686.874
LDB: Largest compute 7 load 0.011893 is 22.2% of average load 0.053572
LDB: Average compute 0.003758 is 7.0% of average load 0.053572
LDB: TIME 686.874 LOAD: AVG 0.0535721 MAX 0.0593388  PROXIES: TOTAL 24 MAXPE 4 MAXPATCH 6 None MEM: 0.471549 MB
LDB: TIME 686.874 LOAD: AVG 0.0535721 MAX 0.0593388  PROXIES: TOTAL 27 MAXPE 4 MAXPATCH 8 RefineTorusLB MEM: 0.471549 MB
LDB: TIME 686.874 LOAD: AVG 0.0535721 MAX 0.0567617  PROXIES: TOTAL 27 MAXPE 4 MAXPATCH 8 RefineTorusLB MEM: 0.471549 MB
LDB: ============== END OF LOAD BALANCING =============== 686.874
Info: useSync: 0 useProxySync: 0
LDB: =============== DONE WITH MIGRATION ================ 686.875
PRESSURE: 360000 -200.373 -70.542 746.719 23.1131 -302.449 -107.601 680.531 -595.194 -82.6755
GPRESSURE: 360000 -186.039 -181.384 1053.79 274.581 -172.236 -150.307 309.499 -694.308 -206.984
PRESSAVG: 360000 -474.77 4.06996 63.4287 33.0517 -346.964 9.71514 42.4204 -28.8667 -3.52534
GPRESSAVG: 360000 -474.615 4.03851 63.488 32.952 -346.701 9.46879 42.2593 -28.7437 -3.71998
ENERGY:  360000         0.0000         0.0000         0.0000         0.0000          -5608.7653       406.1662         0.0000         0.0000       949.2214          -4253.3777       301.5593     -5202.5991     -4252.3037       296.4781           -195.1658      -188.4196     22845.1050      -275.0867      -275.0119

WRITING COORDINATES TO DCD FILE MDequil.dcd AT STEP 360000
LDB: ============= START OF LOAD BALANCING ============== 689.425
LDB: ============== END OF LOAD BALANCING =============== 689.426
Info: useSync: 0 useProxySync: 0
LDB: =============== DONE WITH MIGRATION ================ 689.426
LDB: ============= START OF LOAD BALANCING ============== 689.49
LDB: Largest compute 6 load 0.013532 is 25.2% of average load 0.053650
LDB: Average compute 0.003758 is 7.0% of average load 0.053650
LDB: TIME 689.49 LOAD: AVG 0.0536504 MAX 0.0568431  PROXIES: TOTAL 24 MAXPE 4 MAXPATCH 6 None MEM: 0.471549 MB
LDB: TIME 689.491 LOAD: AVG 0.0536504 MAX 0.0568431  PROXIES: TOTAL 27 MAXPE 4 MAXPATCH 8 RefineTorusLB MEM: 0.471549 MB
LDB: TIME 689.491 LOAD: AVG 0.0536504 MAX 0.0568431  PROXIES: TOTAL 27 MAXPE 4 MAXPATCH 8 RefineTorusLB MEM: 0.471549 MB
LDB: ============== END OF LOAD BALANCING =============== 689.491
Info: useSync: 0 useProxySync: 0
LDB: =============== DONE WITH MIGRATION ================ 689.491
LDB: ============= START OF LOAD BALANCING ============== 692.02
LDB: ============== END OF LOAD BALANCING =============== 692.02
Info: useSync: 0 useProxySync: 0
LDB: =============== DONE WITH MIGRATION ================ 692.02
LDB: ============= START OF LOAD BALANCING ============== 692.086
LDB: Largest compute 6 load 0.013054 is 24.2% of average load 0.053915
LDB: Average compute 0.003781 is 7.0% of average load 0.053915
LDB: TIME 692.086 LOAD: AVG 0.053915 MAX 0.0578188  PROXIES: TOTAL 24 MAXPE 4 MAXPATCH 6 None MEM: 0.471549 MB
LDB: TIME 692.086 LOAD: AVG 0.053915 MAX 0.0578188  PROXIES: TOTAL 27 MAXPE 4 MAXPATCH 8 RefineTorusLB MEM: 0.471549 MB
LDB: TIME 692.086 LOAD: AVG 0.053915 MAX 0.0578188  PROXIES: TOTAL 27 MAXPE 4 MAXPATCH 8 RefineTorusLB MEM: 0.471549 MB
LDB: ============== END OF LOAD BALANCING =============== 692.086
Info: useSync: 0 useProxySync: 0
LDB: =============== DONE WITH MIGRATION ================ 692.087
LDB: ============= START OF LOAD BALANCING ============== 694.658
LDB: ============== END OF LOAD BALANCING =============== 694.658
Info: useSync: 0 useProxySync: 0
LDB: =============== DONE WITH MIGRATION ================ 694.661
LDB: ============= START OF LOAD BALANCING ============== 694.727
LDB: Largest compute 150 load 0.012392 is 22.6% of average load 0.054752
LDB: Average compute 0.003846 is 7.0% of average load 0.054752
LDB: TIME 694.727 LOAD: AVG 0.0547515 MAX 0.0592107  PROXIES: TOTAL 24 MAXPE 4 MAXPATCH 6 None MEM: 0.471549 MB
LDB: TIME 694.727 LOAD: AVG 0.0547515 MAX 0.0592107  PROXIES: TOTAL 27 MAXPE 4 MAXPATCH 8 RefineTorusLB MEM: 0.471549 MB
LDB: TIME 694.727 LOAD: AVG 0.0547515 MAX 0.0592107  PROXIES: TOTAL 27 MAXPE 4 MAXPATCH 8 RefineTorusLB MEM: 0.471549 MB
LDB: ============== END OF LOAD BALANCING =============== 694.727
Info: useSync: 0 useProxySync: 0
LDB: =============== DONE WITH MIGRATION ================ 694.727
WRITING COORDINATES TO DCD FILE MDequil.dcd AT STEP 365000
PRESSURE: 365000 -527.548 -67.9263 396.912 370.157 -281.239 7.66741 611.78 176.992 197.737
GPRESSURE: 365000 -574.113 -43.6328 589.461 264.069 -279.758 -164.225 526.468 161.8 321.592
PRESSAVG: 365000 -372.318 30.8138 -27.8772 15.0431 -347.083 -12.7743 94.3136 -45.4074 2.69643
GPRESSAVG: 365000 -372.455 31.3587 -27.4532 14.446 -347.255 -13.0744 94.3385 -45.0321 3.11494
ENERGY:  365000         0.0000         0.0000         0.0000         0.0000          -5667.5234       431.4048         0.0000         0.0000       958.4786          -4277.6400       304.5002     -5236.1186     -4274.9191       298.7440           -203.6834      -177.4263     23138.6205      -238.9018      -238.8650

LDB: ============= START OF LOAD BALANCING ============== 697.25
LDB: ============== END OF LOAD BALANCING =============== 697.25
Info: useSync: 0 useProxySync: 0
LDB: =============== DONE WITH MIGRATION ================ 697.25
LDB: ============= START OF LOAD BALANCING ============== 697.315
LDB: Largest compute 149 load 0.011897 is 22.1% of average load 0.053770
LDB: Average compute 0.003770 is 7.0% of average load 0.053770
LDB: TIME 697.315 LOAD: AVG 0.0537704 MAX 0.0564263  PROXIES: TOTAL 24 MAXPE 4 MAXPATCH 6 None MEM: 0.471549 MB
LDB: TIME 697.315 LOAD: AVG 0.0537704 MAX 0.0564263  PROXIES: TOTAL 27 MAXPE 4 MAXPATCH 8 RefineTorusLB MEM: 0.471549 MB
LDB: TIME 697.315 LOAD: AVG 0.0537704 MAX 0.0564263  PROXIES: TOTAL 27 MAXPE 4 MAXPATCH 8 RefineTorusLB MEM: 0.471549 MB
LDB: ============== END OF LOAD BALANCING =============== 697.315
Info: useSync: 0 useProxySync: 0
LDB: =============== DONE WITH MIGRATION ================ 697.316
LDB: ============= START OF LOAD BALANCING ============== 699.921
LDB: ============== END OF LOAD BALANCING =============== 699.921
Info: useSync: 0 useProxySync: 0
LDB: =============== DONE WITH MIGRATION ================ 699.922
LDB: ============= START OF LOAD BALANCING ============== 699.987
LDB: Largest compute 147 load 0.012260 is 22.5% of average load 0.054560
LDB: Average compute 0.003831 is 7.0% of average load 0.054560
LDB: TIME 699.988 LOAD: AVG 0.0545602 MAX 0.0591528  PROXIES: TOTAL 24 MAXPE 4 MAXPATCH 6 None MEM: 0.471549 MB
LDB: TIME 699.988 LOAD: AVG 0.0545602 MAX 0.0591528  PROXIES: TOTAL 27 MAXPE 4 MAXPATCH 8 RefineTorusLB MEM: 0.471549 MB
LDB: TIME 699.988 LOAD: AVG 0.0545602 MAX 0.0591528  PROXIES: TOTAL 27 MAXPE 4 MAXPATCH 8 RefineTorusLB MEM: 0.471549 MB
LDB: ============== END OF LOAD BALANCING =============== 699.988
Info: useSync: 0 useProxySync: 0
LDB: =============== DONE WITH MIGRATION ================ 699.988
WRITING COORDINATES TO DCD FILE MDequil.dcd AT STEP 370000
PRESSURE: 370000 -550.251 162.776 -565.302 577.262 -130.79 4.40598 -94.6941 100.123 1713.89
GPRESSURE: 370000 -481.092 219.594 -1020.9 516.874 -303.318 34.9457 485.487 359.072 1882.33
PRESSAVG: 370000 -365.261 -5.30837 -24.9136 30.8798 -341.687 -39.8927 20.788 -48.1514 -25.0232
GPRESSAVG: 370000 -365.195 -5.43033 -24.7405 31.1295 -341.86 -39.5851 20.6002 -48.0794 -24.896
ENERGY:  370000         0.0000         0.0000         0.0000         0.0000          -5610.1296       452.5621         0.0000         0.0000       905.7754          -4251.7921       287.7569     -5157.5675     -4250.0672       293.7292            344.2841       365.9744     22885.0435      -243.9905      -243.9838

LDB: ============= START OF LOAD BALANCING ============== 702.515
LDB: ============== END OF LOAD BALANCING =============== 702.516
Info: useSync: 0 useProxySync: 0
LDB: =============== DONE WITH MIGRATION ================ 702.516
LDB: ============= START OF LOAD BALANCING ============== 702.58
LDB: Largest compute 149 load 0.011949 is 22.2% of average load 0.053784
LDB: Average compute 0.003769 is 7.0% of average load 0.053784
LDB: TIME 702.58 LOAD: AVG 0.0537839 MAX 0.0579735  PROXIES: TOTAL 24 MAXPE 4 MAXPATCH 6 None MEM: 0.471549 MB
LDB: TIME 702.58 LOAD: AVG 0.0537839 MAX 0.0579735  PROXIES: TOTAL 27 MAXPE 4 MAXPATCH 8 RefineTorusLB MEM: 0.471549 MB
LDB: TIME 702.58 LOAD: AVG 0.0537839 MAX 0.0579735  PROXIES: TOTAL 27 MAXPE 4 MAXPATCH 8 RefineTorusLB MEM: 0.471549 MB
LDB: ============== END OF LOAD BALANCING =============== 702.58
Info: useSync: 0 useProxySync: 0
LDB: =============== DONE WITH MIGRATION ================ 702.581
LDB: ============= START OF LOAD BALANCING ============== 705.11
LDB: ============== END OF LOAD BALANCING =============== 705.11
Info: useSync: 0 useProxySync: 0
LDB: =============== DONE WITH MIGRATION ================ 705.111
LDB: ============= START OF LOAD BALANCING ============== 705.177
LDB: Largest compute 150 load 0.012166 is 22.8% of average load 0.053369
LDB: Average compute 0.003738 is 7.0% of average load 0.053369
LDB: TIME 705.177 LOAD: AVG 0.0533687 MAX 0.0587235  PROXIES: TOTAL 24 MAXPE 4 MAXPATCH 6 None MEM: 0.471549 MB
LDB: TIME 705.178 LOAD: AVG 0.0533687 MAX 0.0587235  PROXIES: TOTAL 27 MAXPE 4 MAXPATCH 8 RefineTorusLB MEM: 0.471549 MB
LDB: TIME 705.178 LOAD: AVG 0.0533687 MAX 0.057877  PROXIES: TOTAL 27 MAXPE 4 MAXPATCH 8 RefineTorusLB MEM: 0.471549 MB
LDB: ============== END OF LOAD BALANCING =============== 705.178
Info: useSync: 0 useProxySync: 0
LDB: =============== DONE WITH MIGRATION ================ 705.178
LDB: ============= START OF LOAD BALANCING ============== 707.836
LDB: ============== END OF LOAD BALANCING =============== 707.836
Info: useSync: 0 useProxySync: 0
LDB: =============== DONE WITH MIGRATION ================ 707.837
LDB: ============= START OF LOAD BALANCING ============== 707.902
LDB: Largest compute 149 load 0.012667 is 23.5% of average load 0.053907
LDB: Average compute 0.003784 is 7.0% of average load 0.053907
LDB: TIME 707.902 LOAD: AVG 0.0539075 MAX 0.0582472  PROXIES: TOTAL 24 MAXPE 4 MAXPATCH 6 None MEM: 0.471549 MB
LDB: TIME 707.903 LOAD: AVG 0.0539075 MAX 0.0582472  PROXIES: TOTAL 27 MAXPE 4 MAXPATCH 8 RefineTorusLB MEM: 0.471549 MB
LDB: TIME 707.903 LOAD: AVG 0.0539075 MAX 0.0582472  PROXIES: TOTAL 27 MAXPE 4 MAXPATCH 8 RefineTorusLB MEM: 0.471549 MB
LDB: ============== END OF LOAD BALANCING =============== 707.903
Info: useSync: 0 useProxySync: 0
LDB: =============== DONE WITH MIGRATION ================ 707.903
PRESSURE: 375000 -474.243 -705.214 131.38 -555.551 436.939 -555.153 -31.7592 -186.198 -342.804
GPRESSURE: 375000 -446.896 -369.798 305.129 -570.212 455.762 -766.089 -228.465 219.267 -378.748
PRESSAVG: 375000 -292.886 51.54 11.3731 25.0218 -364.191 9.05778 0.237565 -55.5526 -3.27512
GPRESSAVG: 375000 -292.971 51.6337 11.6097 25.6482 -364.113 9.36528 -0.276301 -55.8429 -3.25797
ENERGY:  375000         0.0000         0.0000         0.0000         0.0000          -5556.3579       399.1190         0.0000         0.0000       902.2908          -4254.9481       286.6499     -5157.2389     -4252.3974       299.4751           -126.7024      -123.2941     22804.5325      -220.1174      -220.1140

WRITING COORDINATES TO DCD FILE MDequil.dcd AT STEP 375000
LDB: ============= START OF LOAD BALANCING ============== 710.463
LDB: ============== END OF LOAD BALANCING =============== 710.463
Info: useSync: 0 useProxySync: 0
LDB: =============== DONE WITH MIGRATION ================ 710.464
LDB: ============= START OF LOAD BALANCING ============== 710.529
LDB: Largest compute 147 load 0.012708 is 23.6% of average load 0.053779
LDB: Average compute 0.003768 is 7.0% of average load 0.053779
LDB: TIME 710.529 LOAD: AVG 0.0537785 MAX 0.0566168  PROXIES: TOTAL 24 MAXPE 4 MAXPATCH 6 None MEM: 0.471549 MB
LDB: TIME 710.529 LOAD: AVG 0.0537785 MAX 0.0566168  PROXIES: TOTAL 27 MAXPE 4 MAXPATCH 8 RefineTorusLB MEM: 0.471549 MB
LDB: TIME 710.529 LOAD: AVG 0.0537785 MAX 0.0566168  PROXIES: TOTAL 27 MAXPE 4 MAXPATCH 8 RefineTorusLB MEM: 0.471549 MB
LDB: ============== END OF LOAD BALANCING =============== 710.529
Info: useSync: 0 useProxySync: 0
LDB: =============== DONE WITH MIGRATION ================ 710.529
LDB: ============= START OF LOAD BALANCING ============== 713.062
LDB: ============== END OF LOAD BALANCING =============== 713.062
Info: useSync: 0 useProxySync: 0
LDB: =============== DONE WITH MIGRATION ================ 713.066
LDB: ============= START OF LOAD BALANCING ============== 713.13
LDB: Largest compute 150 load 0.012175 is 22.8% of average load 0.053293
LDB: Average compute 0.003740 is 7.0% of average load 0.053293
LDB: TIME 713.131 LOAD: AVG 0.0532929 MAX 0.0562941  PROXIES: TOTAL 24 MAXPE 4 MAXPATCH 6 None MEM: 0.471549 MB
LDB: TIME 713.131 LOAD: AVG 0.0532929 MAX 0.0562941  PROXIES: TOTAL 27 MAXPE 4 MAXPATCH 8 RefineTorusLB MEM: 0.471549 MB
LDB: TIME 713.131 LOAD: AVG 0.0532929 MAX 0.0562941  PROXIES: TOTAL 27 MAXPE 4 MAXPATCH 8 RefineTorusLB MEM: 0.471549 MB
LDB: ============== END OF LOAD BALANCING =============== 713.131
Info: useSync: 0 useProxySync: 0
LDB: =============== DONE WITH MIGRATION ================ 713.131
WRITING COORDINATES TO DCD FILE MDequil.dcd AT STEP 380000
PRESSURE: 380000 -1193.37 40.849 148.026 124.914 -1138.74 -465.094 7.72849 -433.376 -389.613
GPRESSURE: 380000 -1203.55 182.066 140.908 -207.551 -1005.59 -280.829 -263.006 -655.128 -474.854
PRESSAVG: 380000 -322.643 -2.20772 43.3083 -33.3517 -411.511 3.05935 -64.9394 -74.8545 -4.29046
GPRESSAVG: 380000 -322.86 -2.20521 42.8974 -33.422 -411.305 2.84919 -65.1982 -74.4093 -4.76002
ENERGY:  380000         0.0000         0.0000         0.0000         0.0000          -5580.6912       363.2467         0.0000         0.0000       981.9047          -4235.5399       311.9425     -5217.4446     -4233.2945       300.1333           -907.2399      -894.6657     22868.7078      -246.1481      -246.3083

LDB: ============= START OF LOAD BALANCING ============== 715.695
LDB: ============== END OF LOAD BALANCING =============== 715.695
Info: useSync: 0 useProxySync: 0
LDB: =============== DONE WITH MIGRATION ================ 715.695
LDB: ============= START OF LOAD BALANCING ============== 715.76
LDB: Largest compute 148 load 0.011934 is 22.2% of average load 0.053785
LDB: Average compute 0.003771 is 7.0% of average load 0.053785
LDB: TIME 715.76 LOAD: AVG 0.0537852 MAX 0.0577571  PROXIES: TOTAL 24 MAXPE 4 MAXPATCH 6 None MEM: 0.471549 MB
LDB: TIME 715.76 LOAD: AVG 0.0537852 MAX 0.0577571  PROXIES: TOTAL 27 MAXPE 4 MAXPATCH 8 RefineTorusLB MEM: 0.471549 MB
LDB: TIME 715.76 LOAD: AVG 0.0537852 MAX 0.0577571  PROXIES: TOTAL 27 MAXPE 4 MAXPATCH 8 RefineTorusLB MEM: 0.471549 MB
LDB: ============== END OF LOAD BALANCING =============== 715.76
Info: useSync: 0 useProxySync: 0
LDB: =============== DONE WITH MIGRATION ================ 715.76
LDB: ============= START OF LOAD BALANCING ============== 718.347
LDB: ============== END OF LOAD BALANCING =============== 718.347
Info: useSync: 0 useProxySync: 0
LDB: =============== DONE WITH MIGRATION ================ 718.347
LDB: ============= START OF LOAD BALANCING ============== 718.415
LDB: Largest compute 146 load 0.012469 is 23.1% of average load 0.053870
LDB: Average compute 0.003749 is 7.0% of average load 0.053870
LDB: TIME 718.415 LOAD: AVG 0.0538698 MAX 0.0574598  PROXIES: TOTAL 24 MAXPE 4 MAXPATCH 6 None MEM: 0.471549 MB
LDB: TIME 718.416 LOAD: AVG 0.0538698 MAX 0.0574598  PROXIES: TOTAL 27 MAXPE 4 MAXPATCH 8 RefineTorusLB MEM: 0.471549 MB
LDB: TIME 718.416 LOAD: AVG 0.0538698 MAX 0.0574598  PROXIES: TOTAL 27 MAXPE 4 MAXPATCH 8 RefineTorusLB MEM: 0.471549 MB
LDB: ============== END OF LOAD BALANCING =============== 718.416
Info: useSync: 0 useProxySync: 0
LDB: =============== DONE WITH MIGRATION ================ 718.416
LDB: ============= START OF LOAD BALANCING ============== 720.95
LDB: ============== END OF LOAD BALANCING =============== 720.951
Info: useSync: 0 useProxySync: 0
LDB: =============== DONE WITH MIGRATION ================ 720.951
LDB: ============= START OF LOAD BALANCING ============== 721.016
LDB: Largest compute 149 load 0.012171 is 22.4% of average load 0.054215
LDB: Average compute 0.003805 is 7.0% of average load 0.054215
LDB: TIME 721.016 LOAD: AVG 0.0542154 MAX 0.0586849  PROXIES: TOTAL 24 MAXPE 4 MAXPATCH 6 None MEM: 0.471549 MB
LDB: TIME 721.017 LOAD: AVG 0.0542154 MAX 0.0586849  PROXIES: TOTAL 27 MAXPE 4 MAXPATCH 8 RefineTorusLB MEM: 0.471549 MB
LDB: TIME 721.017 LOAD: AVG 0.0542154 MAX 0.0586849  PROXIES: TOTAL 27 MAXPE 4 MAXPATCH 8 RefineTorusLB MEM: 0.471549 MB
LDB: ============== END OF LOAD BALANCING =============== 721.017
Info: useSync: 0 useProxySync: 0
LDB: =============== DONE WITH MIGRATION ================ 721.017
PRESSURE: 385000 -9.59143 515.524 -317.396 300.187 -395.373 -460.353 -169.712 -543.116 460.701
GPRESSURE: 385000 -27.1209 233.82 -650.646 225.063 -367.79 -861.265 98.0535 -311.56 439.115
PRESSAVG: 385000 -383.521 -0.973452 -35.8516 9.84984 -386.048 4.94578 -65.8708 11.2572 7.62751
GPRESSAVG: 385000 -383.452 -0.583611 -36.0675 9.57842 -386.222 5.48633 -65.1589 10.8092 7.52357
ENERGY:  385000         0.0000         0.0000         0.0000         0.0000          -5579.0581       397.1983         0.0000         0.0000       891.2990          -4290.5608       283.1579     -5181.8597     -4288.7842       299.1158             18.5789        14.7346     22825.2815      -253.9805      -254.0502

WRITING COORDINATES TO DCD FILE MDequil.dcd AT STEP 385000
LDB: ============= START OF LOAD BALANCING ============== 723.551
LDB: ============== END OF LOAD BALANCING =============== 723.551
Info: useSync: 0 useProxySync: 0
LDB: =============== DONE WITH MIGRATION ================ 723.554
LDB: ============= START OF LOAD BALANCING ============== 723.619
LDB: Largest compute 6 load 0.012416 is 22.9% of average load 0.054121
LDB: Average compute 0.003798 is 7.0% of average load 0.054121
LDB: TIME 723.619 LOAD: AVG 0.0541211 MAX 0.0595826  PROXIES: TOTAL 24 MAXPE 4 MAXPATCH 6 None MEM: 0.471549 MB
LDB: TIME 723.619 LOAD: AVG 0.0541211 MAX 0.0595826  PROXIES: TOTAL 27 MAXPE 4 MAXPATCH 8 RefineTorusLB MEM: 0.471549 MB
LDB: TIME 723.619 LOAD: AVG 0.0541211 MAX 0.0587178  PROXIES: TOTAL 27 MAXPE 4 MAXPATCH 8 RefineTorusLB MEM: 0.471549 MB
LDB: ============== END OF LOAD BALANCING =============== 723.619
Info: useSync: 0 useProxySync: 0
LDB: =============== DONE WITH MIGRATION ================ 723.62
LDB: ============= START OF LOAD BALANCING ============== 726.157
LDB: ============== END OF LOAD BALANCING =============== 726.157
Info: useSync: 0 useProxySync: 0
LDB: =============== DONE WITH MIGRATION ================ 726.158
LDB: ============= START OF LOAD BALANCING ============== 726.223
LDB: Largest compute 147 load 0.013475 is 25.2% of average load 0.053407
LDB: Average compute 0.003741 is 7.0% of average load 0.053407
LDB: TIME 726.223 LOAD: AVG 0.0534071 MAX 0.0573029  PROXIES: TOTAL 24 MAXPE 4 MAXPATCH 6 None MEM: 0.471549 MB
LDB: TIME 726.223 LOAD: AVG 0.0534071 MAX 0.0573029  PROXIES: TOTAL 27 MAXPE 4 MAXPATCH 8 RefineTorusLB MEM: 0.471549 MB
LDB: TIME 726.223 LOAD: AVG 0.0534071 MAX 0.0573029  PROXIES: TOTAL 27 MAXPE 4 MAXPATCH 8 RefineTorusLB MEM: 0.471549 MB
LDB: ============== END OF LOAD BALANCING =============== 726.223
Info: useSync: 0 useProxySync: 0
LDB: =============== DONE WITH MIGRATION ================ 726.223
PRESSURE: 390000 -875.965 457.637 240.961 495.352 259.423 -66.0033 127.755 150.905 -402.115
GPRESSURE: 390000 -805.567 360.923 238.535 337.916 292.102 48.5013 58.4631 11.903 -457.867
PRESSAVG: 390000 -467.63 -18.7175 1.29603 -34.0599 -383.925 -3.56019 -59.3517 -25.3159 -6.93841
GPRESSAVG: 390000 -467.509 -19.1003 1.92964 -33.7324 -384.005 -3.29586 -59.9404 -25.4709 -7.21786
ENERGY:  390000         0.0000         0.0000         0.0000         0.0000          -5608.2086       387.3114         0.0000         0.0000       920.5370          -4300.3602       292.4465     -5220.8972     -4297.2258       302.1138           -339.5524      -323.7772     22608.2182      -286.1645      -286.2439

WRITING COORDINATES TO DCD FILE MDequil.dcd AT STEP 390000
LDB: ============= START OF LOAD BALANCING ============== 728.803
LDB: ============== END OF LOAD BALANCING =============== 728.803
Info: useSync: 0 useProxySync: 0
LDB: =============== DONE WITH MIGRATION ================ 728.803
LDB: ============= START OF LOAD BALANCING ============== 728.869
LDB: Largest compute 147 load 0.013104 is 24.2% of average load 0.054069
LDB: Average compute 0.003795 is 7.0% of average load 0.054069
LDB: TIME 728.869 LOAD: AVG 0.0540695 MAX 0.0584385  PROXIES: TOTAL 24 MAXPE 4 MAXPATCH 6 None MEM: 0.471549 MB
LDB: TIME 728.869 LOAD: AVG 0.0540695 MAX 0.0584385  PROXIES: TOTAL 27 MAXPE 4 MAXPATCH 8 RefineTorusLB MEM: 0.471549 MB
LDB: TIME 728.869 LOAD: AVG 0.0540695 MAX 0.0584385  PROXIES: TOTAL 27 MAXPE 4 MAXPATCH 8 RefineTorusLB MEM: 0.471549 MB
LDB: ============== END OF LOAD BALANCING =============== 728.87
Info: useSync: 0 useProxySync: 0
LDB: =============== DONE WITH MIGRATION ================ 728.87
LDB: ============= START OF LOAD BALANCING ============== 731.405
LDB: ============== END OF LOAD BALANCING =============== 731.405
Info: useSync: 0 useProxySync: 0
LDB: =============== DONE WITH MIGRATION ================ 731.405
LDB: ============= START OF LOAD BALANCING ============== 731.469
LDB: Largest compute 146 load 0.011304 is 21.3% of average load 0.053051
LDB: Average compute 0.003715 is 7.0% of average load 0.053051
LDB: TIME 731.469 LOAD: AVG 0.0530509 MAX 0.057153  PROXIES: TOTAL 24 MAXPE 4 MAXPATCH 6 None MEM: 0.471549 MB
LDB: TIME 731.469 LOAD: AVG 0.0530509 MAX 0.057153  PROXIES: TOTAL 27 MAXPE 4 MAXPATCH 8 RefineTorusLB MEM: 0.471549 MB
LDB: TIME 731.47 LOAD: AVG 0.0530509 MAX 0.057153  PROXIES: TOTAL 27 MAXPE 4 MAXPATCH 8 RefineTorusLB MEM: 0.471549 MB
LDB: ============== END OF LOAD BALANCING =============== 731.47
Info: useSync: 0 useProxySync: 0
LDB: =============== DONE WITH MIGRATION ================ 731.47
LDB: ============= START OF LOAD BALANCING ============== 734.03
LDB: ============== END OF LOAD BALANCING =============== 734.033
Info: useSync: 0 useProxySync: 0
LDB: =============== DONE WITH MIGRATION ================ 734.033
LDB: ============= START OF LOAD BALANCING ============== 734.098
LDB: Largest compute 147 load 0.012171 is 22.7% of average load 0.053630
LDB: Average compute 0.003759 is 7.0% of average load 0.053630
LDB: TIME 734.098 LOAD: AVG 0.0536299 MAX 0.0574375  PROXIES: TOTAL 24 MAXPE 4 MAXPATCH 6 None MEM: 0.471549 MB
LDB: TIME 734.099 LOAD: AVG 0.0536299 MAX 0.0574375  PROXIES: TOTAL 27 MAXPE 4 MAXPATCH 8 RefineTorusLB MEM: 0.471549 MB
LDB: TIME 734.099 LOAD: AVG 0.0536299 MAX 0.0574375  PROXIES: TOTAL 27 MAXPE 4 MAXPATCH 8 RefineTorusLB MEM: 0.471549 MB
LDB: ============== END OF LOAD BALANCING =============== 734.099
Info: useSync: 0 useProxySync: 0
LDB: =============== DONE WITH MIGRATION ================ 734.099
PRESSURE: 395000 -712.443 -6.12208 -262.043 -173.771 272.521 -368.072 -22.8889 -134.731 -568.272
GPRESSURE: 395000 -643.211 43.6149 -115.888 67.3447 283.94 -237.01 35.8587 -71.6985 -554.986
PRESSAVG: 395000 -442.073 -10.5143 -9.25771 -5.94642 -346.937 -5.75457 -21.9245 -6.94901 -3.53384
GPRESSAVG: 395000 -441.95 -10.2297 -9.22118 -5.87796 -346.801 -5.93936 -21.807 -6.72271 -3.85582
ENERGY:  395000         0.0000         0.0000         0.0000         0.0000          -5586.1566       399.2771         0.0000         0.0000       915.6778          -4271.2017       290.9028     -5186.8795     -4270.4728       298.2058           -336.0648      -304.7523     22826.8979      -264.1811      -264.2023

WRITING COORDINATES TO DCD FILE MDequil.dcd AT STEP 395000
LDB: ============= START OF LOAD BALANCING ============== 736.695
LDB: ============== END OF LOAD BALANCING =============== 736.695
Info: useSync: 0 useProxySync: 0
LDB: =============== DONE WITH MIGRATION ================ 736.695
LDB: ============= START OF LOAD BALANCING ============== 736.762
LDB: Largest compute 149 load 0.011702 is 21.8% of average load 0.053686
LDB: Average compute 0.003761 is 7.0% of average load 0.053686
LDB: TIME 736.763 LOAD: AVG 0.0536861 MAX 0.0602736  PROXIES: TOTAL 24 MAXPE 4 MAXPATCH 6 None MEM: 0.471549 MB
LDB: TIME 736.763 LOAD: AVG 0.0536861 MAX 0.0602736  PROXIES: TOTAL 27 MAXPE 4 MAXPATCH 8 RefineTorusLB MEM: 0.471549 MB
LDB: TIME 736.763 LOAD: AVG 0.0536861 MAX 0.0580319  PROXIES: TOTAL 27 MAXPE 4 MAXPATCH 8 RefineTorusLB MEM: 0.471549 MB
LDB: ============== END OF LOAD BALANCING =============== 736.763
Info: useSync: 0 useProxySync: 0
LDB: =============== DONE WITH MIGRATION ================ 736.763
LDB: ============= START OF LOAD BALANCING ============== 739.324
LDB: ============== END OF LOAD BALANCING =============== 739.325
Info: useSync: 0 useProxySync: 0
LDB: =============== DONE WITH MIGRATION ================ 739.325
LDB: ============= START OF LOAD BALANCING ============== 739.391
LDB: Largest compute 150 load 0.012501 is 22.8% of average load 0.054916
LDB: Average compute 0.003856 is 7.0% of average load 0.054916
LDB: TIME 739.391 LOAD: AVG 0.0549163 MAX 0.0582895  PROXIES: TOTAL 24 MAXPE 4 MAXPATCH 6 None MEM: 0.471549 MB
LDB: TIME 739.391 LOAD: AVG 0.0549163 MAX 0.0582895  PROXIES: TOTAL 27 MAXPE 4 MAXPATCH 8 RefineTorusLB MEM: 0.471549 MB
LDB: TIME 739.391 LOAD: AVG 0.0549163 MAX 0.0582895  PROXIES: TOTAL 27 MAXPE 4 MAXPATCH 8 RefineTorusLB MEM: 0.471549 MB
LDB: ============== END OF LOAD BALANCING =============== 739.391
Info: useSync: 0 useProxySync: 0
LDB: =============== DONE WITH MIGRATION ================ 739.391
PRESSURE: 400000 -119.482 -46.0616 -26.619 74.4422 -700.794 -17.7613 -308.435 -311.138 1315.07
GPRESSURE: 400000 -190.482 -41.8993 -171.738 179.611 -604.483 55.4279 -83.271 -440.785 1320.39
PRESSAVG: 400000 -317.281 -3.90678 18.8428 4.73484 -384.331 -12.9137 80.3916 10.2793 -17.9896
GPRESSAVG: 400000 -317.591 -4.19738 18.6228 5.1283 -384.213 -12.7651 80.5546 10.6551 -17.8213
TIMING: 400000  CPU: 702.461, 0.00131084/step  Wall: 730.352, 0.00131763/step, 0.0366009 hours remaining, 0.471549 MB of memory in use.
PERFORMANCE: 400000  averaging 94.6401 ns/day, 0.00182586 sec/step with standard deviation 0.000601511
ETITLE:      TS           BOND          ANGLE          DIHED          IMPRP               ELECT            VDW       BOUNDARY           MISC        KINETIC               TOTAL           TEMP      POTENTIAL         TOTAL3        TEMPAVG            PRESSURE      GPRESSURE         VOLUME       PRESSAVG      GPRESSAVG

ENERGY:  400000         0.0000         0.0000         0.0000         0.0000          -5602.8022       399.8490         0.0000         0.0000       921.4333          -4281.5199       292.7313     -5202.9532     -4277.7964       294.9747            164.9299       175.1407     22636.9825      -239.8671      -239.8752

WRITING EXTENDED SYSTEM TO RESTART FILE AT STEP 400000
WRITING COORDINATES TO DCD FILE MDequil.dcd AT STEP 400000
WRITING COORDINATES TO RESTART FILE AT STEP 400000
FINISHED WRITING RESTART COORDINATES
WRITING VELOCITIES TO RESTART FILE AT STEP 400000
FINISHED WRITING RESTART VELOCITIES
LDB: ============= START OF LOAD BALANCING ============== 742.009
LDB: ============== END OF LOAD BALANCING =============== 742.009
Info: useSync: 0 useProxySync: 0
LDB: =============== DONE WITH MIGRATION ================ 742.009
LDB: ============= START OF LOAD BALANCING ============== 742.073
LDB: Largest compute 147 load 0.012399 is 23.0% of average load 0.053807
LDB: Average compute 0.003774 is 7.0% of average load 0.053807
LDB: TIME 742.073 LOAD: AVG 0.0538074 MAX 0.0579172  PROXIES: TOTAL 24 MAXPE 4 MAXPATCH 6 None MEM: 0.471549 MB
LDB: TIME 742.073 LOAD: AVG 0.0538074 MAX 0.0579172  PROXIES: TOTAL 27 MAXPE 4 MAXPATCH 8 RefineTorusLB MEM: 0.471549 MB
LDB: TIME 742.073 LOAD: AVG 0.0538074 MAX 0.0579172  PROXIES: TOTAL 27 MAXPE 4 MAXPATCH 8 RefineTorusLB MEM: 0.471549 MB
LDB: ============== END OF LOAD BALANCING =============== 742.073
Info: useSync: 0 useProxySync: 0
LDB: =============== DONE WITH MIGRATION ================ 742.074
LDB: ============= START OF LOAD BALANCING ============== 744.737
LDB: ============== END OF LOAD BALANCING =============== 744.737
Info: useSync: 0 useProxySync: 0
LDB: =============== DONE WITH MIGRATION ================ 744.737
LDB: ============= START OF LOAD BALANCING ============== 744.803
LDB: Largest compute 147 load 0.012598 is 22.8% of average load 0.055206
LDB: Average compute 0.003881 is 7.0% of average load 0.055206
LDB: TIME 744.804 LOAD: AVG 0.0552063 MAX 0.0597732  PROXIES: TOTAL 24 MAXPE 4 MAXPATCH 6 None MEM: 0.471549 MB
LDB: TIME 744.804 LOAD: AVG 0.0552063 MAX 0.0597732  PROXIES: TOTAL 27 MAXPE 4 MAXPATCH 8 RefineTorusLB MEM: 0.471549 MB
LDB: TIME 744.804 LOAD: AVG 0.0552063 MAX 0.0597732  PROXIES: TOTAL 27 MAXPE 4 MAXPATCH 8 RefineTorusLB MEM: 0.471549 MB
LDB: ============== END OF LOAD BALANCING =============== 744.807
Info: useSync: 0 useProxySync: 0
LDB: =============== DONE WITH MIGRATION ================ 744.811
LDB: ============= START OF LOAD BALANCING ============== 747.397
LDB: ============== END OF LOAD BALANCING =============== 747.397
Info: useSync: 0 useProxySync: 0
LDB: =============== DONE WITH MIGRATION ================ 747.397
LDB: ============= START OF LOAD BALANCING ============== 747.462
LDB: Largest compute 6 load 0.013128 is 24.6% of average load 0.053265
LDB: Average compute 0.003725 is 7.0% of average load 0.053265
LDB: TIME 747.462 LOAD: AVG 0.0532645 MAX 0.0567534  PROXIES: TOTAL 24 MAXPE 4 MAXPATCH 6 None MEM: 0.471549 MB
LDB: TIME 747.462 LOAD: AVG 0.0532645 MAX 0.0567534  PROXIES: TOTAL 27 MAXPE 4 MAXPATCH 8 RefineTorusLB MEM: 0.471549 MB
LDB: TIME 747.462 LOAD: AVG 0.0532645 MAX 0.0567534  PROXIES: TOTAL 27 MAXPE 4 MAXPATCH 8 RefineTorusLB MEM: 0.471549 MB
LDB: ============== END OF LOAD BALANCING =============== 747.463
Info: useSync: 0 useProxySync: 0
LDB: =============== DONE WITH MIGRATION ================ 747.463
WRITING COORDINATES TO DCD FILE MDequil.dcd AT STEP 405000
PRESSURE: 405000 103.052 465.092 -55.2977 525.097 254.663 240.003 213.818 -187.451 431.87
GPRESSURE: 405000 263.247 508.979 -87.7063 293.796 63.7249 581.647 335.944 -435.428 530.474
PRESSAVG: 405000 -254.654 3.09646 -36.8863 31.5899 -302.536 36.8607 -23.0435 -43.9523 17.4565
GPRESSAVG: 405000 -254.758 3.29807 -36.8522 31.5081 -302.745 36.3289 -23.1235 -43.5779 17.2335
ENERGY:  405000         0.0000         0.0000         0.0000         0.0000          -5598.2789       405.4644         0.0000         0.0000       952.4349          -4240.3796       302.5802     -5192.8145     -4238.8394       295.5916            263.1949       285.8152     22592.0024      -179.9113      -180.0899

LDB: ============= START OF LOAD BALANCING ============== 750.023
LDB: ============== END OF LOAD BALANCING =============== 750.023
Info: useSync: 0 useProxySync: 0
LDB: =============== DONE WITH MIGRATION ================ 750.026
LDB: ============= START OF LOAD BALANCING ============== 750.093
LDB: Largest compute 6 load 0.013062 is 24.1% of average load 0.054190
LDB: Average compute 0.003797 is 7.0% of average load 0.054190
LDB: TIME 750.093 LOAD: AVG 0.0541896 MAX 0.0606639  PROXIES: TOTAL 24 MAXPE 4 MAXPATCH 6 None MEM: 0.471549 MB
LDB: TIME 750.093 LOAD: AVG 0.0541896 MAX 0.0606639  PROXIES: TOTAL 27 MAXPE 4 MAXPATCH 8 RefineTorusLB MEM: 0.471549 MB
LDB: TIME 750.093 LOAD: AVG 0.0541896 MAX 0.0588829  PROXIES: TOTAL 27 MAXPE 4 MAXPATCH 8 RefineTorusLB MEM: 0.471549 MB
LDB: ============== END OF LOAD BALANCING =============== 750.093
Info: useSync: 0 useProxySync: 0
LDB: =============== DONE WITH MIGRATION ================ 750.094
LDB: ============= START OF LOAD BALANCING ============== 752.694
LDB: ============== END OF LOAD BALANCING =============== 752.694
Info: useSync: 0 useProxySync: 0
LDB: =============== DONE WITH MIGRATION ================ 752.695
LDB: ============= START OF LOAD BALANCING ============== 752.762
LDB: Largest compute 6 load 0.012741 is 23.5% of average load 0.054260
LDB: Average compute 0.003806 is 7.0% of average load 0.054260
LDB: TIME 752.762 LOAD: AVG 0.0542601 MAX 0.0579653  PROXIES: TOTAL 24 MAXPE 4 MAXPATCH 6 None MEM: 0.471549 MB
LDB: TIME 752.762 LOAD: AVG 0.0542601 MAX 0.0579653  PROXIES: TOTAL 27 MAXPE 4 MAXPATCH 8 RefineTorusLB MEM: 0.471549 MB
LDB: TIME 752.762 LOAD: AVG 0.0542601 MAX 0.0579653  PROXIES: TOTAL 27 MAXPE 4 MAXPATCH 8 RefineTorusLB MEM: 0.471549 MB
LDB: ============== END OF LOAD BALANCING =============== 752.762
Info: useSync: 0 useProxySync: 0
LDB: =============== DONE WITH MIGRATION ================ 752.762
PRESSURE: 410000 -353.938 567.355 -657.926 204.423 -581.978 789.978 -749.363 189.414 219.42
GPRESSURE: 410000 -341.609 603.607 -508.026 166.372 -615.656 695.695 -873.59 4.4364 364.752
PRESSAVG: 410000 -324.553 24.7337 79.8259 -9.57501 -268.832 -30.0663 75.2084 -16.5736 15.0898
GPRESSAVG: 410000 -324.563 24.334 79.5082 -9.60397 -269.152 -30.641 75.5041 -15.9665 15.0667
ENERGY:  410000         0.0000         0.0000         0.0000         0.0000          -5622.0235       365.9937         0.0000         0.0000       934.7611          -4321.2687       296.9654     -5256.0298     -4318.7743       297.7009           -238.8321      -197.5047     22457.2113      -192.7652      -192.8827

WRITING COORDINATES TO DCD FILE MDequil.dcd AT STEP 410000
LDB: ============= START OF LOAD BALANCING ============== 755.367
LDB: ============== END OF LOAD BALANCING =============== 755.367
Info: useSync: 0 useProxySync: 0
LDB: =============== DONE WITH MIGRATION ================ 755.367
LDB: ============= START OF LOAD BALANCING ============== 755.433
LDB: Largest compute 147 load 0.012295 is 22.8% of average load 0.053985
LDB: Average compute 0.003788 is 7.0% of average load 0.053985
LDB: TIME 755.433 LOAD: AVG 0.0539849 MAX 0.0580338  PROXIES: TOTAL 24 MAXPE 4 MAXPATCH 6 None MEM: 0.471549 MB
LDB: TIME 755.433 LOAD: AVG 0.0539849 MAX 0.0580338  PROXIES: TOTAL 27 MAXPE 4 MAXPATCH 8 RefineTorusLB MEM: 0.471549 MB
LDB: TIME 755.433 LOAD: AVG 0.0539849 MAX 0.0580338  PROXIES: TOTAL 27 MAXPE 4 MAXPATCH 8 RefineTorusLB MEM: 0.471549 MB
LDB: ============== END OF LOAD BALANCING =============== 755.433
Info: useSync: 0 useProxySync: 0
LDB: =============== DONE WITH MIGRATION ================ 755.434
LDB: ============= START OF LOAD BALANCING ============== 758.01
LDB: ============== END OF LOAD BALANCING =============== 758.011
Info: useSync: 0 useProxySync: 0
LDB: =============== DONE WITH MIGRATION ================ 758.011
LDB: ============= START OF LOAD BALANCING ============== 758.078
LDB: Largest compute 147 load 0.013222 is 24.7% of average load 0.053490
LDB: Average compute 0.003748 is 7.0% of average load 0.053490
LDB: TIME 758.078 LOAD: AVG 0.0534903 MAX 0.0573434  PROXIES: TOTAL 24 MAXPE 4 MAXPATCH 6 None MEM: 0.471549 MB
LDB: TIME 758.078 LOAD: AVG 0.0534903 MAX 0.0573434  PROXIES: TOTAL 27 MAXPE 4 MAXPATCH 8 RefineTorusLB MEM: 0.471549 MB
LDB: TIME 758.078 LOAD: AVG 0.0534903 MAX 0.0573434  PROXIES: TOTAL 27 MAXPE 4 MAXPATCH 8 RefineTorusLB MEM: 0.471549 MB
LDB: ============== END OF LOAD BALANCING =============== 758.079
Info: useSync: 0 useProxySync: 0
LDB: =============== DONE WITH MIGRATION ================ 758.079
LDB: ============= START OF LOAD BALANCING ============== 760.685
LDB: ============== END OF LOAD BALANCING =============== 760.685
Info: useSync: 0 useProxySync: 0
LDB: =============== DONE WITH MIGRATION ================ 760.685
LDB: ============= START OF LOAD BALANCING ============== 760.751
LDB: Largest compute 146 load 0.012753 is 23.8% of average load 0.053650
LDB: Average compute 0.003755 is 7.0% of average load 0.053650
LDB: TIME 760.752 LOAD: AVG 0.0536504 MAX 0.0569429  PROXIES: TOTAL 24 MAXPE 4 MAXPATCH 6 None MEM: 0.471549 MB
LDB: TIME 760.752 LOAD: AVG 0.0536504 MAX 0.0569429  PROXIES: TOTAL 27 MAXPE 4 MAXPATCH 8 RefineTorusLB MEM: 0.471549 MB
LDB: TIME 760.752 LOAD: AVG 0.0536504 MAX 0.0569429  PROXIES: TOTAL 27 MAXPE 4 MAXPATCH 8 RefineTorusLB MEM: 0.471549 MB
LDB: ============== END OF LOAD BALANCING =============== 760.752
Info: useSync: 0 useProxySync: 0
LDB: =============== DONE WITH MIGRATION ================ 760.752
PRESSURE: 415000 234.777 314.298 288.537 236.492 608.826 -104.994 734.772 -276.221 630.237
GPRESSURE: 415000 387.069 713.325 523.827 -121.045 479.565 -13.2007 597.045 -310.949 670.514
PRESSAVG: 415000 -331.424 3.32443 -9.11284 12.9369 -313.069 68.0499 21.7071 40.2775 -5.70486
GPRESSAVG: 415000 -331.501 3.76043 -9.33068 12.8649 -313.103 68.2881 21.8168 40.1493 -5.9411
ENERGY:  415000         0.0000         0.0000         0.0000         0.0000          -5654.2010       431.7426         0.0000         0.0000       972.1392          -4250.3191       308.8401     -5222.4583     -4248.8838       298.8216            491.2800       512.3824     22494.1122      -216.7327      -216.8486

WRITING COORDINATES TO DCD FILE MDequil.dcd AT STEP 415000
LDB: ============= START OF LOAD BALANCING ============== 773.743
LDB: ============== END OF LOAD BALANCING =============== 773.745
Info: useSync: 0 useProxySync: 0
LDB: =============== DONE WITH MIGRATION ================ 773.757
LDB: ============= START OF LOAD BALANCING ============== 773.99
LDB: Largest compute 6 load 0.012332 is 23.3% of average load 0.052853
LDB: Average compute 0.003579 is 6.8% of average load 0.052853
LDB: TIME 773.995 LOAD: AVG 0.0528535 MAX 0.0594305  PROXIES: TOTAL 24 MAXPE 4 MAXPATCH 6 None MEM: 0.471549 MB
LDB: TIME 773.995 LOAD: AVG 0.0528535 MAX 0.0594305  PROXIES: TOTAL 27 MAXPE 4 MAXPATCH 8 RefineTorusLB MEM: 0.471549 MB
LDB: TIME 773.995 LOAD: AVG 0.0528535 MAX 0.0570638  PROXIES: TOTAL 27 MAXPE 4 MAXPATCH 8 RefineTorusLB MEM: 0.471549 MB
LDB: ============== END OF LOAD BALANCING =============== 774.001
Info: useSync: 0 useProxySync: 0
LDB: =============== DONE WITH MIGRATION ================ 774.043
LDB: ============= START OF LOAD BALANCING ============== 785.135
LDB: ============== END OF LOAD BALANCING =============== 785.138
Info: useSync: 0 useProxySync: 0
LDB: =============== DONE WITH MIGRATION ================ 785.165
LDB: ============= START OF LOAD BALANCING ============== 785.531
LDB: Largest compute 146 load 0.012009 is 23.1% of average load 0.051917
LDB: Average compute 0.003458 is 6.7% of average load 0.051917
LDB: TIME 785.537 LOAD: AVG 0.051917 MAX 0.0595075  PROXIES: TOTAL 24 MAXPE 4 MAXPATCH 6 None MEM: 0.471549 MB
LDB: TIME 785.537 LOAD: AVG 0.051917 MAX 0.0595075  PROXIES: TOTAL 27 MAXPE 4 MAXPATCH 8 RefineTorusLB MEM: 0.471549 MB
LDB: TIME 785.537 LOAD: AVG 0.051917 MAX 0.0563081  PROXIES: TOTAL 27 MAXPE 4 MAXPATCH 8 RefineTorusLB MEM: 0.471549 MB
LDB: ============== END OF LOAD BALANCING =============== 785.543
Info: useSync: 0 useProxySync: 0
LDB: =============== DONE WITH MIGRATION ================ 785.624
WRITING COORDINATES TO DCD FILE MDequil.dcd AT STEP 420000
PRESSURE: 420000 -289.842 -109.359 94.3392 -99.4976 -543.373 26.3857 132.438 166.76 -645.261
GPRESSURE: 420000 -180.979 -276.769 150.86 -126.399 -532.393 -36.8918 33.0011 214.63 -703.846
PRESSAVG: 420000 -284.422 -13.159 -42.5263 -11.0275 -265.226 -35.7985 -45.5432 -58.623 13.1445
GPRESSAVG: 420000 -284.378 -13.3628 -42.5671 -11.0332 -265.28 -35.7528 -44.9106 -58.6364 13.2282
ENERGY:  420000         0.0000         0.0000         0.0000         0.0000          -5674.3312       405.5071         0.0000         0.0000       968.8542          -4299.9698       307.7965     -5268.8240     -4299.0447       298.5289           -492.8256      -472.4060     22598.4236      -178.8343      -178.8098

LDB: ============= START OF LOAD BALANCING ============== 802.738
LDB: ============== END OF LOAD BALANCING =============== 802.741
Info: useSync: 0 useProxySync: 0
LDB: =============== DONE WITH MIGRATION ================ 802.748
LDB: ============= START OF LOAD BALANCING ============== 803.149
LDB: Largest compute 38 load 0.033543 is 60.0% of average load 0.055887
LDB: Average compute 0.003849 is 6.9% of average load 0.055887
LDB: TIME 803.152 LOAD: AVG 0.0558871 MAX 0.0882305  PROXIES: TOTAL 24 MAXPE 4 MAXPATCH 6 None MEM: 0.471549 MB
LDB: TIME 803.152 LOAD: AVG 0.0558871 MAX 0.0882305  PROXIES: TOTAL 27 MAXPE 4 MAXPATCH 8 RefineTorusLB MEM: 0.471549 MB
LDB: TIME 803.152 LOAD: AVG 0.0558871 MAX 0.0605142  PROXIES: TOTAL 27 MAXPE 4 MAXPATCH 8 RefineTorusLB MEM: 0.471549 MB
LDB: ============== END OF LOAD BALANCING =============== 803.158
Info: useSync: 0 useProxySync: 0
LDB: =============== DONE WITH MIGRATION ================ 803.203
LDB: ============= START OF LOAD BALANCING ============== 815.45
LDB: ============== END OF LOAD BALANCING =============== 815.454
Info: useSync: 0 useProxySync: 0
LDB: =============== DONE WITH MIGRATION ================ 815.466
LDB: ============= START OF LOAD BALANCING ============== 815.893
LDB: Largest compute 88 load 0.024626 is 45.5% of average load 0.054136
LDB: Average compute 0.003600 is 6.6% of average load 0.054136
LDB: TIME 815.903 LOAD: AVG 0.0541363 MAX 0.0690626  PROXIES: TOTAL 24 MAXPE 4 MAXPATCH 6 None MEM: 0.471549 MB
LDB: TIME 815.903 LOAD: AVG 0.0541363 MAX 0.0690626  PROXIES: TOTAL 27 MAXPE 4 MAXPATCH 8 RefineTorusLB MEM: 0.471549 MB
LDB: TIME 815.903 LOAD: AVG 0.0541363 MAX 0.058708  PROXIES: TOTAL 26 MAXPE 4 MAXPATCH 7 RefineTorusLB MEM: 0.471549 MB
LDB: ============== END OF LOAD BALANCING =============== 815.915
Info: useSync: 0 useProxySync: 0
LDB: =============== DONE WITH MIGRATION ================ 815.976
LDB: ============= START OF LOAD BALANCING ============== 829.255
LDB: ============== END OF LOAD BALANCING =============== 829.258
Info: useSync: 0 useProxySync: 0
LDB: =============== DONE WITH MIGRATION ================ 829.27
LDB: ============= START OF LOAD BALANCING ============== 829.599
LDB: Largest compute 74 load 0.018804 is 36.9% of average load 0.050910
LDB: Average compute 0.003479 is 6.8% of average load 0.050910
LDB: TIME 829.605 LOAD: AVG 0.0509098 MAX 0.0810563  PROXIES: TOTAL 24 MAXPE 4 MAXPATCH 6 None MEM: 0.471549 MB
LDB: TIME 829.605 LOAD: AVG 0.0509098 MAX 0.0810563  PROXIES: TOTAL 26 MAXPE 4 MAXPATCH 7 RefineTorusLB MEM: 0.471549 MB
LDB: TIME 829.605 LOAD: AVG 0.0509098 MAX 0.0553514  PROXIES: TOTAL 26 MAXPE 4 MAXPATCH 7 RefineTorusLB MEM: 0.471549 MB
LDB: ============== END OF LOAD BALANCING =============== 829.611
Info: useSync: 0 useProxySync: 0
LDB: =============== DONE WITH MIGRATION ================ 829.622
WRITING COORDINATES TO DCD FILE MDequil.dcd AT STEP 425000
PRESSURE: 425000 180.126 636.376 80.0736 810.99 -1376.17 -658.231 -376.725 205.731 288.023
GPRESSURE: 425000 230.19 538.662 -234.69 783.396 -1363.46 -860.06 -64.1978 41.8593 331.785
PRESSAVG: 425000 -346.112 -3.68231 -23.3717 -28.8535 -302.822 -18.4044 -34.3461 -35.039 22.9895
GPRESSAVG: 425000 -346.096 -3.87303 -23.2794 -28.4949 -302.672 -18.0828 -34.6638 -35.0258 22.6243
ENERGY:  425000         0.0000         0.0000         0.0000         0.0000          -5521.2863       380.6749         0.0000         0.0000       957.9065          -4182.7048       304.3185     -5140.6114     -4179.6187       302.4875           -302.6723      -267.1610     22922.5259      -208.6481      -208.7147

LDB: ============= START OF LOAD BALANCING ============== 843.372
LDB: ============== END OF LOAD BALANCING =============== 843.377
Info: useSync: 0 useProxySync: 0
LDB: =============== DONE WITH MIGRATION ================ 843.39
LDB: ============= START OF LOAD BALANCING ============== 843.722
LDB: Largest compute 146 load 0.011734 is 21.5% of average load 0.054633
LDB: Average compute 0.003596 is 6.6% of average load 0.054633
LDB: TIME 843.723 LOAD: AVG 0.0546334 MAX 0.0693549  PROXIES: TOTAL 24 MAXPE 4 MAXPATCH 6 None MEM: 0.471549 MB
LDB: TIME 843.724 LOAD: AVG 0.0546334 MAX 0.0693549  PROXIES: TOTAL 26 MAXPE 4 MAXPATCH 7 RefineTorusLB MEM: 0.471549 MB
LDB: TIME 843.724 LOAD: AVG 0.0546334 MAX 0.0595149  PROXIES: TOTAL 27 MAXPE 4 MAXPATCH 7 RefineTorusLB MEM: 0.471549 MB
LDB: ============== END OF LOAD BALANCING =============== 843.726
Info: useSync: 0 useProxySync: 0
LDB: =============== DONE WITH MIGRATION ================ 843.768
LDB: ============= START OF LOAD BALANCING ============== 850.582
LDB: ============== END OF LOAD BALANCING =============== 850.582
Info: useSync: 0 useProxySync: 0
LDB: =============== DONE WITH MIGRATION ================ 850.588
LDB: ============= START OF LOAD BALANCING ============== 850.655
LDB: Largest compute 6 load 0.011060 is 22.9% of average load 0.048207
LDB: Average compute 0.003375 is 7.0% of average load 0.048207
LDB: TIME 850.656 LOAD: AVG 0.0482075 MAX 0.055852  PROXIES: TOTAL 24 MAXPE 4 MAXPATCH 6 None MEM: 0.471549 MB
LDB: TIME 850.656 LOAD: AVG 0.0482075 MAX 0.055852  PROXIES: TOTAL 27 MAXPE 4 MAXPATCH 7 RefineTorusLB MEM: 0.471549 MB
LDB: TIME 850.656 LOAD: AVG 0.0482075 MAX 0.0524786  PROXIES: TOTAL 27 MAXPE 4 MAXPATCH 7 RefineTorusLB MEM: 0.471549 MB
LDB: ============== END OF LOAD BALANCING =============== 850.656
Info: useSync: 0 useProxySync: 0
LDB: =============== DONE WITH MIGRATION ================ 850.657
WRITING COORDINATES TO DCD FILE MDequil.dcd AT STEP 430000
PRESSURE: 430000 -1009.69 -325.516 -357.363 -471.805 -428.984 2.20353 -405.451 76.039 968.724
GPRESSURE: 430000 -894.382 -588.621 -621.773 -311.353 -495.076 -52.0803 -357.414 -62.6095 981.707
PRESSAVG: 430000 -401.404 34.4548 -55.0621 34.6534 -352.92 42.6242 -66.5309 69.0008 -6.96671
GPRESSAVG: 430000 -401.432 34.7752 -55.5484 34.3005 -352.784 42.313 -66.6151 69.0338 -6.82844
ENERGY:  430000         0.0000         0.0000         0.0000         0.0000          -5503.2212       373.4718         0.0000         0.0000       947.4617          -4182.2877       301.0003     -5129.7494     -4179.6200       303.7541           -156.6515      -135.9169     22935.8303      -253.7635      -253.6813

LDB: ============= START OF LOAD BALANCING ============== 853.285
LDB: ============== END OF LOAD BALANCING =============== 853.285
Info: useSync: 0 useProxySync: 0
LDB: =============== DONE WITH MIGRATION ================ 853.285
LDB: ============= START OF LOAD BALANCING ============== 853.344
LDB: Largest compute 6 load 0.012157 is 24.7% of average load 0.049132
LDB: Average compute 0.003460 is 7.0% of average load 0.049132
LDB: TIME 853.345 LOAD: AVG 0.0491325 MAX 0.054329  PROXIES: TOTAL 24 MAXPE 4 MAXPATCH 6 None MEM: 0.471549 MB
LDB: TIME 853.345 LOAD: AVG 0.0491325 MAX 0.054329  PROXIES: TOTAL 27 MAXPE 4 MAXPATCH 7 RefineTorusLB MEM: 0.471549 MB
LDB: TIME 853.345 LOAD: AVG 0.0491325 MAX 0.0533695  PROXIES: TOTAL 27 MAXPE 4 MAXPATCH 7 RefineTorusLB MEM: 0.471549 MB
LDB: ============== END OF LOAD BALANCING =============== 853.345
Info: useSync: 0 useProxySync: 0
LDB: =============== DONE WITH MIGRATION ================ 853.345
LDB: ============= START OF LOAD BALANCING ============== 855.617
LDB: ============== END OF LOAD BALANCING =============== 855.617
Info: useSync: 0 useProxySync: 0
LDB: =============== DONE WITH MIGRATION ================ 855.617
LDB: ============= START OF LOAD BALANCING ============== 855.675
LDB: Largest compute 150 load 0.011399 is 23.3% of average load 0.048895
LDB: Average compute 0.003440 is 7.0% of average load 0.048895
LDB: TIME 855.675 LOAD: AVG 0.0488946 MAX 0.053305  PROXIES: TOTAL 24 MAXPE 4 MAXPATCH 6 None MEM: 0.471549 MB
LDB: TIME 855.675 LOAD: AVG 0.0488946 MAX 0.053305  PROXIES: TOTAL 27 MAXPE 4 MAXPATCH 7 RefineTorusLB MEM: 0.471549 MB
LDB: TIME 855.675 LOAD: AVG 0.0488946 MAX 0.053305  PROXIES: TOTAL 27 MAXPE 4 MAXPATCH 7 RefineTorusLB MEM: 0.471549 MB
LDB: ============== END OF LOAD BALANCING =============== 855.675
Info: useSync: 0 useProxySync: 0
LDB: =============== DONE WITH MIGRATION ================ 855.676
LDB: ============= START OF LOAD BALANCING ============== 858.085
LDB: ============== END OF LOAD BALANCING =============== 858.085
Info: useSync: 0 useProxySync: 0
LDB: =============== DONE WITH MIGRATION ================ 858.085
LDB: ============= START OF LOAD BALANCING ============== 858.151
LDB: Largest compute 150 load 0.013054 is 24.0% of average load 0.054284
LDB: Average compute 0.003826 is 7.0% of average load 0.054284
LDB: TIME 858.151 LOAD: AVG 0.0542842 MAX 0.0603411  PROXIES: TOTAL 24 MAXPE 4 MAXPATCH 6 None MEM: 0.471549 MB
LDB: TIME 858.151 LOAD: AVG 0.0542842 MAX 0.0603411  PROXIES: TOTAL 27 MAXPE 4 MAXPATCH 7 RefineTorusLB MEM: 0.471549 MB
LDB: TIME 858.151 LOAD: AVG 0.0542842 MAX 0.0584404  PROXIES: TOTAL 27 MAXPE 4 MAXPATCH 7 RefineTorusLB MEM: 0.471549 MB
LDB: ============== END OF LOAD BALANCING =============== 858.151
Info: useSync: 0 useProxySync: 0
LDB: =============== DONE WITH MIGRATION ================ 858.152
PRESSURE: 435000 12.0967 -61.6301 -351.496 223.796 369.461 -886.258 -112.554 -326.882 -101.8
GPRESSURE: 435000 2.39328 -103.546 -739.917 342.093 459.103 -1118.28 210.049 -230.323 -129.936
PRESSAVG: 435000 -457.036 -80.143 -26.0442 -73.828 -448.502 -12.4815 -17.8722 21.2234 -9.00817
GPRESSAVG: 435000 -456.7 -80.0224 -25.8893 -74.1475 -448.636 -12.3173 -17.5647 21.2434 -9.26978
ENERGY:  435000         0.0000         0.0000         0.0000         0.0000          -5620.3317       418.9647         0.0000         0.0000       882.0458          -4319.3212       280.2182     -5201.3669     -4317.7097       299.4191             93.2526       110.5203     22425.6949      -304.8488      -304.8685

WRITING COORDINATES TO DCD FILE MDequil.dcd AT STEP 435000
LDB: ============= START OF LOAD BALANCING ============== 860.676
LDB: ============== END OF LOAD BALANCING =============== 860.676
Info: useSync: 0 useProxySync: 0
LDB: =============== DONE WITH MIGRATION ================ 860.676
LDB: ============= START OF LOAD BALANCING ============== 860.74
LDB: Largest compute 6 load 0.012560 is 23.4% of average load 0.053700
LDB: Average compute 0.003783 is 7.0% of average load 0.053700
LDB: TIME 860.74 LOAD: AVG 0.0537003 MAX 0.0585577  PROXIES: TOTAL 24 MAXPE 4 MAXPATCH 6 None MEM: 0.471549 MB
LDB: TIME 860.74 LOAD: AVG 0.0537003 MAX 0.0585577  PROXIES: TOTAL 27 MAXPE 4 MAXPATCH 7 RefineTorusLB MEM: 0.471549 MB
LDB: TIME 860.74 LOAD: AVG 0.0537003 MAX 0.0585577  PROXIES: TOTAL 27 MAXPE 4 MAXPATCH 7 RefineTorusLB MEM: 0.471549 MB
LDB: ============== END OF LOAD BALANCING =============== 860.74
Info: useSync: 0 useProxySync: 0
LDB: =============== DONE WITH MIGRATION ================ 860.741
LDB: ============= START OF LOAD BALANCING ============== 863.275
LDB: ============== END OF LOAD BALANCING =============== 863.275
Info: useSync: 0 useProxySync: 0
LDB: =============== DONE WITH MIGRATION ================ 863.275
LDB: ============= START OF LOAD BALANCING ============== 863.34
LDB: Largest compute 6 load 0.012207 is 22.6% of average load 0.053992
LDB: Average compute 0.003798 is 7.0% of average load 0.053992
LDB: TIME 863.34 LOAD: AVG 0.053992 MAX 0.0597009  PROXIES: TOTAL 24 MAXPE 4 MAXPATCH 6 None MEM: 0.471549 MB
LDB: TIME 863.34 LOAD: AVG 0.053992 MAX 0.0597009  PROXIES: TOTAL 27 MAXPE 4 MAXPATCH 7 RefineTorusLB MEM: 0.471549 MB
LDB: TIME 863.34 LOAD: AVG 0.053992 MAX 0.058715  PROXIES: TOTAL 26 MAXPE 4 MAXPATCH 7 RefineTorusLB MEM: 0.471549 MB
LDB: ============== END OF LOAD BALANCING =============== 863.34
Info: useSync: 0 useProxySync: 0
LDB: =============== DONE WITH MIGRATION ================ 863.341
WRITING COORDINATES TO DCD FILE MDequil.dcd AT STEP 440000
PRESSURE: 440000 17.3549 294.06 647.087 589.461 -366.664 -517.219 -35.576 -92.6102 -933.908
GPRESSURE: 440000 83.7643 330.864 244.701 827.889 -572.604 -446.451 320.959 -342.121 -777.355
PRESSAVG: 440000 -219.483 32.1466 45.1503 66.7928 -227.473 7.52157 73.576 42.3029 -10.3241
GPRESSAVG: 440000 -219.743 32.1908 45.2215 66.9989 -227.234 8.17289 73.371 41.9276 -10.5393
ENERGY:  440000         0.0000         0.0000         0.0000         0.0000          -5609.4768       381.6912         0.0000         0.0000       941.9697          -4285.8159       299.2555     -5227.7856     -4283.0629       298.8215           -427.7388      -422.0649     22643.1198      -152.4270      -152.5056

LDB: ============= START OF LOAD BALANCING ============== 865.899
LDB: ============== END OF LOAD BALANCING =============== 865.899
Info: useSync: 0 useProxySync: 0
LDB: =============== DONE WITH MIGRATION ================ 865.899
LDB: ============= START OF LOAD BALANCING ============== 865.963
LDB: Largest compute 147 load 0.012191 is 22.9% of average load 0.053278
LDB: Average compute 0.003750 is 7.0% of average load 0.053278
LDB: TIME 865.963 LOAD: AVG 0.0532777 MAX 0.0582752  PROXIES: TOTAL 24 MAXPE 4 MAXPATCH 6 None MEM: 0.471549 MB
LDB: TIME 865.963 LOAD: AVG 0.0532777 MAX 0.0582752  PROXIES: TOTAL 26 MAXPE 4 MAXPATCH 7 RefineTorusLB MEM: 0.471549 MB
LDB: TIME 865.963 LOAD: AVG 0.0532777 MAX 0.0572529  PROXIES: TOTAL 26 MAXPE 4 MAXPATCH 7 RefineTorusLB MEM: 0.471549 MB
LDB: ============== END OF LOAD BALANCING =============== 865.963
Info: useSync: 0 useProxySync: 0
LDB: =============== DONE WITH MIGRATION ================ 865.964
LDB: ============= START OF LOAD BALANCING ============== 868.579
LDB: ============== END OF LOAD BALANCING =============== 868.579
Info: useSync: 0 useProxySync: 0
LDB: =============== DONE WITH MIGRATION ================ 868.579
LDB: ============= START OF LOAD BALANCING ============== 868.644
LDB: Largest compute 146 load 0.012804 is 23.5% of average load 0.054391
LDB: Average compute 0.003840 is 7.1% of average load 0.054391
LDB: TIME 868.644 LOAD: AVG 0.0543912 MAX 0.0596665  PROXIES: TOTAL 24 MAXPE 4 MAXPATCH 6 None MEM: 0.471549 MB
LDB: TIME 868.644 LOAD: AVG 0.0543912 MAX 0.0596665  PROXIES: TOTAL 26 MAXPE 4 MAXPATCH 7 RefineTorusLB MEM: 0.471549 MB
LDB: TIME 868.644 LOAD: AVG 0.0543912 MAX 0.0591615  PROXIES: TOTAL 26 MAXPE 4 MAXPATCH 7 RefineTorusLB MEM: 0.471549 MB
LDB: ============== END OF LOAD BALANCING =============== 868.644
Info: useSync: 0 useProxySync: 0
LDB: =============== DONE WITH MIGRATION ================ 868.645
LDB: ============= START OF LOAD BALANCING ============== 871.228
LDB: ============== END OF LOAD BALANCING =============== 871.239
Info: useSync: 0 useProxySync: 0
LDB: =============== DONE WITH MIGRATION ================ 871.239
LDB: ============= START OF LOAD BALANCING ============== 871.303
LDB: Largest compute 7 load 0.012439 is 23.8% of average load 0.052285
LDB: Average compute 0.003682 is 7.0% of average load 0.052285
LDB: TIME 871.303 LOAD: AVG 0.0522853 MAX 0.0591582  PROXIES: TOTAL 24 MAXPE 4 MAXPATCH 6 None MEM: 0.471549 MB
LDB: TIME 871.303 LOAD: AVG 0.0522853 MAX 0.0591582  PROXIES: TOTAL 26 MAXPE 4 MAXPATCH 7 RefineTorusLB MEM: 0.471549 MB
LDB: TIME 871.303 LOAD: AVG 0.0522853 MAX 0.05618  PROXIES: TOTAL 26 MAXPE 4 MAXPATCH 7 RefineTorusLB MEM: 0.471549 MB
LDB: ============== END OF LOAD BALANCING =============== 871.303
Info: useSync: 0 useProxySync: 0
LDB: =============== DONE WITH MIGRATION ================ 871.304
WRITING COORDINATES TO DCD FILE MDequil.dcd AT STEP 445000
PRESSURE: 445000 360.521 -809.678 336.055 -682.616 420.192 -190.735 -252.513 -328.785 75.4636
GPRESSURE: 445000 463.195 -924.346 470.74 -596.703 340.735 44.1925 -388.157 -457.238 174.915
PRESSAVG: 445000 -214.93 -2.42934 14.1874 11.8737 -230.536 -15.1366 28.0876 -16.3771 -19.2274
GPRESSAVG: 445000 -214.813 -2.70017 14.1243 12.1795 -230.696 -15.1838 27.8517 -16.2067 -19.0329
ENERGY:  445000         0.0000         0.0000         0.0000         0.0000          -5632.3024       408.1587         0.0000         0.0000       957.5635          -4266.5802       304.2095     -5224.1437     -4263.5760       300.5159            285.3921       326.2816     22462.7749      -154.8978      -154.8470

LDB: ============= START OF LOAD BALANCING ============== 873.906
LDB: ============== END OF LOAD BALANCING =============== 873.907
Info: useSync: 0 useProxySync: 0
LDB: =============== DONE WITH MIGRATION ================ 873.907
LDB: ============= START OF LOAD BALANCING ============== 873.975
LDB: Largest compute 147 load 0.012729 is 23.8% of average load 0.053402
LDB: Average compute 0.003743 is 7.0% of average load 0.053402
LDB: TIME 873.975 LOAD: AVG 0.053402 MAX 0.05835  PROXIES: TOTAL 24 MAXPE 4 MAXPATCH 6 None MEM: 0.471549 MB
LDB: TIME 873.975 LOAD: AVG 0.053402 MAX 0.05835  PROXIES: TOTAL 26 MAXPE 4 MAXPATCH 7 RefineTorusLB MEM: 0.471549 MB
LDB: TIME 873.975 LOAD: AVG 0.053402 MAX 0.0581038  PROXIES: TOTAL 26 MAXPE 4 MAXPATCH 7 RefineTorusLB MEM: 0.471549 MB
LDB: ============== END OF LOAD BALANCING =============== 873.976
Info: useSync: 0 useProxySync: 0
LDB: =============== DONE WITH MIGRATION ================ 873.976
LDB: ============= START OF LOAD BALANCING ============== 876.647
LDB: ============== END OF LOAD BALANCING =============== 876.648
Info: useSync: 0 useProxySync: 0
LDB: =============== DONE WITH MIGRATION ================ 876.648
LDB: ============= START OF LOAD BALANCING ============== 876.715
LDB: Largest compute 7 load 0.012116 is 22.9% of average load 0.052952
LDB: Average compute 0.003725 is 7.0% of average load 0.052952
LDB: TIME 876.715 LOAD: AVG 0.052952 MAX 0.0596068  PROXIES: TOTAL 24 MAXPE 4 MAXPATCH 6 None MEM: 0.471549 MB
LDB: TIME 876.715 LOAD: AVG 0.052952 MAX 0.0596068  PROXIES: TOTAL 26 MAXPE 4 MAXPATCH 7 RefineTorusLB MEM: 0.471549 MB
LDB: TIME 876.715 LOAD: AVG 0.052952 MAX 0.0575117  PROXIES: TOTAL 26 MAXPE 4 MAXPATCH 7 RefineTorusLB MEM: 0.471549 MB
LDB: ============== END OF LOAD BALANCING =============== 876.715
Info: useSync: 0 useProxySync: 0
LDB: =============== DONE WITH MIGRATION ================ 876.716
WRITING COORDINATES TO DCD FILE MDequil.dcd AT STEP 450000
WRITING COORDINATES TO RESTART FILE AT STEP 450000
FINISHED WRITING RESTART COORDINATES
WRITING VELOCITIES TO RESTART FILE AT STEP 450000
FINISHED WRITING RESTART VELOCITIES
PRESSURE: 450000 333.902 536.848 -199.177 335.708 -700.521 -402.088 -360.451 -256.611 -317.726
GPRESSURE: 450000 389.087 564.398 -260.817 381.808 -583.654 46.4303 -361.104 -652.889 -364.746
PRESSAVG: 450000 -345.359 22.126 -19.959 18.39 -379.028 -10.005 -11.0695 -18.8162 0.0517375
GPRESSAVG: 450000 -345.068 21.8357 -19.5438 18.4105 -378.934 -9.97164 -10.6573 -19.2393 -0.00376838
TIMING: 450000  CPU: 831.043, 0.00257165/step  Wall: 867.63, 0.00274556/step, 0.0381328 hours remaining, 0.471549 MB of memory in use.
PERFORMANCE: 450000  averaging 89.6241 ns/day, 0.00192805 sec/step with standard deviation 0.000640758
ETITLE:      TS           BOND          ANGLE          DIHED          IMPRP               ELECT            VDW       BOUNDARY           MISC        KINETIC               TOTAL           TEMP      POTENTIAL         TOTAL3        TEMPAVG            PRESSURE      GPRESSURE         VOLUME       PRESSAVG      GPRESSAVG

ENERGY:  450000         0.0000         0.0000         0.0000         0.0000          -5527.3183       381.2770         0.0000         0.0000       922.5888          -4223.4525       293.0983     -5146.0413     -4221.2093       300.7831           -228.1149      -186.4378     22870.8777      -241.4451      -241.3351

WRITING EXTENDED SYSTEM TO RESTART FILE AT STEP 450000
LDB: ============= START OF LOAD BALANCING ============== 879.368
LDB: ============== END OF LOAD BALANCING =============== 879.368
Info: useSync: 0 useProxySync: 0
LDB: =============== DONE WITH MIGRATION ================ 879.368
LDB: ============= START OF LOAD BALANCING ============== 879.439
LDB: Largest compute 6 load 0.013277 is 24.2% of average load 0.054783
LDB: Average compute 0.003840 is 7.0% of average load 0.054783
LDB: TIME 879.44 LOAD: AVG 0.0547835 MAX 0.0594427  PROXIES: TOTAL 24 MAXPE 4 MAXPATCH 6 None MEM: 0.471549 MB
LDB: TIME 879.44 LOAD: AVG 0.0547835 MAX 0.0594427  PROXIES: TOTAL 26 MAXPE 4 MAXPATCH 7 RefineTorusLB MEM: 0.471549 MB
LDB: TIME 879.44 LOAD: AVG 0.0547835 MAX 0.0594427  PROXIES: TOTAL 26 MAXPE 4 MAXPATCH 7 RefineTorusLB MEM: 0.471549 MB
LDB: ============== END OF LOAD BALANCING =============== 879.44
Info: useSync: 0 useProxySync: 0
LDB: =============== DONE WITH MIGRATION ================ 879.44
LDB: ============= START OF LOAD BALANCING ============== 882.049
LDB: ============== END OF LOAD BALANCING =============== 882.049
Info: useSync: 0 useProxySync: 0
LDB: =============== DONE WITH MIGRATION ================ 882.05
LDB: ============= START OF LOAD BALANCING ============== 882.117
LDB: Largest compute 6 load 0.012189 is 22.7% of average load 0.053786
LDB: Average compute 0.003790 is 7.0% of average load 0.053786
LDB: TIME 882.118 LOAD: AVG 0.0537856 MAX 0.0585983  PROXIES: TOTAL 24 MAXPE 4 MAXPATCH 6 None MEM: 0.471549 MB
LDB: TIME 882.118 LOAD: AVG 0.0537856 MAX 0.0585983  PROXIES: TOTAL 26 MAXPE 4 MAXPATCH 7 RefineTorusLB MEM: 0.471549 MB
LDB: TIME 882.118 LOAD: AVG 0.0537856 MAX 0.0585983  PROXIES: TOTAL 26 MAXPE 4 MAXPATCH 7 RefineTorusLB MEM: 0.471549 MB
LDB: ============== END OF LOAD BALANCING =============== 882.118
Info: useSync: 0 useProxySync: 0
LDB: =============== DONE WITH MIGRATION ================ 882.118
LDB: ============= START OF LOAD BALANCING ============== 884.684
LDB: ============== END OF LOAD BALANCING =============== 884.684
Info: useSync: 0 useProxySync: 0
LDB: =============== DONE WITH MIGRATION ================ 884.684
LDB: ============= START OF LOAD BALANCING ============== 884.749
LDB: Largest compute 6 load 0.013485 is 24.9% of average load 0.054084
LDB: Average compute 0.003821 is 7.1% of average load 0.054084
LDB: TIME 884.75 LOAD: AVG 0.0540842 MAX 0.0607211  PROXIES: TOTAL 24 MAXPE 4 MAXPATCH 6 None MEM: 0.471549 MB
LDB: TIME 884.75 LOAD: AVG 0.0540842 MAX 0.0607211  PROXIES: TOTAL 26 MAXPE 4 MAXPATCH 7 RefineTorusLB MEM: 0.471549 MB
LDB: TIME 884.75 LOAD: AVG 0.0540842 MAX 0.058035  PROXIES: TOTAL 26 MAXPE 4 MAXPATCH 7 RefineTorusLB MEM: 0.471549 MB
LDB: ============== END OF LOAD BALANCING =============== 884.75
Info: useSync: 0 useProxySync: 0
LDB: =============== DONE WITH MIGRATION ================ 884.751
WRITING COORDINATES TO DCD FILE MDequil.dcd AT STEP 455000
PRESSURE: 455000 -202.545 132.188 42.7673 38.4799 -36.1334 49.9743 101.286 -15.4252 16.7075
GPRESSURE: 455000 -299.291 612.841 263.883 -443.365 27.9344 -3.28385 78.7067 113.347 65.7122
PRESSAVG: 455000 -302.639 -21.9352 -9.82685 -24.23 -244.441 -27.5921 -14.1363 -15.6686 12.5149
GPRESSAVG: 455000 -302.396 -21.6047 -9.64797 -24.5739 -244.203 -27.4887 -14.2494 -15.4536 12.1409
ENERGY:  455000         0.0000         0.0000         0.0000         0.0000          -5654.5601       436.7686         0.0000         0.0000       916.8779          -4300.9136       291.2841     -5217.7915     -4298.5418       298.2642            -73.9905       -68.5480     22865.5778      -178.1882      -178.1526

LDB: ============= START OF LOAD BALANCING ============== 887.312
LDB: ============== END OF LOAD BALANCING =============== 887.312
Info: useSync: 0 useProxySync: 0
LDB: =============== DONE WITH MIGRATION ================ 887.312
LDB: ============= START OF LOAD BALANCING ============== 887.377
LDB: Largest compute 149 load 0.012443 is 23.2% of average load 0.053721
LDB: Average compute 0.003770 is 7.0% of average load 0.053721
LDB: TIME 887.377 LOAD: AVG 0.0537209 MAX 0.0586523  PROXIES: TOTAL 24 MAXPE 4 MAXPATCH 6 None MEM: 0.471549 MB
LDB: TIME 887.378 LOAD: AVG 0.0537209 MAX 0.0586523  PROXIES: TOTAL 26 MAXPE 4 MAXPATCH 7 RefineTorusLB MEM: 0.471549 MB
LDB: TIME 887.378 LOAD: AVG 0.0537209 MAX 0.0583899  PROXIES: TOTAL 26 MAXPE 4 MAXPATCH 7 RefineTorusLB MEM: 0.471549 MB
LDB: ============== END OF LOAD BALANCING =============== 887.378
Info: useSync: 0 useProxySync: 0
LDB: =============== DONE WITH MIGRATION ================ 887.387
LDB: ============= START OF LOAD BALANCING ============== 889.98
LDB: ============== END OF LOAD BALANCING =============== 889.98
Info: useSync: 0 useProxySync: 0
LDB: =============== DONE WITH MIGRATION ================ 889.98
LDB: ============= START OF LOAD BALANCING ============== 890.045
LDB: Largest compute 147 load 0.012415 is 23.2% of average load 0.053436
LDB: Average compute 0.003769 is 7.1% of average load 0.053436
LDB: TIME 890.045 LOAD: AVG 0.0534355 MAX 0.0580593  PROXIES: TOTAL 24 MAXPE 4 MAXPATCH 6 None MEM: 0.471549 MB
LDB: TIME 890.045 LOAD: AVG 0.0534355 MAX 0.0580593  PROXIES: TOTAL 26 MAXPE 4 MAXPATCH 7 RefineTorusLB MEM: 0.471549 MB
LDB: TIME 890.045 LOAD: AVG 0.0534355 MAX 0.0580593  PROXIES: TOTAL 26 MAXPE 4 MAXPATCH 7 RefineTorusLB MEM: 0.471549 MB
LDB: ============== END OF LOAD BALANCING =============== 890.045
Info: useSync: 0 useProxySync: 0
LDB: =============== DONE WITH MIGRATION ================ 890.046
PRESSURE: 460000 128.532 152.932 131.26 133.322 -10.2446 361.11 -4.82681 589.14 339.628
GPRESSURE: 460000 122.371 35.4573 10.0792 284.214 44.4143 483.631 12.9301 560.331 329.358
PRESSAVG: 460000 -330.816 2.85175 61.2362 8.87264 -433.748 -30.189 8.70553 -30.922 -3.92759
GPRESSAVG: 460000 -330.923 2.64088 61.1872 8.75617 -434.164 -29.7602 8.71393 -31.0474 -3.59381
ENERGY:  460000         0.0000         0.0000         0.0000         0.0000          -5653.6192       437.1953         0.0000         0.0000       928.2283          -4288.1956       294.8900     -5216.4239     -4286.3117       298.0208            152.6383       165.3810     22626.6253      -256.1639      -256.2271

WRITING COORDINATES TO DCD FILE MDequil.dcd AT STEP 460000
LDB: ============= START OF LOAD BALANCING ============== 892.61
LDB: ============== END OF LOAD BALANCING =============== 892.61
Info: useSync: 0 useProxySync: 0
LDB: =============== DONE WITH MIGRATION ================ 892.61
LDB: ============= START OF LOAD BALANCING ============== 892.682
LDB: Largest compute 147 load 0.013239 is 24.4% of average load 0.054219
LDB: Average compute 0.003787 is 7.0% of average load 0.054219
LDB: TIME 892.682 LOAD: AVG 0.0542193 MAX 0.0590977  PROXIES: TOTAL 24 MAXPE 4 MAXPATCH 6 None MEM: 0.471549 MB
LDB: TIME 892.683 LOAD: AVG 0.0542193 MAX 0.0590977  PROXIES: TOTAL 26 MAXPE 4 MAXPATCH 7 RefineTorusLB MEM: 0.471549 MB
LDB: TIME 892.683 LOAD: AVG 0.0542193 MAX 0.0590977  PROXIES: TOTAL 26 MAXPE 4 MAXPATCH 7 RefineTorusLB MEM: 0.471549 MB
LDB: ============== END OF LOAD BALANCING =============== 892.683
Info: useSync: 0 useProxySync: 0
LDB: =============== DONE WITH MIGRATION ================ 892.683
LDB: ============= START OF LOAD BALANCING ============== 895.203
LDB: ============== END OF LOAD BALANCING =============== 895.203
Info: useSync: 0 useProxySync: 0
LDB: =============== DONE WITH MIGRATION ================ 895.203
LDB: ============= START OF LOAD BALANCING ============== 895.268
LDB: Largest compute 30 load 0.011653 is 21.9% of average load 0.053103
LDB: Average compute 0.003743 is 7.0% of average load 0.053103
LDB: TIME 895.268 LOAD: AVG 0.0531033 MAX 0.057676  PROXIES: TOTAL 24 MAXPE 4 MAXPATCH 6 None MEM: 0.471549 MB
LDB: TIME 895.268 LOAD: AVG 0.0531033 MAX 0.057676  PROXIES: TOTAL 26 MAXPE 4 MAXPATCH 7 RefineTorusLB MEM: 0.471549 MB
LDB: TIME 895.268 LOAD: AVG 0.0531033 MAX 0.057676  PROXIES: TOTAL 26 MAXPE 4 MAXPATCH 7 RefineTorusLB MEM: 0.471549 MB
LDB: ============== END OF LOAD BALANCING =============== 895.268
Info: useSync: 0 useProxySync: 0
LDB: =============== DONE WITH MIGRATION ================ 895.268
LDB: ============= START OF LOAD BALANCING ============== 897.842
LDB: ============== END OF LOAD BALANCING =============== 897.842
Info: useSync: 0 useProxySync: 0
LDB: =============== DONE WITH MIGRATION ================ 897.843
LDB: ============= START OF LOAD BALANCING ============== 897.908
LDB: Largest compute 146 load 0.012055 is 22.5% of average load 0.053671
LDB: Average compute 0.003783 is 7.0% of average load 0.053671
LDB: TIME 897.908 LOAD: AVG 0.053671 MAX 0.0598398  PROXIES: TOTAL 24 MAXPE 4 MAXPATCH 6 None MEM: 0.471549 MB
LDB: TIME 897.908 LOAD: AVG 0.053671 MAX 0.0598398  PROXIES: TOTAL 26 MAXPE 4 MAXPATCH 7 RefineTorusLB MEM: 0.471549 MB
LDB: TIME 897.909 LOAD: AVG 0.053671 MAX 0.0575078  PROXIES: TOTAL 26 MAXPE 4 MAXPATCH 7 RefineTorusLB MEM: 0.471549 MB
LDB: ============== END OF LOAD BALANCING =============== 897.909
Info: useSync: 0 useProxySync: 0
LDB: =============== DONE WITH MIGRATION ================ 897.909
PRESSURE: 465000 -775.153 255.058 926.374 -184.271 108.716 -137.208 79.314 81.7205 576.127
GPRESSURE: 465000 -766.018 552.153 942.283 -380.37 74.6377 -183.776 -8.70007 -179.95 661.732
PRESSAVG: 465000 -259.231 -55.8974 3.92566 -54.3114 -317.313 -72.1673 -39.377 -18.1007 31.983
GPRESSAVG: 465000 -259.005 -56.3161 3.79532 -54.4187 -317.333 -71.6643 -39.3078 -18.1794 31.8606
ENERGY:  465000         0.0000         0.0000         0.0000         0.0000          -5585.4227       383.6556         0.0000         0.0000       957.2565          -4244.5106       304.1120     -5201.7671     -4242.3179       297.4382            -30.1034        -9.8828     22317.2469      -181.5202      -181.4926

WRITING COORDINATES TO DCD FILE MDequil.dcd AT STEP 465000
LDB: ============= START OF LOAD BALANCING ============== 900.452
LDB: ============== END OF LOAD BALANCING =============== 900.452
Info: useSync: 0 useProxySync: 0
LDB: =============== DONE WITH MIGRATION ================ 900.452
LDB: ============= START OF LOAD BALANCING ============== 900.515
LDB: Largest compute 6 load 0.012059 is 22.8% of average load 0.052786
LDB: Average compute 0.003714 is 7.0% of average load 0.052786
LDB: TIME 900.515 LOAD: AVG 0.0527865 MAX 0.0560718  PROXIES: TOTAL 24 MAXPE 4 MAXPATCH 6 None MEM: 0.471549 MB
LDB: TIME 900.516 LOAD: AVG 0.0527865 MAX 0.0560718  PROXIES: TOTAL 26 MAXPE 4 MAXPATCH 7 RefineTorusLB MEM: 0.471549 MB
LDB: TIME 900.516 LOAD: AVG 0.0527865 MAX 0.0560718  PROXIES: TOTAL 26 MAXPE 4 MAXPATCH 7 RefineTorusLB MEM: 0.471549 MB
LDB: ============== END OF LOAD BALANCING =============== 900.516
Info: useSync: 0 useProxySync: 0
LDB: =============== DONE WITH MIGRATION ================ 900.516
LDB: ============= START OF LOAD BALANCING ============== 903.113
LDB: ============== END OF LOAD BALANCING =============== 903.116
Info: useSync: 0 useProxySync: 0
LDB: =============== DONE WITH MIGRATION ================ 903.116
LDB: ============= START OF LOAD BALANCING ============== 903.187
LDB: Largest compute 149 load 0.013656 is 25.5% of average load 0.053590
LDB: Average compute 0.003765 is 7.0% of average load 0.053590
LDB: TIME 903.187 LOAD: AVG 0.0535901 MAX 0.0664311  PROXIES: TOTAL 24 MAXPE 4 MAXPATCH 6 None MEM: 0.471549 MB
LDB: TIME 903.187 LOAD: AVG 0.0535901 MAX 0.0664311  PROXIES: TOTAL 26 MAXPE 4 MAXPATCH 7 RefineTorusLB MEM: 0.471549 MB
LDB: TIME 903.187 LOAD: AVG 0.0535901 MAX 0.0583378  PROXIES: TOTAL 26 MAXPE 4 MAXPATCH 7 RefineTorusLB MEM: 0.471549 MB
LDB: ============== END OF LOAD BALANCING =============== 903.187
Info: useSync: 0 useProxySync: 0
LDB: =============== DONE WITH MIGRATION ================ 903.188
PRESSURE: 470000 -206.872 -106.011 550.87 82.61 -163.602 -494.487 440.077 -411.6 -832.874
GPRESSURE: 470000 -454.106 -171.829 663.517 154.35 -28.8108 -620.187 224.106 -339.973 -672.431
PRESSAVG: 470000 -340.103 -8.06323 17.228 -37.4611 -362.065 79.1816 -14.3177 88.9253 20.0335
GPRESSAVG: 470000 -340.136 -8.30981 17.5995 -37.3246 -361.787 78.9928 -14.3422 89.2728 20.0417
ENERGY:  470000         0.0000         0.0000         0.0000         0.0000          -5539.0259       388.0569         0.0000         0.0000       972.2778          -4178.6912       308.8841     -5150.9690     -4176.8945       302.4111           -401.1158      -385.1159     22859.0008      -227.3782      -227.2938

WRITING COORDINATES TO DCD FILE MDequil.dcd AT STEP 470000
LDB: ============= START OF LOAD BALANCING ============== 905.863
LDB: ============== END OF LOAD BALANCING =============== 905.863
Info: useSync: 0 useProxySync: 0
LDB: =============== DONE WITH MIGRATION ================ 905.863
LDB: ============= START OF LOAD BALANCING ============== 905.935
LDB: Largest compute 150 load 0.013615 is 25.2% of average load 0.053925
LDB: Average compute 0.003759 is 7.0% of average load 0.053925
LDB: TIME 905.935 LOAD: AVG 0.0539247 MAX 0.0611464  PROXIES: TOTAL 24 MAXPE 4 MAXPATCH 6 None MEM: 0.471549 MB
LDB: TIME 905.935 LOAD: AVG 0.0539247 MAX 0.0611464  PROXIES: TOTAL 26 MAXPE 4 MAXPATCH 7 RefineTorusLB MEM: 0.471549 MB
LDB: TIME 905.935 LOAD: AVG 0.0539247 MAX 0.0586331  PROXIES: TOTAL 26 MAXPE 4 MAXPATCH 7 RefineTorusLB MEM: 0.471549 MB
LDB: ============== END OF LOAD BALANCING =============== 905.935
Info: useSync: 0 useProxySync: 0
LDB: =============== DONE WITH MIGRATION ================ 905.935
LDB: ============= START OF LOAD BALANCING ============== 908.716
LDB: ============== END OF LOAD BALANCING =============== 908.716
Info: useSync: 0 useProxySync: 0
LDB: =============== DONE WITH MIGRATION ================ 908.716
LDB: ============= START OF LOAD BALANCING ============== 908.78
LDB: Largest compute 7 load 0.011458 is 21.6% of average load 0.052935
LDB: Average compute 0.003719 is 7.0% of average load 0.052935
LDB: TIME 908.781 LOAD: AVG 0.0529351 MAX 0.0583425  PROXIES: TOTAL 24 MAXPE 4 MAXPATCH 6 None MEM: 0.471549 MB
LDB: TIME 908.781 LOAD: AVG 0.0529351 MAX 0.0583425  PROXIES: TOTAL 26 MAXPE 4 MAXPATCH 7 RefineTorusLB MEM: 0.471549 MB
LDB: TIME 908.781 LOAD: AVG 0.0529351 MAX 0.0575822  PROXIES: TOTAL 26 MAXPE 4 MAXPATCH 7 RefineTorusLB MEM: 0.471549 MB
LDB: ============== END OF LOAD BALANCING =============== 908.781
Info: useSync: 0 useProxySync: 0
LDB: =============== DONE WITH MIGRATION ================ 908.781
LDB: ============= START OF LOAD BALANCING ============== 911.358
LDB: ============== END OF LOAD BALANCING =============== 911.358
Info: useSync: 0 useProxySync: 0
LDB: =============== DONE WITH MIGRATION ================ 911.358
LDB: ============= START OF LOAD BALANCING ============== 911.424
LDB: Largest compute 159 load 0.011729 is 21.9% of average load 0.053476
LDB: Average compute 0.003759 is 7.0% of average load 0.053476
LDB: TIME 911.424 LOAD: AVG 0.053476 MAX 0.0567889  PROXIES: TOTAL 24 MAXPE 4 MAXPATCH 6 None MEM: 0.471549 MB
LDB: TIME 911.424 LOAD: AVG 0.053476 MAX 0.0567889  PROXIES: TOTAL 26 MAXPE 4 MAXPATCH 7 RefineTorusLB MEM: 0.471549 MB
LDB: TIME 911.424 LOAD: AVG 0.053476 MAX 0.0567889  PROXIES: TOTAL 26 MAXPE 4 MAXPATCH 7 RefineTorusLB MEM: 0.471549 MB
LDB: ============== END OF LOAD BALANCING =============== 911.424
Info: useSync: 0 useProxySync: 0
LDB: =============== DONE WITH MIGRATION ================ 911.424
PRESSURE: 475000 -740.972 188.478 598.498 358.841 -1114.24 -563.348 405.941 -339.825 20.9755
GPRESSURE: 475000 -903.581 181.624 588.777 463.154 -954.354 -533.059 232.98 -254.931 69.504
PRESSAVG: 475000 -338.99 3.55723 -22.8267 -11.1082 -359.96 83.1275 -7.25093 6.6579 27.4549
GPRESSAVG: 475000 -338.901 4.17118 -23.0377 -11.4782 -359.935 82.716 -7.77591 6.93242 27.2569
ENERGY:  475000         0.0000         0.0000         0.0000         0.0000          -5565.1755       371.9027         0.0000         0.0000       953.6627          -4239.6101       302.9703     -5193.2728     -4237.8884       307.1435           -611.4130      -596.1436     22841.0891      -223.8317      -223.8595

WRITING COORDINATES TO DCD FILE MDequil.dcd AT STEP 475000
LDB: ============= START OF LOAD BALANCING ============== 914.013
LDB: ============== END OF LOAD BALANCING =============== 914.013
Info: useSync: 0 useProxySync: 0
LDB: =============== DONE WITH MIGRATION ================ 914.013
LDB: ============= START OF LOAD BALANCING ============== 914.08
LDB: Largest compute 147 load 0.012593 is 23.1% of average load 0.054585
LDB: Average compute 0.003847 is 7.0% of average load 0.054585
LDB: TIME 914.08 LOAD: AVG 0.0545849 MAX 0.0594265  PROXIES: TOTAL 24 MAXPE 4 MAXPATCH 6 None MEM: 0.471549 MB
LDB: TIME 914.08 LOAD: AVG 0.0545849 MAX 0.0594265  PROXIES: TOTAL 26 MAXPE 4 MAXPATCH 7 RefineTorusLB MEM: 0.471549 MB
LDB: TIME 914.08 LOAD: AVG 0.0545849 MAX 0.0594265  PROXIES: TOTAL 26 MAXPE 4 MAXPATCH 7 RefineTorusLB MEM: 0.471549 MB
LDB: ============== END OF LOAD BALANCING =============== 914.08
Info: useSync: 0 useProxySync: 0
LDB: =============== DONE WITH MIGRATION ================ 914.08
LDB: ============= START OF LOAD BALANCING ============== 916.647
LDB: ============== END OF LOAD BALANCING =============== 916.648
Info: useSync: 0 useProxySync: 0
LDB: =============== DONE WITH MIGRATION ================ 916.648
LDB: ============= START OF LOAD BALANCING ============== 916.715
LDB: Largest compute 147 load 0.012150 is 22.5% of average load 0.054032
LDB: Average compute 0.003801 is 7.0% of average load 0.054032
LDB: TIME 916.715 LOAD: AVG 0.0540316 MAX 0.0599642  PROXIES: TOTAL 24 MAXPE 4 MAXPATCH 6 None MEM: 0.471549 MB
LDB: TIME 916.715 LOAD: AVG 0.0540316 MAX 0.0599642  PROXIES: TOTAL 26 MAXPE 4 MAXPATCH 7 RefineTorusLB MEM: 0.471549 MB
LDB: TIME 916.716 LOAD: AVG 0.0540316 MAX 0.0589115  PROXIES: TOTAL 26 MAXPE 4 MAXPATCH 7 RefineTorusLB MEM: 0.471549 MB
LDB: ============== END OF LOAD BALANCING =============== 916.716
Info: useSync: 0 useProxySync: 0
LDB: =============== DONE WITH MIGRATION ================ 916.716
PRESSURE: 480000 -607.247 345.345 80.9361 327.032 279.615 -322.511 72.3814 -139.086 -462.558
GPRESSURE: 480000 -656.391 204.423 11.7423 271.667 276.212 -518.668 146.61 -7.79671 -421.496
PRESSAVG: 480000 -324.125 9.3468 27.1096 -13.519 -214.737 6.05365 -71.6289 -11.5844 20.3694
GPRESSAVG: 480000 -324.215 8.95843 27.1361 -13.181 -214.919 6.2334 -71.5186 -12.1996 20.571
ENERGY:  480000         0.0000         0.0000         0.0000         0.0000          -5553.2816       381.0919         0.0000         0.0000       908.7325          -4263.4572       288.6963     -5172.1897     -4262.5885       298.3837           -263.3967      -267.2250     22760.8137      -172.8306      -172.8546

WRITING COORDINATES TO DCD FILE MDequil.dcd AT STEP 480000
LDB: ============= START OF LOAD BALANCING ============== 919.757
LDB: ============== END OF LOAD BALANCING =============== 919.757
Info: useSync: 0 useProxySync: 0
LDB: =============== DONE WITH MIGRATION ================ 919.757
LDB: ============= START OF LOAD BALANCING ============== 919.92
LDB: Largest compute 78 load 0.023851 is 39.3% of average load 0.060725
LDB: Average compute 0.004224 is 7.0% of average load 0.060725
LDB: TIME 919.92 LOAD: AVG 0.0607253 MAX 0.0963152  PROXIES: TOTAL 24 MAXPE 4 MAXPATCH 6 None MEM: 0.471549 MB
LDB: TIME 919.92 LOAD: AVG 0.0607253 MAX 0.0963152  PROXIES: TOTAL 26 MAXPE 4 MAXPATCH 7 RefineTorusLB MEM: 0.471549 MB
LDB: TIME 919.92 LOAD: AVG 0.0607253 MAX 0.0647383  PROXIES: TOTAL 26 MAXPE 4 MAXPATCH 7 RefineTorusLB MEM: 0.471549 MB
LDB: ============== END OF LOAD BALANCING =============== 919.92
Info: useSync: 0 useProxySync: 0
LDB: =============== DONE WITH MIGRATION ================ 919.921
LDB: ============= START OF LOAD BALANCING ============== 923.362
LDB: ============== END OF LOAD BALANCING =============== 923.362
Info: useSync: 0 useProxySync: 0
LDB: =============== DONE WITH MIGRATION ================ 923.362
LDB: ============= START OF LOAD BALANCING ============== 923.435
LDB: Largest compute 6 load 0.012828 is 24.7% of average load 0.052038
LDB: Average compute 0.003636 is 7.0% of average load 0.052038
LDB: TIME 923.435 LOAD: AVG 0.0520377 MAX 0.0671776  PROXIES: TOTAL 24 MAXPE 4 MAXPATCH 6 None MEM: 0.471549 MB
LDB: TIME 923.435 LOAD: AVG 0.0520377 MAX 0.0671776  PROXIES: TOTAL 26 MAXPE 4 MAXPATCH 7 RefineTorusLB MEM: 0.471549 MB
LDB: TIME 923.436 LOAD: AVG 0.0520377 MAX 0.0567163  PROXIES: TOTAL 26 MAXPE 4 MAXPATCH 7 RefineTorusLB MEM: 0.471549 MB
LDB: ============== END OF LOAD BALANCING =============== 923.436
Info: useSync: 0 useProxySync: 0
LDB: =============== DONE WITH MIGRATION ================ 923.436
LDB: ============= START OF LOAD BALANCING ============== 926.091
LDB: ============== END OF LOAD BALANCING =============== 926.091
Info: useSync: 0 useProxySync: 0
LDB: =============== DONE WITH MIGRATION ================ 926.092
LDB: ============= START OF LOAD BALANCING ============== 926.156
LDB: Largest compute 146 load 0.011933 is 22.3% of average load 0.053471
LDB: Average compute 0.003760 is 7.0% of average load 0.053471
LDB: TIME 926.156 LOAD: AVG 0.0534706 MAX 0.0586736  PROXIES: TOTAL 24 MAXPE 4 MAXPATCH 6 None MEM: 0.471549 MB
LDB: TIME 926.156 LOAD: AVG 0.0534706 MAX 0.0586736  PROXIES: TOTAL 26 MAXPE 4 MAXPATCH 7 RefineTorusLB MEM: 0.471549 MB
LDB: TIME 926.156 LOAD: AVG 0.0534706 MAX 0.0577801  PROXIES: TOTAL 26 MAXPE 4 MAXPATCH 7 RefineTorusLB MEM: 0.471549 MB
LDB: ============== END OF LOAD BALANCING =============== 926.156
Info: useSync: 0 useProxySync: 0
LDB: =============== DONE WITH MIGRATION ================ 926.156
WRITING COORDINATES TO DCD FILE MDequil.dcd AT STEP 485000
PRESSURE: 485000 -1125.48 -309.389 147.747 -226.984 -509.642 -352.881 268.037 266.588 29.248
GPRESSURE: 485000 -1136.58 -261.333 263.889 -457.447 -318.373 -360.827 229.667 200.565 -110.235
PRESSAVG: 485000 -361.036 -64.2878 44.5179 -82.0952 -324.761 48.9285 -39.1006 4.09665 18.6019
GPRESSAVG: 485000 -361.064 -64.1377 44.5496 -82.4585 -324.682 49.0121 -39.4472 4.51322 18.9172
ENERGY:  485000         0.0000         0.0000         0.0000         0.0000          -5557.4423       383.2901         0.0000         0.0000       946.3371          -4227.8150       300.6430     -5174.1521     -4225.9369       298.2728           -535.2925      -521.7283     22819.9932      -222.3984      -222.2762

LDB: ============= START OF LOAD BALANCING ============== 928.811
LDB: ============== END OF LOAD BALANCING =============== 928.811
Info: useSync: 0 useProxySync: 0
LDB: =============== DONE WITH MIGRATION ================ 928.811
LDB: ============= START OF LOAD BALANCING ============== 928.876
LDB: Largest compute 150 load 0.011781 is 22.1% of average load 0.053207
LDB: Average compute 0.003740 is 7.0% of average load 0.053207
LDB: TIME 928.876 LOAD: AVG 0.053207 MAX 0.0588194  PROXIES: TOTAL 24 MAXPE 4 MAXPATCH 6 None MEM: 0.471549 MB
LDB: TIME 928.876 LOAD: AVG 0.053207 MAX 0.0588194  PROXIES: TOTAL 26 MAXPE 4 MAXPATCH 7 RefineTorusLB MEM: 0.471549 MB
LDB: TIME 928.876 LOAD: AVG 0.053207 MAX 0.0578231  PROXIES: TOTAL 26 MAXPE 4 MAXPATCH 7 RefineTorusLB MEM: 0.471549 MB
LDB: ============== END OF LOAD BALANCING =============== 928.876
Info: useSync: 0 useProxySync: 0
LDB: =============== DONE WITH MIGRATION ================ 928.877
LDB: ============= START OF LOAD BALANCING ============== 931.379
LDB: ============== END OF LOAD BALANCING =============== 931.379
Info: useSync: 0 useProxySync: 0
LDB: =============== DONE WITH MIGRATION ================ 931.379
LDB: ============= START OF LOAD BALANCING ============== 931.444
LDB: Largest compute 146 load 0.012718 is 23.5% of average load 0.054151
LDB: Average compute 0.003808 is 7.0% of average load 0.054151
LDB: TIME 931.444 LOAD: AVG 0.0541507 MAX 0.0600245  PROXIES: TOTAL 24 MAXPE 4 MAXPATCH 6 None MEM: 0.471549 MB
LDB: TIME 931.444 LOAD: AVG 0.0541507 MAX 0.0600245  PROXIES: TOTAL 26 MAXPE 4 MAXPATCH 7 RefineTorusLB MEM: 0.471549 MB
LDB: TIME 931.444 LOAD: AVG 0.0541507 MAX 0.0590155  PROXIES: TOTAL 26 MAXPE 4 MAXPATCH 7 RefineTorusLB MEM: 0.471549 MB
LDB: ============== END OF LOAD BALANCING =============== 931.445
Info: useSync: 0 useProxySync: 0
LDB: =============== DONE WITH MIGRATION ================ 931.445
WRITING COORDINATES TO DCD FILE MDequil.dcd AT STEP 490000
PRESSURE: 490000 -701.958 -210.838 253.534 -430.018 228.45 -60.2888 193.505 -297.177 142.162
GPRESSURE: 490000 -692.901 -508.853 72.6101 -51.3466 416.669 -212.225 261.764 -130.003 13.7922
PRESSAVG: 490000 -285.353 36.8159 24.4161 -4.07002 -336.499 5.37561 -49.3416 38.2938 -2.60801
GPRESSAVG: 490000 -285.295 36.9047 24.525 -3.84553 -336.583 5.96415 -48.9324 38.204 -2.60656
ENERGY:  490000         0.0000         0.0000         0.0000         0.0000          -5590.1141       406.3131         0.0000         0.0000       964.3747          -4219.4263       306.3734     -5183.8010     -4216.1466       299.6935           -110.4483       -87.4799     22786.7312      -208.1532      -208.1615

LDB: ============= START OF LOAD BALANCING ============== 933.974
LDB: ============== END OF LOAD BALANCING =============== 933.974
Info: useSync: 0 useProxySync: 0
LDB: =============== DONE WITH MIGRATION ================ 933.974
LDB: ============= START OF LOAD BALANCING ============== 934.038
LDB: Largest compute 6 load 0.012863 is 23.8% of average load 0.054134
LDB: Average compute 0.003813 is 7.0% of average load 0.054134
LDB: TIME 934.039 LOAD: AVG 0.0541343 MAX 0.0594677  PROXIES: TOTAL 24 MAXPE 4 MAXPATCH 6 None MEM: 0.471549 MB
LDB: TIME 934.039 LOAD: AVG 0.0541343 MAX 0.0594677  PROXIES: TOTAL 26 MAXPE 4 MAXPATCH 7 RefineTorusLB MEM: 0.471549 MB
LDB: TIME 934.039 LOAD: AVG 0.0541343 MAX 0.0589501  PROXIES: TOTAL 26 MAXPE 4 MAXPATCH 7 RefineTorusLB MEM: 0.471549 MB
LDB: ============== END OF LOAD BALANCING =============== 934.039
Info: useSync: 0 useProxySync: 0
LDB: =============== DONE WITH MIGRATION ================ 934.039
LDB: ============= START OF LOAD BALANCING ============== 936.541
LDB: ============== END OF LOAD BALANCING =============== 936.541
Info: useSync: 0 useProxySync: 0
LDB: =============== DONE WITH MIGRATION ================ 936.542
LDB: ============= START OF LOAD BALANCING ============== 936.606
LDB: Largest compute 146 load 0.013254 is 24.9% of average load 0.053257
LDB: Average compute 0.003735 is 7.0% of average load 0.053257
LDB: TIME 936.606 LOAD: AVG 0.0532567 MAX 0.0572063  PROXIES: TOTAL 24 MAXPE 4 MAXPATCH 6 None MEM: 0.471549 MB
LDB: TIME 936.606 LOAD: AVG 0.0532567 MAX 0.0572063  PROXIES: TOTAL 26 MAXPE 4 MAXPATCH 7 RefineTorusLB MEM: 0.471549 MB
LDB: TIME 936.606 LOAD: AVG 0.0532567 MAX 0.0572063  PROXIES: TOTAL 26 MAXPE 4 MAXPATCH 7 RefineTorusLB MEM: 0.471549 MB
LDB: ============== END OF LOAD BALANCING =============== 936.61
Info: useSync: 0 useProxySync: 0
LDB: =============== DONE WITH MIGRATION ================ 936.62
LDB: ============= START OF LOAD BALANCING ============== 939.13
LDB: ============== END OF LOAD BALANCING =============== 939.13
Info: useSync: 0 useProxySync: 0
LDB: =============== DONE WITH MIGRATION ================ 939.13
LDB: ============= START OF LOAD BALANCING ============== 939.193
LDB: Largest compute 6 load 0.013093 is 24.7% of average load 0.052917
LDB: Average compute 0.003720 is 7.0% of average load 0.052917
LDB: TIME 939.194 LOAD: AVG 0.0529167 MAX 0.0576344  PROXIES: TOTAL 24 MAXPE 4 MAXPATCH 6 None MEM: 0.471549 MB
LDB: TIME 939.194 LOAD: AVG 0.0529167 MAX 0.0576344  PROXIES: TOTAL 26 MAXPE 4 MAXPATCH 7 RefineTorusLB MEM: 0.471549 MB
LDB: TIME 939.194 LOAD: AVG 0.0529167 MAX 0.0576344  PROXIES: TOTAL 26 MAXPE 4 MAXPATCH 7 RefineTorusLB MEM: 0.471549 MB
LDB: ============== END OF LOAD BALANCING =============== 939.194
Info: useSync: 0 useProxySync: 0
LDB: =============== DONE WITH MIGRATION ================ 939.194
WRITING COORDINATES TO DCD FILE MDequil.dcd AT STEP 495000
PRESSURE: 495000 -1096.92 -54.7489 -474.258 182.045 -402.782 -176.91 -84.1488 -285.808 276.947
GPRESSURE: 495000 -984.104 -327.232 -427.208 315.813 -450.383 -118.653 -180.847 -119.572 234.287
PRESSAVG: 495000 -452.252 3.93918 -17.2389 -12.3371 -409.404 -43.0629 -62.8312 -10.7177 8.15762
GPRESSAVG: 495000 -452.447 3.78474 -17.075 -12.0543 -409.364 -43.2403 -62.6463 -10.4369 8.14557
ENERGY:  495000         0.0000         0.0000         0.0000         0.0000          -5489.5387       359.1961         0.0000         0.0000       966.5367          -4163.8059       307.0602     -5130.3427     -4161.5618       305.0377           -407.5862      -400.0666     22716.2533      -284.4993      -284.5550

LDB: ============= START OF LOAD BALANCING ============== 945.166
LDB: ============== END OF LOAD BALANCING =============== 945.166
Info: useSync: 0 useProxySync: 0
LDB: =============== DONE WITH MIGRATION ================ 945.171
LDB: ============= START OF LOAD BALANCING ============== 945.417
LDB: Largest compute 147 load 0.012282 is 23.6% of average load 0.052105
LDB: Average compute 0.003555 is 6.8% of average load 0.052105
LDB: TIME 945.423 LOAD: AVG 0.0521048 MAX 0.0650704  PROXIES: TOTAL 24 MAXPE 4 MAXPATCH 6 None MEM: 0.471549 MB
LDB: TIME 945.423 LOAD: AVG 0.0521048 MAX 0.0650704  PROXIES: TOTAL 26 MAXPE 4 MAXPATCH 7 RefineTorusLB MEM: 0.471549 MB
LDB: TIME 945.423 LOAD: AVG 0.0521048 MAX 0.0567746  PROXIES: TOTAL 26 MAXPE 4 MAXPATCH 7 RefineTorusLB MEM: 0.471549 MB
LDB: ============== END OF LOAD BALANCING =============== 945.433
Info: useSync: 0 useProxySync: 0
LDB: =============== DONE WITH MIGRATION ================ 945.487
LDB: ============= START OF LOAD BALANCING ============== 958.02
LDB: ============== END OF LOAD BALANCING =============== 958.02
Info: useSync: 0 useProxySync: 0
LDB: =============== DONE WITH MIGRATION ================ 958.032
LDB: ============= START OF LOAD BALANCING ============== 958.348
LDB: Largest compute 147 load 0.012202 is 24.4% of average load 0.049937
LDB: Average compute 0.003387 is 6.8% of average load 0.049937
LDB: TIME 958.352 LOAD: AVG 0.049937 MAX 0.0559193  PROXIES: TOTAL 24 MAXPE 4 MAXPATCH 6 None MEM: 0.471549 MB
LDB: TIME 958.352 LOAD: AVG 0.049937 MAX 0.0559193  PROXIES: TOTAL 26 MAXPE 4 MAXPATCH 7 RefineTorusLB MEM: 0.471549 MB
LDB: TIME 958.352 LOAD: AVG 0.049937 MAX 0.0543123  PROXIES: TOTAL 26 MAXPE 4 MAXPATCH 7 RefineTorusLB MEM: 0.471549 MB
LDB: ============== END OF LOAD BALANCING =============== 958.355
Info: useSync: 0 useProxySync: 0
LDB: =============== DONE WITH MIGRATION ================ 958.377
PRESSURE: 500000 -488.666 343.001 191.531 191.96 -930.162 -70.2456 75.9605 21.382 169.732
GPRESSURE: 500000 -623.229 300.675 216.199 265.52 -796.709 -40.132 -78.3586 -71.9528 260.415
PRESSAVG: 500000 -322.506 16.0662 -63.0309 27.6351 -332.795 -68.6019 -102.25 35.0963 -35.8036
GPRESSAVG: 500000 -322.751 16.1976 -62.8759 27.7024 -332.593 -68.4109 -102.095 35.01 -35.9083
TIMING: 500000  CPU: 918.871, 0.00175655/step  Wall: 958.888, 0.00182517/step, 0 hours remaining, 0.471549 MB of memory in use.
PERFORMANCE: 500000  averaging 90.105 ns/day, 0.00191776 sec/step with standard deviation 0.000604988
ETITLE:      TS           BOND          ANGLE          DIHED          IMPRP               ELECT            VDW       BOUNDARY           MISC        KINETIC               TOTAL           TEMP      POTENTIAL         TOTAL3        TEMPAVG            PRESSURE      GPRESSURE         VOLUME       PRESSAVG      GPRESSAVG

ENERGY:  500000         0.0000         0.0000         0.0000         0.0000          -5640.6461       400.1957         0.0000         0.0000       916.1636          -4324.2867       291.0571     -5240.4503     -4320.8130       301.0176           -416.3657      -386.5078     22548.0941      -230.3683      -230.4172

WRITING EXTENDED SYSTEM TO RESTART FILE AT STEP 500000
WRITING COORDINATES TO DCD FILE MDequil.dcd AT STEP 500000
WRITING COORDINATES TO RESTART FILE AT STEP 500000
FINISHED WRITING RESTART COORDINATES
WRITING VELOCITIES TO RESTART FILE AT STEP 500000
FINISHED WRITING RESTART VELOCITIES
WRITING EXTENDED SYSTEM TO OUTPUT FILE AT STEP 500000
CLOSING EXTENDED SYSTEM TRAJECTORY FILE
WRITING COORDINATES TO OUTPUT FILE AT STEP 500000
CLOSING COORDINATE DCD FILE MDequil.dcd
WRITING VELOCITIES TO OUTPUT FILE AT STEP 500000
====================================================

WallClock: 970.380554  CPUTime: 930.320435  Memory: 0.471549 MB
[Partition 0][Node 0] End of program
