Charm++: standalone mode (not using charmrun)
Charm++> Running in Multicore mode: 16 threads (PEs)
Charm++> Using recursive bisection (scheme 3) for topology aware partitions
Converse/Charm++ Commit ID: 
CharmLB> Load balancer assumes all CPUs are same.
Charm++> Running on 1 hosts (1 sockets x 24 cores x 2 PUs = 48-way SMP)
Charm++> cpu topology info is gathered in 0.000 seconds.
Info: Built with CUDA version 11080
Did not find +devices i,j,k,... argument, using all
Pe 14 physical rank 14 will use CUDA device of pe 8
Pe 11 physical rank 11 will use CUDA device of pe 8
Pe 1 physical rank 1 will use CUDA device of pe 4
Pe 7 physical rank 7 will use CUDA device of pe 4
Pe 9 physical rank 9 will use CUDA device of pe 8
Pe 2 physical rank 2 will use CUDA device of pe 4
Pe 12 physical rank 12 will use CUDA device of pe 8
Pe 8 physical rank 8 binding to CUDA device 1 on pcd31c.icmab-csic.icmab.es: 'NVIDIA RTX A4500'  Mem: 20042MB  Rev: 8.6  PCI: 0:42:0
Pe 15 physical rank 15 will use CUDA device of pe 8
Pe 5 physical rank 5 will use CUDA device of pe 4
Pe 3 physical rank 3 will use CUDA device of pe 4
Pe 6 physical rank 6 will use CUDA device of pe 4
Pe 4 physical rank 4 binding to CUDA device 0 on pcd31c.icmab-csic.icmab.es: 'NVIDIA RTX A4500'  Mem: 20042MB  Rev: 8.6  PCI: 0:41:0
Pe 13 physical rank 13 will use CUDA device of pe 8
Pe 10 physical rank 10 will use CUDA device of pe 8
Pe 0 physical rank 0 will use CUDA device of pe 4
CharmLB> Load balancing instrumentation for communication is off.
Info: NAMD 3.0.2 for Linux-x86_64-multicore-CUDA
Info: 
Info: Please visit http://www.ks.uiuc.edu/Research/namd/
Info: for updates, documentation, and support information.
Info: 
Info: Please cite Phillips et al., J. Chem. Phys. 153:044130 (2020) doi:10.1063/5.0014475
Info: in all publications reporting results obtained with NAMD.
Info: 
Info: Based on Charm++/Converse 80000 for multicore-linux-x86_64-gcc
Info: Built Wed Aug 27 15:48:11 CDT 2025 by dhardy on athine.ks.uiuc.edu
Info: 1 NAMD  3.0.2  Linux-x86_64-multicore-CUDA  16    pcd31c.icmab-csic.icmab.es  jfaraudo
Info: Running on 16 processors, 1 nodes, 1 physical nodes.
Info: CPU topology information available.
Info: Charm++/Converse parallel runtime startup completed at 0.408207 s
CkLoopLib is used in SMP with simple dynamic scheduling (converse-level notification)
Info: 0 MB of memory in use based on /proc/self/stat
Info: Configuration file is Forcez_NVT.namd
Info: Working in the current directory /home/jfaraudo/Teaching/tutorial_membrana_nanotubs_modificat/versio_2026/simulation/nonequilibrium
TCL: Suspending until startup complete.
Warning: Option "1-4scaling" has been deprecated. Instead use "oneFourScaling".
Info: EXTENDED SYSTEM FILE   ../equilibration/MDequil.restart.xsc
Warning: The Langevin gamma parameters differ over the particles,
Warning: requiring extra work per step to constrain rigid bonds.
Info: SIMULATION PARAMETERS:
Info: TIMESTEP               2
Info: NUMBER OF STEPS        0
Info: STEPS PER CYCLE        10
Info: PERIODIC CELL BASIS 1  23 0 0
Info: PERIODIC CELL BASIS 2  0 19.919 0
Info: PERIODIC CELL BASIS 3  0 0 49.2169
Info: PERIODIC CELL CENTER   0 0 0
Info: WRAPPING WATERS AROUND PERIODIC BOUNDARIES ON OUTPUT.
Info: WRAPPING ALL CLUSTERS AROUND PERIODIC BOUNDARIES ON OUTPUT.
Info: LOAD BALANCER  Centralized
Info: LOAD BALANCING STRATEGY  New Load Balancers -- DEFAULT
Info: LDB PERIOD             2000 steps
Info: FIRST LDB TIMESTEP     50
Info: LAST LDB TIMESTEP     -1
Info: LDB BACKGROUND SCALING 1
Info: HOM BACKGROUND SCALING 1
Info: PME BACKGROUND SCALING 1
Info: MIN ATOMS PER PATCH    40
Info: EMPTY PATCH LOAD       40 ATOMS
Info: VELOCITY FILE          ../equilibration/MDequil.restart.vel
Info: CENTER OF MASS MOVING INITIALLY? NO
Info: DIELECTRIC             1
Info: EXCLUDE                SCALED ONE-FOUR
Info: 1-4 ELECTROSTATICS SCALED BY 1
Info: MODIFIED 1-4 VDW PARAMETERS WILL BE USED
Info: DCD FILENAME           MD.dcd
Info: DCD FREQUENCY          5000
Info: DCD FIRST STEP         5000
Info: DCD FILE WILL CONTAIN UNIT CELL DATA
Info: XST FILENAME           MD.xst
Info: XST FREQUENCY          5000
Info: NO VELOCITY DCD OUTPUT
Info: NO FORCE DCD OUTPUT
Info: OUTPUT FILENAME        MD
Info: BINARY OUTPUT FILES WILL BE USED
Info: RESTART FILENAME       MD.restart
Info: RESTART FREQUENCY      50000
Info: BINARY RESTART FILES WILL BE USED
Info: SWITCHING ACTIVE
Info: SWITCHING ON           10
Info: SWITCHING OFF          12
Info: PAIRLIST DISTANCE      14
Info: PAIRLIST SHRINK RATE   0.01
Info: PAIRLIST GROW RATE     0.01
Info: PAIRLIST TRIGGER       0.3
Info: PAIRLISTS PER CYCLE    2
Info: PAIRLISTS ENABLED
Info: MARGIN                 0
Info: HYDROGEN GROUP CUTOFF  2.5
Info: PATCH DIMENSION        16.5
Info: ENERGY OUTPUT STEPS    5000
Info: ENERGY EVALUATION STEPS    5000
Info: OUTPUT ENERGY PRECISION 4
Info: CROSSTERM ENERGY INCLUDED IN DIHEDRAL
Info: TIMING OUTPUT STEPS    50000
Info: PRESSURE OUTPUT STEPS  5000
Info: FIXED ATOMS ACTIVE
Info: TCL GLOBAL FORCES ACTIVE
Info: TCL GLOBAL FORCES SCRIPT INLINED IN CONFIG FILE
Info: LANGEVIN DYNAMICS ACTIVE
Info: LANGEVIN TEMPERATURE   300
Info: LANGEVIN USING BBK INTEGRATOR
Info: LANGEVIN DAMPING COEFFICIENT IS 1 INVERSE PS
Info: LANGEVIN DYNAMICS NOT APPLIED TO HYDROGENS
Info: PARTICLE MESH EWALD (PME) ACTIVE
Info: PME TOLERANCE               1e-06
Info: PME EWALD COEFFICIENT       0.257952
Info: PME INTERPOLATION ORDER     4
Info: PME GRID DIMENSIONS         24 20 54
Info: PME MAXIMUM GRID SPACING    1
Info: PME CALCULATION WILL BE PERFORMED ON GPU
Info: FULL ELECTROSTATIC EVALUATION FREQUENCY      2
Info: USING VERLET I (r-RESPA) MTS SCHEME.
Info: C1 SPLITTING OF LONG RANGE ELECTROSTATICS
Info: PLACING ATOMS IN PATCHES BY HYDROGEN GROUPS
Info: RIGID BONDS TO HYDROGEN : ALL
Info:         ERROR TOLERANCE : 1e-08
Info:          MAX ITERATIONS : 100
Info: RIGID WATER USING SETTLE ALGORITHM
Info: RANDOM NUMBER SEED     1777746122
Info: USE HYDROGEN BONDS?    NO
Info: COORDINATE PDB         ../input/system.pdb
Info: STRUCTURE FILE         ../input/system.psf
Info: PARAMETER file: CHARMM format! 
Info: PARAMETERS             ../input/par_nanotubes.inp
Info: PARAMETERS             ../input/par_water_ions.inp
Info: USING ARITHMETIC MEAN TO COMBINE L-J SIGMA PARAMETERS
Info: BINARY COORDINATES     ../equilibration/MDequil.restart.coor
Info: SUMMARY OF PARAMETERS:
Info: 4 BONDS
Info: 2 ANGLES
Info: 1 DIHEDRAL
Info: 0 IMPROPER
Info: 0 CROSSTERM
Info: 16 VDW
Info: 2 VDW_PAIRS
Info: 0 NBTHOLE_PAIRS
Info: TIME FOR READING PSF FILE: 0.00601059
Info: Reading pdb file ../input/system.pdb
Info: TIME FOR READING PDB FILE: 0.00271095
Info: 
Info: ****************************
Info: STRUCTURE SUMMARY:
Info: 2160 ATOMS
Info: 1872 BONDS
Info: 2064 ANGLES
Info: 2928 DIHEDRALS
Info: 0 IMPROPERS
Info: 0 CROSSTERMS
Info: 0 EXCLUSIONS
Info: 576 FIXED ATOMS
Info: 1584 RIGID BONDS
Info: 0 RIGID BONDS BETWEEN FIXED ATOMS
Info: 3168 DEGREES OF FREEDOM
Info: 1104 HYDROGEN GROUPS
Info: 3 ATOMS IN LARGEST HYDROGEN GROUP
Info: 1104 MIGRATION GROUPS
Info: 3 ATOMS IN LARGEST MIGRATION GROUP
Info: 576 HYDROGEN GROUPS WITH ALL ATOMS FIXED
Info: TOTAL MASS = 16430.5 amu
Info: TOTAL CHARGE = 0 e
Info: MASS DENSITY = 1.21004 g/cm^3
Info: ATOM DENSITY = 0.0957952 atoms/A^3
Info: *****************************
Info: Reading from binary file ../equilibration/MDequil.restart.coor
Info: 
Info: Entering startup at 0.427692 s, 0 MB of memory in use
Info: Startup phase 0 took 9.5467e-05 s, 0 MB of memory in use
Info: ADDED 6144 IMPLICIT EXCLUSIONS
Info: Startup phase 1 took 0.00105578 s, 0 MB of memory in use
Info: NONBONDED TABLE R-SQUARED SPACING: 0.0625
Info: NONBONDED TABLE SIZE: 769 POINTS
Info: INCONSISTENCY IN FAST TABLE ENERGY VS FORCE: 0.000325096 AT 11.9556
Info: INCONSISTENCY IN SCOR TABLE ENERGY VS FORCE: 0.000324844 AT 11.9556
Info: INCONSISTENCY IN VDWA TABLE ENERGY VS FORCE: 0.0040507 AT 0.251946
Info: INCONSISTENCY IN VDWB TABLE ENERGY VS FORCE: 0.00150189 AT 0.251946
Info: Startup phase 2 took 0.000436459 s, 0 MB of memory in use
Info: Startup phase 3 took 8.4376e-05 s, 0 MB of memory in use
Info: Startup phase 4 took 0.000106617 s, 0 MB of memory in use
Info: Startup phase 5 took 8.1e-05 s, 0 MB of memory in use
Info: REDUCING NUMBER OF PATCHES TO IMPROVE LOAD BALANCE
Info: PATCH GRID IS 2 (PERIODIC) BY 2 (PERIODIC) BY 4 (PERIODIC)
Info: PATCH GRID IS 2-AWAY BY 2-AWAY BY 2-AWAY
Info: Reading from binary file ../equilibration/MDequil.restart.vel
Info: REMOVING COM VELOCITY 0.0869811 0.0846564 -0.120092
Info: LARGEST PATCH (13) HAS 162 ATOMS
Info: TORUS A SIZE 1 USING 0
Info: TORUS B SIZE 1 USING 0
Info: TORUS C SIZE 1 USING 0
Info: TORUS MINIMAL MESH SIZE IS 1 BY 1 BY 1
Info: Placed 100% of base nodes on same physical node as patch
Info: Startup phase 6 took 0.00110166 s, 0 MB of memory in use
Info: Use 3D box decompostion in PME FFT.
Info: PME using 1 x 1 x 1 pencil grid for FFT and reciprocal sum.
Info: Startup phase 7 took 0.000178921 s, 0 MB of memory in use
Info: Updated CUDA force table with 4096 elements.
Info: Updated CUDA LJ table with 16 x 16 elements.
Info: Updated CUDA force table with 4096 elements.
Info: Updated CUDA LJ table with 16 x 16 elements.
Info: Startup phase 8 took 0.00274815 s, 0 MB of memory in use
Info: Startup phase 9 took 9.5917e-05 s, 0 MB of memory in use
Info: Startup phase 10 took 8.606e-05 s, 0 MB of memory in use
Info: Startup phase 11 took 0.00029667 s, 0 MB of memory in use
LDB: Central LB being created...
Info: Startup phase 12 took 0.00229972 s, 0 MB of memory in use
Info: CREATING 1264 COMPUTE OBJECTS
Info: Found 4 unique exclusion lists needing 4 bytes
Info: Found 4 unique exclusion lists needing 4 bytes
Info: useSync: 0 useProxySync: 0
Info: Startup phase 13 took 0.0142171 s, 0 MB of memory in use
Info: Startup phase 14 took 8.8143e-05 s, 0 MB of memory in use
Info: Startup phase 15 took 4.5294e-05 s, 0 MB of memory in use
Info: Finished startup at 0.450709 s, 0 MB of memory in use

TCL: Running for 500000 steps
PRESSURE: 0 -491.906 335.532 192.259 184.487 -897.3 -67.1945 -77.7022 44.8413 -7339.22
GPRESSURE: 0 -623.794 299.075 217.939 263.914 -792.503 -39.8058 -234.896 -57.1328 -7268.14
ETITLE:      TS           BOND          ANGLE          DIHED          IMPRP               ELECT            VDW       BOUNDARY           MISC        KINETIC               TOTAL           TEMP      POTENTIAL         TOTAL3        TEMPAVG            PRESSURE      GPRESSURE         VOLUME       PRESSAVG      GPRESSAVG

ENERGY:       0         0.0000         0.0000         0.0000         0.0000          -5640.6502       400.2064         0.0000         0.0000       915.3194          -4325.1244       290.7889     -5240.4438     -4323.2139       290.7889          -2909.4745     -2894.8137     22548.0941     -2909.4745     -2894.8137

OPENING EXTENDED SYSTEM TRAJECTORY FILE
LDB: ============= START OF LOAD BALANCING ============== 0.478971
LDB: ============== END OF LOAD BALANCING =============== 0.479023
Info: useSync: 0 useProxySync: 0
LDB: =============== DONE WITH MIGRATION ================ 0.479099
LDB: ============= START OF LOAD BALANCING ============== 0.565965
LDB: Partitioning computes with target load 0.000000
LDB: Increased migratable compute count from 0 to 0
LDB: Largest unpartitionable compute is 0.000000
LDB: ============== END OF LOAD BALANCING =============== 0.566148
Info: useSync: 0 useProxySync: 0
LDB: =============== DONE WITH MIGRATION ================ 0.566548
Info: Initial time: 16 CPUs 0.00218702 s/step 0.0126564 days/ns 0 MB memory
LDB: ============= START OF LOAD BALANCING ============== 0.588227
LDB: ============== END OF LOAD BALANCING =============== 0.588275
Info: useSync: 0 useProxySync: 0
LDB: =============== DONE WITH MIGRATION ================ 0.588355
LDB: ============= START OF LOAD BALANCING ============== 0.674905
LDB: TIME 0.675014 LOAD: AVG 0.00799013 MAX 0.0796074  PROXIES: TOTAL 112 MAXPE 7 MAXPATCH 7 None MEM: 0 MB
LDB: TIME 0.675048 LOAD: AVG 0.00799013 MAX 0.0796074  PROXIES: TOTAL 112 MAXPE 7 MAXPATCH 7 TorusLB MEM: 0 MB
LDB: Reverting to original mapping
LDB: ============== END OF LOAD BALANCING =============== 0.675138
Info: useSync: 0 useProxySync: 0
LDB: =============== DONE WITH MIGRATION ================ 0.675469
Info: Initial time: 16 CPUs 0.00215802 s/step 0.0124885 days/ns 0 MB memory
LDB: ============= START OF LOAD BALANCING ============== 0.806559
LDB: TIME 0.806669 LOAD: AVG 0.0116461 MAX 0.122341  PROXIES: TOTAL 112 MAXPE 7 MAXPATCH 7 None MEM: 0 MB
LDB: TIME 0.806707 LOAD: AVG 0.0116461 MAX 0.122341  PROXIES: TOTAL 112 MAXPE 7 MAXPATCH 7 RefineTorusLB MEM: 0 MB
LDB: TIME 0.806733 LOAD: AVG 0.0116461 MAX 0.122341  PROXIES: TOTAL 112 MAXPE 7 MAXPATCH 7 RefineTorusLB MEM: 0 MB
LDB: ============== END OF LOAD BALANCING =============== 0.806819
Info: useSync: 0 useProxySync: 0
LDB: =============== DONE WITH MIGRATION ================ 0.807172
Info: Initial time: 16 CPUs 0.00264646 s/step 0.0153152 days/ns 0 MB memory
LDB: ============= START OF LOAD BALANCING ============== 0.966227
LDB: TIME 0.96633 LOAD: AVG 0.0133992 MAX 0.149909  PROXIES: TOTAL 112 MAXPE 7 MAXPATCH 7 None MEM: 0 MB
LDB: TIME 0.966362 LOAD: AVG 0.0133992 MAX 0.149909  PROXIES: TOTAL 112 MAXPE 7 MAXPATCH 7 RefineTorusLB MEM: 0 MB
LDB: TIME 0.966384 LOAD: AVG 0.0133992 MAX 0.149909  PROXIES: TOTAL 112 MAXPE 7 MAXPATCH 7 RefineTorusLB MEM: 0 MB
LDB: Reverting to original mapping
LDB: ============== END OF LOAD BALANCING =============== 0.966462
Info: useSync: 0 useProxySync: 0
LDB: =============== DONE WITH MIGRATION ================ 0.96682
Info: Benchmark time: 16 CPUs 0.0031921 s/step 0.0184728 days/ns 0 MB memory
Info: Benchmark time: 16 CPUs 0.00216851 s/step 0.0125492 days/ns 0 MB memory
Info: Benchmark time: 16 CPUs 0.00289862 s/step 0.0167744 days/ns 0 MB memory
Info: Benchmark time: 16 CPUs 0.00322458 s/step 0.0186608 days/ns 0 MB memory
Info: Benchmark time: 16 CPUs 0.00316237 s/step 0.0183008 days/ns 0 MB memory
Info: Benchmark time: 16 CPUs 0.00257179 s/step 0.0148831 days/ns 0 MB memory
LDB: ============= START OF LOAD BALANCING ============== 5.55491
LDB: ============== END OF LOAD BALANCING =============== 5.55499
Info: useSync: 0 useProxySync: 0
LDB: =============== DONE WITH MIGRATION ================ 5.55511
LDB: ============= START OF LOAD BALANCING ============== 5.67203
LDB: TIME 5.67217 LOAD: AVG 0.0106992 MAX 0.107894  PROXIES: TOTAL 112 MAXPE 7 MAXPATCH 7 None MEM: 0 MB
LDB: TIME 5.67222 LOAD: AVG 0.0106992 MAX 0.107894  PROXIES: TOTAL 112 MAXPE 7 MAXPATCH 7 RefineTorusLB MEM: 0 MB
LDB: TIME 5.67225 LOAD: AVG 0.0106992 MAX 0.107894  PROXIES: TOTAL 112 MAXPE 7 MAXPATCH 7 RefineTorusLB MEM: 0 MB
LDB: Reverting to original mapping
LDB: ============== END OF LOAD BALANCING =============== 5.67235
Info: useSync: 0 useProxySync: 0
LDB: =============== DONE WITH MIGRATION ================ 5.67277
LDB: ============= START OF LOAD BALANCING ============== 10.9776
LDB: ============== END OF LOAD BALANCING =============== 10.9776
Info: useSync: 0 useProxySync: 0
LDB: =============== DONE WITH MIGRATION ================ 10.9778
LDB: ============= START OF LOAD BALANCING ============== 11.0846
LDB: TIME 11.0847 LOAD: AVG 0.00999349 MAX 0.0991265  PROXIES: TOTAL 112 MAXPE 7 MAXPATCH 7 None MEM: 0 MB
LDB: TIME 11.0847 LOAD: AVG 0.00999349 MAX 0.0991265  PROXIES: TOTAL 112 MAXPE 7 MAXPATCH 7 RefineTorusLB MEM: 0 MB
LDB: TIME 11.0848 LOAD: AVG 0.00999349 MAX 0.0991265  PROXIES: TOTAL 112 MAXPE 7 MAXPATCH 7 RefineTorusLB MEM: 0 MB
LDB: ============== END OF LOAD BALANCING =============== 11.0848
Info: useSync: 0 useProxySync: 0
LDB: =============== DONE WITH MIGRATION ================ 11.0852
PRESSURE: 5000 3056.83 210.092 -387.091 799.863 1053.64 -233.145 -1027.33 1356.3 1771.78
GPRESSURE: 5000 3027.99 179.912 -699.271 505.8 1078.17 -167.186 -742.316 1142.59 1810.6
PRESSAVG: 5000 2837.61 -34.8484 -61.3993 -49.82 2598.03 -11.7821 -384.181 544.073 506.968
GPRESSAVG: 5000 2837.9 -34.6897 -61.814 -50.4503 2598.09 -11.7696 -384.224 543.94 506.964
ENERGY:    5000         0.0000         0.0000         0.0000         0.0000          -5531.5163       433.4179         0.0000         0.0000      1051.5405          -4046.5579       334.0652     -5098.0984     -4045.4680       319.9522           1960.7495      1972.2570     22548.0941      1980.8693      1980.9848

OPENING COORDINATE DCD FILE
WRITING COORDINATES TO DCD FILE MD.dcd AT STEP 5000
The last position output (seq=5000) takes 0.001 seconds, 0.000 MB of memory in use
LDB: ============= START OF LOAD BALANCING ============== 15.4477
LDB: ============== END OF LOAD BALANCING =============== 15.4477
Info: useSync: 0 useProxySync: 0
LDB: =============== DONE WITH MIGRATION ================ 15.4478
LDB: ============= START OF LOAD BALANCING ============== 15.5532
LDB: TIME 15.5533 LOAD: AVG 0.00987586 MAX 0.0982071  PROXIES: TOTAL 112 MAXPE 7 MAXPATCH 7 None MEM: 0 MB
LDB: TIME 15.5534 LOAD: AVG 0.00987586 MAX 0.0982071  PROXIES: TOTAL 112 MAXPE 7 MAXPATCH 7 RefineTorusLB MEM: 0 MB
LDB: TIME 15.5534 LOAD: AVG 0.00987586 MAX 0.0982071  PROXIES: TOTAL 112 MAXPE 7 MAXPATCH 7 RefineTorusLB MEM: 0 MB
LDB: ============== END OF LOAD BALANCING =============== 15.5535
Info: useSync: 0 useProxySync: 0
LDB: =============== DONE WITH MIGRATION ================ 15.5539
LDB: ============= START OF LOAD BALANCING ============== 19.9524
LDB: ============== END OF LOAD BALANCING =============== 19.9525
Info: useSync: 0 useProxySync: 0
LDB: =============== DONE WITH MIGRATION ================ 19.9526
LDB: ============= START OF LOAD BALANCING ============== 20.0575
LDB: TIME 20.0576 LOAD: AVG 0.0099713 MAX 0.0989626  PROXIES: TOTAL 112 MAXPE 7 MAXPATCH 7 None MEM: 0 MB
LDB: TIME 20.0576 LOAD: AVG 0.0099713 MAX 0.0989626  PROXIES: TOTAL 112 MAXPE 7 MAXPATCH 7 RefineTorusLB MEM: 0 MB
LDB: TIME 20.0577 LOAD: AVG 0.0099713 MAX 0.0989626  PROXIES: TOTAL 112 MAXPE 7 MAXPATCH 7 RefineTorusLB MEM: 0 MB
LDB: ============== END OF LOAD BALANCING =============== 20.0577
Info: useSync: 0 useProxySync: 0
LDB: =============== DONE WITH MIGRATION ================ 20.0581
PRESSURE: 10000 1818.08 -77.3664 -291.311 -627.064 3288.1 -322.736 -558.023 1491.17 5796.63
GPRESSURE: 10000 1519.48 -456.748 -418.311 -237.922 3499.24 -438.709 -380.173 1448.08 5953.54
PRESSAVG: 10000 2821.47 43.3411 -5.69689 46.9445 2687.6 -24.9289 -782.232 995.171 4248.27
GPRESSAVG: 10000 2821.57 43.1199 -5.58146 47.6702 2687.57 -25.207 -782.078 994.947 4248.18
ENERGY:   10000         0.0000         0.0000         0.0000         0.0000          -5696.8598       553.8736         0.0000         0.0000       945.3508          -4197.6354       300.3296     -5142.9862     -4194.6893       307.4785           3634.2694      3657.4201     22548.0941      3252.4474      3252.4397

WRITING COORDINATES TO DCD FILE MD.dcd AT STEP 10000
The last position output (seq=10000) takes 0.000 seconds, 0.000 MB of memory in use
LDB: ============= START OF LOAD BALANCING ============== 24.8767
LDB: ============== END OF LOAD BALANCING =============== 24.8767
Info: useSync: 0 useProxySync: 0
LDB: =============== DONE WITH MIGRATION ================ 24.8769
LDB: ============= START OF LOAD BALANCING ============== 25.0124
LDB: TIME 25.0125 LOAD: AVG 0.0120069 MAX 0.128103  PROXIES: TOTAL 112 MAXPE 7 MAXPATCH 7 None MEM: 0 MB
LDB: TIME 25.0126 LOAD: AVG 0.0120069 MAX 0.128103  PROXIES: TOTAL 112 MAXPE 7 MAXPATCH 7 RefineTorusLB MEM: 0 MB
LDB: TIME 25.0126 LOAD: AVG 0.0120069 MAX 0.128103  PROXIES: TOTAL 112 MAXPE 7 MAXPATCH 7 RefineTorusLB MEM: 0 MB
LDB: Reverting to original mapping
LDB: ============== END OF LOAD BALANCING =============== 25.0127
Info: useSync: 0 useProxySync: 0
LDB: =============== DONE WITH MIGRATION ================ 25.0131
LDB: ============= START OF LOAD BALANCING ============== 29.6634
LDB: ============== END OF LOAD BALANCING =============== 29.6634
Info: useSync: 0 useProxySync: 0
LDB: =============== DONE WITH MIGRATION ================ 29.6636
LDB: ============= START OF LOAD BALANCING ============== 29.7693
LDB: TIME 29.7694 LOAD: AVG 0.00996522 MAX 0.0982039  PROXIES: TOTAL 112 MAXPE 7 MAXPATCH 7 None MEM: 0 MB
LDB: TIME 29.7694 LOAD: AVG 0.00996522 MAX 0.0982039  PROXIES: TOTAL 112 MAXPE 7 MAXPATCH 7 RefineTorusLB MEM: 0 MB
LDB: TIME 29.7694 LOAD: AVG 0.00996522 MAX 0.0982039  PROXIES: TOTAL 112 MAXPE 7 MAXPATCH 7 RefineTorusLB MEM: 0 MB
LDB: ============== END OF LOAD BALANCING =============== 29.7695
Info: useSync: 0 useProxySync: 0
LDB: =============== DONE WITH MIGRATION ================ 29.7699
LDB: ============= START OF LOAD BALANCING ============== 34.5338
LDB: ============== END OF LOAD BALANCING =============== 34.5339
Info: useSync: 0 useProxySync: 0
LDB: =============== DONE WITH MIGRATION ================ 34.534
LDB: ============= START OF LOAD BALANCING ============== 34.6421
LDB: TIME 34.6423 LOAD: AVG 0.00990468 MAX 0.0990711  PROXIES: TOTAL 112 MAXPE 7 MAXPATCH 7 None MEM: 0 MB
LDB: TIME 34.6423 LOAD: AVG 0.00990468 MAX 0.0990711  PROXIES: TOTAL 112 MAXPE 7 MAXPATCH 7 RefineTorusLB MEM: 0 MB
LDB: TIME 34.6423 LOAD: AVG 0.00990468 MAX 0.0990711  PROXIES: TOTAL 112 MAXPE 7 MAXPATCH 7 RefineTorusLB MEM: 0 MB
LDB: Reverting to original mapping
LDB: ============== END OF LOAD BALANCING =============== 34.6424
Info: useSync: 0 useProxySync: 0
LDB: =============== DONE WITH MIGRATION ================ 34.6428
WRITING COORDINATES TO DCD FILE MD.dcd AT STEP 15000
The last position output (seq=15000) takes 0.000 seconds, 0.000 MB of memory in use
PRESSURE: 15000 2736.34 161.369 334.504 -41.6227 4011.38 -1076.41 -1972.24 279.937 9150.36
GPRESSURE: 15000 2847.87 288.441 500.626 -219.229 3717.36 -1032.28 -1837.23 361.586 9367.36
PRESSAVG: 15000 2420.34 29.8908 11.2207 27.6669 2636.54 -22.2225 -1143.38 1615.08 7320.6
GPRESSAVG: 15000 2420.26 29.6899 11.687 26.9993 2636.64 -22.4551 -1143.72 1615.41 7320.08
ENERGY:   15000         0.0000         0.0000         0.0000         0.0000          -5640.4931       562.1618         0.0000         0.0000       967.6870          -4110.6444       307.4257     -5078.3313     -4108.2189       306.9680           5299.3593      5310.8618     22548.0941      4125.8263      4125.6572

LDB: ============= START OF LOAD BALANCING ============== 38.9965
LDB: ============== END OF LOAD BALANCING =============== 38.9966
Info: useSync: 0 useProxySync: 0
LDB: =============== DONE WITH MIGRATION ================ 38.9967
LDB: ============= START OF LOAD BALANCING ============== 39.1022
LDB: TIME 39.1023 LOAD: AVG 0.00990861 MAX 0.0986408  PROXIES: TOTAL 112 MAXPE 7 MAXPATCH 7 None MEM: 0 MB
LDB: TIME 39.1024 LOAD: AVG 0.00990861 MAX 0.0986408  PROXIES: TOTAL 112 MAXPE 7 MAXPATCH 7 RefineTorusLB MEM: 0 MB
LDB: TIME 39.1024 LOAD: AVG 0.00990861 MAX 0.0986408  PROXIES: TOTAL 112 MAXPE 7 MAXPATCH 7 RefineTorusLB MEM: 0 MB
LDB: ============== END OF LOAD BALANCING =============== 39.1025
Info: useSync: 0 useProxySync: 0
LDB: =============== DONE WITH MIGRATION ================ 39.1028
LDB: ============= START OF LOAD BALANCING ============== 43.9618
LDB: ============== END OF LOAD BALANCING =============== 43.9619
Info: useSync: 0 useProxySync: 0
LDB: =============== DONE WITH MIGRATION ================ 43.962
LDB: ============= START OF LOAD BALANCING ============== 44.0721
LDB: TIME 44.0722 LOAD: AVG 0.010224 MAX 0.0980698  PROXIES: TOTAL 112 MAXPE 7 MAXPATCH 7 None MEM: 0 MB
LDB: TIME 44.0722 LOAD: AVG 0.010224 MAX 0.0980698  PROXIES: TOTAL 112 MAXPE 7 MAXPATCH 7 RefineTorusLB MEM: 0 MB
LDB: TIME 44.0722 LOAD: AVG 0.010224 MAX 0.0980698  PROXIES: TOTAL 112 MAXPE 7 MAXPATCH 7 RefineTorusLB MEM: 0 MB
LDB: Reverting to original mapping
LDB: ============== END OF LOAD BALANCING =============== 44.0723
Info: useSync: 0 useProxySync: 0
LDB: =============== DONE WITH MIGRATION ================ 44.0726
PRESSURE: 20000 2838.56 -485.241 -1398.38 160.011 3728.49 -492.5 -1630.47 1949.54 14308.1
GPRESSURE: 20000 2980.44 -431.414 -1575.66 -47.4658 3818.88 -209.241 -1774.61 1610.98 14096.5
PRESSAVG: 20000 2810.18 -60.0407 -14.6383 -40.5086 2859.35 -26.2977 -1560.31 2224.37 10951.1
GPRESSAVG: 20000 2810.42 -60.258 -14.9158 -40.0458 2859.19 -26.5524 -1560.39 2224.62 10951.1
ENERGY:   20000         0.0000         0.0000         0.0000         0.0000          -5657.4104       585.8405         0.0000         0.0000       985.9341          -4085.6358       313.2226     -5071.5699     -4082.6002       311.2285           6958.3861      6965.2694     22548.0941      5540.2234      5540.2253

WRITING COORDINATES TO DCD FILE MD.dcd AT STEP 20000
The last position output (seq=20000) takes 0.000 seconds, 0.000 MB of memory in use
LDB: ============= START OF LOAD BALANCING ============== 49.2295
LDB: ============== END OF LOAD BALANCING =============== 49.2296
Info: useSync: 0 useProxySync: 0
LDB: =============== DONE WITH MIGRATION ================ 49.2297
LDB: ============= START OF LOAD BALANCING ============== 49.3366
LDB: TIME 49.3367 LOAD: AVG 0.0102343 MAX 0.0979127  PROXIES: TOTAL 112 MAXPE 7 MAXPATCH 7 None MEM: 0 MB
LDB: TIME 49.3367 LOAD: AVG 0.0102343 MAX 0.0979127  PROXIES: TOTAL 112 MAXPE 7 MAXPATCH 7 RefineTorusLB MEM: 0 MB
LDB: TIME 49.3367 LOAD: AVG 0.0102343 MAX 0.0979127  PROXIES: TOTAL 112 MAXPE 7 MAXPATCH 7 RefineTorusLB MEM: 0 MB
LDB: Reverting to original mapping
LDB: ============== END OF LOAD BALANCING =============== 49.3368
Info: useSync: 0 useProxySync: 0
LDB: =============== DONE WITH MIGRATION ================ 49.3372
LDB: ============= START OF LOAD BALANCING ============== 54.254
LDB: ============== END OF LOAD BALANCING =============== 54.2541
Info: useSync: 0 useProxySync: 0
LDB: =============== DONE WITH MIGRATION ================ 54.2542
LDB: ============= START OF LOAD BALANCING ============== 54.3589
LDB: TIME 54.359 LOAD: AVG 0.0102324 MAX 0.0978739  PROXIES: TOTAL 112 MAXPE 7 MAXPATCH 7 None MEM: 0 MB
LDB: TIME 54.359 LOAD: AVG 0.0102324 MAX 0.0978739  PROXIES: TOTAL 112 MAXPE 7 MAXPATCH 7 RefineTorusLB MEM: 0 MB
LDB: TIME 54.359 LOAD: AVG 0.0102324 MAX 0.0978739  PROXIES: TOTAL 112 MAXPE 7 MAXPATCH 7 RefineTorusLB MEM: 0 MB
LDB: Reverting to original mapping
LDB: ============== END OF LOAD BALANCING =============== 54.3591
Info: useSync: 0 useProxySync: 0
LDB: =============== DONE WITH MIGRATION ================ 54.3595
LDB: ============= START OF LOAD BALANCING ============== 59.0905
LDB: ============== END OF LOAD BALANCING =============== 59.0906
Info: useSync: 0 useProxySync: 0
LDB: =============== DONE WITH MIGRATION ================ 59.0907
LDB: ============= START OF LOAD BALANCING ============== 59.2478
LDB: TIME 59.2479 LOAD: AVG 0.0133285 MAX 0.145188  PROXIES: TOTAL 112 MAXPE 7 MAXPATCH 7 None MEM: 0 MB
LDB: TIME 59.2479 LOAD: AVG 0.0133285 MAX 0.145188  PROXIES: TOTAL 112 MAXPE 7 MAXPATCH 7 RefineTorusLB MEM: 0 MB
LDB: TIME 59.248 LOAD: AVG 0.0133285 MAX 0.145188  PROXIES: TOTAL 112 MAXPE 7 MAXPATCH 7 RefineTorusLB MEM: 0 MB
LDB: Reverting to original mapping
LDB: ============== END OF LOAD BALANCING =============== 59.2481
Info: useSync: 0 useProxySync: 0
LDB: =============== DONE WITH MIGRATION ================ 59.2485
WRITING COORDINATES TO DCD FILE MD.dcd AT STEP 25000
The last position output (seq=25000) takes 0.000 seconds, 0.000 MB of memory in use
PRESSURE: 25000 2838.28 -723.185 -94.2036 -351.472 2129.04 -162.919 -1645.85 2347.71 16854.2
GPRESSURE: 25000 2740.41 -921.759 -26.1185 -239.359 2323.86 -46.6166 -1815.29 2244.73 16818.3
PRESSAVG: 25000 3071.27 -102.716 -33.6752 -16.4162 3007.47 -22.9035 -1275.76 2638.33 13645.2
GPRESSAVG: 25000 3071.01 -102.595 -33.726 -16.4121 3007.62 -22.7778 -1275.87 2637.89 13645.2
ENERGY:   25000         0.0000         0.0000         0.0000         0.0000          -5688.5558       562.3784         0.0000         0.0000       985.9201          -4140.2573       313.2182     -5126.1774     -4137.6237       311.1531           7273.8578      7294.1804     22548.0941      6574.6547      6574.6152

LDB: ============= START OF LOAD BALANCING ============== 66.2489
LDB: ============== END OF LOAD BALANCING =============== 66.249
Info: useSync: 0 useProxySync: 0
LDB: =============== DONE WITH MIGRATION ================ 66.2491
LDB: ============= START OF LOAD BALANCING ============== 66.4333
LDB: TIME 66.4335 LOAD: AVG 0.0149748 MAX 0.169896  PROXIES: TOTAL 112 MAXPE 7 MAXPATCH 7 None MEM: 0 MB
LDB: TIME 66.4335 LOAD: AVG 0.0149748 MAX 0.169896  PROXIES: TOTAL 112 MAXPE 7 MAXPATCH 7 RefineTorusLB MEM: 0 MB
LDB: TIME 66.4335 LOAD: AVG 0.0149748 MAX 0.169896  PROXIES: TOTAL 112 MAXPE 7 MAXPATCH 7 RefineTorusLB MEM: 0 MB
LDB: Reverting to original mapping
LDB: ============== END OF LOAD BALANCING =============== 66.4337
Info: useSync: 0 useProxySync: 0
LDB: =============== DONE WITH MIGRATION ================ 66.4341
LDB: ============= START OF LOAD BALANCING ============== 72.5492
LDB: ============== END OF LOAD BALANCING =============== 72.5493
Info: useSync: 0 useProxySync: 0
LDB: =============== DONE WITH MIGRATION ================ 72.5494
LDB: ============= START OF LOAD BALANCING ============== 72.7052
LDB: TIME 72.7054 LOAD: AVG 0.0133237 MAX 0.145389  PROXIES: TOTAL 112 MAXPE 7 MAXPATCH 7 None MEM: 0 MB
LDB: TIME 72.7054 LOAD: AVG 0.0133237 MAX 0.145389  PROXIES: TOTAL 112 MAXPE 7 MAXPATCH 7 RefineTorusLB MEM: 0 MB
LDB: TIME 72.7054 LOAD: AVG 0.0133237 MAX 0.145389  PROXIES: TOTAL 112 MAXPE 7 MAXPATCH 7 RefineTorusLB MEM: 0 MB
LDB: ============== END OF LOAD BALANCING =============== 72.7055
Info: useSync: 0 useProxySync: 0
LDB: =============== DONE WITH MIGRATION ================ 72.7059
WRITING COORDINATES TO DCD FILE MD.dcd AT STEP 30000
The last position output (seq=30000) takes 0.000 seconds, 0.000 MB of memory in use
PRESSURE: 30000 2620.53 -378.922 459.296 -149.742 3720.83 -588.756 563.26 3473.02 17371.6
GPRESSURE: 30000 2487.6 -570.041 648.332 362.039 3771.19 -772.142 569.5 3632.41 17538.7
PRESSAVG: 30000 3146.52 11.5421 -41.3046 -10.547 3157.65 111.989 -882.189 3420.3 16627.5
GPRESSAVG: 30000 3146.61 11.9637 -41.0281 -10.4724 3157.52 112.23 -882.227 3420.33 16627
ENERGY:   30000         0.0000         0.0000         0.0000         0.0000          -5733.9442       577.9419         0.0000         0.0000       981.1046          -4174.8977       311.6883     -5156.0024     -4173.4725       307.0633           7904.3044      7932.4908     22548.0941      7643.8898      7643.7025

LDB: ============= START OF LOAD BALANCING ============== 79.0133
LDB: ============== END OF LOAD BALANCING =============== 79.0134
Info: useSync: 0 useProxySync: 0
LDB: =============== DONE WITH MIGRATION ================ 79.0135
LDB: ============= START OF LOAD BALANCING ============== 79.1704
LDB: TIME 79.1705 LOAD: AVG 0.0133362 MAX 0.144911  PROXIES: TOTAL 112 MAXPE 7 MAXPATCH 7 None MEM: 0 MB
LDB: TIME 79.1706 LOAD: AVG 0.0133362 MAX 0.144911  PROXIES: TOTAL 112 MAXPE 7 MAXPATCH 7 RefineTorusLB MEM: 0 MB
LDB: TIME 79.1706 LOAD: AVG 0.0133362 MAX 0.144911  PROXIES: TOTAL 112 MAXPE 7 MAXPATCH 7 RefineTorusLB MEM: 0 MB
LDB: ============== END OF LOAD BALANCING =============== 79.1707
Info: useSync: 0 useProxySync: 0
LDB: =============== DONE WITH MIGRATION ================ 79.1711
LDB: ============= START OF LOAD BALANCING ============== 86.2412
LDB: ============== END OF LOAD BALANCING =============== 86.2413
Info: useSync: 0 useProxySync: 0
LDB: =============== DONE WITH MIGRATION ================ 86.2414
LDB: ============= START OF LOAD BALANCING ============== 86.4181
LDB: TIME 86.4182 LOAD: AVG 0.0133948 MAX 0.145057  PROXIES: TOTAL 112 MAXPE 7 MAXPATCH 7 None MEM: 0 MB
LDB: TIME 86.4183 LOAD: AVG 0.0133948 MAX 0.145057  PROXIES: TOTAL 112 MAXPE 7 MAXPATCH 7 RefineTorusLB MEM: 0 MB
LDB: TIME 86.4183 LOAD: AVG 0.0133948 MAX 0.145057  PROXIES: TOTAL 112 MAXPE 7 MAXPATCH 7 RefineTorusLB MEM: 0 MB
LDB: Reverting to original mapping
LDB: ============== END OF LOAD BALANCING =============== 86.4212
Info: useSync: 0 useProxySync: 0
LDB: =============== DONE WITH MIGRATION ================ 86.4217
LDB: ============= START OF LOAD BALANCING ============== 94.8432
LDB: ============== END OF LOAD BALANCING =============== 94.8432
Info: useSync: 0 useProxySync: 0
LDB: =============== DONE WITH MIGRATION ================ 94.8433
LDB: ============= START OF LOAD BALANCING ============== 95.0022
LDB: TIME 95.0023 LOAD: AVG 0.0133902 MAX 0.144665  PROXIES: TOTAL 112 MAXPE 7 MAXPATCH 7 None MEM: 0 MB
LDB: TIME 95.0024 LOAD: AVG 0.0133902 MAX 0.144665  PROXIES: TOTAL 112 MAXPE 7 MAXPATCH 7 RefineTorusLB MEM: 0 MB
LDB: TIME 95.0024 LOAD: AVG 0.0133902 MAX 0.144665  PROXIES: TOTAL 112 MAXPE 7 MAXPATCH 7 RefineTorusLB MEM: 0 MB
LDB: ============== END OF LOAD BALANCING =============== 95.0025
Info: useSync: 0 useProxySync: 0
LDB: =============== DONE WITH MIGRATION ================ 95.0029
WRITING COORDINATES TO DCD FILE MD.dcd AT STEP 35000
The last position output (seq=35000) takes 0.000 seconds, 0.000 MB of memory in use
PRESSURE: 35000 3459.65 -17.8763 616.843 -29.5531 3325.07 22.0665 -618.386 3637.42 19691.4
GPRESSURE: 35000 3376.87 67.1745 495.447 -86.1521 3377.98 199.484 -597.273 3332.99 19774
PRESSAVG: 35000 3464.9 -52.2915 -17.6961 25.067 3312.21 -38.0984 -825.887 3417.05 18598.6
GPRESSAVG: 35000 3464.85 -52.4475 -18.2282 25.0377 3312.19 -38.4139 -825.685 3417.15 18599
ENERGY:   35000         0.0000         0.0000         0.0000         0.0000          -5738.4585       598.3138         0.0000         0.0000       968.6235          -4171.5212       307.7232     -5140.1447     -4169.8363       306.4485           8825.3841      8842.9390     22548.0941      8458.5800      8458.6720

LDB: ============= START OF LOAD BALANCING ============== 103.085
LDB: ============== END OF LOAD BALANCING =============== 103.085
Info: useSync: 0 useProxySync: 0
LDB: =============== DONE WITH MIGRATION ================ 103.085
LDB: ============= START OF LOAD BALANCING ============== 103.282
LDB: TIME 103.282 LOAD: AVG 0.0148237 MAX 0.159547  PROXIES: TOTAL 112 MAXPE 7 MAXPATCH 7 None MEM: 0 MB
LDB: TIME 103.282 LOAD: AVG 0.0148237 MAX 0.159547  PROXIES: TOTAL 112 MAXPE 7 MAXPATCH 7 RefineTorusLB MEM: 0 MB
LDB: TIME 103.282 LOAD: AVG 0.0148237 MAX 0.159547  PROXIES: TOTAL 112 MAXPE 7 MAXPATCH 7 RefineTorusLB MEM: 0 MB
LDB: ============== END OF LOAD BALANCING =============== 103.282
Info: useSync: 0 useProxySync: 0
LDB: =============== DONE WITH MIGRATION ================ 103.283
LDB: ============= START OF LOAD BALANCING ============== 110.593
LDB: ============== END OF LOAD BALANCING =============== 110.593
Info: useSync: 0 useProxySync: 0
LDB: =============== DONE WITH MIGRATION ================ 110.593
LDB: ============= START OF LOAD BALANCING ============== 110.786
LDB: TIME 110.786 LOAD: AVG 0.0155426 MAX 0.145307  PROXIES: TOTAL 112 MAXPE 7 MAXPATCH 7 None MEM: 0 MB
LDB: TIME 110.786 LOAD: AVG 0.0155426 MAX 0.145307  PROXIES: TOTAL 112 MAXPE 7 MAXPATCH 7 RefineTorusLB MEM: 0 MB
LDB: TIME 110.786 LOAD: AVG 0.0155426 MAX 0.145307  PROXIES: TOTAL 112 MAXPE 7 MAXPATCH 7 RefineTorusLB MEM: 0 MB
LDB: Reverting to original mapping
LDB: ============== END OF LOAD BALANCING =============== 110.787
Info: useSync: 0 useProxySync: 0
LDB: =============== DONE WITH MIGRATION ================ 110.787
WRITING COORDINATES TO DCD FILE MD.dcd AT STEP 40000
The last position output (seq=40000) takes 0.000 seconds, 0.000 MB of memory in use
PRESSURE: 40000 3412.77 436.617 -770.691 690.314 2097.46 -1294.56 -828.911 2500.55 20893.9
GPRESSURE: 40000 3339.36 573.402 -697.977 736.296 2082.92 -1067.02 -787.319 2392.16 21027.5
PRESSAVG: 40000 3326.16 -26.5705 -33.2598 -15.8046 2993.32 32.3761 -455.573 3452.14 19480.5
GPRESSAVG: 40000 3326.19 -26.6058 -33.637 -16.1254 2993.22 32.4055 -455.536 3451.62 19480
ENERGY:   40000         0.0000         0.0000         0.0000         0.0000          -5672.7497       569.3812         0.0000         0.0000       984.6707          -4118.6979       312.8212     -5103.3686     -4115.7763       306.5220           8801.3701      8816.5828     22548.0941      8599.9813      8599.7955

LDB: ============= START OF LOAD BALANCING ============== 119.053
LDB: ============== END OF LOAD BALANCING =============== 119.053
Info: useSync: 0 useProxySync: 0
LDB: =============== DONE WITH MIGRATION ================ 119.053
LDB: ============= START OF LOAD BALANCING ============== 119.396
LDB: TIME 119.396 LOAD: AVG 0.0151129 MAX 0.145741  PROXIES: TOTAL 112 MAXPE 7 MAXPATCH 7 None MEM: 0 MB
LDB: TIME 119.397 LOAD: AVG 0.0151129 MAX 0.145741  PROXIES: TOTAL 112 MAXPE 7 MAXPATCH 7 RefineTorusLB MEM: 0 MB
LDB: TIME 119.397 LOAD: AVG 0.0151129 MAX 0.145741  PROXIES: TOTAL 112 MAXPE 7 MAXPATCH 7 RefineTorusLB MEM: 0 MB
LDB: Reverting to original mapping
LDB: ============== END OF LOAD BALANCING =============== 119.397
Info: useSync: 0 useProxySync: 0
LDB: =============== DONE WITH MIGRATION ================ 119.397
LDB: ============= START OF LOAD BALANCING ============== 126.899
LDB: ============== END OF LOAD BALANCING =============== 126.902
Info: useSync: 0 useProxySync: 0
LDB: =============== DONE WITH MIGRATION ================ 126.911
LDB: ============= START OF LOAD BALANCING ============== 127.129
LDB: TIME 127.13 LOAD: AVG 0.0149029 MAX 0.147636  PROXIES: TOTAL 112 MAXPE 7 MAXPATCH 7 None MEM: 0 MB
LDB: TIME 127.13 LOAD: AVG 0.0149029 MAX 0.147636  PROXIES: TOTAL 112 MAXPE 7 MAXPATCH 7 RefineTorusLB MEM: 0 MB
LDB: TIME 127.13 LOAD: AVG 0.0149029 MAX 0.147636  PROXIES: TOTAL 112 MAXPE 7 MAXPATCH 7 RefineTorusLB MEM: 0 MB
LDB: ============== END OF LOAD BALANCING =============== 127.13
Info: useSync: 0 useProxySync: 0
LDB: =============== DONE WITH MIGRATION ================ 127.13
LDB: ============= START OF LOAD BALANCING ============== 134.808
LDB: ============== END OF LOAD BALANCING =============== 134.808
Info: useSync: 0 useProxySync: 0
LDB: =============== DONE WITH MIGRATION ================ 134.809
LDB: ============= START OF LOAD BALANCING ============== 135.106
LDB: TIME 135.106 LOAD: AVG 0.0183084 MAX 0.175798  PROXIES: TOTAL 112 MAXPE 7 MAXPATCH 7 None MEM: 0 MB
LDB: TIME 135.106 LOAD: AVG 0.0183084 MAX 0.175798  PROXIES: TOTAL 112 MAXPE 7 MAXPATCH 7 RefineTorusLB MEM: 0 MB
LDB: TIME 135.106 LOAD: AVG 0.0183084 MAX 0.175798  PROXIES: TOTAL 112 MAXPE 7 MAXPATCH 7 RefineTorusLB MEM: 0 MB
LDB: Reverting to original mapping
LDB: ============== END OF LOAD BALANCING =============== 135.106
Info: useSync: 0 useProxySync: 0
LDB: =============== DONE WITH MIGRATION ================ 135.107
PRESSURE: 45000 2278.22 424.651 -1036.37 625.044 3593.4 -305.83 -905.964 2925.21 19819.9
GPRESSURE: 45000 2536.17 472.933 -1252.4 528.285 3473.23 -297.819 -449.321 2709.87 19746.9
PRESSAVG: 45000 2916.86 -22.7575 56.1643 77.5572 2690.71 74.2023 -478.677 3323.39 20339.7
GPRESSAVG: 45000 2916.8 -22.5648 56.3258 77.4736 2690.62 74.1801 -478.889 3323.13 20339.7
ENERGY:   45000         0.0000         0.0000         0.0000         0.0000          -5655.3757       528.7512         0.0000         0.0000       968.5733          -4158.0511       307.7072     -5126.6244     -4155.8321       306.4622           8563.8399      8585.4297     22548.0941      8649.0869      8649.0498

WRITING COORDINATES TO DCD FILE MD.dcd AT STEP 45000
The last position output (seq=45000) takes 0.000 seconds, 0.000 MB of memory in use
LDB: ============= START OF LOAD BALANCING ============== 143.938
LDB: ============== END OF LOAD BALANCING =============== 143.938
Info: useSync: 0 useProxySync: 0
LDB: =============== DONE WITH MIGRATION ================ 143.938
LDB: ============= START OF LOAD BALANCING ============== 144.287
LDB: TIME 144.288 LOAD: AVG 0.0180009 MAX 0.194263  PROXIES: TOTAL 112 MAXPE 7 MAXPATCH 7 None MEM: 0 MB
LDB: TIME 144.288 LOAD: AVG 0.0180009 MAX 0.194263  PROXIES: TOTAL 112 MAXPE 7 MAXPATCH 7 RefineTorusLB MEM: 0 MB
LDB: TIME 144.288 LOAD: AVG 0.0180009 MAX 0.194263  PROXIES: TOTAL 112 MAXPE 7 MAXPATCH 7 RefineTorusLB MEM: 0 MB
LDB: ============== END OF LOAD BALANCING =============== 144.288
Info: useSync: 0 useProxySync: 0
LDB: =============== DONE WITH MIGRATION ================ 144.288
LDB: ============= START OF LOAD BALANCING ============== 152.442
LDB: ============== END OF LOAD BALANCING =============== 152.443
Info: useSync: 0 useProxySync: 0
LDB: =============== DONE WITH MIGRATION ================ 152.443
LDB: ============= START OF LOAD BALANCING ============== 152.66
LDB: TIME 152.66 LOAD: AVG 0.0158515 MAX 0.184647  PROXIES: TOTAL 112 MAXPE 7 MAXPATCH 7 None MEM: 0 MB
LDB: TIME 152.661 LOAD: AVG 0.0158515 MAX 0.184647  PROXIES: TOTAL 112 MAXPE 7 MAXPATCH 7 RefineTorusLB MEM: 0 MB
LDB: TIME 152.661 LOAD: AVG 0.0158515 MAX 0.184647  PROXIES: TOTAL 112 MAXPE 7 MAXPATCH 7 RefineTorusLB MEM: 0 MB
LDB: ============== END OF LOAD BALANCING =============== 152.661
Info: useSync: 0 useProxySync: 0
LDB: =============== DONE WITH MIGRATION ================ 152.661
PRESSURE: 50000 896.248 -24.6999 -105.139 308.433 1909.31 125.761 -976.782 3461.59 20974.8
GPRESSURE: 50000 944.845 254.871 59.9025 174.041 1944.12 211.251 -1330.33 3442.71 20954.1
PRESSAVG: 50000 3008.35 -60.0409 10.2446 -26.4831 3017.49 -71.8087 -427.569 3128.06 21562.1
GPRESSAVG: 50000 3008.47 -59.8555 10.3928 -26.2333 3017.57 -72.0637 -427.756 3127.91 21562.2
TIMING: 50000  CPU: 153.825, 0.0030761/step  Wall: 159.201, 0.0031836/step, 0.39795 hours remaining, 0.000000 MB of memory in use.
PERFORMANCE: 50000  averaging 54.2782 ns/day, 0.0031836 sec/step with standard deviation 0
ETITLE:      TS           BOND          ANGLE          DIHED          IMPRP               ELECT            VDW       BOUNDARY           MISC        KINETIC               TOTAL           TEMP      POTENTIAL         TOTAL3        TEMPAVG            PRESSURE      GPRESSURE         VOLUME       PRESSAVG      GPRESSAVG

ENERGY:   50000         0.0000         0.0000         0.0000         0.0000          -5625.3387       455.9012         0.0000         0.0000       955.6436          -4213.7940       303.5996     -5169.4375     -4211.0894       305.9066           7926.7746      7947.6759     22548.0941      9195.9791      9196.0809

WRITING EXTENDED SYSTEM TO RESTART FILE AT STEP 50000
WRITING COORDINATES TO DCD FILE MD.dcd AT STEP 50000
WRITING COORDINATES TO RESTART FILE AT STEP 50000
FINISHED WRITING RESTART COORDINATES
The last position output (seq=50000) takes 0.000 seconds, 0.000 MB of memory in use
WRITING VELOCITIES TO RESTART FILE AT STEP 50000
FINISHED WRITING RESTART VELOCITIES
The last velocity output (seq=50000) takes 0.000 seconds, 0.000 MB of memory in use
LDB: ============= START OF LOAD BALANCING ============== 160.124
LDB: ============== END OF LOAD BALANCING =============== 160.124
Info: useSync: 0 useProxySync: 0
LDB: =============== DONE WITH MIGRATION ================ 160.124
LDB: ============= START OF LOAD BALANCING ============== 160.285
LDB: TIME 160.285 LOAD: AVG 0.0134944 MAX 0.145553  PROXIES: TOTAL 112 MAXPE 7 MAXPATCH 7 None MEM: 0 MB
LDB: TIME 160.285 LOAD: AVG 0.0134944 MAX 0.145553  PROXIES: TOTAL 112 MAXPE 7 MAXPATCH 7 RefineTorusLB MEM: 0 MB
LDB: TIME 160.285 LOAD: AVG 0.0134944 MAX 0.145553  PROXIES: TOTAL 112 MAXPE 7 MAXPATCH 7 RefineTorusLB MEM: 0 MB
LDB: ============== END OF LOAD BALANCING =============== 160.285
Info: useSync: 0 useProxySync: 0
LDB: =============== DONE WITH MIGRATION ================ 160.286
LDB: ============= START OF LOAD BALANCING ============== 168.284
LDB: ============== END OF LOAD BALANCING =============== 168.284
Info: useSync: 0 useProxySync: 0
LDB: =============== DONE WITH MIGRATION ================ 168.284
LDB: ============= START OF LOAD BALANCING ============== 168.446
LDB: TIME 168.446 LOAD: AVG 0.0136517 MAX 0.147685  PROXIES: TOTAL 112 MAXPE 7 MAXPATCH 7 None MEM: 0 MB
LDB: TIME 168.446 LOAD: AVG 0.0136517 MAX 0.147685  PROXIES: TOTAL 112 MAXPE 7 MAXPATCH 7 RefineTorusLB MEM: 0 MB
LDB: TIME 168.446 LOAD: AVG 0.0136517 MAX 0.147685  PROXIES: TOTAL 112 MAXPE 7 MAXPATCH 7 RefineTorusLB MEM: 0 MB
LDB: Reverting to original mapping
LDB: ============== END OF LOAD BALANCING =============== 168.446
Info: useSync: 0 useProxySync: 0
LDB: =============== DONE WITH MIGRATION ================ 168.446
LDB: ============= START OF LOAD BALANCING ============== 176.381
LDB: ============== END OF LOAD BALANCING =============== 176.381
Info: useSync: 0 useProxySync: 0
LDB: =============== DONE WITH MIGRATION ================ 176.382
LDB: ============= START OF LOAD BALANCING ============== 176.563
LDB: TIME 176.564 LOAD: AVG 0.0138394 MAX 0.147799  PROXIES: TOTAL 112 MAXPE 7 MAXPATCH 7 None MEM: 0 MB
LDB: TIME 176.564 LOAD: AVG 0.0138394 MAX 0.147799  PROXIES: TOTAL 112 MAXPE 7 MAXPATCH 7 RefineTorusLB MEM: 0 MB
LDB: TIME 176.564 LOAD: AVG 0.0138394 MAX 0.147799  PROXIES: TOTAL 112 MAXPE 7 MAXPATCH 7 RefineTorusLB MEM: 0 MB
LDB: ============== END OF LOAD BALANCING =============== 176.582
Info: useSync: 0 useProxySync: 0
LDB: =============== DONE WITH MIGRATION ================ 176.615
WRITING COORDINATES TO DCD FILE MD.dcd AT STEP 55000
PRESSURE: 55000 1955.96 -116.79 111.497 87.5653 1871.62 -70.2236 -1289.89 2361.76 23309
GPRESSURE: 55000 1982.48 -143.586 -470.913 311.734 1773.24 -94.5929 -1056.11 2507.41 23416.9
PRESSAVG: 55000 3572.6 -2.58793 64.6507 93.8958 3316.65 64.9589 -840.566 2762.66 23454.9
GPRESSAVG: 55000 3572.63 -2.6651 64.2376 93.6681 3316.78 65.3508 -840.684 2762.64 23454.6
ENERGY:   55000         0.0000         0.0000         0.0000         0.0000          -5616.9581       492.9958         0.0000         0.0000       981.2736          -4142.6887       311.7420     -5123.9623     -4139.5884       305.4247           9045.5260      9057.5514     22548.0941     10114.7247     10114.6723

LDB: ============= START OF LOAD BALANCING ============== 184.487
LDB: ============== END OF LOAD BALANCING =============== 184.487
Info: useSync: 0 useProxySync: 0
LDB: =============== DONE WITH MIGRATION ================ 184.487
LDB: ============= START OF LOAD BALANCING ============== 184.722
LDB: TIME 184.722 LOAD: AVG 0.0153537 MAX 0.169661  PROXIES: TOTAL 112 MAXPE 7 MAXPATCH 7 None MEM: 0 MB
LDB: TIME 184.722 LOAD: AVG 0.0153537 MAX 0.169661  PROXIES: TOTAL 112 MAXPE 7 MAXPATCH 7 RefineTorusLB MEM: 0 MB
LDB: TIME 184.722 LOAD: AVG 0.0153537 MAX 0.169661  PROXIES: TOTAL 112 MAXPE 7 MAXPATCH 7 RefineTorusLB MEM: 0 MB
LDB: ============== END OF LOAD BALANCING =============== 184.722
Info: useSync: 0 useProxySync: 0
LDB: =============== DONE WITH MIGRATION ================ 184.722
LDB: ============= START OF LOAD BALANCING ============== 192.666
LDB: ============== END OF LOAD BALANCING =============== 192.666
Info: useSync: 0 useProxySync: 0
LDB: =============== DONE WITH MIGRATION ================ 192.666
LDB: ============= START OF LOAD BALANCING ============== 192.853
LDB: TIME 192.853 LOAD: AVG 0.0148818 MAX 0.146742  PROXIES: TOTAL 112 MAXPE 7 MAXPATCH 7 None MEM: 0 MB
LDB: TIME 192.853 LOAD: AVG 0.0148818 MAX 0.146742  PROXIES: TOTAL 112 MAXPE 7 MAXPATCH 7 RefineTorusLB MEM: 0 MB
LDB: TIME 192.853 LOAD: AVG 0.0148818 MAX 0.146742  PROXIES: TOTAL 112 MAXPE 7 MAXPATCH 7 RefineTorusLB MEM: 0 MB
LDB: Reverting to original mapping
LDB: ============== END OF LOAD BALANCING =============== 192.853
Info: useSync: 0 useProxySync: 0
LDB: =============== DONE WITH MIGRATION ================ 192.853
PRESSURE: 60000 3888.69 947.662 666.744 368.741 1564.18 -264.502 -861.206 1894.38 23878
GPRESSURE: 60000 3900.06 656.698 434.231 626.179 1616.43 -1.80883 -799.421 1687.67 23894.8
PRESSAVG: 60000 3385.15 -16.8167 8.98013 76.5123 3434.71 88.4655 -1293.23 2477.64 25077.8
GPRESSAVG: 60000 3384.92 -16.344 9.38109 76.2769 3434.69 88.8366 -1292.99 2477.29 25078.2
ENERGY:   60000         0.0000         0.0000         0.0000         0.0000          -5655.6466       516.3285         0.0000         0.0000       982.4506          -4156.8675       312.1159     -5139.3181     -4155.0310       311.6052           9776.9436      9803.7778     22548.0941     10632.5437     10632.6061

WRITING COORDINATES TO DCD FILE MD.dcd AT STEP 60000
LDB: ============= START OF LOAD BALANCING ============== 200.574
LDB: ============== END OF LOAD BALANCING =============== 200.574
Info: useSync: 0 useProxySync: 0
LDB: =============== DONE WITH MIGRATION ================ 200.574
LDB: ============= START OF LOAD BALANCING ============== 200.739
LDB: TIME 200.739 LOAD: AVG 0.0135411 MAX 0.147811  PROXIES: TOTAL 112 MAXPE 7 MAXPATCH 7 None MEM: 0 MB
LDB: TIME 200.739 LOAD: AVG 0.0135411 MAX 0.147811  PROXIES: TOTAL 112 MAXPE 7 MAXPATCH 7 RefineTorusLB MEM: 0 MB
LDB: TIME 200.739 LOAD: AVG 0.0135411 MAX 0.147811  PROXIES: TOTAL 112 MAXPE 7 MAXPATCH 7 RefineTorusLB MEM: 0 MB
LDB: ============== END OF LOAD BALANCING =============== 200.739
Info: useSync: 0 useProxySync: 0
LDB: =============== DONE WITH MIGRATION ================ 200.74
LDB: ============= START OF LOAD BALANCING ============== 208.188
LDB: ============== END OF LOAD BALANCING =============== 208.188
Info: useSync: 0 useProxySync: 0
LDB: =============== DONE WITH MIGRATION ================ 208.189
LDB: ============= START OF LOAD BALANCING ============== 208.367
LDB: TIME 208.368 LOAD: AVG 0.0148236 MAX 0.167424  PROXIES: TOTAL 112 MAXPE 7 MAXPATCH 7 None MEM: 0 MB
LDB: TIME 208.368 LOAD: AVG 0.0148236 MAX 0.167424  PROXIES: TOTAL 112 MAXPE 7 MAXPATCH 7 RefineTorusLB MEM: 0 MB
LDB: TIME 208.368 LOAD: AVG 0.0148236 MAX 0.167424  PROXIES: TOTAL 112 MAXPE 7 MAXPATCH 7 RefineTorusLB MEM: 0 MB
LDB: ============== END OF LOAD BALANCING =============== 208.368
Info: useSync: 0 useProxySync: 0
LDB: =============== DONE WITH MIGRATION ================ 208.368
LDB: ============= START OF LOAD BALANCING ============== 215.509
LDB: ============== END OF LOAD BALANCING =============== 215.509
Info: useSync: 0 useProxySync: 0
LDB: =============== DONE WITH MIGRATION ================ 215.509
LDB: ============= START OF LOAD BALANCING ============== 215.729
LDB: TIME 215.729 LOAD: AVG 0.014401 MAX 0.149127  PROXIES: TOTAL 112 MAXPE 7 MAXPATCH 7 None MEM: 0 MB
LDB: TIME 215.729 LOAD: AVG 0.014401 MAX 0.149127  PROXIES: TOTAL 112 MAXPE 7 MAXPATCH 7 RefineTorusLB MEM: 0 MB
LDB: TIME 215.729 LOAD: AVG 0.014401 MAX 0.149127  PROXIES: TOTAL 112 MAXPE 7 MAXPATCH 7 RefineTorusLB MEM: 0 MB
LDB: ============== END OF LOAD BALANCING =============== 215.73
Info: useSync: 0 useProxySync: 0
LDB: =============== DONE WITH MIGRATION ================ 215.73
PRESSURE: 65000 3364.52 60.7285 174.697 511.693 3230.58 406.474 117.262 2461.03 26726.1
GPRESSURE: 65000 3344.75 234.667 265.989 218.275 3290.7 288.74 -66.9058 2526.34 26738.1
PRESSAVG: 65000 3250.09 61.7024 -77.2476 71.7597 3273.11 -27.743 -861.821 2303.43 25745
GPRESSAVG: 65000 3250.13 61.4363 -77.3228 71.7784 3273.13 -27.9417 -862.62 2303.67 25744.7
ENERGY:   65000         0.0000         0.0000         0.0000         0.0000          -5700.2300       602.2302         0.0000         0.0000       959.2480          -4138.7518       304.7447     -5097.9998     -4135.5624       309.7017          11107.0707     11124.5157     22548.0941     10756.0531     10755.9809

WRITING COORDINATES TO DCD FILE MD.dcd AT STEP 65000
LDB: ============= START OF LOAD BALANCING ============== 223.383
LDB: ============== END OF LOAD BALANCING =============== 223.383
Info: useSync: 0 useProxySync: 0
LDB: =============== DONE WITH MIGRATION ================ 223.384
LDB: ============= START OF LOAD BALANCING ============== 223.601
LDB: TIME 223.602 LOAD: AVG 0.0138207 MAX 0.145394  PROXIES: TOTAL 112 MAXPE 7 MAXPATCH 7 None MEM: 0 MB
LDB: TIME 223.602 LOAD: AVG 0.0138207 MAX 0.145394  PROXIES: TOTAL 112 MAXPE 7 MAXPATCH 7 RefineTorusLB MEM: 0 MB
LDB: TIME 223.602 LOAD: AVG 0.0138207 MAX 0.145394  PROXIES: TOTAL 112 MAXPE 7 MAXPATCH 7 RefineTorusLB MEM: 0 MB
LDB: ============== END OF LOAD BALANCING =============== 223.602
Info: useSync: 0 useProxySync: 0
LDB: =============== DONE WITH MIGRATION ================ 223.602
LDB: ============= START OF LOAD BALANCING ============== 231.029
LDB: ============== END OF LOAD BALANCING =============== 231.035
Info: useSync: 0 useProxySync: 0
LDB: =============== DONE WITH MIGRATION ================ 231.059
LDB: ============= START OF LOAD BALANCING ============== 231.383
LDB: TIME 231.383 LOAD: AVG 0.0157671 MAX 0.162769  PROXIES: TOTAL 112 MAXPE 7 MAXPATCH 7 None MEM: 0 MB
LDB: TIME 231.383 LOAD: AVG 0.0157671 MAX 0.162769  PROXIES: TOTAL 112 MAXPE 7 MAXPATCH 7 RefineTorusLB MEM: 0 MB
LDB: TIME 231.383 LOAD: AVG 0.0157671 MAX 0.162769  PROXIES: TOTAL 112 MAXPE 7 MAXPATCH 7 RefineTorusLB MEM: 0 MB
LDB: Reverting to original mapping
LDB: ============== END OF LOAD BALANCING =============== 231.383
Info: useSync: 0 useProxySync: 0
LDB: =============== DONE WITH MIGRATION ================ 231.383
PRESSURE: 70000 2836.05 186.197 449.291 -225.19 2792.58 907.424 228.114 3496.71 25256.9
GPRESSURE: 70000 2868.85 202.352 220.307 -64.3409 2916.98 1036.27 170.755 3366.28 25157.2
PRESSAVG: 70000 3150.94 -43.7665 5.6508 -85.0412 2981.84 -68.8965 -1061 2493.59 25804.7
GPRESSAVG: 70000 3150.85 -43.5751 5.41602 -85.1651 2981.99 -68.8704 -1061.15 2493.89 25804.1
ENERGY:   70000         0.0000         0.0000         0.0000         0.0000          -5686.1483       522.3042         0.0000         0.0000       971.0216          -4192.8225       308.4850     -5163.8441     -4189.1086       302.1507          10295.1702     10314.3492     22548.0941     10645.8137     10645.6418

WRITING COORDINATES TO DCD FILE MD.dcd AT STEP 70000
LDB: ============= START OF LOAD BALANCING ============== 240.095
LDB: ============== END OF LOAD BALANCING =============== 240.095
Info: useSync: 0 useProxySync: 0
LDB: =============== DONE WITH MIGRATION ================ 240.095
LDB: ============= START OF LOAD BALANCING ============== 240.385
LDB: TIME 240.385 LOAD: AVG 0.0150185 MAX 0.161841  PROXIES: TOTAL 112 MAXPE 7 MAXPATCH 7 None MEM: 0 MB
LDB: TIME 240.385 LOAD: AVG 0.0150185 MAX 0.161841  PROXIES: TOTAL 112 MAXPE 7 MAXPATCH 7 RefineTorusLB MEM: 0 MB
LDB: TIME 240.385 LOAD: AVG 0.0150185 MAX 0.161841  PROXIES: TOTAL 112 MAXPE 7 MAXPATCH 7 RefineTorusLB MEM: 0 MB
LDB: ============== END OF LOAD BALANCING =============== 240.386
Info: useSync: 0 useProxySync: 0
LDB: =============== DONE WITH MIGRATION ================ 240.388
LDB: ============= START OF LOAD BALANCING ============== 248.169
LDB: ============== END OF LOAD BALANCING =============== 248.169
Info: useSync: 0 useProxySync: 0
LDB: =============== DONE WITH MIGRATION ================ 248.169
LDB: ============= START OF LOAD BALANCING ============== 248.353
LDB: TIME 248.353 LOAD: AVG 0.0148897 MAX 0.168907  PROXIES: TOTAL 112 MAXPE 7 MAXPATCH 7 None MEM: 0 MB
LDB: TIME 248.353 LOAD: AVG 0.0148897 MAX 0.168907  PROXIES: TOTAL 112 MAXPE 7 MAXPATCH 7 RefineTorusLB MEM: 0 MB
LDB: TIME 248.353 LOAD: AVG 0.0148897 MAX 0.168907  PROXIES: TOTAL 112 MAXPE 7 MAXPATCH 7 RefineTorusLB MEM: 0 MB
LDB: Reverting to original mapping
LDB: ============== END OF LOAD BALANCING =============== 248.353
Info: useSync: 0 useProxySync: 0
LDB: =============== DONE WITH MIGRATION ================ 248.353
LDB: ============= START OF LOAD BALANCING ============== 256.662
LDB: ============== END OF LOAD BALANCING =============== 256.663
Info: useSync: 0 useProxySync: 0
LDB: =============== DONE WITH MIGRATION ================ 256.663
LDB: ============= START OF LOAD BALANCING ============== 256.847
LDB: TIME 256.847 LOAD: AVG 0.0151249 MAX 0.169963  PROXIES: TOTAL 112 MAXPE 7 MAXPATCH 7 None MEM: 0 MB
LDB: TIME 256.847 LOAD: AVG 0.0151249 MAX 0.169963  PROXIES: TOTAL 112 MAXPE 7 MAXPATCH 7 RefineTorusLB MEM: 0 MB
LDB: TIME 256.847 LOAD: AVG 0.0151249 MAX 0.169963  PROXIES: TOTAL 112 MAXPE 7 MAXPATCH 7 RefineTorusLB MEM: 0 MB
LDB: Reverting to original mapping
LDB: ============== END OF LOAD BALANCING =============== 256.847
Info: useSync: 0 useProxySync: 0
LDB: =============== DONE WITH MIGRATION ================ 256.848
WRITING COORDINATES TO DCD FILE MD.dcd AT STEP 75000
PRESSURE: 75000 1672.08 231.13 417.116 -188.879 1614.47 -11.3206 -712.452 2767.03 24124.7
GPRESSURE: 75000 1617.58 -0.463664 442.198 87.3171 1679.9 -57.2796 -940.769 2828.72 24144.8
PRESSAVG: 75000 2827.63 150.451 -11.9772 91.134 2756.4 -45.7386 -1251.66 2395.33 26449.5
GPRESSAVG: 75000 2827.12 150.224 -11.4786 91.552 2756.38 -46.0944 -1251.85 2395.49 26449.7
ENERGY:   75000         0.0000         0.0000         0.0000         0.0000          -5564.9414       447.1635         0.0000         0.0000       921.8246          -4195.9533       292.8556     -5117.7779     -4194.3672       305.1256           9137.0884      9147.4325     22548.0941     10677.8607     10677.7230

LDB: ============= START OF LOAD BALANCING ============== 265.074
LDB: ============== END OF LOAD BALANCING =============== 265.074
Info: useSync: 0 useProxySync: 0
LDB: =============== DONE WITH MIGRATION ================ 265.074
LDB: ============= START OF LOAD BALANCING ============== 265.246
LDB: TIME 265.246 LOAD: AVG 0.0137672 MAX 0.152288  PROXIES: TOTAL 112 MAXPE 7 MAXPATCH 7 None MEM: 0 MB
LDB: TIME 265.246 LOAD: AVG 0.0137672 MAX 0.152288  PROXIES: TOTAL 112 MAXPE 7 MAXPATCH 7 RefineTorusLB MEM: 0 MB
LDB: TIME 265.246 LOAD: AVG 0.0137672 MAX 0.152288  PROXIES: TOTAL 112 MAXPE 7 MAXPATCH 7 RefineTorusLB MEM: 0 MB
LDB: Reverting to original mapping
LDB: ============== END OF LOAD BALANCING =============== 265.246
Info: useSync: 0 useProxySync: 0
LDB: =============== DONE WITH MIGRATION ================ 265.246
LDB: ============= START OF LOAD BALANCING ============== 272.624
LDB: ============== END OF LOAD BALANCING =============== 272.624
Info: useSync: 0 useProxySync: 0
LDB: =============== DONE WITH MIGRATION ================ 272.625
LDB: ============= START OF LOAD BALANCING ============== 272.785
LDB: TIME 272.786 LOAD: AVG 0.0136089 MAX 0.147364  PROXIES: TOTAL 112 MAXPE 7 MAXPATCH 7 None MEM: 0 MB
LDB: TIME 272.786 LOAD: AVG 0.0136089 MAX 0.147364  PROXIES: TOTAL 112 MAXPE 7 MAXPATCH 7 RefineTorusLB MEM: 0 MB
LDB: TIME 272.786 LOAD: AVG 0.0136089 MAX 0.147364  PROXIES: TOTAL 112 MAXPE 7 MAXPATCH 7 RefineTorusLB MEM: 0 MB
LDB: Reverting to original mapping
LDB: ============== END OF LOAD BALANCING =============== 272.786
Info: useSync: 0 useProxySync: 0
LDB: =============== DONE WITH MIGRATION ================ 272.786
WRITING COORDINATES TO DCD FILE MD.dcd AT STEP 80000
PRESSURE: 80000 2231.74 -144.059 616.583 -180.809 2104.64 -749.246 -2668.66 2421.58 27687.3
GPRESSURE: 80000 2272.29 -247.5 351.667 27.5056 2143 -424.583 -2539.16 2162.01 27710.2
PRESSAVG: 80000 2918.8 42.5675 -93.3897 -0.66227 2952.15 64.32 -1930.73 2733.57 27735.2
GPRESSAVG: 80000 2918.79 42.7133 -93.3718 -0.982105 2952.11 64.5033 -1930.69 2733.28 27735.1
ENERGY:   80000         0.0000         0.0000         0.0000         0.0000          -5666.4983       512.6041         0.0000         0.0000       976.3872          -4177.5071       310.1896     -5153.8943     -4176.0331       308.1509          10674.5585     10708.4933     22548.0941     11202.0615     11202.0166

LDB: ============= START OF LOAD BALANCING ============== 280.953
LDB: ============== END OF LOAD BALANCING =============== 280.959
Info: useSync: 0 useProxySync: 0
LDB: =============== DONE WITH MIGRATION ================ 280.983
LDB: ============= START OF LOAD BALANCING ============== 281.243
LDB: TIME 281.243 LOAD: AVG 0.0162944 MAX 0.179909  PROXIES: TOTAL 112 MAXPE 7 MAXPATCH 7 None MEM: 0 MB
LDB: TIME 281.243 LOAD: AVG 0.0162944 MAX 0.179909  PROXIES: TOTAL 112 MAXPE 7 MAXPATCH 7 RefineTorusLB MEM: 0 MB
LDB: TIME 281.243 LOAD: AVG 0.0162944 MAX 0.179909  PROXIES: TOTAL 112 MAXPE 7 MAXPATCH 7 RefineTorusLB MEM: 0 MB
LDB: ============== END OF LOAD BALANCING =============== 281.246
Info: useSync: 0 useProxySync: 0
LDB: =============== DONE WITH MIGRATION ================ 281.247
LDB: ============= START OF LOAD BALANCING ============== 289.935
LDB: ============== END OF LOAD BALANCING =============== 289.935
Info: useSync: 0 useProxySync: 0
LDB: =============== DONE WITH MIGRATION ================ 289.935
LDB: ============= START OF LOAD BALANCING ============== 290.095
LDB: TIME 290.095 LOAD: AVG 0.0136467 MAX 0.146101  PROXIES: TOTAL 112 MAXPE 7 MAXPATCH 7 None MEM: 0 MB
LDB: TIME 290.095 LOAD: AVG 0.0136467 MAX 0.146101  PROXIES: TOTAL 112 MAXPE 7 MAXPATCH 7 RefineTorusLB MEM: 0 MB
LDB: TIME 290.095 LOAD: AVG 0.0136467 MAX 0.146101  PROXIES: TOTAL 112 MAXPE 7 MAXPATCH 7 RefineTorusLB MEM: 0 MB
LDB: ============== END OF LOAD BALANCING =============== 290.095
Info: useSync: 0 useProxySync: 0
LDB: =============== DONE WITH MIGRATION ================ 290.096
LDB: ============= START OF LOAD BALANCING ============== 297.111
LDB: ============== END OF LOAD BALANCING =============== 297.111
Info: useSync: 0 useProxySync: 0
LDB: =============== DONE WITH MIGRATION ================ 297.111
LDB: ============= START OF LOAD BALANCING ============== 297.274
LDB: TIME 297.274 LOAD: AVG 0.0135442 MAX 0.145134  PROXIES: TOTAL 112 MAXPE 7 MAXPATCH 7 None MEM: 0 MB
LDB: TIME 297.274 LOAD: AVG 0.0135442 MAX 0.145134  PROXIES: TOTAL 112 MAXPE 7 MAXPATCH 7 RefineTorusLB MEM: 0 MB
LDB: TIME 297.274 LOAD: AVG 0.0135442 MAX 0.145134  PROXIES: TOTAL 112 MAXPE 7 MAXPATCH 7 RefineTorusLB MEM: 0 MB
LDB: Reverting to original mapping
LDB: ============== END OF LOAD BALANCING =============== 297.275
Info: useSync: 0 useProxySync: 0
LDB: =============== DONE WITH MIGRATION ================ 297.275
WRITING COORDINATES TO DCD FILE MD.dcd AT STEP 85000
PRESSURE: 85000 3356.97 -259.722 475.754 -122.841 2548.34 355.995 -3236.9 2966.31 27744.8
GPRESSURE: 85000 3337.84 -369.884 341.142 3.5173 2486.36 335.313 -3130.85 2904.7 27845.1
PRESSAVG: 85000 3247.93 -10.0132 -55.075 -60.1806 3223.26 51.4063 -2695.97 2926.67 28694.2
GPRESSAVG: 85000 3248.26 -10.3365 -55.4743 -60.2093 3223.25 51.2983 -2696.1 2926.71 28693.8
ENERGY:   85000         0.0000         0.0000         0.0000         0.0000          -5601.0159       517.0305         0.0000         0.0000       933.1570          -4150.8284       296.4558     -5083.9854     -4148.8742       305.8260          11216.7083     11223.0882     22548.0941     11721.8092     11721.7705

LDB: ============= START OF LOAD BALANCING ============== 304.035
LDB: ============== END OF LOAD BALANCING =============== 304.035
Info: useSync: 0 useProxySync: 0
LDB: =============== DONE WITH MIGRATION ================ 304.035
LDB: ============= START OF LOAD BALANCING ============== 304.196
LDB: TIME 304.196 LOAD: AVG 0.0134136 MAX 0.144245  PROXIES: TOTAL 112 MAXPE 7 MAXPATCH 7 None MEM: 0 MB
LDB: TIME 304.196 LOAD: AVG 0.0134136 MAX 0.144245  PROXIES: TOTAL 112 MAXPE 7 MAXPATCH 7 RefineTorusLB MEM: 0 MB
LDB: TIME 304.196 LOAD: AVG 0.0134136 MAX 0.144245  PROXIES: TOTAL 112 MAXPE 7 MAXPATCH 7 RefineTorusLB MEM: 0 MB
LDB: Reverting to original mapping
LDB: ============== END OF LOAD BALANCING =============== 304.196
Info: useSync: 0 useProxySync: 0
LDB: =============== DONE WITH MIGRATION ================ 304.197
LDB: ============= START OF LOAD BALANCING ============== 311.226
LDB: ============== END OF LOAD BALANCING =============== 311.226
Info: useSync: 0 useProxySync: 0
LDB: =============== DONE WITH MIGRATION ================ 311.226
LDB: ============= START OF LOAD BALANCING ============== 311.388
LDB: TIME 311.388 LOAD: AVG 0.0136018 MAX 0.144757  PROXIES: TOTAL 112 MAXPE 7 MAXPATCH 7 None MEM: 0 MB
LDB: TIME 311.388 LOAD: AVG 0.0136018 MAX 0.144757  PROXIES: TOTAL 112 MAXPE 7 MAXPATCH 7 RefineTorusLB MEM: 0 MB
LDB: TIME 311.388 LOAD: AVG 0.0136018 MAX 0.144757  PROXIES: TOTAL 112 MAXPE 7 MAXPATCH 7 RefineTorusLB MEM: 0 MB
LDB: ============== END OF LOAD BALANCING =============== 311.388
Info: useSync: 0 useProxySync: 0
LDB: =============== DONE WITH MIGRATION ================ 311.388
PRESSURE: 90000 3236.97 684.918 171.517 429.079 3241.22 -275.408 -3079.99 1928.44 31632.7
GPRESSURE: 90000 3174.3 675.113 15.5727 349.307 3360.04 -371.205 -2778.52 1652.19 31630.7
PRESSAVG: 90000 2981.24 -11.1135 14.047 -58.5916 2880.21 18.6903 -2663.1 2396.42 29887.5
GPRESSAVG: 90000 2981.12 -10.8108 14.3632 -58.7354 2880.25 19.102 -2663.49 2396.38 29887.3
ENERGY:   90000         0.0000         0.0000         0.0000         0.0000          -5600.0568       529.3050         0.0000         0.0000       942.7535          -4127.9983       299.5045     -5070.7518     -4125.2261       309.1618          12703.6270     12721.6885     22548.0941     11916.3045     11916.2239

WRITING COORDINATES TO DCD FILE MD.dcd AT STEP 90000
LDB: ============= START OF LOAD BALANCING ============== 318.816
LDB: ============== END OF LOAD BALANCING =============== 318.816
Info: useSync: 0 useProxySync: 0
LDB: =============== DONE WITH MIGRATION ================ 318.816
LDB: ============= START OF LOAD BALANCING ============== 319.001
LDB: TIME 319.001 LOAD: AVG 0.0149423 MAX 0.168372  PROXIES: TOTAL 112 MAXPE 7 MAXPATCH 7 None MEM: 0 MB
LDB: TIME 319.001 LOAD: AVG 0.0149423 MAX 0.168372  PROXIES: TOTAL 112 MAXPE 7 MAXPATCH 7 RefineTorusLB MEM: 0 MB
LDB: TIME 319.001 LOAD: AVG 0.0149423 MAX 0.168372  PROXIES: TOTAL 112 MAXPE 7 MAXPATCH 7 RefineTorusLB MEM: 0 MB
LDB: Reverting to original mapping
LDB: ============== END OF LOAD BALANCING =============== 319.001
Info: useSync: 0 useProxySync: 0
LDB: =============== DONE WITH MIGRATION ================ 319.002
LDB: ============= START OF LOAD BALANCING ============== 326.071
LDB: ============== END OF LOAD BALANCING =============== 326.072
Info: useSync: 0 useProxySync: 0
LDB: =============== DONE WITH MIGRATION ================ 326.072
LDB: ============= START OF LOAD BALANCING ============== 326.259
LDB: TIME 326.259 LOAD: AVG 0.0150603 MAX 0.169563  PROXIES: TOTAL 112 MAXPE 7 MAXPATCH 7 None MEM: 0 MB
LDB: TIME 326.259 LOAD: AVG 0.0150603 MAX 0.169563  PROXIES: TOTAL 112 MAXPE 7 MAXPATCH 7 RefineTorusLB MEM: 0 MB
LDB: TIME 326.259 LOAD: AVG 0.0150603 MAX 0.169563  PROXIES: TOTAL 112 MAXPE 7 MAXPATCH 7 RefineTorusLB MEM: 0 MB
LDB: Reverting to original mapping
LDB: ============== END OF LOAD BALANCING =============== 326.259
Info: useSync: 0 useProxySync: 0
LDB: =============== DONE WITH MIGRATION ================ 326.26
LDB: ============= START OF LOAD BALANCING ============== 333.81
LDB: ============== END OF LOAD BALANCING =============== 333.81
Info: useSync: 0 useProxySync: 0
LDB: =============== DONE WITH MIGRATION ================ 333.81
LDB: ============= START OF LOAD BALANCING ============== 334.027
LDB: TIME 334.033 LOAD: AVG 0.0138861 MAX 0.145599  PROXIES: TOTAL 112 MAXPE 7 MAXPATCH 7 None MEM: 0 MB
LDB: TIME 334.033 LOAD: AVG 0.0138861 MAX 0.145599  PROXIES: TOTAL 112 MAXPE 7 MAXPATCH 7 RefineTorusLB MEM: 0 MB
LDB: TIME 334.033 LOAD: AVG 0.0138861 MAX 0.145599  PROXIES: TOTAL 112 MAXPE 7 MAXPATCH 7 RefineTorusLB MEM: 0 MB
LDB: Reverting to original mapping
LDB: ============== END OF LOAD BALANCING =============== 334.039
Info: useSync: 0 useProxySync: 0
LDB: =============== DONE WITH MIGRATION ================ 334.084
PRESSURE: 95000 2775.97 -260.62 147.541 530.791 2900.2 117.83 -2896.45 2617.1 31808.8
GPRESSURE: 95000 2847.85 -54.4407 204.161 648.604 2657.08 -88.9193 -2900.46 2745.31 32090.3
PRESSAVG: 95000 3137.93 52.2411 50.4623 -142.761 3158.45 -32.087 -2956.78 2722.31 31650.3
GPRESSAVG: 95000 3137.89 52.6925 50.8687 -143.143 3158.22 -32.337 -2956.66 2722.1 31649.9
ENERGY:   95000         0.0000         0.0000         0.0000         0.0000          -5629.0248       531.4137         0.0000         0.0000       951.1260          -4146.4851       302.1644     -5097.6110     -4143.5781       306.9949          12494.9954     12531.7489     22548.0941     12648.8844     12648.6713

WRITING COORDINATES TO DCD FILE MD.dcd AT STEP 95000
LDB: ============= START OF LOAD BALANCING ============== 342.292
LDB: ============== END OF LOAD BALANCING =============== 342.292
Info: useSync: 0 useProxySync: 0
LDB: =============== DONE WITH MIGRATION ================ 342.292
LDB: ============= START OF LOAD BALANCING ============== 342.486
LDB: TIME 342.486 LOAD: AVG 0.0142247 MAX 0.145212  PROXIES: TOTAL 112 MAXPE 7 MAXPATCH 7 None MEM: 0 MB
LDB: TIME 342.486 LOAD: AVG 0.0142247 MAX 0.145212  PROXIES: TOTAL 112 MAXPE 7 MAXPATCH 7 RefineTorusLB MEM: 0 MB
LDB: TIME 342.486 LOAD: AVG 0.0142247 MAX 0.145212  PROXIES: TOTAL 112 MAXPE 7 MAXPATCH 7 RefineTorusLB MEM: 0 MB
LDB: Reverting to original mapping
LDB: ============== END OF LOAD BALANCING =============== 342.487
Info: useSync: 0 useProxySync: 0
LDB: =============== DONE WITH MIGRATION ================ 342.488
LDB: ============= START OF LOAD BALANCING ============== 349.618
LDB: ============== END OF LOAD BALANCING =============== 349.618
Info: useSync: 0 useProxySync: 0
LDB: =============== DONE WITH MIGRATION ================ 349.618
LDB: ============= START OF LOAD BALANCING ============== 349.776
LDB: TIME 349.777 LOAD: AVG 0.0134621 MAX 0.145053  PROXIES: TOTAL 112 MAXPE 7 MAXPATCH 7 None MEM: 0 MB
LDB: TIME 349.777 LOAD: AVG 0.0134621 MAX 0.145053  PROXIES: TOTAL 112 MAXPE 7 MAXPATCH 7 RefineTorusLB MEM: 0 MB
LDB: TIME 349.777 LOAD: AVG 0.0134621 MAX 0.145053  PROXIES: TOTAL 112 MAXPE 7 MAXPATCH 7 RefineTorusLB MEM: 0 MB
LDB: Reverting to original mapping
LDB: ============== END OF LOAD BALANCING =============== 349.777
Info: useSync: 0 useProxySync: 0
LDB: =============== DONE WITH MIGRATION ================ 349.777
WRITING COORDINATES TO DCD FILE MD.dcd AT STEP 100000
WRITING COORDINATES TO RESTART FILE AT STEP 100000
FINISHED WRITING RESTART COORDINATES
WRITING VELOCITIES TO RESTART FILE AT STEP 100000
FINISHED WRITING RESTART VELOCITIES
The last velocity output (seq=100000) takes 0.000 seconds, 0.000 MB of memory in use
PRESSURE: 100000 2596.29 -312.074 -166.647 -607.367 2341.62 858.381 -3857.94 3148.61 31954.7
GPRESSURE: 100000 2652.67 -151.847 37.549 -551.524 2376.01 639.445 -4062.3 3039.61 31959.3
PRESSAVG: 100000 2830.98 -88.1948 -133.183 -231.274 2549.18 -21.6285 -3253.06 2606.61 31879.5
GPRESSAVG: 100000 2830.97 -88.3561 -133.2 -231.033 2549.36 -21.1191 -3253.02 2606.38 31878.8
TIMING: 100000  CPU: 341.7, 0.00375749/step  Wall: 355.829, 0.00393255/step, 0.43695 hours remaining, 0.000000 MB of memory in use.
PERFORMANCE: 100000  averaging 48.5656 ns/day, 0.00355807 sec/step with standard deviation 0.000529584
ETITLE:      TS           BOND          ANGLE          DIHED          IMPRP               ELECT            VDW       BOUNDARY           MISC        KINETIC               TOTAL           TEMP      POTENTIAL         TOTAL3        TEMPAVG            PRESSURE      GPRESSURE         VOLUME       PRESSAVG      GPRESSAVG

ENERGY:  100000         0.0000         0.0000         0.0000         0.0000          -5695.1603       544.9864         0.0000         0.0000       976.4039          -4173.7700       310.1949     -5150.1739     -4171.8038       303.9638          12297.5357     12329.3319     22548.0941     12419.8769     12419.7266

WRITING EXTENDED SYSTEM TO RESTART FILE AT STEP 100000
LDB: ============= START OF LOAD BALANCING ============== 356.791
LDB: ============== END OF LOAD BALANCING =============== 356.791
Info: useSync: 0 useProxySync: 0
LDB: =============== DONE WITH MIGRATION ================ 356.791
LDB: ============= START OF LOAD BALANCING ============== 357.095
LDB: TIME 357.095 LOAD: AVG 0.0143631 MAX 0.148109  PROXIES: TOTAL 112 MAXPE 7 MAXPATCH 7 None MEM: 0 MB
LDB: TIME 357.095 LOAD: AVG 0.0143631 MAX 0.148109  PROXIES: TOTAL 112 MAXPE 7 MAXPATCH 7 RefineTorusLB MEM: 0 MB
LDB: TIME 357.095 LOAD: AVG 0.0143631 MAX 0.148109  PROXIES: TOTAL 112 MAXPE 7 MAXPATCH 7 RefineTorusLB MEM: 0 MB
LDB: Reverting to original mapping
LDB: ============== END OF LOAD BALANCING =============== 357.095
Info: useSync: 0 useProxySync: 0
LDB: =============== DONE WITH MIGRATION ================ 357.096
LDB: ============= START OF LOAD BALANCING ============== 364.781
LDB: ============== END OF LOAD BALANCING =============== 364.781
Info: useSync: 0 useProxySync: 0
LDB: =============== DONE WITH MIGRATION ================ 364.781
LDB: ============= START OF LOAD BALANCING ============== 364.967
LDB: TIME 364.967 LOAD: AVG 0.0152328 MAX 0.170578  PROXIES: TOTAL 112 MAXPE 7 MAXPATCH 7 None MEM: 0 MB
LDB: TIME 364.967 LOAD: AVG 0.0152328 MAX 0.170578  PROXIES: TOTAL 112 MAXPE 7 MAXPATCH 7 RefineTorusLB MEM: 0 MB
LDB: TIME 364.967 LOAD: AVG 0.0152328 MAX 0.170578  PROXIES: TOTAL 112 MAXPE 7 MAXPATCH 7 RefineTorusLB MEM: 0 MB
LDB: Reverting to original mapping
LDB: ============== END OF LOAD BALANCING =============== 364.968
Info: useSync: 0 useProxySync: 0
LDB: =============== DONE WITH MIGRATION ================ 364.968
LDB: ============= START OF LOAD BALANCING ============== 373.32
LDB: ============== END OF LOAD BALANCING =============== 373.32
Info: useSync: 0 useProxySync: 0
LDB: =============== DONE WITH MIGRATION ================ 373.32
LDB: ============= START OF LOAD BALANCING ============== 373.544
LDB: TIME 373.55 LOAD: AVG 0.0151911 MAX 0.146589  PROXIES: TOTAL 112 MAXPE 7 MAXPATCH 7 None MEM: 0 MB
LDB: TIME 373.55 LOAD: AVG 0.0151911 MAX 0.146589  PROXIES: TOTAL 112 MAXPE 7 MAXPATCH 7 RefineTorusLB MEM: 0 MB
LDB: TIME 373.55 LOAD: AVG 0.0151911 MAX 0.146589  PROXIES: TOTAL 112 MAXPE 7 MAXPATCH 7 RefineTorusLB MEM: 0 MB
LDB: Reverting to original mapping
LDB: ============== END OF LOAD BALANCING =============== 373.556
Info: useSync: 0 useProxySync: 0
LDB: =============== DONE WITH MIGRATION ================ 373.588
WRITING COORDINATES TO DCD FILE MD.dcd AT STEP 105000
PRESSURE: 105000 3658.13 90.4429 918.577 283.268 3331.8 454.209 -2735.38 4515.3 33555.7
GPRESSURE: 105000 3747.48 51.6655 895.992 157.669 3305.95 333.621 -2815.62 4374.85 33580.7
PRESSAVG: 105000 2580.65 -89.6876 21.3916 22.6707 2642.83 51.2901 -3184.86 2919.46 32474.2
GPRESSAVG: 105000 2580.5 -89.2696 21.3651 22.5424 2643.15 51.2239 -3184.72 2919.53 32474.2
ENERGY:  105000         0.0000         0.0000         0.0000         0.0000          -5704.5299       606.9265         0.0000         0.0000       915.8769          -4181.7265       290.9660     -5097.6033     -4178.9000       305.7403          13515.2148     13544.7060     22548.0941     12565.8956     12565.9395

LDB: ============= START OF LOAD BALANCING ============== 381.164
LDB: ============== END OF LOAD BALANCING =============== 381.165
Info: useSync: 0 useProxySync: 0
LDB: =============== DONE WITH MIGRATION ================ 381.165
LDB: ============= START OF LOAD BALANCING ============== 381.51
LDB: TIME 381.522 LOAD: AVG 0.0187078 MAX 0.192493  PROXIES: TOTAL 112 MAXPE 7 MAXPATCH 7 None MEM: 0 MB
LDB: TIME 381.522 LOAD: AVG 0.0187078 MAX 0.192493  PROXIES: TOTAL 112 MAXPE 7 MAXPATCH 7 RefineTorusLB MEM: 0 MB
LDB: TIME 381.522 LOAD: AVG 0.0187078 MAX 0.192493  PROXIES: TOTAL 112 MAXPE 7 MAXPATCH 7 RefineTorusLB MEM: 0 MB
LDB: ============== END OF LOAD BALANCING =============== 381.53
Info: useSync: 0 useProxySync: 0
LDB: =============== DONE WITH MIGRATION ================ 381.531
LDB: ============= START OF LOAD BALANCING ============== 389.357
LDB: ============== END OF LOAD BALANCING =============== 389.357
Info: useSync: 0 useProxySync: 0
LDB: =============== DONE WITH MIGRATION ================ 389.357
LDB: ============= START OF LOAD BALANCING ============== 389.623
LDB: TIME 389.623 LOAD: AVG 0.0165367 MAX 0.170074  PROXIES: TOTAL 112 MAXPE 7 MAXPATCH 7 None MEM: 0 MB
LDB: TIME 389.623 LOAD: AVG 0.0165367 MAX 0.170074  PROXIES: TOTAL 112 MAXPE 7 MAXPATCH 7 RefineTorusLB MEM: 0 MB
LDB: TIME 389.623 LOAD: AVG 0.0165367 MAX 0.170074  PROXIES: TOTAL 112 MAXPE 7 MAXPATCH 7 RefineTorusLB MEM: 0 MB
LDB: ============== END OF LOAD BALANCING =============== 389.623
Info: useSync: 0 useProxySync: 0
LDB: =============== DONE WITH MIGRATION ================ 389.626
WRITING COORDINATES TO DCD FILE MD.dcd AT STEP 110000
PRESSURE: 110000 2124.05 285.993 378.981 143.372 2388.72 -314.386 -2505.12 3626.77 36233.3
GPRESSURE: 110000 2219.23 291.906 573.776 90.1975 2359.04 -259.687 -2632.96 3408.34 36207.4
PRESSAVG: 110000 2954.93 32.0448 -0.4682 -22.6518 2845.03 8.38777 -3578.86 3331.98 33870.6
GPRESSAVG: 110000 2954.87 31.6852 -0.443454 -21.9881 2845 8.14027 -3578.75 3331.87 33870.7
ENERGY:  110000         0.0000         0.0000         0.0000         0.0000          -5674.2610       549.2314         0.0000         0.0000       970.6196          -4154.4101       308.3573     -5125.0297     -4152.4211       307.1253          13582.0226     13595.2148     22548.0941     13223.5341     13223.5189

LDB: ============= START OF LOAD BALANCING ============== 398.452
LDB: ============== END OF LOAD BALANCING =============== 398.452
Info: useSync: 0 useProxySync: 0
LDB: =============== DONE WITH MIGRATION ================ 398.452
LDB: ============= START OF LOAD BALANCING ============== 398.713
LDB: TIME 398.713 LOAD: AVG 0.0152435 MAX 0.145204  PROXIES: TOTAL 112 MAXPE 7 MAXPATCH 7 None MEM: 0 MB
LDB: TIME 398.713 LOAD: AVG 0.0152435 MAX 0.145204  PROXIES: TOTAL 112 MAXPE 7 MAXPATCH 7 RefineTorusLB MEM: 0 MB
LDB: TIME 398.713 LOAD: AVG 0.0152435 MAX 0.145204  PROXIES: TOTAL 112 MAXPE 7 MAXPATCH 7 RefineTorusLB MEM: 0 MB
LDB: Reverting to original mapping
LDB: ============== END OF LOAD BALANCING =============== 398.713
Info: useSync: 0 useProxySync: 0
LDB: =============== DONE WITH MIGRATION ================ 398.713
LDB: ============= START OF LOAD BALANCING ============== 406.046
LDB: ============== END OF LOAD BALANCING =============== 406.046
Info: useSync: 0 useProxySync: 0
LDB: =============== DONE WITH MIGRATION ================ 406.046
LDB: ============= START OF LOAD BALANCING ============== 406.235
LDB: TIME 406.247 LOAD: AVG 0.0137231 MAX 0.151526  PROXIES: TOTAL 112 MAXPE 7 MAXPATCH 7 None MEM: 0 MB
LDB: TIME 406.247 LOAD: AVG 0.0137231 MAX 0.151526  PROXIES: TOTAL 112 MAXPE 7 MAXPATCH 7 RefineTorusLB MEM: 0 MB
LDB: TIME 406.247 LOAD: AVG 0.0137231 MAX 0.151526  PROXIES: TOTAL 112 MAXPE 7 MAXPATCH 7 RefineTorusLB MEM: 0 MB
LDB: Reverting to original mapping
LDB: ============== END OF LOAD BALANCING =============== 406.259
Info: useSync: 0 useProxySync: 0
LDB: =============== DONE WITH MIGRATION ================ 406.299
LDB: ============= START OF LOAD BALANCING ============== 414.637
LDB: ============== END OF LOAD BALANCING =============== 414.643
Info: useSync: 0 useProxySync: 0
LDB: =============== DONE WITH MIGRATION ================ 414.653
LDB: ============= START OF LOAD BALANCING ============== 414.974
LDB: TIME 414.975 LOAD: AVG 0.0195088 MAX 0.224839  PROXIES: TOTAL 112 MAXPE 7 MAXPATCH 7 None MEM: 0 MB
LDB: TIME 414.975 LOAD: AVG 0.0195088 MAX 0.224839  PROXIES: TOTAL 112 MAXPE 7 MAXPATCH 7 RefineTorusLB MEM: 0 MB
LDB: TIME 414.975 LOAD: AVG 0.0195088 MAX 0.224839  PROXIES: TOTAL 112 MAXPE 7 MAXPATCH 7 RefineTorusLB MEM: 0 MB
LDB: Reverting to original mapping
LDB: ============== END OF LOAD BALANCING =============== 414.975
Info: useSync: 0 useProxySync: 0
LDB: =============== DONE WITH MIGRATION ================ 414.975
PRESSURE: 115000 2655.64 120.421 -477.084 572.241 3374.97 -120.103 -3562.32 3713.82 37167.8
GPRESSURE: 115000 2515.38 -121.285 -511.968 621.369 3473.38 103.095 -3758.26 3205.57 37267.6
PRESSAVG: 115000 2930.03 6.49962 12.459 20.0883 2981.11 -15.155 -2983.27 3100.07 35065.9
GPRESSAVG: 115000 2929.54 6.36458 12.2502 19.6999 2981.11 -15.0813 -2983.17 3099.89 35065.6
ENERGY:  115000         0.0000         0.0000         0.0000         0.0000          -5680.9925       567.0516         0.0000         0.0000       985.8873          -4128.0537       313.2077     -5113.9409     -4125.9878       308.2738          14399.4882     14418.7946     22548.0941     13659.0065     13658.7355

WRITING COORDINATES TO DCD FILE MD.dcd AT STEP 115000
LDB: ============= START OF LOAD BALANCING ============== 423.3
LDB: ============== END OF LOAD BALANCING =============== 423.3
Info: useSync: 0 useProxySync: 0
LDB: =============== DONE WITH MIGRATION ================ 423.3
LDB: ============= START OF LOAD BALANCING ============== 423.46
LDB: TIME 423.461 LOAD: AVG 0.0135413 MAX 0.144749  PROXIES: TOTAL 112 MAXPE 7 MAXPATCH 7 None MEM: 0 MB
LDB: TIME 423.461 LOAD: AVG 0.0135413 MAX 0.144749  PROXIES: TOTAL 112 MAXPE 7 MAXPATCH 7 RefineTorusLB MEM: 0 MB
LDB: TIME 423.461 LOAD: AVG 0.0135413 MAX 0.144749  PROXIES: TOTAL 112 MAXPE 7 MAXPATCH 7 RefineTorusLB MEM: 0 MB
LDB: Reverting to original mapping
LDB: ============== END OF LOAD BALANCING =============== 423.461
Info: useSync: 0 useProxySync: 0
LDB: =============== DONE WITH MIGRATION ================ 423.461
LDB: ============= START OF LOAD BALANCING ============== 431.112
LDB: ============== END OF LOAD BALANCING =============== 431.113
Info: useSync: 0 useProxySync: 0
LDB: =============== DONE WITH MIGRATION ================ 431.113
LDB: ============= START OF LOAD BALANCING ============== 431.272
LDB: TIME 431.272 LOAD: AVG 0.013464 MAX 0.14647  PROXIES: TOTAL 112 MAXPE 7 MAXPATCH 7 None MEM: 0 MB
LDB: TIME 431.272 LOAD: AVG 0.013464 MAX 0.14647  PROXIES: TOTAL 112 MAXPE 7 MAXPATCH 7 RefineTorusLB MEM: 0 MB
LDB: TIME 431.272 LOAD: AVG 0.013464 MAX 0.14647  PROXIES: TOTAL 112 MAXPE 7 MAXPATCH 7 RefineTorusLB MEM: 0 MB
LDB: Reverting to original mapping
LDB: ============== END OF LOAD BALANCING =============== 431.273
Info: useSync: 0 useProxySync: 0
LDB: =============== DONE WITH MIGRATION ================ 431.273
PRESSURE: 120000 2178.41 -364.531 342.177 -326.385 2057.66 -469.499 -1779.56 2052.29 36987.9
GPRESSURE: 120000 2208.58 -495.838 47.0268 -476.851 2094.55 -527.751 -1556.12 2277.83 36937.1
PRESSAVG: 120000 2898.92 -93.4024 -62.9329 -22.513 3082.02 -52.035 -3039.46 2428.41 37242.9
GPRESSAVG: 120000 2899.03 -92.9433 -62.8863 -22.5939 3082.01 -52.5839 -3039.64 2428.91 37242.7
ENERGY:  120000         0.0000         0.0000         0.0000         0.0000          -5658.6427       535.0217         0.0000         0.0000       982.2734          -4141.3476       312.0596     -5123.6210     -4139.2722       309.2985          13741.3069     13746.7499     22548.0941     14407.9396     14407.9253

WRITING COORDINATES TO DCD FILE MD.dcd AT STEP 120000
LDB: ============= START OF LOAD BALANCING ============== 438.466
LDB: ============== END OF LOAD BALANCING =============== 438.472
Info: useSync: 0 useProxySync: 0
LDB: =============== DONE WITH MIGRATION ================ 438.495
LDB: ============= START OF LOAD BALANCING ============== 438.752
LDB: TIME 438.755 LOAD: AVG 0.0145207 MAX 0.149604  PROXIES: TOTAL 112 MAXPE 7 MAXPATCH 7 None MEM: 0 MB
LDB: TIME 438.755 LOAD: AVG 0.0145207 MAX 0.149604  PROXIES: TOTAL 112 MAXPE 7 MAXPATCH 7 RefineTorusLB MEM: 0 MB
LDB: TIME 438.755 LOAD: AVG 0.0145207 MAX 0.149604  PROXIES: TOTAL 112 MAXPE 7 MAXPATCH 7 RefineTorusLB MEM: 0 MB
LDB: Reverting to original mapping
LDB: ============== END OF LOAD BALANCING =============== 438.756
Info: useSync: 0 useProxySync: 0
LDB: =============== DONE WITH MIGRATION ================ 438.756
LDB: ============= START OF LOAD BALANCING ============== 446.081
LDB: ============== END OF LOAD BALANCING =============== 446.084
Info: useSync: 0 useProxySync: 0
LDB: =============== DONE WITH MIGRATION ================ 446.094
LDB: ============= START OF LOAD BALANCING ============== 446.291
LDB: TIME 446.291 LOAD: AVG 0.0138611 MAX 0.14553  PROXIES: TOTAL 112 MAXPE 7 MAXPATCH 7 None MEM: 0 MB
LDB: TIME 446.291 LOAD: AVG 0.0138611 MAX 0.14553  PROXIES: TOTAL 112 MAXPE 7 MAXPATCH 7 RefineTorusLB MEM: 0 MB
LDB: TIME 446.291 LOAD: AVG 0.0138611 MAX 0.14553  PROXIES: TOTAL 112 MAXPE 7 MAXPATCH 7 RefineTorusLB MEM: 0 MB
LDB: Reverting to original mapping
LDB: ============== END OF LOAD BALANCING =============== 446.292
Info: useSync: 0 useProxySync: 0
LDB: =============== DONE WITH MIGRATION ================ 446.292
LDB: ============= START OF LOAD BALANCING ============== 453.398
LDB: ============== END OF LOAD BALANCING =============== 453.398
Info: useSync: 0 useProxySync: 0
LDB: =============== DONE WITH MIGRATION ================ 453.398
LDB: ============= START OF LOAD BALANCING ============== 453.563
LDB: TIME 453.564 LOAD: AVG 0.0139086 MAX 0.149064  PROXIES: TOTAL 112 MAXPE 7 MAXPATCH 7 None MEM: 0 MB
LDB: TIME 453.564 LOAD: AVG 0.0139086 MAX 0.149064  PROXIES: TOTAL 112 MAXPE 7 MAXPATCH 7 RefineTorusLB MEM: 0 MB
LDB: TIME 453.564 LOAD: AVG 0.0139086 MAX 0.149064  PROXIES: TOTAL 112 MAXPE 7 MAXPATCH 7 RefineTorusLB MEM: 0 MB
LDB: ============== END OF LOAD BALANCING =============== 453.564
Info: useSync: 0 useProxySync: 0
LDB: =============== DONE WITH MIGRATION ================ 453.564
PRESSURE: 125000 2042.31 491.158 395.442 225.118 3117.23 -608.169 -1729.28 2869.54 39250.2
GPRESSURE: 125000 2037.03 623.837 378.361 -98.9041 3170.9 -542.949 -2010.22 3045.98 39208.8
PRESSAVG: 125000 3163.52 34.2315 -58.2148 -7.53194 3044.5 -15.4797 -2950.75 2657.21 38132.5
GPRESSAVG: 125000 3163.28 34.3063 -58.2296 -7.31299 3044.51 -15.6494 -2951.29 2657.08 38132.1
ENERGY:  125000         0.0000         0.0000         0.0000         0.0000          -5667.9134       534.2208         0.0000         0.0000       970.8964          -4162.7962       308.4453     -5133.6926     -4159.6817       310.3711          14803.2554     14805.5842     22548.0941     14780.1777     14779.9803

WRITING COORDINATES TO DCD FILE MD.dcd AT STEP 125000
LDB: ============= START OF LOAD BALANCING ============== 461.244
LDB: ============== END OF LOAD BALANCING =============== 461.244
Info: useSync: 0 useProxySync: 0
LDB: =============== DONE WITH MIGRATION ================ 461.244
LDB: ============= START OF LOAD BALANCING ============== 461.441
LDB: TIME 461.441 LOAD: AVG 0.0150396 MAX 0.168205  PROXIES: TOTAL 112 MAXPE 7 MAXPATCH 7 None MEM: 0 MB
LDB: TIME 461.441 LOAD: AVG 0.0150396 MAX 0.168205  PROXIES: TOTAL 112 MAXPE 7 MAXPATCH 7 RefineTorusLB MEM: 0 MB
LDB: TIME 461.441 LOAD: AVG 0.0150396 MAX 0.168205  PROXIES: TOTAL 112 MAXPE 7 MAXPATCH 7 RefineTorusLB MEM: 0 MB
LDB: Reverting to original mapping
LDB: ============== END OF LOAD BALANCING =============== 461.441
Info: useSync: 0 useProxySync: 0
LDB: =============== DONE WITH MIGRATION ================ 461.442
LDB: ============= START OF LOAD BALANCING ============== 469.639
LDB: ============== END OF LOAD BALANCING =============== 469.639
Info: useSync: 0 useProxySync: 0
LDB: =============== DONE WITH MIGRATION ================ 469.639
LDB: ============= START OF LOAD BALANCING ============== 469.796
LDB: TIME 469.796 LOAD: AVG 0.013318 MAX 0.143709  PROXIES: TOTAL 112 MAXPE 7 MAXPATCH 7 None MEM: 0 MB
LDB: TIME 469.796 LOAD: AVG 0.013318 MAX 0.143709  PROXIES: TOTAL 112 MAXPE 7 MAXPATCH 7 RefineTorusLB MEM: 0 MB
LDB: TIME 469.796 LOAD: AVG 0.013318 MAX 0.143709  PROXIES: TOTAL 112 MAXPE 7 MAXPATCH 7 RefineTorusLB MEM: 0 MB
LDB: ============== END OF LOAD BALANCING =============== 469.796
Info: useSync: 0 useProxySync: 0
LDB: =============== DONE WITH MIGRATION ================ 469.797
PRESSURE: 130000 1885.84 216.148 -457.125 173.706 2135.47 -518.576 -1458.11 3038.09 38469
GPRESSURE: 130000 1916.82 351.771 -444.525 -34.4788 2163.26 -559.45 -1412.88 3111.17 38477.1
PRESSAVG: 130000 2954.25 28.8689 64.3515 -30.6961 3013.14 39.6441 -2037.17 3097.25 39478.8
GPRESSAVG: 130000 2954.39 28.9634 64.624 -30.6538 3012.7 39.6972 -2036.98 3097.4 39478.9
ENERGY:  130000         0.0000         0.0000         0.0000         0.0000          -5581.5542       454.3701         0.0000         0.0000       967.2179          -4159.9663       307.2766     -5127.1841     -4157.4594       306.1949          14163.4469     14185.7094     22548.0941     15148.7229     15148.6591

WRITING COORDINATES TO DCD FILE MD.dcd AT STEP 130000
LDB: ============= START OF LOAD BALANCING ============== 477.54
LDB: ============== END OF LOAD BALANCING =============== 477.54
Info: useSync: 0 useProxySync: 0
LDB: =============== DONE WITH MIGRATION ================ 477.54
LDB: ============= START OF LOAD BALANCING ============== 477.863
LDB: TIME 477.875 LOAD: AVG 0.0196097 MAX 0.219904  PROXIES: TOTAL 112 MAXPE 7 MAXPATCH 7 None MEM: 0 MB
LDB: TIME 477.875 LOAD: AVG 0.0196097 MAX 0.219904  PROXIES: TOTAL 112 MAXPE 7 MAXPATCH 7 RefineTorusLB MEM: 0 MB
LDB: TIME 477.875 LOAD: AVG 0.0196097 MAX 0.219904  PROXIES: TOTAL 112 MAXPE 7 MAXPATCH 7 RefineTorusLB MEM: 0 MB
LDB: Reverting to original mapping
LDB: ============== END OF LOAD BALANCING =============== 477.879
Info: useSync: 0 useProxySync: 0
LDB: =============== DONE WITH MIGRATION ================ 477.882
LDB: ============= START OF LOAD BALANCING ============== 485.504
LDB: ============== END OF LOAD BALANCING =============== 485.504
Info: useSync: 0 useProxySync: 0
LDB: =============== DONE WITH MIGRATION ================ 485.504
LDB: ============= START OF LOAD BALANCING ============== 485.704
LDB: TIME 485.708 LOAD: AVG 0.0135474 MAX 0.143957  PROXIES: TOTAL 112 MAXPE 7 MAXPATCH 7 None MEM: 0 MB
LDB: TIME 485.708 LOAD: AVG 0.0135474 MAX 0.143957  PROXIES: TOTAL 112 MAXPE 7 MAXPATCH 7 RefineTorusLB MEM: 0 MB
LDB: TIME 485.708 LOAD: AVG 0.0135474 MAX 0.143957  PROXIES: TOTAL 112 MAXPE 7 MAXPATCH 7 RefineTorusLB MEM: 0 MB
LDB: Reverting to original mapping
LDB: ============== END OF LOAD BALANCING =============== 485.712
Info: useSync: 0 useProxySync: 0
LDB: =============== DONE WITH MIGRATION ================ 485.759
LDB: ============= START OF LOAD BALANCING ============== 493.384
LDB: ============== END OF LOAD BALANCING =============== 493.384
Info: useSync: 0 useProxySync: 0
LDB: =============== DONE WITH MIGRATION ================ 493.384
LDB: ============= START OF LOAD BALANCING ============== 493.577
LDB: TIME 493.577 LOAD: AVG 0.0148224 MAX 0.162552  PROXIES: TOTAL 112 MAXPE 7 MAXPATCH 7 None MEM: 0 MB
LDB: TIME 493.577 LOAD: AVG 0.0148224 MAX 0.162552  PROXIES: TOTAL 112 MAXPE 7 MAXPATCH 7 RefineTorusLB MEM: 0 MB
LDB: TIME 493.577 LOAD: AVG 0.0148224 MAX 0.162552  PROXIES: TOTAL 112 MAXPE 7 MAXPATCH 7 RefineTorusLB MEM: 0 MB
LDB: ============== END OF LOAD BALANCING =============== 493.578
Info: useSync: 0 useProxySync: 0
LDB: =============== DONE WITH MIGRATION ================ 493.578
WRITING COORDINATES TO DCD FILE MD.dcd AT STEP 135000
PRESSURE: 135000 3667.58 -649.774 -610.53 -507.381 2650.66 1445.56 -1644.1 4931.5 43765.7
GPRESSURE: 135000 3685.59 -781.313 -573.545 -576.921 2850.78 1111.74 -1395.56 5064.31 43661.1
PRESSAVG: 135000 2943.48 61.7803 -84.929 148.375 3296.05 11.7208 -1766.76 3351.96 41846
GPRESSAVG: 135000 2943.2 62.1361 -85.1533 148.134 3296.14 12.006 -1766.9 3351.84 41846
ENERGY:  135000         0.0000         0.0000         0.0000         0.0000          -5683.4172       567.9813         0.0000         0.0000       959.5881          -4155.8478       304.8527     -5115.4359     -4154.3416       302.2439          16694.6525     16732.4738     22548.0941     16028.5219     16028.4383

LDB: ============= START OF LOAD BALANCING ============== 501.498
LDB: ============== END OF LOAD BALANCING =============== 501.504
Info: useSync: 0 useProxySync: 0
LDB: =============== DONE WITH MIGRATION ================ 501.528
LDB: ============= START OF LOAD BALANCING ============== 501.82
LDB: TIME 501.82 LOAD: AVG 0.0148051 MAX 0.158082  PROXIES: TOTAL 112 MAXPE 7 MAXPATCH 7 None MEM: 0 MB
LDB: TIME 501.82 LOAD: AVG 0.0148051 MAX 0.158082  PROXIES: TOTAL 112 MAXPE 7 MAXPATCH 7 RefineTorusLB MEM: 0 MB
LDB: TIME 501.82 LOAD: AVG 0.0148051 MAX 0.158082  PROXIES: TOTAL 112 MAXPE 7 MAXPATCH 7 RefineTorusLB MEM: 0 MB
LDB: Reverting to original mapping
LDB: ============== END OF LOAD BALANCING =============== 501.82
Info: useSync: 0 useProxySync: 0
LDB: =============== DONE WITH MIGRATION ================ 501.821
LDB: ============= START OF LOAD BALANCING ============== 509.457
LDB: ============== END OF LOAD BALANCING =============== 509.457
Info: useSync: 0 useProxySync: 0
LDB: =============== DONE WITH MIGRATION ================ 509.457
LDB: ============= START OF LOAD BALANCING ============== 509.739
LDB: TIME 509.743 LOAD: AVG 0.0138909 MAX 0.147756  PROXIES: TOTAL 112 MAXPE 7 MAXPATCH 7 None MEM: 0 MB
LDB: TIME 509.743 LOAD: AVG 0.0138909 MAX 0.147756  PROXIES: TOTAL 112 MAXPE 7 MAXPATCH 7 RefineTorusLB MEM: 0 MB
LDB: TIME 509.743 LOAD: AVG 0.0138909 MAX 0.147756  PROXIES: TOTAL 112 MAXPE 7 MAXPATCH 7 RefineTorusLB MEM: 0 MB
LDB: Reverting to original mapping
LDB: ============== END OF LOAD BALANCING =============== 509.745
Info: useSync: 0 useProxySync: 0
LDB: =============== DONE WITH MIGRATION ================ 509.746
PRESSURE: 140000 4130.81 184.692 -407.926 132.548 4776.6 -693.579 -1563.39 2514.83 46516
GPRESSURE: 140000 4138.18 -181.705 -733.223 295.018 4762.24 -835.3 -1537.24 2152.55 46599.8
PRESSAVG: 140000 3072.63 31.8024 74.4043 27.4467 3093.39 -49.9141 -1457.29 3121.9 43233.1
GPRESSAVG: 140000 3072.75 31.5402 74.4652 27.9243 3093.17 -50.1977 -1457.1 3121.7 43232.9
ENERGY:  140000         0.0000         0.0000         0.0000         0.0000          -5642.4581       599.3237         0.0000         0.0000       979.5962          -4063.5381       311.2091     -5043.1344     -4061.9315       309.4096          18474.4662     18500.0732     22548.0941     16466.3870     16466.2835

WRITING COORDINATES TO DCD FILE MD.dcd AT STEP 140000
LDB: ============= START OF LOAD BALANCING ============== 517.549
LDB: ============== END OF LOAD BALANCING =============== 517.549
Info: useSync: 0 useProxySync: 0
LDB: =============== DONE WITH MIGRATION ================ 517.549
LDB: ============= START OF LOAD BALANCING ============== 517.706
LDB: TIME 517.706 LOAD: AVG 0.0132908 MAX 0.144413  PROXIES: TOTAL 112 MAXPE 7 MAXPATCH 7 None MEM: 0 MB
LDB: TIME 517.706 LOAD: AVG 0.0132908 MAX 0.144413  PROXIES: TOTAL 112 MAXPE 7 MAXPATCH 7 RefineTorusLB MEM: 0 MB
LDB: TIME 517.707 LOAD: AVG 0.0132908 MAX 0.144413  PROXIES: TOTAL 112 MAXPE 7 MAXPATCH 7 RefineTorusLB MEM: 0 MB
LDB: ============== END OF LOAD BALANCING =============== 517.707
Info: useSync: 0 useProxySync: 0
LDB: =============== DONE WITH MIGRATION ================ 517.707
LDB: ============= START OF LOAD BALANCING ============== 525.033
LDB: ============== END OF LOAD BALANCING =============== 525.033
Info: useSync: 0 useProxySync: 0
LDB: =============== DONE WITH MIGRATION ================ 525.033
LDB: ============= START OF LOAD BALANCING ============== 525.192
LDB: TIME 525.192 LOAD: AVG 0.0134958 MAX 0.145157  PROXIES: TOTAL 112 MAXPE 7 MAXPATCH 7 None MEM: 0 MB
LDB: TIME 525.192 LOAD: AVG 0.0134958 MAX 0.145157  PROXIES: TOTAL 112 MAXPE 7 MAXPATCH 7 RefineTorusLB MEM: 0 MB
LDB: TIME 525.192 LOAD: AVG 0.0134958 MAX 0.145157  PROXIES: TOTAL 112 MAXPE 7 MAXPATCH 7 RefineTorusLB MEM: 0 MB
LDB: Reverting to original mapping
LDB: ============== END OF LOAD BALANCING =============== 525.192
Info: useSync: 0 useProxySync: 0
LDB: =============== DONE WITH MIGRATION ================ 525.193
LDB: ============= START OF LOAD BALANCING ============== 532.929
LDB: ============== END OF LOAD BALANCING =============== 532.93
Info: useSync: 0 useProxySync: 0
LDB: =============== DONE WITH MIGRATION ================ 532.93
LDB: ============= START OF LOAD BALANCING ============== 533.089
LDB: TIME 533.089 LOAD: AVG 0.0133164 MAX 0.144643  PROXIES: TOTAL 112 MAXPE 7 MAXPATCH 7 None MEM: 0 MB
LDB: TIME 533.089 LOAD: AVG 0.0133164 MAX 0.144643  PROXIES: TOTAL 112 MAXPE 7 MAXPATCH 7 RefineTorusLB MEM: 0 MB
LDB: TIME 533.089 LOAD: AVG 0.0133164 MAX 0.144643  PROXIES: TOTAL 112 MAXPE 7 MAXPATCH 7 RefineTorusLB MEM: 0 MB
LDB: Reverting to original mapping
LDB: ============== END OF LOAD BALANCING =============== 533.089
Info: useSync: 0 useProxySync: 0
LDB: =============== DONE WITH MIGRATION ================ 533.089
WRITING COORDINATES TO DCD FILE MD.dcd AT STEP 145000
PRESSURE: 145000 3777.72 -460.501 -299.492 -650 2763.61 29.1113 -3096.43 3102.67 41728.4
GPRESSURE: 145000 3942.49 -478.894 -49.2608 -437.414 2709.17 241.703 -3048.57 3065.72 41762.4
PRESSAVG: 145000 3189.17 -106.282 78.7874 -92.1611 3244.99 -42.499 -2854.09 2676.52 43538.2
GPRESSAVG: 145000 3189.18 -106.183 78.5943 -92.4598 3245.08 -42.3983 -2853.9 2676.48 43537.8
ENERGY:  145000         0.0000         0.0000         0.0000         0.0000          -5669.5004       565.5880         0.0000         0.0000       981.4579          -4122.4545       311.8006     -5103.9124     -4120.5926       311.0022          16089.9239     16138.0272     22548.0941     16657.4480     16657.3439

LDB: ============= START OF LOAD BALANCING ============== 540.823
LDB: ============== END OF LOAD BALANCING =============== 540.823
Info: useSync: 0 useProxySync: 0
LDB: =============== DONE WITH MIGRATION ================ 540.823
LDB: ============= START OF LOAD BALANCING ============== 541.018
LDB: TIME 541.018 LOAD: AVG 0.0145544 MAX 0.144089  PROXIES: TOTAL 112 MAXPE 7 MAXPATCH 7 None MEM: 0 MB
LDB: TIME 541.018 LOAD: AVG 0.0145544 MAX 0.144089  PROXIES: TOTAL 112 MAXPE 7 MAXPATCH 7 RefineTorusLB MEM: 0 MB
LDB: TIME 541.018 LOAD: AVG 0.0145544 MAX 0.144089  PROXIES: TOTAL 112 MAXPE 7 MAXPATCH 7 RefineTorusLB MEM: 0 MB
LDB: Reverting to original mapping
LDB: ============== END OF LOAD BALANCING =============== 541.019
Info: useSync: 0 useProxySync: 0
LDB: =============== DONE WITH MIGRATION ================ 541.019
LDB: ============= START OF LOAD BALANCING ============== 549.045
LDB: ============== END OF LOAD BALANCING =============== 549.046
Info: useSync: 0 useProxySync: 0
LDB: =============== DONE WITH MIGRATION ================ 549.046
LDB: ============= START OF LOAD BALANCING ============== 549.338
LDB: TIME 549.338 LOAD: AVG 0.0155231 MAX 0.150527  PROXIES: TOTAL 112 MAXPE 7 MAXPATCH 7 None MEM: 0 MB
LDB: TIME 549.338 LOAD: AVG 0.0155231 MAX 0.150527  PROXIES: TOTAL 112 MAXPE 7 MAXPATCH 7 RefineTorusLB MEM: 0 MB
LDB: TIME 549.338 LOAD: AVG 0.0155231 MAX 0.150527  PROXIES: TOTAL 112 MAXPE 7 MAXPATCH 7 RefineTorusLB MEM: 0 MB
LDB: ============== END OF LOAD BALANCING =============== 549.339
Info: useSync: 0 useProxySync: 0
LDB: =============== DONE WITH MIGRATION ================ 549.339
WRITING COORDINATES TO DCD FILE MD.dcd AT STEP 150000
WRITING COORDINATES TO RESTART FILE AT STEP 150000
FINISHED WRITING RESTART COORDINATES
WRITING VELOCITIES TO RESTART FILE AT STEP 150000
FINISHED WRITING RESTART VELOCITIES
The last velocity output (seq=150000) takes 0.000 seconds, 0.000 MB of memory in use
PRESSURE: 150000 3741.88 -854.213 39.3353 -492.421 4382.92 769.492 -2997.29 2520.99 47998.5
GPRESSURE: 150000 3833.42 -876.7 47.6513 -448.025 4475.07 899.479 -2857.99 2306.59 47878.8
PRESSAVG: 150000 3331.5 -88.3433 -69.4095 -99.4561 3335.52 -4.44855 -2988.94 2608.54 45939.2
GPRESSAVG: 150000 3331.65 -88.274 -69.2864 -99.6694 3335.26 -4.56402 -2989.05 2608.65 45939
TIMING: 150000  CPU: 529.298, 0.00375197/step  Wall: 555.202, 0.00398747/step, 0.38767 hours remaining, 0.000000 MB of memory in use.
PERFORMANCE: 150000  averaging 46.6875 ns/day, 0.0037012 sec/step with standard deviation 0.000449098
ETITLE:      TS           BOND          ANGLE          DIHED          IMPRP               ELECT            VDW       BOUNDARY           MISC        KINETIC               TOTAL           TEMP      POTENTIAL         TOTAL3        TEMPAVG            PRESSURE      GPRESSURE         VOLUME       PRESSAVG      GPRESSAVG

ENERGY:  150000         0.0000         0.0000         0.0000         0.0000          -5707.2304       608.3657         0.0000         0.0000       951.0422          -4147.8226       302.1377     -5098.8647     -4145.0091       307.5530          18707.7823     18729.1019     22548.0941     17535.3948     17535.3073

WRITING EXTENDED SYSTEM TO RESTART FILE AT STEP 150000
LDB: ============= START OF LOAD BALANCING ============== 556.129
LDB: ============== END OF LOAD BALANCING =============== 556.129
Info: useSync: 0 useProxySync: 0
LDB: =============== DONE WITH MIGRATION ================ 556.129
LDB: ============= START OF LOAD BALANCING ============== 556.286
LDB: TIME 556.286 LOAD: AVG 0.013339 MAX 0.143606  PROXIES: TOTAL 112 MAXPE 7 MAXPATCH 7 None MEM: 0 MB
LDB: TIME 556.286 LOAD: AVG 0.013339 MAX 0.143606  PROXIES: TOTAL 112 MAXPE 7 MAXPATCH 7 RefineTorusLB MEM: 0 MB
LDB: TIME 556.286 LOAD: AVG 0.013339 MAX 0.143606  PROXIES: TOTAL 112 MAXPE 7 MAXPATCH 7 RefineTorusLB MEM: 0 MB
LDB: Reverting to original mapping
LDB: ============== END OF LOAD BALANCING =============== 556.286
Info: useSync: 0 useProxySync: 0
LDB: =============== DONE WITH MIGRATION ================ 556.286
LDB: ============= START OF LOAD BALANCING ============== 563.739
LDB: ============== END OF LOAD BALANCING =============== 563.74
Info: useSync: 0 useProxySync: 0
LDB: =============== DONE WITH MIGRATION ================ 563.74
LDB: ============= START OF LOAD BALANCING ============== 563.916
LDB: TIME 563.916 LOAD: AVG 0.0143797 MAX 0.160458  PROXIES: TOTAL 112 MAXPE 7 MAXPATCH 7 None MEM: 0 MB
LDB: TIME 563.916 LOAD: AVG 0.0143797 MAX 0.160458  PROXIES: TOTAL 112 MAXPE 7 MAXPATCH 7 RefineTorusLB MEM: 0 MB
LDB: TIME 563.916 LOAD: AVG 0.0143797 MAX 0.160458  PROXIES: TOTAL 112 MAXPE 7 MAXPATCH 7 RefineTorusLB MEM: 0 MB
LDB: ============== END OF LOAD BALANCING =============== 563.916
Info: useSync: 0 useProxySync: 0
LDB: =============== DONE WITH MIGRATION ================ 563.916
LDB: ============= START OF LOAD BALANCING ============== 571.28
LDB: ============== END OF LOAD BALANCING =============== 571.28
Info: useSync: 0 useProxySync: 0
LDB: =============== DONE WITH MIGRATION ================ 571.28
LDB: ============= START OF LOAD BALANCING ============== 571.437
LDB: TIME 571.437 LOAD: AVG 0.0134824 MAX 0.143374  PROXIES: TOTAL 112 MAXPE 7 MAXPATCH 7 None MEM: 0 MB
LDB: TIME 571.437 LOAD: AVG 0.0134824 MAX 0.143374  PROXIES: TOTAL 112 MAXPE 7 MAXPATCH 7 RefineTorusLB MEM: 0 MB
LDB: TIME 571.437 LOAD: AVG 0.0134824 MAX 0.143374  PROXIES: TOTAL 112 MAXPE 7 MAXPATCH 7 RefineTorusLB MEM: 0 MB
LDB: Reverting to original mapping
LDB: ============== END OF LOAD BALANCING =============== 571.437
Info: useSync: 0 useProxySync: 0
LDB: =============== DONE WITH MIGRATION ================ 571.438
WRITING COORDINATES TO DCD FILE MD.dcd AT STEP 155000
PRESSURE: 155000 3199.45 -619.595 147.611 -766.847 3134.8 -298.118 -2914.29 1725.3 46764.1
GPRESSURE: 155000 3140.39 -445.129 154.098 -617.045 3121.16 -162.912 -3123.68 1522.6 46906.4
PRESSAVG: 155000 3255.93 -72.6934 -10.89 -3.41251 3290.92 1.62494 -2733.28 1744.48 48081.6
GPRESSAVG: 155000 3256.07 -72.6352 -10.665 -3.56457 3290.96 1.80719 -2732.83 1744.27 48081.1
ENERGY:  155000         0.0000         0.0000         0.0000         0.0000          -5694.0552       570.9349         0.0000         0.0000       943.1742          -4179.9460       299.6382     -5123.1203     -4176.8912       308.2201          17699.4502     17722.6448     22548.0941     18209.4762     18209.3604

LDB: ============= START OF LOAD BALANCING ============== 579.708
LDB: ============== END OF LOAD BALANCING =============== 579.708
Info: useSync: 0 useProxySync: 0
LDB: =============== DONE WITH MIGRATION ================ 579.708
LDB: ============= START OF LOAD BALANCING ============== 579.913
LDB: TIME 579.913 LOAD: AVG 0.015183 MAX 0.169718  PROXIES: TOTAL 112 MAXPE 7 MAXPATCH 7 None MEM: 0 MB
LDB: TIME 579.913 LOAD: AVG 0.015183 MAX 0.169718  PROXIES: TOTAL 112 MAXPE 7 MAXPATCH 7 RefineTorusLB MEM: 0 MB
LDB: TIME 579.913 LOAD: AVG 0.015183 MAX 0.169718  PROXIES: TOTAL 112 MAXPE 7 MAXPATCH 7 RefineTorusLB MEM: 0 MB
LDB: ============== END OF LOAD BALANCING =============== 579.914
Info: useSync: 0 useProxySync: 0
LDB: =============== DONE WITH MIGRATION ================ 579.914
LDB: ============= START OF LOAD BALANCING ============== 587.41
LDB: ============== END OF LOAD BALANCING =============== 587.41
Info: useSync: 0 useProxySync: 0
LDB: =============== DONE WITH MIGRATION ================ 587.41
LDB: ============= START OF LOAD BALANCING ============== 587.614
LDB: TIME 587.617 LOAD: AVG 0.0147274 MAX 0.158976  PROXIES: TOTAL 112 MAXPE 7 MAXPATCH 7 None MEM: 0 MB
LDB: TIME 587.617 LOAD: AVG 0.0147274 MAX 0.158976  PROXIES: TOTAL 112 MAXPE 7 MAXPATCH 7 RefineTorusLB MEM: 0 MB
LDB: TIME 587.617 LOAD: AVG 0.0147274 MAX 0.158976  PROXIES: TOTAL 112 MAXPE 7 MAXPATCH 7 RefineTorusLB MEM: 0 MB
LDB: ============== END OF LOAD BALANCING =============== 587.617
Info: useSync: 0 useProxySync: 0
LDB: =============== DONE WITH MIGRATION ================ 587.618
WRITING COORDINATES TO DCD FILE MD.dcd AT STEP 160000
PRESSURE: 160000 2963.07 -418.677 -1397 -589.664 2508.45 112.368 -4799.41 1999.09 48923
GPRESSURE: 160000 3053.35 -540.702 -1574.01 -347.188 2546.33 189.131 -4681.84 2010.04 48875.9
PRESSAVG: 160000 2949.15 -38.7924 31.9106 -50.8295 2868.81 -13.1074 -2933.33 1891.77 48340.7
GPRESSAVG: 160000 2949.3 -38.906 31.5355 -51.0405 2868.73 -13.0436 -2933.17 1891.54 48340.2
ENERGY:  160000         0.0000         0.0000         0.0000         0.0000          -5672.4586       561.2801         0.0000         0.0000       970.6536          -4140.5249       308.3681     -5111.1785     -4137.1548       307.6797          18131.5014     18158.5307     22548.0941     18052.8850     18052.7581

LDB: ============= START OF LOAD BALANCING ============== 596.336
LDB: ============== END OF LOAD BALANCING =============== 596.337
Info: useSync: 0 useProxySync: 0
LDB: =============== DONE WITH MIGRATION ================ 596.337
LDB: ============= START OF LOAD BALANCING ============== 596.631
LDB: TIME 596.635 LOAD: AVG 0.0161521 MAX 0.176828  PROXIES: TOTAL 112 MAXPE 7 MAXPATCH 7 None MEM: 0 MB
LDB: TIME 596.635 LOAD: AVG 0.0161521 MAX 0.176828  PROXIES: TOTAL 112 MAXPE 7 MAXPATCH 7 RefineTorusLB MEM: 0 MB
LDB: TIME 596.635 LOAD: AVG 0.0161521 MAX 0.176828  PROXIES: TOTAL 112 MAXPE 7 MAXPATCH 7 RefineTorusLB MEM: 0 MB
LDB: Reverting to original mapping
LDB: ============== END OF LOAD BALANCING =============== 596.635
Info: useSync: 0 useProxySync: 0
LDB: =============== DONE WITH MIGRATION ================ 596.636
LDB: ============= START OF LOAD BALANCING ============== 604.848
LDB: ============== END OF LOAD BALANCING =============== 604.848
Info: useSync: 0 useProxySync: 0
LDB: =============== DONE WITH MIGRATION ================ 604.848
LDB: ============= START OF LOAD BALANCING ============== 605.023
LDB: TIME 605.024 LOAD: AVG 0.0145216 MAX 0.161183  PROXIES: TOTAL 112 MAXPE 7 MAXPATCH 7 None MEM: 0 MB
LDB: TIME 605.024 LOAD: AVG 0.0145216 MAX 0.161183  PROXIES: TOTAL 112 MAXPE 7 MAXPATCH 7 RefineTorusLB MEM: 0 MB
LDB: TIME 605.024 LOAD: AVG 0.0145216 MAX 0.161183  PROXIES: TOTAL 112 MAXPE 7 MAXPATCH 7 RefineTorusLB MEM: 0 MB
LDB: ============== END OF LOAD BALANCING =============== 605.024
Info: useSync: 0 useProxySync: 0
LDB: =============== DONE WITH MIGRATION ================ 605.024
LDB: ============= START OF LOAD BALANCING ============== 612.578
LDB: ============== END OF LOAD BALANCING =============== 612.578
Info: useSync: 0 useProxySync: 0
LDB: =============== DONE WITH MIGRATION ================ 612.578
LDB: ============= START OF LOAD BALANCING ============== 612.817
LDB: TIME 612.817 LOAD: AVG 0.0168211 MAX 0.195914  PROXIES: TOTAL 112 MAXPE 7 MAXPATCH 7 None MEM: 0 MB
LDB: TIME 612.817 LOAD: AVG 0.0168211 MAX 0.195914  PROXIES: TOTAL 112 MAXPE 7 MAXPATCH 7 RefineTorusLB MEM: 0 MB
LDB: TIME 612.817 LOAD: AVG 0.0168211 MAX 0.195914  PROXIES: TOTAL 112 MAXPE 7 MAXPATCH 7 RefineTorusLB MEM: 0 MB
LDB: ============== END OF LOAD BALANCING =============== 612.817
Info: useSync: 0 useProxySync: 0
LDB: =============== DONE WITH MIGRATION ================ 612.817
PRESSURE: 165000 2923.12 410.502 -765.442 1281.98 3838.71 -157.96 -4980.82 2751.21 49219
GPRESSURE: 165000 2848.25 424.283 -1008.05 1191.73 3737.64 55.5457 -4545.76 2591.41 49456.2
PRESSAVG: 165000 3081.16 54.2002 21.7496 40.7023 3252.14 -21.254 -3841.16 2368.53 49947.4
GPRESSAVG: 165000 3081.2 54.2886 21.7209 40.6297 3252.24 -21.1189 -3841.03 2368.86 49947
ENERGY:  165000         0.0000         0.0000         0.0000         0.0000          -5720.4551       555.2985         0.0000         0.0000       986.6849          -4178.4717       313.4611     -5165.1566     -4175.1473       307.7732          18660.2657     18680.6918     22548.0941     18760.2340     18760.1490

WRITING COORDINATES TO DCD FILE MD.dcd AT STEP 165000
LDB: ============= START OF LOAD BALANCING ============== 619.911
LDB: ============== END OF LOAD BALANCING =============== 619.911
Info: useSync: 0 useProxySync: 0
LDB: =============== DONE WITH MIGRATION ================ 619.911
LDB: ============= START OF LOAD BALANCING ============== 620.094
LDB: TIME 620.094 LOAD: AVG 0.0150791 MAX 0.166422  PROXIES: TOTAL 112 MAXPE 7 MAXPATCH 7 None MEM: 0 MB
LDB: TIME 620.094 LOAD: AVG 0.0150791 MAX 0.166422  PROXIES: TOTAL 112 MAXPE 7 MAXPATCH 7 RefineTorusLB MEM: 0 MB
LDB: TIME 620.094 LOAD: AVG 0.0150791 MAX 0.166422  PROXIES: TOTAL 112 MAXPE 7 MAXPATCH 7 RefineTorusLB MEM: 0 MB
LDB: ============== END OF LOAD BALANCING =============== 620.094
Info: useSync: 0 useProxySync: 0
LDB: =============== DONE WITH MIGRATION ================ 620.095
LDB: ============= START OF LOAD BALANCING ============== 628.541
LDB: ============== END OF LOAD BALANCING =============== 628.541
Info: useSync: 0 useProxySync: 0
LDB: =============== DONE WITH MIGRATION ================ 628.541
LDB: ============= START OF LOAD BALANCING ============== 628.741
LDB: TIME 628.753 LOAD: AVG 0.0137191 MAX 0.142912  PROXIES: TOTAL 112 MAXPE 7 MAXPATCH 7 None MEM: 0 MB
LDB: TIME 628.753 LOAD: AVG 0.0137191 MAX 0.142912  PROXIES: TOTAL 112 MAXPE 7 MAXPATCH 7 RefineTorusLB MEM: 0 MB
LDB: TIME 628.753 LOAD: AVG 0.0137191 MAX 0.142912  PROXIES: TOTAL 112 MAXPE 7 MAXPATCH 7 RefineTorusLB MEM: 0 MB
LDB: ============== END OF LOAD BALANCING =============== 628.765
Info: useSync: 0 useProxySync: 0
LDB: =============== DONE WITH MIGRATION ================ 628.859
PRESSURE: 170000 2328.02 357.831 -167.776 592.635 2804.72 -60.6317 -4625.36 1648.8 47972.6
GPRESSURE: 170000 2591.08 399.582 -244.589 790.728 2740.78 -211.942 -4339.53 1641.47 47835.9
PRESSAVG: 170000 3154.63 23.093 30.9022 73.1091 3203.12 -28.293 -4060.14 2414.37 51571.6
GPRESSAVG: 170000 3154.47 22.7029 31.0484 72.9392 3203.14 -28.2321 -4060.2 2414.35 51571.5
ENERGY:  170000         0.0000         0.0000         0.0000         0.0000          -5636.9241       487.8505         0.0000         0.0000       974.9351          -4174.1384       309.7283     -5149.0736     -4170.9349       306.1079          17701.7917     17722.5973     22548.0941     19309.7944     19309.7046

WRITING COORDINATES TO DCD FILE MD.dcd AT STEP 170000
LDB: ============= START OF LOAD BALANCING ============== 636.07
LDB: ============== END OF LOAD BALANCING =============== 636.07
Info: useSync: 0 useProxySync: 0
LDB: =============== DONE WITH MIGRATION ================ 636.07
LDB: ============= START OF LOAD BALANCING ============== 636.237
LDB: TIME 636.239 LOAD: AVG 0.0136126 MAX 0.145315  PROXIES: TOTAL 112 MAXPE 7 MAXPATCH 7 None MEM: 0 MB
LDB: TIME 636.239 LOAD: AVG 0.0136126 MAX 0.145315  PROXIES: TOTAL 112 MAXPE 7 MAXPATCH 7 RefineTorusLB MEM: 0 MB
LDB: TIME 636.239 LOAD: AVG 0.0136126 MAX 0.145315  PROXIES: TOTAL 112 MAXPE 7 MAXPATCH 7 RefineTorusLB MEM: 0 MB
LDB: ============== END OF LOAD BALANCING =============== 636.239
Info: useSync: 0 useProxySync: 0
LDB: =============== DONE WITH MIGRATION ================ 636.24
LDB: ============= START OF LOAD BALANCING ============== 644.111
LDB: ============== END OF LOAD BALANCING =============== 644.112
Info: useSync: 0 useProxySync: 0
LDB: =============== DONE WITH MIGRATION ================ 644.112
LDB: ============= START OF LOAD BALANCING ============== 644.293
LDB: TIME 644.293 LOAD: AVG 0.0148535 MAX 0.167462  PROXIES: TOTAL 112 MAXPE 7 MAXPATCH 7 None MEM: 0 MB
LDB: TIME 644.293 LOAD: AVG 0.0148535 MAX 0.167462  PROXIES: TOTAL 112 MAXPE 7 MAXPATCH 7 RefineTorusLB MEM: 0 MB
LDB: TIME 644.293 LOAD: AVG 0.0148535 MAX 0.167462  PROXIES: TOTAL 112 MAXPE 7 MAXPATCH 7 RefineTorusLB MEM: 0 MB
LDB: Reverting to original mapping
LDB: ============== END OF LOAD BALANCING =============== 644.293
Info: useSync: 0 useProxySync: 0
LDB: =============== DONE WITH MIGRATION ================ 644.294
LDB: ============= START OF LOAD BALANCING ============== 651.559
LDB: ============== END OF LOAD BALANCING =============== 651.559
Info: useSync: 0 useProxySync: 0
LDB: =============== DONE WITH MIGRATION ================ 651.559
LDB: ============= START OF LOAD BALANCING ============== 651.775
LDB: TIME 651.776 LOAD: AVG 0.0146249 MAX 0.147258  PROXIES: TOTAL 112 MAXPE 7 MAXPATCH 7 None MEM: 0 MB
LDB: TIME 651.776 LOAD: AVG 0.0146249 MAX 0.147258  PROXIES: TOTAL 112 MAXPE 7 MAXPATCH 7 RefineTorusLB MEM: 0 MB
LDB: TIME 651.776 LOAD: AVG 0.0146249 MAX 0.147258  PROXIES: TOTAL 112 MAXPE 7 MAXPATCH 7 RefineTorusLB MEM: 0 MB
LDB: ============== END OF LOAD BALANCING =============== 651.779
Info: useSync: 0 useProxySync: 0
LDB: =============== DONE WITH MIGRATION ================ 651.78
WRITING COORDINATES TO DCD FILE MD.dcd AT STEP 175000
PRESSURE: 175000 2339.18 172.168 -439.783 -579.132 2144.66 -893.557 -3463.3 1780.53 49595.5
GPRESSURE: 175000 2586.14 177.962 -480.261 -687.07 2200.06 -921.802 -3465.36 2104.48 49400.1
PRESSAVG: 175000 2927.94 -70.1038 153.996 -70.0396 2981.96 65.2084 -3487.17 1628.98 52443.9
GPRESSAVG: 175000 2927.96 -70.098 154.204 -69.9849 2981.81 65.0331 -3486.61 1629.19 52443.9
ENERGY:  175000         0.0000         0.0000         0.0000         0.0000          -5691.3015       541.0430         0.0000         0.0000       944.3105          -4205.9480       299.9992     -5150.2585     -4203.8314       305.4996          18026.4552     18062.1033     22548.0941     19451.2661     19451.2286

LDB: ============= START OF LOAD BALANCING ============== 659.492
LDB: ============== END OF LOAD BALANCING =============== 659.492
Info: useSync: 0 useProxySync: 0
LDB: =============== DONE WITH MIGRATION ================ 659.492
LDB: ============= START OF LOAD BALANCING ============== 659.697
LDB: TIME 659.698 LOAD: AVG 0.0151243 MAX 0.168435  PROXIES: TOTAL 112 MAXPE 7 MAXPATCH 7 None MEM: 0 MB
LDB: TIME 659.698 LOAD: AVG 0.0151243 MAX 0.168435  PROXIES: TOTAL 112 MAXPE 7 MAXPATCH 7 RefineTorusLB MEM: 0 MB
LDB: TIME 659.698 LOAD: AVG 0.0151243 MAX 0.168435  PROXIES: TOTAL 112 MAXPE 7 MAXPATCH 7 RefineTorusLB MEM: 0 MB
LDB: Reverting to original mapping
LDB: ============== END OF LOAD BALANCING =============== 659.698
Info: useSync: 0 useProxySync: 0
LDB: =============== DONE WITH MIGRATION ================ 659.698
LDB: ============= START OF LOAD BALANCING ============== 667.961
LDB: ============== END OF LOAD BALANCING =============== 667.961
Info: useSync: 0 useProxySync: 0
LDB: =============== DONE WITH MIGRATION ================ 667.962
LDB: ============= START OF LOAD BALANCING ============== 668.12
LDB: TIME 668.12 LOAD: AVG 0.0134681 MAX 0.144002  PROXIES: TOTAL 112 MAXPE 7 MAXPATCH 7 None MEM: 0 MB
LDB: TIME 668.12 LOAD: AVG 0.0134681 MAX 0.144002  PROXIES: TOTAL 112 MAXPE 7 MAXPATCH 7 RefineTorusLB MEM: 0 MB
LDB: TIME 668.12 LOAD: AVG 0.0134681 MAX 0.144002  PROXIES: TOTAL 112 MAXPE 7 MAXPATCH 7 RefineTorusLB MEM: 0 MB
LDB: ============== END OF LOAD BALANCING =============== 668.12
Info: useSync: 0 useProxySync: 0
LDB: =============== DONE WITH MIGRATION ================ 668.121
WRITING COORDINATES TO DCD FILE MD.dcd AT STEP 180000
PRESSURE: 180000 3395.75 -705.701 120.571 -229.43 2826.84 799.03 -2273 2699.01 52026.5
GPRESSURE: 180000 3484.47 -431.479 311.776 -709.597 2737.75 854.97 -2104.76 2597.15 52108.8
PRESSAVG: 180000 2797.14 -50.055 -35.983 21.8699 2823.32 13.8903 -3239.2 1409.07 52452.6
GPRESSAVG: 180000 2797.27 -50.201 -35.8743 22.1607 2823.22 14.2235 -3239.45 1408.74 52452.3
ENERGY:  180000         0.0000         0.0000         0.0000         0.0000          -5759.3981       587.6131         0.0000         0.0000       961.9734          -4209.8116       305.6105     -5171.7850     -4206.1584       305.8137          19416.3751     19443.6730     22548.0941     19357.6772     19357.6072

LDB: ============= START OF LOAD BALANCING ============== 675.058
LDB: ============== END OF LOAD BALANCING =============== 675.058
Info: useSync: 0 useProxySync: 0
LDB: =============== DONE WITH MIGRATION ================ 675.058
LDB: ============= START OF LOAD BALANCING ============== 675.233
LDB: TIME 675.234 LOAD: AVG 0.0137723 MAX 0.143982  PROXIES: TOTAL 112 MAXPE 7 MAXPATCH 7 None MEM: 0 MB
LDB: TIME 675.234 LOAD: AVG 0.0137723 MAX 0.143982  PROXIES: TOTAL 112 MAXPE 7 MAXPATCH 7 RefineTorusLB MEM: 0 MB
LDB: TIME 675.234 LOAD: AVG 0.0137723 MAX 0.143982  PROXIES: TOTAL 112 MAXPE 7 MAXPATCH 7 RefineTorusLB MEM: 0 MB
LDB: Reverting to original mapping
LDB: ============== END OF LOAD BALANCING =============== 675.234
Info: useSync: 0 useProxySync: 0
LDB: =============== DONE WITH MIGRATION ================ 675.234
LDB: ============= START OF LOAD BALANCING ============== 681.713
LDB: ============== END OF LOAD BALANCING =============== 681.713
Info: useSync: 0 useProxySync: 0
LDB: =============== DONE WITH MIGRATION ================ 681.713
LDB: ============= START OF LOAD BALANCING ============== 681.871
LDB: TIME 681.871 LOAD: AVG 0.0133711 MAX 0.143351  PROXIES: TOTAL 112 MAXPE 7 MAXPATCH 7 None MEM: 0 MB
LDB: TIME 681.871 LOAD: AVG 0.0133711 MAX 0.143351  PROXIES: TOTAL 112 MAXPE 7 MAXPATCH 7 RefineTorusLB MEM: 0 MB
LDB: TIME 681.871 LOAD: AVG 0.0133711 MAX 0.143351  PROXIES: TOTAL 112 MAXPE 7 MAXPATCH 7 RefineTorusLB MEM: 0 MB
LDB: Reverting to original mapping
LDB: ============== END OF LOAD BALANCING =============== 681.872
Info: useSync: 0 useProxySync: 0
LDB: =============== DONE WITH MIGRATION ================ 681.872
LDB: ============= START OF LOAD BALANCING ============== 688.483
LDB: ============== END OF LOAD BALANCING =============== 688.483
Info: useSync: 0 useProxySync: 0
LDB: =============== DONE WITH MIGRATION ================ 688.483
LDB: ============= START OF LOAD BALANCING ============== 688.641
LDB: TIME 688.641 LOAD: AVG 0.0131588 MAX 0.143339  PROXIES: TOTAL 112 MAXPE 7 MAXPATCH 7 None MEM: 0 MB
LDB: TIME 688.641 LOAD: AVG 0.0131588 MAX 0.143339  PROXIES: TOTAL 112 MAXPE 7 MAXPATCH 7 RefineTorusLB MEM: 0 MB
LDB: TIME 688.641 LOAD: AVG 0.0131588 MAX 0.143339  PROXIES: TOTAL 112 MAXPE 7 MAXPATCH 7 RefineTorusLB MEM: 0 MB
LDB: Reverting to original mapping
LDB: ============== END OF LOAD BALANCING =============== 688.642
Info: useSync: 0 useProxySync: 0
LDB: =============== DONE WITH MIGRATION ================ 688.642
PRESSURE: 185000 2308.51 -55.2473 -585.712 94.8828 4060.62 -131.712 -1762.45 2243.68 52288.1
GPRESSURE: 185000 2234.3 -168.447 -662.961 94.4774 4039.13 -91.572 -1754.92 2262.89 52405.8
PRESSAVG: 185000 2923.93 -45.57 47.7163 0.820572 2930.64 8.31771 -2513.47 1713.58 52799.3
GPRESSAVG: 185000 2924 -45.5912 47.6602 1.07224 2930.61 7.8746 -2513.5 1713.87 52799.1
ENERGY:  185000         0.0000         0.0000         0.0000         0.0000          -5605.6676       534.8086         0.0000         0.0000       977.0220          -4093.8370       310.3913     -5070.8590     -4091.2953       307.6070          19552.4127     19559.7448     22548.0941     19551.2814     19551.2244

WRITING COORDINATES TO DCD FILE MD.dcd AT STEP 185000
LDB: ============= START OF LOAD BALANCING ============== 696.169
LDB: ============== END OF LOAD BALANCING =============== 696.172
Info: useSync: 0 useProxySync: 0
LDB: =============== DONE WITH MIGRATION ================ 696.181
LDB: ============= START OF LOAD BALANCING ============== 696.445
LDB: TIME 696.448 LOAD: AVG 0.0155801 MAX 0.168046  PROXIES: TOTAL 112 MAXPE 7 MAXPATCH 7 None MEM: 0 MB
LDB: TIME 696.448 LOAD: AVG 0.0155801 MAX 0.168046  PROXIES: TOTAL 112 MAXPE 7 MAXPATCH 7 RefineTorusLB MEM: 0 MB
LDB: TIME 696.448 LOAD: AVG 0.0155801 MAX 0.168046  PROXIES: TOTAL 112 MAXPE 7 MAXPATCH 7 RefineTorusLB MEM: 0 MB
LDB: ============== END OF LOAD BALANCING =============== 696.448
Info: useSync: 0 useProxySync: 0
LDB: =============== DONE WITH MIGRATION ================ 696.449
LDB: ============= START OF LOAD BALANCING ============== 704.007
LDB: ============== END OF LOAD BALANCING =============== 704.007
Info: useSync: 0 useProxySync: 0
LDB: =============== DONE WITH MIGRATION ================ 704.007
LDB: ============= START OF LOAD BALANCING ============== 704.19
LDB: TIME 704.19 LOAD: AVG 0.0148699 MAX 0.168111  PROXIES: TOTAL 112 MAXPE 7 MAXPATCH 7 None MEM: 0 MB
LDB: TIME 704.19 LOAD: AVG 0.0148699 MAX 0.168111  PROXIES: TOTAL 112 MAXPE 7 MAXPATCH 7 RefineTorusLB MEM: 0 MB
LDB: TIME 704.19 LOAD: AVG 0.0148699 MAX 0.168111  PROXIES: TOTAL 112 MAXPE 7 MAXPATCH 7 RefineTorusLB MEM: 0 MB
LDB: ============== END OF LOAD BALANCING =============== 704.19
Info: useSync: 0 useProxySync: 0
LDB: =============== DONE WITH MIGRATION ================ 704.191
WRITING COORDINATES TO DCD FILE MD.dcd AT STEP 190000
PRESSURE: 190000 1424.7 -1054.87 117.654 -384.794 2538.08 1244.94 -3050.96 2717.29 53202.1
GPRESSURE: 190000 1553.3 -958.738 38.454 -321.876 2561.33 1141.4 -3378.7 2787.05 53119.9
PRESSAVG: 190000 3041.01 15.758 -74.2656 122.493 2808.12 44.2357 -2363.71 1976.75 54827.3
GPRESSAVG: 190000 3040.98 16.0025 -73.6741 122.462 2808.22 44.3534 -2363.57 1976.79 54826.9
ENERGY:  190000         0.0000         0.0000         0.0000         0.0000          -5597.8970       497.3218         0.0000         0.0000      1007.4135          -4093.1616       320.0464     -5100.5752     -4090.1683       309.3207          19054.9727     19078.1734     22548.0941     20225.4844     20225.3805

LDB: ============= START OF LOAD BALANCING ============== 713.926
LDB: ============== END OF LOAD BALANCING =============== 713.926
Info: useSync: 0 useProxySync: 0
LDB: =============== DONE WITH MIGRATION ================ 713.926
LDB: ============= START OF LOAD BALANCING ============== 714.268
LDB: TIME 714.268 LOAD: AVG 0.0181532 MAX 0.199597  PROXIES: TOTAL 112 MAXPE 7 MAXPATCH 7 None MEM: 0 MB
LDB: TIME 714.268 LOAD: AVG 0.0181532 MAX 0.199597  PROXIES: TOTAL 112 MAXPE 7 MAXPATCH 7 RefineTorusLB MEM: 0 MB
LDB: TIME 714.268 LOAD: AVG 0.0181532 MAX 0.199597  PROXIES: TOTAL 112 MAXPE 7 MAXPATCH 7 RefineTorusLB MEM: 0 MB
LDB: ============== END OF LOAD BALANCING =============== 714.268
Info: useSync: 0 useProxySync: 0
LDB: =============== DONE WITH MIGRATION ================ 714.269
LDB: ============= START OF LOAD BALANCING ============== 722.069
LDB: ============== END OF LOAD BALANCING =============== 722.07
Info: useSync: 0 useProxySync: 0
LDB: =============== DONE WITH MIGRATION ================ 722.07
LDB: ============= START OF LOAD BALANCING ============== 722.229
LDB: TIME 722.229 LOAD: AVG 0.0133617 MAX 0.144206  PROXIES: TOTAL 112 MAXPE 7 MAXPATCH 7 None MEM: 0 MB
LDB: TIME 722.229 LOAD: AVG 0.0133617 MAX 0.144206  PROXIES: TOTAL 112 MAXPE 7 MAXPATCH 7 RefineTorusLB MEM: 0 MB
LDB: TIME 722.229 LOAD: AVG 0.0133617 MAX 0.144206  PROXIES: TOTAL 112 MAXPE 7 MAXPATCH 7 RefineTorusLB MEM: 0 MB
LDB: Reverting to original mapping
LDB: ============== END OF LOAD BALANCING =============== 722.229
Info: useSync: 0 useProxySync: 0
LDB: =============== DONE WITH MIGRATION ================ 722.229
LDB: ============= START OF LOAD BALANCING ============== 730.036
LDB: ============== END OF LOAD BALANCING =============== 730.036
Info: useSync: 0 useProxySync: 0
LDB: =============== DONE WITH MIGRATION ================ 730.036
LDB: ============= START OF LOAD BALANCING ============== 730.216
LDB: TIME 730.216 LOAD: AVG 0.0149112 MAX 0.167303  PROXIES: TOTAL 112 MAXPE 7 MAXPATCH 7 None MEM: 0 MB
LDB: TIME 730.216 LOAD: AVG 0.0149112 MAX 0.167303  PROXIES: TOTAL 112 MAXPE 7 MAXPATCH 7 RefineTorusLB MEM: 0 MB
LDB: TIME 730.216 LOAD: AVG 0.0149112 MAX 0.167303  PROXIES: TOTAL 112 MAXPE 7 MAXPATCH 7 RefineTorusLB MEM: 0 MB
LDB: ============== END OF LOAD BALANCING =============== 730.216
Info: useSync: 0 useProxySync: 0
LDB: =============== DONE WITH MIGRATION ================ 730.217
WRITING COORDINATES TO DCD FILE MD.dcd AT STEP 195000
PRESSURE: 195000 3087.97 1026.05 471.477 -37.9496 3547.95 727.747 -2255.49 1013.49 56747.7
GPRESSURE: 195000 3114.06 1163.91 354.144 86.5819 3536.57 408.287 -2292.68 1334.51 56738.7
PRESSAVG: 195000 2734.85 76.4796 6.64573 -3.08593 2570.08 85.8159 -2903.21 1126.48 55200.9
GPRESSAVG: 195000 2734.39 76.6882 6.3269 -3.18366 2569.87 85.763 -2903.45 1126.52 55200.8
ENERGY:  195000         0.0000         0.0000         0.0000         0.0000          -5628.1048       552.7167         0.0000         0.0000       968.7901          -4106.5980       307.7761     -5075.3881     -4105.2633       310.0700          21127.8670     21129.7773     22548.0941     20168.6065     20168.3366

LDB: ============= START OF LOAD BALANCING ============== 737.983
LDB: ============== END OF LOAD BALANCING =============== 737.983
Info: useSync: 0 useProxySync: 0
LDB: =============== DONE WITH MIGRATION ================ 737.983
LDB: ============= START OF LOAD BALANCING ============== 738.246
LDB: TIME 738.246 LOAD: AVG 0.0157311 MAX 0.143257  PROXIES: TOTAL 112 MAXPE 7 MAXPATCH 7 None MEM: 0 MB
LDB: TIME 738.246 LOAD: AVG 0.0157311 MAX 0.143257  PROXIES: TOTAL 112 MAXPE 7 MAXPATCH 7 RefineTorusLB MEM: 0 MB
LDB: TIME 738.246 LOAD: AVG 0.0157311 MAX 0.143257  PROXIES: TOTAL 112 MAXPE 7 MAXPATCH 7 RefineTorusLB MEM: 0 MB
LDB: ============== END OF LOAD BALANCING =============== 738.247
Info: useSync: 0 useProxySync: 0
LDB: =============== DONE WITH MIGRATION ================ 738.247
LDB: ============= START OF LOAD BALANCING ============== 745.659
LDB: ============== END OF LOAD BALANCING =============== 745.659
Info: useSync: 0 useProxySync: 0
LDB: =============== DONE WITH MIGRATION ================ 745.659
LDB: ============= START OF LOAD BALANCING ============== 745.818
LDB: TIME 745.818 LOAD: AVG 0.0132999 MAX 0.143527  PROXIES: TOTAL 112 MAXPE 7 MAXPATCH 7 None MEM: 0 MB
LDB: TIME 745.818 LOAD: AVG 0.0132999 MAX 0.143527  PROXIES: TOTAL 112 MAXPE 7 MAXPATCH 7 RefineTorusLB MEM: 0 MB
LDB: TIME 745.818 LOAD: AVG 0.0132999 MAX 0.143527  PROXIES: TOTAL 112 MAXPE 7 MAXPATCH 7 RefineTorusLB MEM: 0 MB
LDB: Reverting to original mapping
LDB: ============== END OF LOAD BALANCING =============== 745.818
Info: useSync: 0 useProxySync: 0
LDB: =============== DONE WITH MIGRATION ================ 745.818
PRESSURE: 200000 2514.7 -246.742 315.023 -118.847 1557.91 1340.05 -2214.17 2157.13 55869.6
GPRESSURE: 200000 2638.13 -189.613 433.628 -93.4536 1448.93 1431.82 -2480.01 2110.43 55963.4
PRESSAVG: 200000 2843.41 79.184 45.0242 -8.42772 2716.84 18.8367 -2623.1 1105.69 57378.3
GPRESSAVG: 200000 2843.29 78.7017 44.7625 -8.41254 2717.42 18.6879 -2622.52 1106.29 57378.6
TIMING: 200000  CPU: 717.537, 0.00376477/step  Wall: 752.997, 0.00395591/step, 0.329659 hours remaining, 0.000000 MB of memory in use.
PERFORMANCE: 200000  averaging 45.8979 ns/day, 0.00376488 sec/step with standard deviation 0.000388172
ETITLE:      TS           BOND          ANGLE          DIHED          IMPRP               ELECT            VDW       BOUNDARY           MISC        KINETIC               TOTAL           TEMP      POTENTIAL         TOTAL3        TEMPAVG            PRESSURE      GPRESSURE         VOLUME       PRESSAVG      GPRESSAVG

ENERGY:  200000         0.0000         0.0000         0.0000         0.0000          -5587.5421       491.6709         0.0000         0.0000       950.3863          -4145.4848       301.9294     -5095.8712     -4143.3127       307.5617          19980.7235     20016.8142     22548.0941     20979.5297     20979.7588

WRITING EXTENDED SYSTEM TO RESTART FILE AT STEP 200000
WRITING COORDINATES TO DCD FILE MD.dcd AT STEP 200000
WRITING COORDINATES TO RESTART FILE AT STEP 200000
FINISHED WRITING RESTART COORDINATES
WRITING VELOCITIES TO RESTART FILE AT STEP 200000
FINISHED WRITING RESTART VELOCITIES
The last velocity output (seq=200000) takes 0.001 seconds, 0.000 MB of memory in use
LDB: ============= START OF LOAD BALANCING ============== 754.074
LDB: ============== END OF LOAD BALANCING =============== 754.074
Info: useSync: 0 useProxySync: 0
LDB: =============== DONE WITH MIGRATION ================ 754.074
LDB: ============= START OF LOAD BALANCING ============== 754.231
LDB: TIME 754.231 LOAD: AVG 0.0131077 MAX 0.143758  PROXIES: TOTAL 112 MAXPE 7 MAXPATCH 7 None MEM: 0 MB
LDB: TIME 754.231 LOAD: AVG 0.0131077 MAX 0.143758  PROXIES: TOTAL 112 MAXPE 7 MAXPATCH 7 RefineTorusLB MEM: 0 MB
LDB: TIME 754.231 LOAD: AVG 0.0131077 MAX 0.143758  PROXIES: TOTAL 112 MAXPE 7 MAXPATCH 7 RefineTorusLB MEM: 0 MB
LDB: Reverting to original mapping
LDB: ============== END OF LOAD BALANCING =============== 754.231
Info: useSync: 0 useProxySync: 0
LDB: =============== DONE WITH MIGRATION ================ 754.231
LDB: ============= START OF LOAD BALANCING ============== 761.334
LDB: ============== END OF LOAD BALANCING =============== 761.334
Info: useSync: 0 useProxySync: 0
LDB: =============== DONE WITH MIGRATION ================ 761.334
LDB: ============= START OF LOAD BALANCING ============== 761.624
LDB: TIME 761.636 LOAD: AVG 0.0169496 MAX 0.188824  PROXIES: TOTAL 112 MAXPE 7 MAXPATCH 7 None MEM: 0 MB
LDB: TIME 761.636 LOAD: AVG 0.0169496 MAX 0.188824  PROXIES: TOTAL 112 MAXPE 7 MAXPATCH 7 RefineTorusLB MEM: 0 MB
LDB: TIME 761.636 LOAD: AVG 0.0169496 MAX 0.188824  PROXIES: TOTAL 112 MAXPE 7 MAXPATCH 7 RefineTorusLB MEM: 0 MB
LDB: Reverting to original mapping
LDB: ============== END OF LOAD BALANCING =============== 761.648
Info: useSync: 0 useProxySync: 0
LDB: =============== DONE WITH MIGRATION ================ 761.702
LDB: ============= START OF LOAD BALANCING ============== 769.532
LDB: ============== END OF LOAD BALANCING =============== 769.532
Info: useSync: 0 useProxySync: 0
LDB: =============== DONE WITH MIGRATION ================ 769.532
LDB: ============= START OF LOAD BALANCING ============== 769.717
LDB: TIME 769.717 LOAD: AVG 0.0149277 MAX 0.169287  PROXIES: TOTAL 112 MAXPE 7 MAXPATCH 7 None MEM: 0 MB
LDB: TIME 769.717 LOAD: AVG 0.0149277 MAX 0.169287  PROXIES: TOTAL 112 MAXPE 7 MAXPATCH 7 RefineTorusLB MEM: 0 MB
LDB: TIME 769.717 LOAD: AVG 0.0149277 MAX 0.169287  PROXIES: TOTAL 112 MAXPE 7 MAXPATCH 7 RefineTorusLB MEM: 0 MB
LDB: ============== END OF LOAD BALANCING =============== 769.717
Info: useSync: 0 useProxySync: 0
LDB: =============== DONE WITH MIGRATION ================ 769.718
PRESSURE: 205000 3327.53 -418.493 -484.579 -561.673 1575.29 110.035 -3848.43 1154.85 60566.1
GPRESSURE: 205000 3250.97 -697.285 -554.837 -283.475 1806.88 331.844 -3967.96 872.675 60460.3
PRESSAVG: 205000 2710.39 39.686 -33.5022 15.5646 2709.4 -38.5291 -3106.51 1177.63 58052.5
GPRESSAVG: 205000 2710.23 40.2574 -32.9909 15.579 2709.28 -38.4811 -3106.48 1177.04 58052.5
ENERGY:  205000         0.0000         0.0000         0.0000         0.0000          -5633.7396       534.9579         0.0000         0.0000       996.5417          -4102.2401       316.5925     -5098.7818     -4100.4696       310.1073          21822.9792     21839.3672     22548.0941     21157.4145     21157.3393

WRITING COORDINATES TO DCD FILE MD.dcd AT STEP 205000
LDB: ============= START OF LOAD BALANCING ============== 777.756
LDB: ============== END OF LOAD BALANCING =============== 777.756
Info: useSync: 0 useProxySync: 0
LDB: =============== DONE WITH MIGRATION ================ 777.756
LDB: ============= START OF LOAD BALANCING ============== 777.936
LDB: TIME 777.936 LOAD: AVG 0.0144318 MAX 0.16265  PROXIES: TOTAL 112 MAXPE 7 MAXPATCH 7 None MEM: 0 MB
LDB: TIME 777.936 LOAD: AVG 0.0144318 MAX 0.16265  PROXIES: TOTAL 112 MAXPE 7 MAXPATCH 7 RefineTorusLB MEM: 0 MB
LDB: TIME 777.936 LOAD: AVG 0.0144318 MAX 0.16265  PROXIES: TOTAL 112 MAXPE 7 MAXPATCH 7 RefineTorusLB MEM: 0 MB
LDB: Reverting to original mapping
LDB: ============== END OF LOAD BALANCING =============== 777.937
Info: useSync: 0 useProxySync: 0
LDB: =============== DONE WITH MIGRATION ================ 777.937
LDB: ============= START OF LOAD BALANCING ============== 785.759
LDB: ============== END OF LOAD BALANCING =============== 785.759
Info: useSync: 0 useProxySync: 0
LDB: =============== DONE WITH MIGRATION ================ 785.759
LDB: ============= START OF LOAD BALANCING ============== 785.983
LDB: TIME 785.983 LOAD: AVG 0.0133736 MAX 0.131597  PROXIES: TOTAL 112 MAXPE 7 MAXPATCH 7 None MEM: 0 MB
LDB: TIME 785.983 LOAD: AVG 0.0133736 MAX 0.131597  PROXIES: TOTAL 112 MAXPE 7 MAXPATCH 7 RefineTorusLB MEM: 0 MB
LDB: TIME 785.983 LOAD: AVG 0.0133736 MAX 0.131597  PROXIES: TOTAL 112 MAXPE 7 MAXPATCH 7 RefineTorusLB MEM: 0 MB
LDB: ============== END OF LOAD BALANCING =============== 785.983
Info: useSync: 0 useProxySync: 0
LDB: =============== DONE WITH MIGRATION ================ 785.988
PRESSURE: 210000 3059.2 93.5812 89.8135 1267.22 2245.91 -691.454 -2744.22 1317.79 60954.7
GPRESSURE: 210000 3167.44 -125.78 -100.841 1327.85 2226.95 -793.656 -2642.72 1250.28 60911
PRESSAVG: 210000 3153.59 -35.1254 -53.1593 36.6463 3033.51 23.9082 -3118.98 1030.08 60443.4
GPRESSAVG: 210000 3153.67 -35.0666 -53.433 36.3811 3033.56 24.4435 -3119.04 1030.2 60443
ENERGY:  210000         0.0000         0.0000         0.0000         0.0000          -5642.2290       548.5379         0.0000         0.0000       915.4735          -4178.2176       290.8379     -5093.6911     -4176.6624       312.2242          22086.6022     22101.8011     22548.0941     22210.1669     22210.0707

WRITING COORDINATES TO DCD FILE MD.dcd AT STEP 210000
LDB: ============= START OF LOAD BALANCING ============== 792.933
LDB: ============== END OF LOAD BALANCING =============== 792.933
Info: useSync: 0 useProxySync: 0
LDB: =============== DONE WITH MIGRATION ================ 792.933
LDB: ============= START OF LOAD BALANCING ============== 793.113
LDB: TIME 793.113 LOAD: AVG 0.0136236 MAX 0.145483  PROXIES: TOTAL 112 MAXPE 7 MAXPATCH 7 None MEM: 0 MB
LDB: TIME 793.113 LOAD: AVG 0.0136236 MAX 0.145483  PROXIES: TOTAL 112 MAXPE 7 MAXPATCH 7 RefineTorusLB MEM: 0 MB
LDB: TIME 793.113 LOAD: AVG 0.0136236 MAX 0.145483  PROXIES: TOTAL 112 MAXPE 7 MAXPATCH 7 RefineTorusLB MEM: 0 MB
LDB: ============== END OF LOAD BALANCING =============== 793.113
Info: useSync: 0 useProxySync: 0
LDB: =============== DONE WITH MIGRATION ================ 793.114
LDB: ============= START OF LOAD BALANCING ============== 800.884
LDB: ============== END OF LOAD BALANCING =============== 800.884
Info: useSync: 0 useProxySync: 0
LDB: =============== DONE WITH MIGRATION ================ 800.884
LDB: ============= START OF LOAD BALANCING ============== 801.045
LDB: TIME 801.045 LOAD: AVG 0.0133753 MAX 0.14433  PROXIES: TOTAL 112 MAXPE 7 MAXPATCH 7 None MEM: 0 MB
LDB: TIME 801.045 LOAD: AVG 0.0133753 MAX 0.14433  PROXIES: TOTAL 112 MAXPE 7 MAXPATCH 7 RefineTorusLB MEM: 0 MB
LDB: TIME 801.045 LOAD: AVG 0.0133753 MAX 0.14433  PROXIES: TOTAL 112 MAXPE 7 MAXPATCH 7 RefineTorusLB MEM: 0 MB
LDB: ============== END OF LOAD BALANCING =============== 801.046
Info: useSync: 0 useProxySync: 0
LDB: =============== DONE WITH MIGRATION ================ 801.046
LDB: ============= START OF LOAD BALANCING ============== 808.634
LDB: ============== END OF LOAD BALANCING =============== 808.634
Info: useSync: 0 useProxySync: 0
LDB: =============== DONE WITH MIGRATION ================ 808.634
LDB: ============= START OF LOAD BALANCING ============== 808.793
LDB: TIME 808.793 LOAD: AVG 0.0134443 MAX 0.144027  PROXIES: TOTAL 112 MAXPE 7 MAXPATCH 7 None MEM: 0 MB
LDB: TIME 808.793 LOAD: AVG 0.0134443 MAX 0.144027  PROXIES: TOTAL 112 MAXPE 7 MAXPATCH 7 RefineTorusLB MEM: 0 MB
LDB: TIME 808.793 LOAD: AVG 0.0134443 MAX 0.144027  PROXIES: TOTAL 112 MAXPE 7 MAXPATCH 7 RefineTorusLB MEM: 0 MB
LDB: Reverting to original mapping
LDB: ============== END OF LOAD BALANCING =============== 808.793
Info: useSync: 0 useProxySync: 0
LDB: =============== DONE WITH MIGRATION ================ 808.794
WRITING COORDINATES TO DCD FILE MD.dcd AT STEP 215000
PRESSURE: 215000 2216.49 -95.8186 -954.47 -177.382 2443.27 590.152 -2788.67 1217.38 58948
GPRESSURE: 215000 2331.53 -92.8706 -605.022 -228.413 2403.83 460.942 -3203.36 1395.77 58974.2
PRESSAVG: 215000 2994.67 138.566 -34.4534 -0.818342 2939.56 17.3758 -2926.13 883.231 61059.5
GPRESSAVG: 215000 2994.58 138.361 -34.101 -0.921055 2939.59 17.3175 -2926.7 883.186 61059.3
ENERGY:  215000         0.0000         0.0000         0.0000         0.0000          -5579.2505       500.2584         0.0000         0.0000       997.2574          -4081.7346       316.8199     -5078.9920     -4078.2768       313.5162          21202.5709     21236.5342     22548.0941     22331.2493     22331.1569

LDB: ============= START OF LOAD BALANCING ============== 816.052
LDB: ============== END OF LOAD BALANCING =============== 816.052
Info: useSync: 0 useProxySync: 0
LDB: =============== DONE WITH MIGRATION ================ 816.052
LDB: ============= START OF LOAD BALANCING ============== 816.214
LDB: TIME 816.214 LOAD: AVG 0.0135722 MAX 0.146909  PROXIES: TOTAL 112 MAXPE 7 MAXPATCH 7 None MEM: 0 MB
LDB: TIME 816.214 LOAD: AVG 0.0135722 MAX 0.146909  PROXIES: TOTAL 112 MAXPE 7 MAXPATCH 7 RefineTorusLB MEM: 0 MB
LDB: TIME 816.214 LOAD: AVG 0.0135722 MAX 0.146909  PROXIES: TOTAL 112 MAXPE 7 MAXPATCH 7 RefineTorusLB MEM: 0 MB
LDB: ============== END OF LOAD BALANCING =============== 816.214
Info: useSync: 0 useProxySync: 0
LDB: =============== DONE WITH MIGRATION ================ 816.215
LDB: ============= START OF LOAD BALANCING ============== 823.65
LDB: ============== END OF LOAD BALANCING =============== 823.651
Info: useSync: 0 useProxySync: 0
LDB: =============== DONE WITH MIGRATION ================ 823.651
LDB: ============= START OF LOAD BALANCING ============== 823.831
LDB: TIME 823.832 LOAD: AVG 0.0134555 MAX 0.144458  PROXIES: TOTAL 112 MAXPE 7 MAXPATCH 7 None MEM: 0 MB
LDB: TIME 823.832 LOAD: AVG 0.0134555 MAX 0.144458  PROXIES: TOTAL 112 MAXPE 7 MAXPATCH 7 RefineTorusLB MEM: 0 MB
LDB: TIME 823.832 LOAD: AVG 0.0134555 MAX 0.144458  PROXIES: TOTAL 112 MAXPE 7 MAXPATCH 7 RefineTorusLB MEM: 0 MB
LDB: ============== END OF LOAD BALANCING =============== 823.832
Info: useSync: 0 useProxySync: 0
LDB: =============== DONE WITH MIGRATION ================ 823.832
WRITING COORDINATES TO DCD FILE MD.dcd AT STEP 220000
PRESSURE: 220000 2300.33 367.299 -584.607 955.926 3916.57 -507.842 -4201.1 -885.778 62582.1
GPRESSURE: 220000 2251.75 302.654 -340.816 828.913 3902.62 -809.64 -4505.51 -732.274 62638.4
PRESSAVG: 220000 2839.6 20.1101 -62.7111 -33.1774 2699.81 3.66809 -3191.63 1051.44 61691
GPRESSAVG: 220000 2839.98 20.5197 -62.9281 -33.286 2699.73 3.63126 -3192.19 1051.69 61690.9
ENERGY:  220000         0.0000         0.0000         0.0000         0.0000          -5645.4529       522.3212         0.0000         0.0000       967.8610          -4155.2707       307.4809     -5123.1317     -4153.2849       311.6515          22933.0152     22930.9189     22548.0941     22410.1244     22410.2007

LDB: ============= START OF LOAD BALANCING ============== 832.498
LDB: ============== END OF LOAD BALANCING =============== 832.498
Info: useSync: 0 useProxySync: 0
LDB: =============== DONE WITH MIGRATION ================ 832.498
LDB: ============= START OF LOAD BALANCING ============== 832.656
LDB: TIME 832.656 LOAD: AVG 0.0132945 MAX 0.144048  PROXIES: TOTAL 112 MAXPE 7 MAXPATCH 7 None MEM: 0 MB
LDB: TIME 832.656 LOAD: AVG 0.0132945 MAX 0.144048  PROXIES: TOTAL 112 MAXPE 7 MAXPATCH 7 RefineTorusLB MEM: 0 MB
LDB: TIME 832.656 LOAD: AVG 0.0132945 MAX 0.144048  PROXIES: TOTAL 112 MAXPE 7 MAXPATCH 7 RefineTorusLB MEM: 0 MB
LDB: Reverting to original mapping
LDB: ============== END OF LOAD BALANCING =============== 832.656
Info: useSync: 0 useProxySync: 0
LDB: =============== DONE WITH MIGRATION ================ 832.656
LDB: ============= START OF LOAD BALANCING ============== 839.499
LDB: ============== END OF LOAD BALANCING =============== 839.502
Info: useSync: 0 useProxySync: 0
LDB: =============== DONE WITH MIGRATION ================ 839.511
LDB: ============= START OF LOAD BALANCING ============== 839.677
LDB: TIME 839.677 LOAD: AVG 0.0135128 MAX 0.144496  PROXIES: TOTAL 112 MAXPE 7 MAXPATCH 7 None MEM: 0 MB
LDB: TIME 839.677 LOAD: AVG 0.0135128 MAX 0.144496  PROXIES: TOTAL 112 MAXPE 7 MAXPATCH 7 RefineTorusLB MEM: 0 MB
LDB: TIME 839.677 LOAD: AVG 0.0135128 MAX 0.144496  PROXIES: TOTAL 112 MAXPE 7 MAXPATCH 7 RefineTorusLB MEM: 0 MB
LDB: Reverting to original mapping
LDB: ============== END OF LOAD BALANCING =============== 839.677
Info: useSync: 0 useProxySync: 0
LDB: =============== DONE WITH MIGRATION ================ 839.678
LDB: ============= START OF LOAD BALANCING ============== 847.639
LDB: ============== END OF LOAD BALANCING =============== 847.639
Info: useSync: 0 useProxySync: 0
LDB: =============== DONE WITH MIGRATION ================ 847.639
LDB: ============= START OF LOAD BALANCING ============== 847.801
LDB: TIME 847.801 LOAD: AVG 0.0135583 MAX 0.143087  PROXIES: TOTAL 112 MAXPE 7 MAXPATCH 7 None MEM: 0 MB
LDB: TIME 847.801 LOAD: AVG 0.0135583 MAX 0.143087  PROXIES: TOTAL 112 MAXPE 7 MAXPATCH 7 RefineTorusLB MEM: 0 MB
LDB: TIME 847.801 LOAD: AVG 0.0135583 MAX 0.143087  PROXIES: TOTAL 112 MAXPE 7 MAXPATCH 7 RefineTorusLB MEM: 0 MB
LDB: ============== END OF LOAD BALANCING =============== 847.801
Info: useSync: 0 useProxySync: 0
LDB: =============== DONE WITH MIGRATION ================ 847.802
WRITING COORDINATES TO DCD FILE MD.dcd AT STEP 225000
PRESSURE: 225000 3225.86 20.9921 279.664 -1.32312 2206.96 467.498 -3149.44 533.938 62860.1
GPRESSURE: 225000 3383.41 -51.1432 271.278 32.1686 2156.45 670.457 -3326.83 605.317 62837.9
PRESSAVG: 225000 2669.26 -63.7411 25.5576 2.55897 2638.36 -28.4184 -3096.17 157.259 62760.5
GPRESSAVG: 225000 2668.67 -63.7411 25.7429 2.84599 2638.47 -28.3399 -3096.25 157.027 62760.5
ENERGY:  225000         0.0000         0.0000         0.0000         0.0000          -5701.0247       560.3551         0.0000         0.0000       946.8194          -4193.8501       300.7962     -5140.6695     -4190.1986       302.4854          22764.3088     22792.5901     22548.0941     22689.3807     22689.2307

LDB: ============= START OF LOAD BALANCING ============== 855.884
LDB: ============== END OF LOAD BALANCING =============== 855.888
Info: useSync: 0 useProxySync: 0
LDB: =============== DONE WITH MIGRATION ================ 855.9
LDB: ============= START OF LOAD BALANCING ============== 856.068
LDB: TIME 856.068 LOAD: AVG 0.0132208 MAX 0.142357  PROXIES: TOTAL 112 MAXPE 7 MAXPATCH 7 None MEM: 0 MB
LDB: TIME 856.068 LOAD: AVG 0.0132208 MAX 0.142357  PROXIES: TOTAL 112 MAXPE 7 MAXPATCH 7 RefineTorusLB MEM: 0 MB
LDB: TIME 856.068 LOAD: AVG 0.0132208 MAX 0.142357  PROXIES: TOTAL 112 MAXPE 7 MAXPATCH 7 RefineTorusLB MEM: 0 MB
LDB: ============== END OF LOAD BALANCING =============== 856.068
Info: useSync: 0 useProxySync: 0
LDB: =============== DONE WITH MIGRATION ================ 856.069
LDB: ============= START OF LOAD BALANCING ============== 863.863
LDB: ============== END OF LOAD BALANCING =============== 863.864
Info: useSync: 0 useProxySync: 0
LDB: =============== DONE WITH MIGRATION ================ 863.864
LDB: ============= START OF LOAD BALANCING ============== 864.133
LDB: TIME 864.133 LOAD: AVG 0.0150271 MAX 0.153306  PROXIES: TOTAL 112 MAXPE 7 MAXPATCH 7 None MEM: 0 MB
LDB: TIME 864.133 LOAD: AVG 0.0150271 MAX 0.153306  PROXIES: TOTAL 112 MAXPE 7 MAXPATCH 7 RefineTorusLB MEM: 0 MB
LDB: TIME 864.133 LOAD: AVG 0.0150271 MAX 0.153306  PROXIES: TOTAL 112 MAXPE 7 MAXPATCH 7 RefineTorusLB MEM: 0 MB
LDB: ============== END OF LOAD BALANCING =============== 864.133
Info: useSync: 0 useProxySync: 0
LDB: =============== DONE WITH MIGRATION ================ 864.134
WRITING COORDINATES TO DCD FILE MD.dcd AT STEP 230000
PRESSURE: 230000 1808.35 -768.905 606.215 -41.6467 2142.01 -949.587 -3772.1 -631.889 63532.9
GPRESSURE: 230000 1626.29 -688.954 573.147 -62.5106 2215.76 -945.239 -3959.84 -561.588 63667.1
PRESSAVG: 230000 2578.71 -56.1223 48.4055 45.02 2567.03 -11.1994 -3033.09 19.4624 63438.6
GPRESSAVG: 230000 2578.65 -56.1915 48.6163 44.8897 2567.33 -10.8738 -3033.55 19.4615 63438.3
ENERGY:  230000         0.0000         0.0000         0.0000         0.0000          -5535.4497       482.0867         0.0000         0.0000       959.4694          -4093.8935       304.8150     -5053.3629     -4091.9912       303.2795          22494.4301     22503.0359     22548.0941     22861.4415     22861.4447

LDB: ============= START OF LOAD BALANCING ============== 870.816
LDB: ============== END OF LOAD BALANCING =============== 870.816
Info: useSync: 0 useProxySync: 0
LDB: =============== DONE WITH MIGRATION ================ 870.816
LDB: ============= START OF LOAD BALANCING ============== 870.978
LDB: TIME 870.978 LOAD: AVG 0.0135262 MAX 0.14389  PROXIES: TOTAL 112 MAXPE 7 MAXPATCH 7 None MEM: 0 MB
LDB: TIME 870.978 LOAD: AVG 0.0135262 MAX 0.14389  PROXIES: TOTAL 112 MAXPE 7 MAXPATCH 7 RefineTorusLB MEM: 0 MB
LDB: TIME 870.978 LOAD: AVG 0.0135262 MAX 0.14389  PROXIES: TOTAL 112 MAXPE 7 MAXPATCH 7 RefineTorusLB MEM: 0 MB
LDB: Reverting to original mapping
LDB: ============== END OF LOAD BALANCING =============== 870.978
Info: useSync: 0 useProxySync: 0
LDB: =============== DONE WITH MIGRATION ================ 870.979
LDB: ============= START OF LOAD BALANCING ============== 878.248
LDB: ============== END OF LOAD BALANCING =============== 878.248
Info: useSync: 0 useProxySync: 0
LDB: =============== DONE WITH MIGRATION ================ 878.248
LDB: ============= START OF LOAD BALANCING ============== 878.404
LDB: TIME 878.404 LOAD: AVG 0.0133542 MAX 0.143557  PROXIES: TOTAL 112 MAXPE 7 MAXPATCH 7 None MEM: 0 MB
LDB: TIME 878.404 LOAD: AVG 0.0133542 MAX 0.143557  PROXIES: TOTAL 112 MAXPE 7 MAXPATCH 7 RefineTorusLB MEM: 0 MB
LDB: TIME 878.404 LOAD: AVG 0.0133542 MAX 0.143557  PROXIES: TOTAL 112 MAXPE 7 MAXPATCH 7 RefineTorusLB MEM: 0 MB
LDB: ============== END OF LOAD BALANCING =============== 878.404
Info: useSync: 0 useProxySync: 0
LDB: =============== DONE WITH MIGRATION ================ 878.405
LDB: ============= START OF LOAD BALANCING ============== 886.266
LDB: ============== END OF LOAD BALANCING =============== 886.266
Info: useSync: 0 useProxySync: 0
LDB: =============== DONE WITH MIGRATION ================ 886.266
LDB: ============= START OF LOAD BALANCING ============== 886.427
LDB: TIME 886.427 LOAD: AVG 0.0134385 MAX 0.143819  PROXIES: TOTAL 112 MAXPE 7 MAXPATCH 7 None MEM: 0 MB
LDB: TIME 886.427 LOAD: AVG 0.0134385 MAX 0.143819  PROXIES: TOTAL 112 MAXPE 7 MAXPATCH 7 RefineTorusLB MEM: 0 MB
LDB: TIME 886.427 LOAD: AVG 0.0134385 MAX 0.143819  PROXIES: TOTAL 112 MAXPE 7 MAXPATCH 7 RefineTorusLB MEM: 0 MB
LDB: Reverting to original mapping
LDB: ============== END OF LOAD BALANCING =============== 886.427
Info: useSync: 0 useProxySync: 0
LDB: =============== DONE WITH MIGRATION ================ 886.428
PRESSURE: 235000 2839.14 879.595 -244.06 1538.28 3039.45 -1079.01 -4966.94 -620.521 70279.1
GPRESSURE: 235000 2928.35 936.75 -365.178 1153.2 2891.66 -1090.08 -4688.52 -545.572 70375.8
PRESSAVG: 235000 3012.24 58.0296 -38.0615 62.4569 2834.45 -90.4497 -4418.74 -209.995 66349.7
GPRESSAVG: 235000 3012.29 57.5925 -38.4778 62.7702 2834.24 -90.6157 -4418.81 -210.103 66349.8
ENERGY:  235000         0.0000         0.0000         0.0000         0.0000          -5683.3865       571.8543         0.0000         0.0000       974.9804          -4136.5517       309.7427     -5111.5322     -4134.0156       309.3301          25385.8959     25398.6064     22548.0941     24065.4582     24065.4321

WRITING COORDINATES TO DCD FILE MD.dcd AT STEP 235000
LDB: ============= START OF LOAD BALANCING ============== 893.897
LDB: ============== END OF LOAD BALANCING =============== 893.897
Info: useSync: 0 useProxySync: 0
LDB: =============== DONE WITH MIGRATION ================ 893.897
LDB: ============= START OF LOAD BALANCING ============== 894.085
LDB: TIME 894.085 LOAD: AVG 0.0136839 MAX 0.143242  PROXIES: TOTAL 112 MAXPE 7 MAXPATCH 7 None MEM: 0 MB
LDB: TIME 894.085 LOAD: AVG 0.0136839 MAX 0.143242  PROXIES: TOTAL 112 MAXPE 7 MAXPATCH 7 RefineTorusLB MEM: 0 MB
LDB: TIME 894.085 LOAD: AVG 0.0136839 MAX 0.143242  PROXIES: TOTAL 112 MAXPE 7 MAXPATCH 7 RefineTorusLB MEM: 0 MB
LDB: Reverting to original mapping
LDB: ============== END OF LOAD BALANCING =============== 894.085
Info: useSync: 0 useProxySync: 0
LDB: =============== DONE WITH MIGRATION ================ 894.086
LDB: ============= START OF LOAD BALANCING ============== 901.786
LDB: ============== END OF LOAD BALANCING =============== 901.786
Info: useSync: 0 useProxySync: 0
LDB: =============== DONE WITH MIGRATION ================ 901.786
LDB: ============= START OF LOAD BALANCING ============== 901.945
LDB: TIME 901.945 LOAD: AVG 0.0134363 MAX 0.145006  PROXIES: TOTAL 112 MAXPE 7 MAXPATCH 7 None MEM: 0 MB
LDB: TIME 901.945 LOAD: AVG 0.0134363 MAX 0.145006  PROXIES: TOTAL 112 MAXPE 7 MAXPATCH 7 RefineTorusLB MEM: 0 MB
LDB: TIME 901.945 LOAD: AVG 0.0134363 MAX 0.145006  PROXIES: TOTAL 112 MAXPE 7 MAXPATCH 7 RefineTorusLB MEM: 0 MB
LDB: Reverting to original mapping
LDB: ============== END OF LOAD BALANCING =============== 901.945
Info: useSync: 0 useProxySync: 0
LDB: =============== DONE WITH MIGRATION ================ 901.946
PRESSURE: 240000 2079.41 51.5155 -23.0023 -241.367 2819.25 129.637 -4494.81 -885.694 68224.6
GPRESSURE: 240000 2126.76 238.526 243.816 -422.784 2744.59 -246.543 -4285.98 -591.718 68295.5
PRESSAVG: 240000 3071.64 15.327 -2.61244 12.5349 3134.27 -75.2031 -4602.11 -129.876 68380.3
GPRESSAVG: 240000 3071.08 15.5061 -2.99468 12.3355 3134.77 -75.4153 -4602.38 -129.984 68380
ENERGY:  240000         0.0000         0.0000         0.0000         0.0000          -5584.3495       477.9049         0.0000         0.0000       958.4697          -4147.9749       304.4974     -5106.4446     -4145.2373       308.4144          24374.4014     24388.9524     22548.0941     24862.0828     24861.9616

WRITING COORDINATES TO DCD FILE MD.dcd AT STEP 240000
LDB: ============= START OF LOAD BALANCING ============== 910.619
LDB: ============== END OF LOAD BALANCING =============== 910.619
Info: useSync: 0 useProxySync: 0
LDB: =============== DONE WITH MIGRATION ================ 910.619
LDB: ============= START OF LOAD BALANCING ============== 910.806
LDB: TIME 910.806 LOAD: AVG 0.0138571 MAX 0.14555  PROXIES: TOTAL 112 MAXPE 7 MAXPATCH 7 None MEM: 0 MB
LDB: TIME 910.806 LOAD: AVG 0.0138571 MAX 0.14555  PROXIES: TOTAL 112 MAXPE 7 MAXPATCH 7 RefineTorusLB MEM: 0 MB
LDB: TIME 910.806 LOAD: AVG 0.0138571 MAX 0.14555  PROXIES: TOTAL 112 MAXPE 7 MAXPATCH 7 RefineTorusLB MEM: 0 MB
LDB: Reverting to original mapping
LDB: ============== END OF LOAD BALANCING =============== 910.806
Info: useSync: 0 useProxySync: 0
LDB: =============== DONE WITH MIGRATION ================ 910.807
LDB: ============= START OF LOAD BALANCING ============== 917.733
LDB: ============== END OF LOAD BALANCING =============== 917.733
Info: useSync: 0 useProxySync: 0
LDB: =============== DONE WITH MIGRATION ================ 917.733
LDB: ============= START OF LOAD BALANCING ============== 917.89
LDB: TIME 917.89 LOAD: AVG 0.013275 MAX 0.143836  PROXIES: TOTAL 112 MAXPE 7 MAXPATCH 7 None MEM: 0 MB
LDB: TIME 917.89 LOAD: AVG 0.013275 MAX 0.143836  PROXIES: TOTAL 112 MAXPE 7 MAXPATCH 7 RefineTorusLB MEM: 0 MB
LDB: TIME 917.89 LOAD: AVG 0.013275 MAX 0.143836  PROXIES: TOTAL 112 MAXPE 7 MAXPATCH 7 RefineTorusLB MEM: 0 MB
LDB: Reverting to original mapping
LDB: ============== END OF LOAD BALANCING =============== 917.89
Info: useSync: 0 useProxySync: 0
LDB: =============== DONE WITH MIGRATION ================ 917.891
LDB: ============= START OF LOAD BALANCING ============== 925.044
LDB: ============== END OF LOAD BALANCING =============== 925.044
Info: useSync: 0 useProxySync: 0
LDB: =============== DONE WITH MIGRATION ================ 925.045
LDB: ============= START OF LOAD BALANCING ============== 925.203
LDB: TIME 925.203 LOAD: AVG 0.0134413 MAX 0.143532  PROXIES: TOTAL 112 MAXPE 7 MAXPATCH 7 None MEM: 0 MB
LDB: TIME 925.203 LOAD: AVG 0.0134413 MAX 0.143532  PROXIES: TOTAL 112 MAXPE 7 MAXPATCH 7 RefineTorusLB MEM: 0 MB
LDB: TIME 925.203 LOAD: AVG 0.0134413 MAX 0.143532  PROXIES: TOTAL 112 MAXPE 7 MAXPATCH 7 RefineTorusLB MEM: 0 MB
LDB: Reverting to original mapping
LDB: ============== END OF LOAD BALANCING =============== 925.203
Info: useSync: 0 useProxySync: 0
LDB: =============== DONE WITH MIGRATION ================ 925.203
WRITING COORDINATES TO DCD FILE MD.dcd AT STEP 245000
PRESSURE: 245000 2973.44 -81.2319 381.319 -560.553 2865.87 106.497 -3519.09 -1270.76 70140.1
GPRESSURE: 245000 2959.21 181.024 654.556 -827.425 2790.34 280.926 -3993.82 -1308.93 70311.7
PRESSAVG: 245000 3143.8 8.53787 -54.3718 -50.7489 2888.19 -27.0367 -5227.91 -621.191 68951.2
GPRESSAVG: 245000 3144.2 8.18465 -54.7347 -50.7455 2887.87 -26.9459 -5227.43 -621.592 68951
ENERGY:  245000         0.0000         0.0000         0.0000         0.0000          -5730.3553       559.3476         0.0000         0.0000       937.5259          -4233.4818       297.8437     -5171.0077     -4232.3851       303.4079          25326.4856     25353.7539     22548.0941     24994.3942     24994.3458

LDB: ============= START OF LOAD BALANCING ============== 932.009
LDB: ============== END OF LOAD BALANCING =============== 932.009
Info: useSync: 0 useProxySync: 0
LDB: =============== DONE WITH MIGRATION ================ 932.009
LDB: ============= START OF LOAD BALANCING ============== 932.268
LDB: TIME 932.268 LOAD: AVG 0.0163339 MAX 0.1702  PROXIES: TOTAL 112 MAXPE 7 MAXPATCH 7 None MEM: 0 MB
LDB: TIME 932.268 LOAD: AVG 0.0163339 MAX 0.1702  PROXIES: TOTAL 112 MAXPE 7 MAXPATCH 7 RefineTorusLB MEM: 0 MB
LDB: TIME 932.268 LOAD: AVG 0.0163339 MAX 0.1702  PROXIES: TOTAL 112 MAXPE 7 MAXPATCH 7 RefineTorusLB MEM: 0 MB
LDB: Reverting to original mapping
LDB: ============== END OF LOAD BALANCING =============== 932.269
Info: useSync: 0 useProxySync: 0
LDB: =============== DONE WITH MIGRATION ================ 932.269
LDB: ============= START OF LOAD BALANCING ============== 939.757
LDB: ============== END OF LOAD BALANCING =============== 939.758
Info: useSync: 0 useProxySync: 0
LDB: =============== DONE WITH MIGRATION ================ 939.758
LDB: ============= START OF LOAD BALANCING ============== 939.98
LDB: TIME 939.98 LOAD: AVG 0.0160741 MAX 0.166615  PROXIES: TOTAL 112 MAXPE 7 MAXPATCH 7 None MEM: 0 MB
LDB: TIME 939.98 LOAD: AVG 0.0160741 MAX 0.166615  PROXIES: TOTAL 112 MAXPE 7 MAXPATCH 7 RefineTorusLB MEM: 0 MB
LDB: TIME 939.98 LOAD: AVG 0.0160741 MAX 0.166615  PROXIES: TOTAL 112 MAXPE 7 MAXPATCH 7 RefineTorusLB MEM: 0 MB
LDB: Reverting to original mapping
LDB: ============== END OF LOAD BALANCING =============== 939.98
Info: useSync: 0 useProxySync: 0
LDB: =============== DONE WITH MIGRATION ================ 939.98
WRITING COORDINATES TO DCD FILE MD.dcd AT STEP 250000
WRITING COORDINATES TO RESTART FILE AT STEP 250000
FINISHED WRITING RESTART COORDINATES
PRESSURE: 250000 1963.87 212.426 -124.966 388.611 2446.94 690.71 -6066.29 -246.159 69178.9
GPRESSURE: 250000 2021.45 549.295 -414.974 191.107 2501.75 586.168 -5829.39 32.9296 69115.9
PRESSAVG: 250000 2824.44 5.81694 -36.1796 -23.6474 2827.95 -33.0609 -5259.61 -1204.29 70419.5
GPRESSAVG: 250000 2824.4 6.13538 -36.2355 -23.6054 2828.13 -33.318 -5259.19 -1204.28 70419.3
TIMING: 250000  CPU: 901.688, 0.00368302/step  Wall: 946.673, 0.00387351/step, 0.268993 hours remaining, 0.000000 MB of memory in use.
PERFORMANCE: 250000  averaging 45.6345 ns/day, 0.00378661 sec/step with standard deviation 0.000339659
ETITLE:      TS           BOND          ANGLE          DIHED          IMPRP               ELECT            VDW       BOUNDARY           MISC        KINETIC               TOTAL           TEMP      POTENTIAL         TOTAL3        TEMPAVG            PRESSURE      GPRESSURE         VOLUME       PRESSAVG      GPRESSAVG

ENERGY:  250000         0.0000         0.0000         0.0000         0.0000          -5629.6732       499.6613         0.0000         0.0000       993.5464          -4136.4655       315.6410     -5130.0119     -4134.5017       301.6795          24529.8852     24546.3653     22548.0941     25357.2827     25357.2663

WRITING EXTENDED SYSTEM TO RESTART FILE AT STEP 250000
WRITING VELOCITIES TO RESTART FILE AT STEP 250000
FINISHED WRITING RESTART VELOCITIES
The last velocity output (seq=250000) takes 0.000 seconds, 0.000 MB of memory in use
LDB: ============= START OF LOAD BALANCING ============== 947.939
LDB: ============== END OF LOAD BALANCING =============== 947.939
Info: useSync: 0 useProxySync: 0
LDB: =============== DONE WITH MIGRATION ================ 947.939
LDB: ============= START OF LOAD BALANCING ============== 948.122
LDB: TIME 948.122 LOAD: AVG 0.0150242 MAX 0.16631  PROXIES: TOTAL 112 MAXPE 7 MAXPATCH 7 None MEM: 0 MB
LDB: TIME 948.122 LOAD: AVG 0.0150242 MAX 0.16631  PROXIES: TOTAL 112 MAXPE 7 MAXPATCH 7 RefineTorusLB MEM: 0 MB
LDB: TIME 948.122 LOAD: AVG 0.0150242 MAX 0.16631  PROXIES: TOTAL 112 MAXPE 7 MAXPATCH 7 RefineTorusLB MEM: 0 MB
LDB: ============== END OF LOAD BALANCING =============== 948.122
Info: useSync: 0 useProxySync: 0
LDB: =============== DONE WITH MIGRATION ================ 948.123
LDB: ============= START OF LOAD BALANCING ============== 955.988
LDB: ============== END OF LOAD BALANCING =============== 955.988
Info: useSync: 0 useProxySync: 0
LDB: =============== DONE WITH MIGRATION ================ 955.988
LDB: ============= START OF LOAD BALANCING ============== 956.145
LDB: TIME 956.145 LOAD: AVG 0.0132884 MAX 0.14364  PROXIES: TOTAL 112 MAXPE 7 MAXPATCH 7 None MEM: 0 MB
LDB: TIME 956.145 LOAD: AVG 0.0132884 MAX 0.14364  PROXIES: TOTAL 112 MAXPE 7 MAXPATCH 7 RefineTorusLB MEM: 0 MB
LDB: TIME 956.145 LOAD: AVG 0.0132884 MAX 0.14364  PROXIES: TOTAL 112 MAXPE 7 MAXPATCH 7 RefineTorusLB MEM: 0 MB
LDB: Reverting to original mapping
LDB: ============== END OF LOAD BALANCING =============== 956.146
Info: useSync: 0 useProxySync: 0
LDB: =============== DONE WITH MIGRATION ================ 956.146
LDB: ============= START OF LOAD BALANCING ============== 963.301
LDB: ============== END OF LOAD BALANCING =============== 963.301
Info: useSync: 0 useProxySync: 0
LDB: =============== DONE WITH MIGRATION ================ 963.301
LDB: ============= START OF LOAD BALANCING ============== 963.487
LDB: TIME 963.499 LOAD: AVG 0.0142953 MAX 0.158247  PROXIES: TOTAL 112 MAXPE 7 MAXPATCH 7 None MEM: 0 MB
LDB: TIME 963.499 LOAD: AVG 0.0142953 MAX 0.158247  PROXIES: TOTAL 112 MAXPE 7 MAXPATCH 7 RefineTorusLB MEM: 0 MB
LDB: TIME 963.499 LOAD: AVG 0.0142953 MAX 0.158247  PROXIES: TOTAL 112 MAXPE 7 MAXPATCH 7 RefineTorusLB MEM: 0 MB
LDB: Reverting to original mapping
LDB: ============== END OF LOAD BALANCING =============== 963.512
Info: useSync: 0 useProxySync: 0
LDB: =============== DONE WITH MIGRATION ================ 963.518
PRESSURE: 255000 3000.16 -190.229 308.629 109.974 3316.23 469.671 -5474.78 -829.494 68357
GPRESSURE: 255000 2978.7 -228.634 282.07 317.411 3419.14 709.654 -5459.75 -877.775 68401
PRESSAVG: 255000 2789.69 9.13344 -36.4362 1.35787 2783.88 10.5614 -5278.81 -884.308 70975.2
GPRESSAVG: 255000 2789.81 9.05875 -36.1673 1.14173 2784.19 10.3183 -5278.63 -884.757 70974.6
ENERGY:  255000         0.0000         0.0000         0.0000         0.0000          -5669.0612       553.4875         0.0000         0.0000      1011.9131          -4103.6607       321.4759     -5115.5738     -4100.6082       310.8999          24891.1223     24932.9359     22548.0941     25516.2672     25516.1943

WRITING COORDINATES TO DCD FILE MD.dcd AT STEP 255000
LDB: ============= START OF LOAD BALANCING ============== 972.692
LDB: ============== END OF LOAD BALANCING =============== 972.692
Info: useSync: 0 useProxySync: 0
LDB: =============== DONE WITH MIGRATION ================ 972.693
LDB: ============= START OF LOAD BALANCING ============== 972.851
LDB: TIME 972.851 LOAD: AVG 0.0134694 MAX 0.144918  PROXIES: TOTAL 112 MAXPE 7 MAXPATCH 7 None MEM: 0 MB
LDB: TIME 972.851 LOAD: AVG 0.0134694 MAX 0.144918  PROXIES: TOTAL 112 MAXPE 7 MAXPATCH 7 RefineTorusLB MEM: 0 MB
LDB: TIME 972.851 LOAD: AVG 0.0134694 MAX 0.144918  PROXIES: TOTAL 112 MAXPE 7 MAXPATCH 7 RefineTorusLB MEM: 0 MB
LDB: Reverting to original mapping
LDB: ============== END OF LOAD BALANCING =============== 972.851
Info: useSync: 0 useProxySync: 0
LDB: =============== DONE WITH MIGRATION ================ 972.851
LDB: ============= START OF LOAD BALANCING ============== 979.969
LDB: ============== END OF LOAD BALANCING =============== 979.969
Info: useSync: 0 useProxySync: 0
LDB: =============== DONE WITH MIGRATION ================ 979.969
LDB: ============= START OF LOAD BALANCING ============== 980.125
LDB: TIME 980.125 LOAD: AVG 0.0132529 MAX 0.142714  PROXIES: TOTAL 112 MAXPE 7 MAXPATCH 7 None MEM: 0 MB
LDB: TIME 980.125 LOAD: AVG 0.0132529 MAX 0.142714  PROXIES: TOTAL 112 MAXPE 7 MAXPATCH 7 RefineTorusLB MEM: 0 MB
LDB: TIME 980.125 LOAD: AVG 0.0132529 MAX 0.142714  PROXIES: TOTAL 112 MAXPE 7 MAXPATCH 7 RefineTorusLB MEM: 0 MB
LDB: ============== END OF LOAD BALANCING =============== 980.125
Info: useSync: 0 useProxySync: 0
LDB: =============== DONE WITH MIGRATION ================ 980.126
PRESSURE: 260000 2863.75 610.698 -487.804 426.741 1803.57 418.595 -5843.49 -1666.74 72724.4
GPRESSURE: 260000 2756.72 807.08 -603.981 382.014 1939.74 126.052 -5937.86 -1548.05 72732.5
PRESSAVG: 260000 2708.87 -11.6415 -0.089104 -133.354 2779.51 6.01614 -5622.46 -1411.95 72457.1
GPRESSAVG: 260000 2708.77 -11.2994 -0.39885 -133.691 2779.45 5.84772 -5622.37 -1411.61 72457.2
ENERGY:  260000         0.0000         0.0000         0.0000         0.0000          -5667.3523       528.0667         0.0000         0.0000       980.5784          -4158.7071       311.5212     -5139.2855     -4155.6928       305.3447          25797.2567     25809.6492     22548.0941     25981.8278     25981.8098

WRITING COORDINATES TO DCD FILE MD.dcd AT STEP 260000
LDB: ============= START OF LOAD BALANCING ============== 987.25
LDB: ============== END OF LOAD BALANCING =============== 987.25
Info: useSync: 0 useProxySync: 0
LDB: =============== DONE WITH MIGRATION ================ 987.25
LDB: ============= START OF LOAD BALANCING ============== 987.406
LDB: TIME 987.406 LOAD: AVG 0.0130614 MAX 0.142652  PROXIES: TOTAL 112 MAXPE 7 MAXPATCH 7 None MEM: 0 MB
LDB: TIME 987.406 LOAD: AVG 0.0130614 MAX 0.142652  PROXIES: TOTAL 112 MAXPE 7 MAXPATCH 7 RefineTorusLB MEM: 0 MB
LDB: TIME 987.406 LOAD: AVG 0.0130614 MAX 0.142652  PROXIES: TOTAL 112 MAXPE 7 MAXPATCH 7 RefineTorusLB MEM: 0 MB
LDB: Reverting to original mapping
LDB: ============== END OF LOAD BALANCING =============== 987.407
Info: useSync: 0 useProxySync: 0
LDB: =============== DONE WITH MIGRATION ================ 987.407
LDB: ============= START OF LOAD BALANCING ============== 995.048
LDB: ============== END OF LOAD BALANCING =============== 995.048
Info: useSync: 0 useProxySync: 0
LDB: =============== DONE WITH MIGRATION ================ 995.049
LDB: ============= START OF LOAD BALANCING ============== 995.206
LDB: TIME 995.206 LOAD: AVG 0.0132562 MAX 0.143545  PROXIES: TOTAL 112 MAXPE 7 MAXPATCH 7 None MEM: 0 MB
LDB: TIME 995.206 LOAD: AVG 0.0132562 MAX 0.143545  PROXIES: TOTAL 112 MAXPE 7 MAXPATCH 7 RefineTorusLB MEM: 0 MB
LDB: TIME 995.206 LOAD: AVG 0.0132562 MAX 0.143545  PROXIES: TOTAL 112 MAXPE 7 MAXPATCH 7 RefineTorusLB MEM: 0 MB
LDB: ============== END OF LOAD BALANCING =============== 995.207
Info: useSync: 0 useProxySync: 0
LDB: =============== DONE WITH MIGRATION ================ 995.207
LDB: ============= START OF LOAD BALANCING ============== 1002.63
LDB: ============== END OF LOAD BALANCING =============== 1002.63
Info: useSync: 0 useProxySync: 0
LDB: =============== DONE WITH MIGRATION ================ 1002.63
LDB: ============= START OF LOAD BALANCING ============== 1002.81
LDB: TIME 1002.81 LOAD: AVG 0.0146427 MAX 0.165515  PROXIES: TOTAL 112 MAXPE 7 MAXPATCH 7 None MEM: 0 MB
LDB: TIME 1002.81 LOAD: AVG 0.0146427 MAX 0.165515  PROXIES: TOTAL 112 MAXPE 7 MAXPATCH 7 RefineTorusLB MEM: 0 MB
LDB: TIME 1002.81 LOAD: AVG 0.0146427 MAX 0.165515  PROXIES: TOTAL 112 MAXPE 7 MAXPATCH 7 RefineTorusLB MEM: 0 MB
LDB: Reverting to original mapping
LDB: ============== END OF LOAD BALANCING =============== 1002.81
Info: useSync: 0 useProxySync: 0
LDB: =============== DONE WITH MIGRATION ================ 1002.81
WRITING COORDINATES TO DCD FILE MD.dcd AT STEP 265000
PRESSURE: 265000 3615.21 6.16801 -260.912 762.729 2893.04 178.737 -7986.62 -1588.93 74581.3
GPRESSURE: 265000 3530.63 340.134 -278.51 669.697 2993.75 -159.252 -8055.84 -1432.76 74646.1
PRESSAVG: 265000 2764.68 61.4171 -20.6712 169.844 2873.17 -37.872 -6850.01 -1530.17 73136.5
GPRESSAVG: 265000 2764.58 61.5077 -20.2061 169.911 2873.79 -37.2371 -6850.83 -1530.74 73136.2
ENERGY:  265000         0.0000         0.0000         0.0000         0.0000          -5700.8425       572.1641         0.0000         0.0000       975.0388          -4153.6395       309.7613     -5128.6783     -4150.3510       303.1440          27029.8557     27056.8258     22548.0941     26258.1274     26258.1988

LDB: ============= START OF LOAD BALANCING ============== 1009.71
LDB: ============== END OF LOAD BALANCING =============== 1009.71
Info: useSync: 0 useProxySync: 0
LDB: =============== DONE WITH MIGRATION ================ 1009.71
LDB: ============= START OF LOAD BALANCING ============== 1009.87
LDB: TIME 1009.87 LOAD: AVG 0.0133158 MAX 0.144097  PROXIES: TOTAL 112 MAXPE 7 MAXPATCH 7 None MEM: 0 MB
LDB: TIME 1009.87 LOAD: AVG 0.0133158 MAX 0.144097  PROXIES: TOTAL 112 MAXPE 7 MAXPATCH 7 RefineTorusLB MEM: 0 MB
LDB: TIME 1009.87 LOAD: AVG 0.0133158 MAX 0.144097  PROXIES: TOTAL 112 MAXPE 7 MAXPATCH 7 RefineTorusLB MEM: 0 MB
LDB: ============== END OF LOAD BALANCING =============== 1009.87
Info: useSync: 0 useProxySync: 0
LDB: =============== DONE WITH MIGRATION ================ 1009.87
LDB: ============= START OF LOAD BALANCING ============== 1017.55
LDB: ============== END OF LOAD BALANCING =============== 1017.55
Info: useSync: 0 useProxySync: 0
LDB: =============== DONE WITH MIGRATION ================ 1017.55
LDB: ============= START OF LOAD BALANCING ============== 1017.73
LDB: TIME 1017.73 LOAD: AVG 0.014972 MAX 0.16623  PROXIES: TOTAL 112 MAXPE 7 MAXPATCH 7 None MEM: 0 MB
LDB: TIME 1017.73 LOAD: AVG 0.014972 MAX 0.16623  PROXIES: TOTAL 112 MAXPE 7 MAXPATCH 7 RefineTorusLB MEM: 0 MB
LDB: TIME 1017.73 LOAD: AVG 0.014972 MAX 0.16623  PROXIES: TOTAL 112 MAXPE 7 MAXPATCH 7 RefineTorusLB MEM: 0 MB
LDB: ============== END OF LOAD BALANCING =============== 1017.73
Info: useSync: 0 useProxySync: 0
LDB: =============== DONE WITH MIGRATION ================ 1017.73
PRESSURE: 270000 2365.82 -182.571 350.134 -742.976 1963.12 -1490.62 -6442.56 -1186.24 74062.7
GPRESSURE: 270000 2415.21 -315.054 290.486 -597.811 2065.84 -1326.06 -6379.73 -1391.04 73959.7
PRESSAVG: 270000 2861.09 -40.1801 1.22575 -180.405 2832.61 18.6492 -7695.27 -617.842 75287
GPRESSAVG: 270000 2860.93 -40.7666 0.83277 -180.345 2832.44 17.9501 -7694.88 -617.489 75286.8
ENERGY:  270000         0.0000         0.0000         0.0000         0.0000          -5641.2231       528.2912         0.0000         0.0000       952.7993          -4160.1326       302.6960     -5112.9319     -4159.0602       303.4106          26130.5474     26146.9196     22548.0941     26993.5566     26993.3989

WRITING COORDINATES TO DCD FILE MD.dcd AT STEP 270000
LDB: ============= START OF LOAD BALANCING ============== 1024.87
LDB: ============== END OF LOAD BALANCING =============== 1024.87
Info: useSync: 0 useProxySync: 0
LDB: =============== DONE WITH MIGRATION ================ 1024.87
LDB: ============= START OF LOAD BALANCING ============== 1025.03
LDB: TIME 1025.03 LOAD: AVG 0.0133953 MAX 0.14367  PROXIES: TOTAL 112 MAXPE 7 MAXPATCH 7 None MEM: 0 MB
LDB: TIME 1025.03 LOAD: AVG 0.0133953 MAX 0.14367  PROXIES: TOTAL 112 MAXPE 7 MAXPATCH 7 RefineTorusLB MEM: 0 MB
LDB: TIME 1025.03 LOAD: AVG 0.0133953 MAX 0.14367  PROXIES: TOTAL 112 MAXPE 7 MAXPATCH 7 RefineTorusLB MEM: 0 MB
LDB: Reverting to original mapping
LDB: ============== END OF LOAD BALANCING =============== 1025.03
Info: useSync: 0 useProxySync: 0
LDB: =============== DONE WITH MIGRATION ================ 1025.03
LDB: ============= START OF LOAD BALANCING ============== 1032.25
LDB: ============== END OF LOAD BALANCING =============== 1032.25
Info: useSync: 0 useProxySync: 0
LDB: =============== DONE WITH MIGRATION ================ 1032.25
LDB: ============= START OF LOAD BALANCING ============== 1032.43
LDB: TIME 1032.43 LOAD: AVG 0.0133987 MAX 0.142768  PROXIES: TOTAL 112 MAXPE 7 MAXPATCH 7 None MEM: 0 MB
LDB: TIME 1032.43 LOAD: AVG 0.0133987 MAX 0.142768  PROXIES: TOTAL 112 MAXPE 7 MAXPATCH 7 RefineTorusLB MEM: 0 MB
LDB: TIME 1032.43 LOAD: AVG 0.0133987 MAX 0.142768  PROXIES: TOTAL 112 MAXPE 7 MAXPATCH 7 RefineTorusLB MEM: 0 MB
LDB: Reverting to original mapping
LDB: ============== END OF LOAD BALANCING =============== 1032.43
Info: useSync: 0 useProxySync: 0
LDB: =============== DONE WITH MIGRATION ================ 1032.43
LDB: ============= START OF LOAD BALANCING ============== 1039.07
LDB: ============== END OF LOAD BALANCING =============== 1039.07
Info: useSync: 0 useProxySync: 0
LDB: =============== DONE WITH MIGRATION ================ 1039.07
LDB: ============= START OF LOAD BALANCING ============== 1039.23
LDB: TIME 1039.23 LOAD: AVG 0.0132658 MAX 0.142309  PROXIES: TOTAL 112 MAXPE 7 MAXPATCH 7 None MEM: 0 MB
LDB: TIME 1039.23 LOAD: AVG 0.0132658 MAX 0.142309  PROXIES: TOTAL 112 MAXPE 7 MAXPATCH 7 RefineTorusLB MEM: 0 MB
LDB: TIME 1039.23 LOAD: AVG 0.0132658 MAX 0.142309  PROXIES: TOTAL 112 MAXPE 7 MAXPATCH 7 RefineTorusLB MEM: 0 MB
LDB: Reverting to original mapping
LDB: ============== END OF LOAD BALANCING =============== 1039.23
Info: useSync: 0 useProxySync: 0
LDB: =============== DONE WITH MIGRATION ================ 1039.23
PRESSURE: 275000 3800.42 -133.964 112.22 -84.7171 3204.5 -74.6169 -6931.62 227.09 81629.1
GPRESSURE: 275000 3899.88 -60.1627 -220.04 -55.1195 3177.4 414.317 -6626.84 193.718 81715.4
PRESSAVG: 275000 3045.97 -124.605 58.7001 15.2126 3100.33 -0.912541 -7416.35 -243.554 77506.2
GPRESSAVG: 275000 3046.03 -124.824 58.5408 15.5141 3099.94 -1.15044 -7416.28 -243.685 77506.4
ENERGY:  275000         0.0000         0.0000         0.0000         0.0000          -5733.1118       603.2527         0.0000         0.0000       914.9004          -4214.9587       290.6558     -5129.8590     -4211.8730       304.9953          29544.6740     29597.5683     22548.0941     27884.1789     27884.1097

WRITING COORDINATES TO DCD FILE MD.dcd AT STEP 275000
LDB: ============= START OF LOAD BALANCING ============== 1045.97
LDB: ============== END OF LOAD BALANCING =============== 1045.97
Info: useSync: 0 useProxySync: 0
LDB: =============== DONE WITH MIGRATION ================ 1045.97
LDB: ============= START OF LOAD BALANCING ============== 1046.12
LDB: TIME 1046.12 LOAD: AVG 0.0133845 MAX 0.144828  PROXIES: TOTAL 112 MAXPE 7 MAXPATCH 7 None MEM: 0 MB
LDB: TIME 1046.12 LOAD: AVG 0.0133845 MAX 0.144827  PROXIES: TOTAL 112 MAXPE 7 MAXPATCH 7 RefineTorusLB MEM: 0 MB
LDB: TIME 1046.12 LOAD: AVG 0.0133845 MAX 0.144827  PROXIES: TOTAL 112 MAXPE 7 MAXPATCH 7 RefineTorusLB MEM: 0 MB
LDB: ============== END OF LOAD BALANCING =============== 1046.12
Info: useSync: 0 useProxySync: 0
LDB: =============== DONE WITH MIGRATION ================ 1046.13
LDB: ============= START OF LOAD BALANCING ============== 1054.4
LDB: ============== END OF LOAD BALANCING =============== 1054.4
Info: useSync: 0 useProxySync: 0
LDB: =============== DONE WITH MIGRATION ================ 1054.4
LDB: ============= START OF LOAD BALANCING ============== 1054.56
LDB: TIME 1054.56 LOAD: AVG 0.0136029 MAX 0.144804  PROXIES: TOTAL 112 MAXPE 7 MAXPATCH 7 None MEM: 0 MB
LDB: TIME 1054.56 LOAD: AVG 0.0136029 MAX 0.144804  PROXIES: TOTAL 112 MAXPE 7 MAXPATCH 7 RefineTorusLB MEM: 0 MB
LDB: TIME 1054.56 LOAD: AVG 0.0136029 MAX 0.144804  PROXIES: TOTAL 112 MAXPE 7 MAXPATCH 7 RefineTorusLB MEM: 0 MB
LDB: ============== END OF LOAD BALANCING =============== 1054.56
Info: useSync: 0 useProxySync: 0
LDB: =============== DONE WITH MIGRATION ================ 1054.56
WRITING COORDINATES TO DCD FILE MD.dcd AT STEP 280000
PRESSURE: 280000 3317.43 -180.909 842.827 436.039 2441.8 286.708 -8120.37 -152.403 80923.7
GPRESSURE: 280000 3371.08 -269.965 928.311 345.541 2379.01 245.027 -8189.72 -275.417 80990.3
PRESSAVG: 280000 2961.82 14.4973 -54.3484 -113.01 2709.19 4.86326 -7323.71 691.157 78895.3
GPRESSAVG: 280000 2961.79 14.2582 -54.4267 -113.163 2709.32 5.2171 -7323.99 691.017 78895.3
ENERGY:  280000         0.0000         0.0000         0.0000         0.0000          -5654.5040       579.0117         0.0000         0.0000       908.5653          -4166.9270       288.6432     -5075.4923     -4165.8057       298.2423          28894.3052     28913.4581     22548.0941     28188.7763     28188.7993

LDB: ============= START OF LOAD BALANCING ============== 1062.86
LDB: ============== END OF LOAD BALANCING =============== 1062.86
Info: useSync: 0 useProxySync: 0
LDB: =============== DONE WITH MIGRATION ================ 1062.86
LDB: ============= START OF LOAD BALANCING ============== 1063.15
LDB: TIME 1063.15 LOAD: AVG 0.0157298 MAX 0.168405  PROXIES: TOTAL 112 MAXPE 7 MAXPATCH 7 None MEM: 0 MB
LDB: TIME 1063.15 LOAD: AVG 0.0157298 MAX 0.168405  PROXIES: TOTAL 112 MAXPE 7 MAXPATCH 7 RefineTorusLB MEM: 0 MB
LDB: TIME 1063.15 LOAD: AVG 0.0157298 MAX 0.168405  PROXIES: TOTAL 112 MAXPE 7 MAXPATCH 7 RefineTorusLB MEM: 0 MB
LDB: Reverting to original mapping
LDB: ============== END OF LOAD BALANCING =============== 1063.15
Info: useSync: 0 useProxySync: 0
LDB: =============== DONE WITH MIGRATION ================ 1063.15
LDB: ============= START OF LOAD BALANCING ============== 1070.63
LDB: ============== END OF LOAD BALANCING =============== 1070.63
Info: useSync: 0 useProxySync: 0
LDB: =============== DONE WITH MIGRATION ================ 1070.63
LDB: ============= START OF LOAD BALANCING ============== 1070.94
LDB: TIME 1070.94 LOAD: AVG 0.021111 MAX 0.185988  PROXIES: TOTAL 112 MAXPE 7 MAXPATCH 7 None MEM: 0 MB
LDB: TIME 1070.94 LOAD: AVG 0.021111 MAX 0.185988  PROXIES: TOTAL 112 MAXPE 7 MAXPATCH 7 RefineTorusLB MEM: 0 MB
LDB: TIME 1070.94 LOAD: AVG 0.021111 MAX 0.185988  PROXIES: TOTAL 112 MAXPE 7 MAXPATCH 7 RefineTorusLB MEM: 0 MB
LDB: Reverting to original mapping
LDB: ============== END OF LOAD BALANCING =============== 1070.94
Info: useSync: 0 useProxySync: 0
LDB: =============== DONE WITH MIGRATION ================ 1070.94
LDB: ============= START OF LOAD BALANCING ============== 1078.56
LDB: ============== END OF LOAD BALANCING =============== 1078.56
Info: useSync: 0 useProxySync: 0
LDB: =============== DONE WITH MIGRATION ================ 1078.56
LDB: ============= START OF LOAD BALANCING ============== 1078.72
LDB: TIME 1078.72 LOAD: AVG 0.0133098 MAX 0.143889  PROXIES: TOTAL 112 MAXPE 7 MAXPATCH 7 None MEM: 0 MB
LDB: TIME 1078.72 LOAD: AVG 0.0133098 MAX 0.143889  PROXIES: TOTAL 112 MAXPE 7 MAXPATCH 7 RefineTorusLB MEM: 0 MB
LDB: TIME 1078.72 LOAD: AVG 0.0133098 MAX 0.143889  PROXIES: TOTAL 112 MAXPE 7 MAXPATCH 7 RefineTorusLB MEM: 0 MB
LDB: ============== END OF LOAD BALANCING =============== 1078.72
Info: useSync: 0 useProxySync: 0
LDB: =============== DONE WITH MIGRATION ================ 1078.72
WRITING COORDINATES TO DCD FILE MD.dcd AT STEP 285000
PRESSURE: 285000 2795.66 -26.3374 -209.376 481.584 3483.22 189.984 -6673.21 -63.6347 80230
GPRESSURE: 285000 2835.72 -236.78 0.144748 554.137 3399.57 207.31 -6854.81 -410.969 80334.8
PRESSAVG: 285000 2939.88 -15.1183 -17.3298 -16.3791 2861.41 76.4059 -7144.05 -0.350163 79627.8
GPRESSAVG: 285000 2939.57 -14.73 -16.9204 -16.7104 2861.33 76.0036 -7144.51 0.0578094 79627.4
ENERGY:  285000         0.0000         0.0000         0.0000         0.0000          -5674.1387       581.3308         0.0000         0.0000       978.8907          -4113.9172       310.9850     -5092.8079     -4112.2263       309.5949          28836.2808     28856.6866     22548.0941     28476.3548     28476.0941

LDB: ============= START OF LOAD BALANCING ============== 1087.13
LDB: ============== END OF LOAD BALANCING =============== 1087.13
Info: useSync: 0 useProxySync: 0
LDB: =============== DONE WITH MIGRATION ================ 1087.13
LDB: ============= START OF LOAD BALANCING ============== 1087.29
LDB: TIME 1087.29 LOAD: AVG 0.013381 MAX 0.143589  PROXIES: TOTAL 112 MAXPE 7 MAXPATCH 7 None MEM: 0 MB
LDB: TIME 1087.29 LOAD: AVG 0.013381 MAX 0.143589  PROXIES: TOTAL 112 MAXPE 7 MAXPATCH 7 RefineTorusLB MEM: 0 MB
LDB: TIME 1087.29 LOAD: AVG 0.013381 MAX 0.143589  PROXIES: TOTAL 112 MAXPE 7 MAXPATCH 7 RefineTorusLB MEM: 0 MB
LDB: Reverting to original mapping
LDB: ============== END OF LOAD BALANCING =============== 1087.29
Info: useSync: 0 useProxySync: 0
LDB: =============== DONE WITH MIGRATION ================ 1087.29
LDB: ============= START OF LOAD BALANCING ============== 1095.04
LDB: ============== END OF LOAD BALANCING =============== 1095.04
Info: useSync: 0 useProxySync: 0
LDB: =============== DONE WITH MIGRATION ================ 1095.05
LDB: ============= START OF LOAD BALANCING ============== 1095.42
LDB: TIME 1095.42 LOAD: AVG 0.0154761 MAX 0.166353  PROXIES: TOTAL 112 MAXPE 7 MAXPATCH 7 None MEM: 0 MB
LDB: TIME 1095.42 LOAD: AVG 0.0154761 MAX 0.166353  PROXIES: TOTAL 112 MAXPE 7 MAXPATCH 7 RefineTorusLB MEM: 0 MB
LDB: TIME 1095.42 LOAD: AVG 0.0154761 MAX 0.166353  PROXIES: TOTAL 112 MAXPE 7 MAXPATCH 7 RefineTorusLB MEM: 0 MB
LDB: Reverting to original mapping
LDB: ============== END OF LOAD BALANCING =============== 1095.42
Info: useSync: 0 useProxySync: 0
LDB: =============== DONE WITH MIGRATION ================ 1095.42
WRITING COORDINATES TO DCD FILE MD.dcd AT STEP 290000
PRESSURE: 290000 3541.42 -424.899 552.21 49.2142 3626.41 -326.662 -6037 -166.938 81009.7
GPRESSURE: 290000 3646.54 -525.525 550.72 223.645 3467.28 -120.987 -6094.32 -166.514 81096.1
PRESSAVG: 290000 2830.89 -44.3839 27.9862 -0.95439 2798.95 -53.8751 -6415.77 130.076 79797.2
GPRESSAVG: 290000 2830.66 -44.6401 27.669 -0.793423 2798.64 -53.5434 -6415.85 129.788 79797.5
ENERGY:  290000         0.0000         0.0000         0.0000         0.0000          -5607.1451       553.0789         0.0000         0.0000       982.9349          -4071.1314       312.2698     -5054.0663     -4068.5300       311.1808          29392.5118     29403.3113     22548.0941     28475.6724     28475.5858

LDB: ============= START OF LOAD BALANCING ============== 1102.28
LDB: ============== END OF LOAD BALANCING =============== 1102.28
Info: useSync: 0 useProxySync: 0
LDB: =============== DONE WITH MIGRATION ================ 1102.28
LDB: ============= START OF LOAD BALANCING ============== 1102.44
LDB: TIME 1102.44 LOAD: AVG 0.0131635 MAX 0.143238  PROXIES: TOTAL 112 MAXPE 7 MAXPATCH 7 None MEM: 0 MB
LDB: TIME 1102.44 LOAD: AVG 0.0131635 MAX 0.143238  PROXIES: TOTAL 112 MAXPE 7 MAXPATCH 7 RefineTorusLB MEM: 0 MB
LDB: TIME 1102.44 LOAD: AVG 0.0131635 MAX 0.143238  PROXIES: TOTAL 112 MAXPE 7 MAXPATCH 7 RefineTorusLB MEM: 0 MB
LDB: Reverting to original mapping
LDB: ============== END OF LOAD BALANCING =============== 1102.44
Info: useSync: 0 useProxySync: 0
LDB: =============== DONE WITH MIGRATION ================ 1102.44
LDB: ============= START OF LOAD BALANCING ============== 1109.81
LDB: ============== END OF LOAD BALANCING =============== 1109.81
Info: useSync: 0 useProxySync: 0
LDB: =============== DONE WITH MIGRATION ================ 1109.81
LDB: ============= START OF LOAD BALANCING ============== 1109.99
LDB: TIME 1109.99 LOAD: AVG 0.0147711 MAX 0.167127  PROXIES: TOTAL 112 MAXPE 7 MAXPATCH 7 None MEM: 0 MB
LDB: TIME 1109.99 LOAD: AVG 0.0147711 MAX 0.167127  PROXIES: TOTAL 112 MAXPE 7 MAXPATCH 7 RefineTorusLB MEM: 0 MB
LDB: TIME 1109.99 LOAD: AVG 0.0147711 MAX 0.167127  PROXIES: TOTAL 112 MAXPE 7 MAXPATCH 7 RefineTorusLB MEM: 0 MB
LDB: Reverting to original mapping
LDB: ============== END OF LOAD BALANCING =============== 1109.99
Info: useSync: 0 useProxySync: 0
LDB: =============== DONE WITH MIGRATION ================ 1109.99
LDB: ============= START OF LOAD BALANCING ============== 1118.33
LDB: ============== END OF LOAD BALANCING =============== 1118.33
Info: useSync: 0 useProxySync: 0
LDB: =============== DONE WITH MIGRATION ================ 1118.33
LDB: ============= START OF LOAD BALANCING ============== 1118.53
LDB: TIME 1118.53 LOAD: AVG 0.0148791 MAX 0.166641  PROXIES: TOTAL 112 MAXPE 7 MAXPATCH 7 None MEM: 0 MB
LDB: TIME 1118.53 LOAD: AVG 0.0148791 MAX 0.166641  PROXIES: TOTAL 112 MAXPE 7 MAXPATCH 7 RefineTorusLB MEM: 0 MB
LDB: TIME 1118.53 LOAD: AVG 0.0148791 MAX 0.166641  PROXIES: TOTAL 112 MAXPE 7 MAXPATCH 7 RefineTorusLB MEM: 0 MB
LDB: Reverting to original mapping
LDB: ============== END OF LOAD BALANCING =============== 1118.53
Info: useSync: 0 useProxySync: 0
LDB: =============== DONE WITH MIGRATION ================ 1118.53
PRESSURE: 295000 3055.69 6.85591 -289.718 -189.238 3432.45 -10.1361 -6243.09 1012.75 83949.9
GPRESSURE: 295000 2988.07 141.706 -268.288 -231.804 3589.35 70.1209 -6210.64 1209.91 83883.8
PRESSAVG: 295000 2973.92 38.2799 9.47279 -70.8854 3012.01 -29.2974 -5593.71 775.107 82577.8
GPRESSAVG: 295000 2973.71 38.6007 9.49311 -71.4074 3012.28 -29.0784 -5594.33 775.223 82577.4
ENERGY:  295000         0.0000         0.0000         0.0000         0.0000          -5701.5008       560.9540         0.0000         0.0000       936.6206          -4203.9262       297.5562     -5140.5468     -4200.4607       312.6921          30146.0006     30153.7511     22548.0941     29521.2348     29521.1199

WRITING COORDINATES TO DCD FILE MD.dcd AT STEP 295000
LDB: ============= START OF LOAD BALANCING ============== 1127.4
LDB: ============== END OF LOAD BALANCING =============== 1127.4
Info: useSync: 0 useProxySync: 0
LDB: =============== DONE WITH MIGRATION ================ 1127.4
LDB: ============= START OF LOAD BALANCING ============== 1127.61
LDB: TIME 1127.61 LOAD: AVG 0.0146485 MAX 0.142882  PROXIES: TOTAL 112 MAXPE 7 MAXPATCH 7 None MEM: 0 MB
LDB: TIME 1127.61 LOAD: AVG 0.0146485 MAX 0.142882  PROXIES: TOTAL 112 MAXPE 7 MAXPATCH 7 RefineTorusLB MEM: 0 MB
LDB: TIME 1127.61 LOAD: AVG 0.0146485 MAX 0.142882  PROXIES: TOTAL 112 MAXPE 7 MAXPATCH 7 RefineTorusLB MEM: 0 MB
LDB: Reverting to original mapping
LDB: ============== END OF LOAD BALANCING =============== 1127.61
Info: useSync: 0 useProxySync: 0
LDB: =============== DONE WITH MIGRATION ================ 1127.61
LDB: ============= START OF LOAD BALANCING ============== 1134.55
LDB: ============== END OF LOAD BALANCING =============== 1134.55
Info: useSync: 0 useProxySync: 0
LDB: =============== DONE WITH MIGRATION ================ 1134.55
LDB: ============= START OF LOAD BALANCING ============== 1134.71
LDB: TIME 1134.71 LOAD: AVG 0.0132948 MAX 0.142808  PROXIES: TOTAL 112 MAXPE 7 MAXPATCH 7 None MEM: 0 MB
LDB: TIME 1134.71 LOAD: AVG 0.0132948 MAX 0.142808  PROXIES: TOTAL 112 MAXPE 7 MAXPATCH 7 RefineTorusLB MEM: 0 MB
LDB: TIME 1134.71 LOAD: AVG 0.0132948 MAX 0.142808  PROXIES: TOTAL 112 MAXPE 7 MAXPATCH 7 RefineTorusLB MEM: 0 MB
LDB: ============== END OF LOAD BALANCING =============== 1134.71
Info: useSync: 0 useProxySync: 0
LDB: =============== DONE WITH MIGRATION ================ 1134.71
WRITING COORDINATES TO DCD FILE MD.dcd AT STEP 300000
WRITING COORDINATES TO RESTART FILE AT STEP 300000
FINISHED WRITING RESTART COORDINATES
WRITING VELOCITIES TO RESTART FILE AT STEP 300000
FINISHED WRITING RESTART VELOCITIES
PRESSURE: 300000 1835.57 -424.289 302.367 219.143 2179.21 -550.856 -6147.46 -1364.07 80948.2
GPRESSURE: 300000 1891.98 -558.176 493.589 239.274 2201.96 -468.697 -6506.34 -973.878 80953.5
PRESSAVG: 300000 2805.06 11.0973 4.26105 -2.41827 2814.87 -97.3539 -5720.46 -988.746 81863.3
GPRESSAVG: 300000 2805.03 11.2212 4.06609 -2.22428 2814.85 -97.4763 -5720.55 -988.041 81863
TIMING: 300000  CPU: 1086.33, 0.00369293/step  Wall: 1140.3, 0.00387245/step, 0.215136 hours remaining, 0.000000 MB of memory in use.
PERFORMANCE: 300000  averaging 45.4628 ns/day, 0.00380091 sec/step with standard deviation 0.000305815
ETITLE:      TS           BOND          ANGLE          DIHED          IMPRP               ELECT            VDW       BOUNDARY           MISC        KINETIC               TOTAL           TEMP      POTENTIAL         TOTAL3        TEMPAVG            PRESSURE      GPRESSURE         VOLUME       PRESSAVG      GPRESSAVG

ENERGY:  300000         0.0000         0.0000         0.0000         0.0000          -5597.6336       500.1405         0.0000         0.0000       957.7711          -4139.7221       304.2755     -5097.4931     -4136.4865       302.8369          28320.9919     28349.1388     22548.0941     29161.0921     29160.9690

WRITING EXTENDED SYSTEM TO RESTART FILE AT STEP 300000
LDB: ============= START OF LOAD BALANCING ============== 1141.2
LDB: ============== END OF LOAD BALANCING =============== 1141.2
Info: useSync: 0 useProxySync: 0
LDB: =============== DONE WITH MIGRATION ================ 1141.2
LDB: ============= START OF LOAD BALANCING ============== 1141.36
LDB: TIME 1141.36 LOAD: AVG 0.0133048 MAX 0.142495  PROXIES: TOTAL 112 MAXPE 7 MAXPATCH 7 None MEM: 0 MB
LDB: TIME 1141.36 LOAD: AVG 0.0133048 MAX 0.142495  PROXIES: TOTAL 112 MAXPE 7 MAXPATCH 7 RefineTorusLB MEM: 0 MB
LDB: TIME 1141.36 LOAD: AVG 0.0133048 MAX 0.142495  PROXIES: TOTAL 112 MAXPE 7 MAXPATCH 7 RefineTorusLB MEM: 0 MB
LDB: ============== END OF LOAD BALANCING =============== 1141.36
Info: useSync: 0 useProxySync: 0
LDB: =============== DONE WITH MIGRATION ================ 1141.36
LDB: ============= START OF LOAD BALANCING ============== 1148.29
LDB: ============== END OF LOAD BALANCING =============== 1148.29
Info: useSync: 0 useProxySync: 0
LDB: =============== DONE WITH MIGRATION ================ 1148.3
LDB: ============= START OF LOAD BALANCING ============== 1148.48
LDB: TIME 1148.5 LOAD: AVG 0.0134121 MAX 0.144802  PROXIES: TOTAL 112 MAXPE 7 MAXPATCH 7 None MEM: 0 MB
LDB: TIME 1148.5 LOAD: AVG 0.0134121 MAX 0.144801  PROXIES: TOTAL 112 MAXPE 7 MAXPATCH 7 RefineTorusLB MEM: 0 MB
LDB: TIME 1148.5 LOAD: AVG 0.0134121 MAX 0.144801  PROXIES: TOTAL 112 MAXPE 7 MAXPATCH 7 RefineTorusLB MEM: 0 MB
LDB: ============== END OF LOAD BALANCING =============== 1148.5
Info: useSync: 0 useProxySync: 0
LDB: =============== DONE WITH MIGRATION ================ 1148.5
LDB: ============= START OF LOAD BALANCING ============== 1155.92
LDB: ============== END OF LOAD BALANCING =============== 1155.92
Info: useSync: 0 useProxySync: 0
LDB: =============== DONE WITH MIGRATION ================ 1155.92
LDB: ============= START OF LOAD BALANCING ============== 1156.15
LDB: TIME 1156.15 LOAD: AVG 0.0148784 MAX 0.160046  PROXIES: TOTAL 112 MAXPE 7 MAXPATCH 7 None MEM: 0 MB
LDB: TIME 1156.15 LOAD: AVG 0.0148784 MAX 0.160046  PROXIES: TOTAL 112 MAXPE 7 MAXPATCH 7 RefineTorusLB MEM: 0 MB
LDB: TIME 1156.15 LOAD: AVG 0.0148784 MAX 0.160046  PROXIES: TOTAL 112 MAXPE 7 MAXPATCH 7 RefineTorusLB MEM: 0 MB
LDB: Reverting to original mapping
LDB: ============== END OF LOAD BALANCING =============== 1156.15
Info: useSync: 0 useProxySync: 0
LDB: =============== DONE WITH MIGRATION ================ 1156.15
WRITING COORDINATES TO DCD FILE MD.dcd AT STEP 305000
PRESSURE: 305000 3236.01 -39.4381 -650.62 539.575 2966.91 -79.1507 -7080.39 -672.109 88661.8
GPRESSURE: 305000 3396.52 10.9079 -861.16 478.861 2855.77 -453.502 -6864.89 -324.065 88638.8
PRESSAVG: 305000 2980.97 76.4658 28.2639 63.9709 2897.15 51.1785 -5964.38 -686.023 84761.5
GPRESSAVG: 305000 2980.87 76.492 28.375 63.5432 2897.09 51.678 -5964.84 -685.893 84761.4
ENERGY:  305000         0.0000         0.0000         0.0000         0.0000          -5563.7683       514.4292         0.0000         0.0000       985.7667          -4063.5724       313.1694     -5049.3391     -4060.7170       316.1245          31621.5717     31630.3561     22548.0941     30213.2046     30213.1377

LDB: ============= START OF LOAD BALANCING ============== 1163.43
LDB: ============== END OF LOAD BALANCING =============== 1163.43
Info: useSync: 0 useProxySync: 0
LDB: =============== DONE WITH MIGRATION ================ 1163.43
LDB: ============= START OF LOAD BALANCING ============== 1163.7
LDB: TIME 1163.7 LOAD: AVG 0.0167261 MAX 0.145726  PROXIES: TOTAL 112 MAXPE 7 MAXPATCH 7 None MEM: 0 MB
LDB: TIME 1163.7 LOAD: AVG 0.0167261 MAX 0.145726  PROXIES: TOTAL 112 MAXPE 7 MAXPATCH 7 RefineTorusLB MEM: 0 MB
LDB: TIME 1163.7 LOAD: AVG 0.0167261 MAX 0.145726  PROXIES: TOTAL 112 MAXPE 7 MAXPATCH 7 RefineTorusLB MEM: 0 MB
LDB: ============== END OF LOAD BALANCING =============== 1163.7
Info: useSync: 0 useProxySync: 0
LDB: =============== DONE WITH MIGRATION ================ 1163.7
LDB: ============= START OF LOAD BALANCING ============== 1171.68
LDB: ============== END OF LOAD BALANCING =============== 1171.68
Info: useSync: 0 useProxySync: 0
LDB: =============== DONE WITH MIGRATION ================ 1171.68
LDB: ============= START OF LOAD BALANCING ============== 1171.96
LDB: TIME 1171.98 LOAD: AVG 0.0148328 MAX 0.152458  PROXIES: TOTAL 112 MAXPE 7 MAXPATCH 7 None MEM: 0 MB
LDB: TIME 1171.98 LOAD: AVG 0.0148328 MAX 0.152458  PROXIES: TOTAL 112 MAXPE 7 MAXPATCH 7 RefineTorusLB MEM: 0 MB
LDB: TIME 1171.98 LOAD: AVG 0.0148328 MAX 0.152458  PROXIES: TOTAL 112 MAXPE 7 MAXPATCH 7 RefineTorusLB MEM: 0 MB
LDB: ============== END OF LOAD BALANCING =============== 1171.98
Info: useSync: 0 useProxySync: 0
LDB: =============== DONE WITH MIGRATION ================ 1172.04
WRITING COORDINATES TO DCD FILE MD.dcd AT STEP 310000
PRESSURE: 310000 2856.6 223.015 -333.617 -112.721 2874.64 485.843 -6595.48 -39.8688 86391.4
GPRESSURE: 310000 2786.29 501.363 -245.891 6.347 2838.62 627.753 -6606.07 -219.984 86541.3
PRESSAVG: 310000 2841.27 82.5957 -48.3629 84.24 2755.69 90.7348 -5457.61 -534.256 85941
GPRESSAVG: 310000 2840.94 82.4609 -48.4999 85.0467 2755.61 90.1023 -5457.44 -534.033 85940.5
ENERGY:  310000         0.0000         0.0000         0.0000         0.0000          -5627.0495       523.2062         0.0000         0.0000       965.2599          -4138.5834       306.6546     -5103.8433     -4135.7095       314.4465          30707.5523     30722.0548     22548.0941     30512.6681     30512.3653

LDB: ============= START OF LOAD BALANCING ============== 1180.09
LDB: ============== END OF LOAD BALANCING =============== 1180.09
Info: useSync: 0 useProxySync: 0
LDB: =============== DONE WITH MIGRATION ================ 1180.09
LDB: ============= START OF LOAD BALANCING ============== 1180.24
LDB: TIME 1180.24 LOAD: AVG 0.013174 MAX 0.141804  PROXIES: TOTAL 112 MAXPE 7 MAXPATCH 7 None MEM: 0 MB
LDB: TIME 1180.24 LOAD: AVG 0.013174 MAX 0.141804  PROXIES: TOTAL 112 MAXPE 7 MAXPATCH 7 RefineTorusLB MEM: 0 MB
LDB: TIME 1180.24 LOAD: AVG 0.013174 MAX 0.141804  PROXIES: TOTAL 112 MAXPE 7 MAXPATCH 7 RefineTorusLB MEM: 0 MB
LDB: Reverting to original mapping
LDB: ============== END OF LOAD BALANCING =============== 1180.24
Info: useSync: 0 useProxySync: 0
LDB: =============== DONE WITH MIGRATION ================ 1180.24
LDB: ============= START OF LOAD BALANCING ============== 1187.26
LDB: ============== END OF LOAD BALANCING =============== 1187.26
Info: useSync: 0 useProxySync: 0
LDB: =============== DONE WITH MIGRATION ================ 1187.26
LDB: ============= START OF LOAD BALANCING ============== 1187.42
LDB: TIME 1187.42 LOAD: AVG 0.0133746 MAX 0.142742  PROXIES: TOTAL 112 MAXPE 7 MAXPATCH 7 None MEM: 0 MB
LDB: TIME 1187.42 LOAD: AVG 0.0133746 MAX 0.142742  PROXIES: TOTAL 112 MAXPE 7 MAXPATCH 7 RefineTorusLB MEM: 0 MB
LDB: TIME 1187.42 LOAD: AVG 0.0133746 MAX 0.142742  PROXIES: TOTAL 112 MAXPE 7 MAXPATCH 7 RefineTorusLB MEM: 0 MB
LDB: Reverting to original mapping
LDB: ============== END OF LOAD BALANCING =============== 1187.42
Info: useSync: 0 useProxySync: 0
LDB: =============== DONE WITH MIGRATION ================ 1187.42
LDB: ============= START OF LOAD BALANCING ============== 1195.77
LDB: ============== END OF LOAD BALANCING =============== 1195.77
Info: useSync: 0 useProxySync: 0
LDB: =============== DONE WITH MIGRATION ================ 1195.77
LDB: ============= START OF LOAD BALANCING ============== 1195.92
LDB: TIME 1195.92 LOAD: AVG 0.0132785 MAX 0.142701  PROXIES: TOTAL 112 MAXPE 7 MAXPATCH 7 None MEM: 0 MB
LDB: TIME 1195.92 LOAD: AVG 0.0132785 MAX 0.142701  PROXIES: TOTAL 112 MAXPE 7 MAXPATCH 7 RefineTorusLB MEM: 0 MB
LDB: TIME 1195.92 LOAD: AVG 0.0132785 MAX 0.142701  PROXIES: TOTAL 112 MAXPE 7 MAXPATCH 7 RefineTorusLB MEM: 0 MB
LDB: ============== END OF LOAD BALANCING =============== 1195.92
Info: useSync: 0 useProxySync: 0
LDB: =============== DONE WITH MIGRATION ================ 1195.92
PRESSURE: 315000 3418.95 377.705 312.605 709.828 2390.21 -440.964 -4308.46 -547.315 90872.5
GPRESSURE: 315000 3540.29 573.882 162.631 632.407 2445.42 -553.252 -4493.92 -292.171 90812.8
PRESSAVG: 315000 2918.63 71.4731 -31.3895 6.10941 3200.79 27.0062 -5260.11 -256.052 89873.7
GPRESSAVG: 315000 2918.54 71.3011 -31.3176 6.28286 3200.7 27.301 -5260.04 -256.852 89873.3
ENERGY:  315000         0.0000         0.0000         0.0000         0.0000          -5578.0959       569.0639         0.0000         0.0000      1000.2362          -4008.7957       317.7663     -5009.0319     -4007.0385       310.1527          32227.2057     32266.1752     22548.0941     31997.6932     31997.5272

WRITING COORDINATES TO DCD FILE MD.dcd AT STEP 315000
LDB: ============= START OF LOAD BALANCING ============== 1203.38
LDB: ============== END OF LOAD BALANCING =============== 1203.38
Info: useSync: 0 useProxySync: 0
LDB: =============== DONE WITH MIGRATION ================ 1203.38
LDB: ============= START OF LOAD BALANCING ============== 1203.54
LDB: TIME 1203.54 LOAD: AVG 0.0131302 MAX 0.142533  PROXIES: TOTAL 112 MAXPE 7 MAXPATCH 7 None MEM: 0 MB
LDB: TIME 1203.54 LOAD: AVG 0.0131302 MAX 0.142533  PROXIES: TOTAL 112 MAXPE 7 MAXPATCH 7 RefineTorusLB MEM: 0 MB
LDB: TIME 1203.54 LOAD: AVG 0.0131302 MAX 0.142533  PROXIES: TOTAL 112 MAXPE 7 MAXPATCH 7 RefineTorusLB MEM: 0 MB
LDB: ============== END OF LOAD BALANCING =============== 1203.54
Info: useSync: 0 useProxySync: 0
LDB: =============== DONE WITH MIGRATION ================ 1203.54
LDB: ============= START OF LOAD BALANCING ============== 1210.38
LDB: ============== END OF LOAD BALANCING =============== 1210.38
Info: useSync: 0 useProxySync: 0
LDB: =============== DONE WITH MIGRATION ================ 1210.38
LDB: ============= START OF LOAD BALANCING ============== 1210.53
LDB: TIME 1210.53 LOAD: AVG 0.0132508 MAX 0.143063  PROXIES: TOTAL 112 MAXPE 7 MAXPATCH 7 None MEM: 0 MB
LDB: TIME 1210.53 LOAD: AVG 0.0132508 MAX 0.143063  PROXIES: TOTAL 112 MAXPE 7 MAXPATCH 7 RefineTorusLB MEM: 0 MB
LDB: TIME 1210.53 LOAD: AVG 0.0132508 MAX 0.143063  PROXIES: TOTAL 112 MAXPE 7 MAXPATCH 7 RefineTorusLB MEM: 0 MB
LDB: ============== END OF LOAD BALANCING =============== 1210.53
Info: useSync: 0 useProxySync: 0
LDB: =============== DONE WITH MIGRATION ================ 1210.53
PRESSURE: 320000 2075.81 67.8802 742.661 -4.37034 1946.85 -140.319 -5739.38 -264.611 91515.4
GPRESSURE: 320000 1967.35 -0.400048 1051.56 -63.6007 2137.78 -177.484 -6150.43 -65.4598 91500
PRESSAVG: 320000 3133.83 -57.7048 44.4153 6.84271 3120.49 91.2586 -4945.08 -729.34 90694
GPRESSAVG: 320000 3133.78 -57.5908 44.4336 6.53099 3120.47 91.1853 -4945.05 -729.309 90693.7
ENERGY:  320000         0.0000         0.0000         0.0000         0.0000          -5587.2460       507.7077         0.0000         0.0000       987.6384          -4091.8999       313.7641     -5079.5384     -4089.6808       316.4284          31846.0119     31868.3894     22548.0941     32316.0960     32315.9733

WRITING COORDINATES TO DCD FILE MD.dcd AT STEP 320000
LDB: ============= START OF LOAD BALANCING ============== 1218.62
LDB: ============== END OF LOAD BALANCING =============== 1218.62
Info: useSync: 0 useProxySync: 0
LDB: =============== DONE WITH MIGRATION ================ 1218.62
LDB: ============= START OF LOAD BALANCING ============== 1218.86
LDB: TIME 1218.86 LOAD: AVG 0.0158794 MAX 0.166337  PROXIES: TOTAL 112 MAXPE 7 MAXPATCH 7 None MEM: 0 MB
LDB: TIME 1218.86 LOAD: AVG 0.0158794 MAX 0.166337  PROXIES: TOTAL 112 MAXPE 7 MAXPATCH 7 RefineTorusLB MEM: 0 MB
LDB: TIME 1218.86 LOAD: AVG 0.0158794 MAX 0.166337  PROXIES: TOTAL 112 MAXPE 7 MAXPATCH 7 RefineTorusLB MEM: 0 MB
LDB: ============== END OF LOAD BALANCING =============== 1218.86
Info: useSync: 0 useProxySync: 0
LDB: =============== DONE WITH MIGRATION ================ 1218.86
LDB: ============= START OF LOAD BALANCING ============== 1226.62
LDB: ============== END OF LOAD BALANCING =============== 1226.62
Info: useSync: 0 useProxySync: 0
LDB: =============== DONE WITH MIGRATION ================ 1226.62
LDB: ============= START OF LOAD BALANCING ============== 1226.87
LDB: TIME 1226.88 LOAD: AVG 0.013992 MAX 0.143215  PROXIES: TOTAL 112 MAXPE 7 MAXPATCH 7 None MEM: 0 MB
LDB: TIME 1226.88 LOAD: AVG 0.013992 MAX 0.143215  PROXIES: TOTAL 112 MAXPE 7 MAXPATCH 7 RefineTorusLB MEM: 0 MB
LDB: TIME 1226.88 LOAD: AVG 0.013992 MAX 0.143215  PROXIES: TOTAL 112 MAXPE 7 MAXPATCH 7 RefineTorusLB MEM: 0 MB
LDB: ============== END OF LOAD BALANCING =============== 1226.88
Info: useSync: 0 useProxySync: 0
LDB: =============== DONE WITH MIGRATION ================ 1226.88
LDB: ============= START OF LOAD BALANCING ============== 1233.71
LDB: ============== END OF LOAD BALANCING =============== 1233.71
Info: useSync: 0 useProxySync: 0
LDB: =============== DONE WITH MIGRATION ================ 1233.71
LDB: ============= START OF LOAD BALANCING ============== 1233.88
LDB: TIME 1233.88 LOAD: AVG 0.0136358 MAX 0.142638  PROXIES: TOTAL 112 MAXPE 7 MAXPATCH 7 None MEM: 0 MB
LDB: TIME 1233.88 LOAD: AVG 0.0136358 MAX 0.142638  PROXIES: TOTAL 112 MAXPE 7 MAXPATCH 7 RefineTorusLB MEM: 0 MB
LDB: TIME 1233.88 LOAD: AVG 0.0136358 MAX 0.142638  PROXIES: TOTAL 112 MAXPE 7 MAXPATCH 7 RefineTorusLB MEM: 0 MB
LDB: Reverting to original mapping
LDB: ============== END OF LOAD BALANCING =============== 1233.88
Info: useSync: 0 useProxySync: 0
LDB: =============== DONE WITH MIGRATION ================ 1233.91
WRITING COORDINATES TO DCD FILE MD.dcd AT STEP 325000
PRESSURE: 325000 3239.23 -848.651 231.556 -669.955 4280.86 -350.681 -3530.05 -832.841 91069.4
GPRESSURE: 325000 3134.71 -657.778 372.47 -762.625 4342.6 -546.27 -3505.21 -482.671 91196.8
PRESSAVG: 325000 2926.59 -53.8239 -103.603 -22.9545 3181.74 12.7738 -4522.16 -733.742 91849.9
GPRESSAVG: 325000 2926.6 -53.8829 -103.873 -22.9747 3181.76 12.8481 -4522.06 -733.916 91849.7
ENERGY:  325000         0.0000         0.0000         0.0000         0.0000          -5652.0194       574.9235         0.0000         0.0000       960.0314          -4117.0645       304.9935     -5077.0959     -4114.9478       310.9090          32863.1520     32891.3606     22548.0941     32652.7476     32652.6770

LDB: ============= START OF LOAD BALANCING ============== 1240.82
LDB: ============== END OF LOAD BALANCING =============== 1240.82
Info: useSync: 0 useProxySync: 0
LDB: =============== DONE WITH MIGRATION ================ 1240.83
LDB: ============= START OF LOAD BALANCING ============== 1240.98
LDB: TIME 1240.98 LOAD: AVG 0.0132659 MAX 0.142784  PROXIES: TOTAL 112 MAXPE 7 MAXPATCH 7 None MEM: 0 MB
LDB: TIME 1240.98 LOAD: AVG 0.0132659 MAX 0.142784  PROXIES: TOTAL 112 MAXPE 7 MAXPATCH 7 RefineTorusLB MEM: 0 MB
LDB: TIME 1240.98 LOAD: AVG 0.0132659 MAX 0.142784  PROXIES: TOTAL 112 MAXPE 7 MAXPATCH 7 RefineTorusLB MEM: 0 MB
LDB: Reverting to original mapping
LDB: ============== END OF LOAD BALANCING =============== 1240.98
Info: useSync: 0 useProxySync: 0
LDB: =============== DONE WITH MIGRATION ================ 1240.98
LDB: ============= START OF LOAD BALANCING ============== 1248.06
LDB: ============== END OF LOAD BALANCING =============== 1248.06
Info: useSync: 0 useProxySync: 0
LDB: =============== DONE WITH MIGRATION ================ 1248.06
LDB: ============= START OF LOAD BALANCING ============== 1248.3
LDB: TIME 1248.3 LOAD: AVG 0.0159969 MAX 0.166405  PROXIES: TOTAL 112 MAXPE 7 MAXPATCH 7 None MEM: 0 MB
LDB: TIME 1248.3 LOAD: AVG 0.0159969 MAX 0.166405  PROXIES: TOTAL 112 MAXPE 7 MAXPATCH 7 RefineTorusLB MEM: 0 MB
LDB: TIME 1248.3 LOAD: AVG 0.0159969 MAX 0.166405  PROXIES: TOTAL 112 MAXPE 7 MAXPATCH 7 RefineTorusLB MEM: 0 MB
LDB: Reverting to original mapping
LDB: ============== END OF LOAD BALANCING =============== 1248.3
Info: useSync: 0 useProxySync: 0
LDB: =============== DONE WITH MIGRATION ================ 1248.3
PRESSURE: 330000 3594.89 -410.765 715.752 376.415 2544.82 203.672 -2254.56 635.105 93256.6
GPRESSURE: 330000 3550.94 -112.541 854.141 139.955 2667.73 269.346 -2352.46 726.994 93235.3
PRESSAVG: 330000 2921.55 102.052 80.076 107.038 3164.05 -12.4881 -3322.44 467.282 93041.5
GPRESSAVG: 330000 2921.52 102.351 80.2385 107.005 3163.79 -12.2403 -3322.88 467.085 93041.3
ENERGY:  330000         0.0000         0.0000         0.0000         0.0000          -5731.8527       566.2675         0.0000         0.0000       978.9729          -4186.6124       311.0111     -5165.5853     -4182.8765       306.5062          33132.1110     33151.3192     22548.0941     33042.3824     33042.1933

WRITING COORDINATES TO DCD FILE MD.dcd AT STEP 330000
LDB: ============= START OF LOAD BALANCING ============== 1255.61
LDB: ============== END OF LOAD BALANCING =============== 1255.61
Info: useSync: 0 useProxySync: 0
LDB: =============== DONE WITH MIGRATION ================ 1255.61
LDB: ============= START OF LOAD BALANCING ============== 1255.77
LDB: TIME 1255.77 LOAD: AVG 0.0131401 MAX 0.143036  PROXIES: TOTAL 112 MAXPE 7 MAXPATCH 7 None MEM: 0 MB
LDB: TIME 1255.77 LOAD: AVG 0.0131401 MAX 0.143036  PROXIES: TOTAL 112 MAXPE 7 MAXPATCH 7 RefineTorusLB MEM: 0 MB
LDB: TIME 1255.77 LOAD: AVG 0.0131401 MAX 0.143036  PROXIES: TOTAL 112 MAXPE 7 MAXPATCH 7 RefineTorusLB MEM: 0 MB
LDB: ============== END OF LOAD BALANCING =============== 1255.77
Info: useSync: 0 useProxySync: 0
LDB: =============== DONE WITH MIGRATION ================ 1255.77
LDB: ============= START OF LOAD BALANCING ============== 1262.92
LDB: ============== END OF LOAD BALANCING =============== 1262.92
Info: useSync: 0 useProxySync: 0
LDB: =============== DONE WITH MIGRATION ================ 1262.92
LDB: ============= START OF LOAD BALANCING ============== 1263.08
LDB: TIME 1263.08 LOAD: AVG 0.0134411 MAX 0.143328  PROXIES: TOTAL 112 MAXPE 7 MAXPATCH 7 None MEM: 0 MB
LDB: TIME 1263.08 LOAD: AVG 0.0134411 MAX 0.143328  PROXIES: TOTAL 112 MAXPE 7 MAXPATCH 7 RefineTorusLB MEM: 0 MB
LDB: TIME 1263.08 LOAD: AVG 0.0134411 MAX 0.143328  PROXIES: TOTAL 112 MAXPE 7 MAXPATCH 7 RefineTorusLB MEM: 0 MB
LDB: Reverting to original mapping
LDB: ============== END OF LOAD BALANCING =============== 1263.08
Info: useSync: 0 useProxySync: 0
LDB: =============== DONE WITH MIGRATION ================ 1263.08
LDB: ============= START OF LOAD BALANCING ============== 1271.46
LDB: ============== END OF LOAD BALANCING =============== 1271.46
Info: useSync: 0 useProxySync: 0
LDB: =============== DONE WITH MIGRATION ================ 1271.46
LDB: ============= START OF LOAD BALANCING ============== 1271.65
LDB: TIME 1271.65 LOAD: AVG 0.0148333 MAX 0.1666  PROXIES: TOTAL 112 MAXPE 7 MAXPATCH 7 None MEM: 0 MB
LDB: TIME 1271.65 LOAD: AVG 0.0148333 MAX 0.1666  PROXIES: TOTAL 112 MAXPE 7 MAXPATCH 7 RefineTorusLB MEM: 0 MB
LDB: TIME 1271.65 LOAD: AVG 0.0148333 MAX 0.1666  PROXIES: TOTAL 112 MAXPE 7 MAXPATCH 7 RefineTorusLB MEM: 0 MB
LDB: ============== END OF LOAD BALANCING =============== 1271.65
Info: useSync: 0 useProxySync: 0
LDB: =============== DONE WITH MIGRATION ================ 1271.65
WRITING COORDINATES TO DCD FILE MD.dcd AT STEP 335000
PRESSURE: 335000 2044.69 250.362 670.564 303.176 4670.54 -28.6695 -3588.22 -1043.76 94585.7
GPRESSURE: 335000 2069.62 318.179 704.255 293.836 4570.18 -213.772 -3626.45 -837.759 94681.3
PRESSAVG: 335000 3245.06 72.3199 -20.1306 21.5637 3126.93 -45.5418 -3066.54 -149.861 92995.6
GPRESSAVG: 335000 3245.18 71.9787 -19.8628 21.4386 3127.01 -45.6312 -3066.52 -149.93 92995.2
ENERGY:  335000         0.0000         0.0000         0.0000         0.0000          -5709.3002       594.9744         0.0000         0.0000       982.1961          -4132.1297       312.0351     -5114.3258     -4130.1331       306.0508          33766.9853     33773.7027     22548.0941     33122.5376     33122.4557

LDB: ============= START OF LOAD BALANCING ============== 1280.97
LDB: ============== END OF LOAD BALANCING =============== 1280.97
Info: useSync: 0 useProxySync: 0
LDB: =============== DONE WITH MIGRATION ================ 1280.98
LDB: ============= START OF LOAD BALANCING ============== 1281.25
LDB: TIME 1281.25 LOAD: AVG 0.015831 MAX 0.165886  PROXIES: TOTAL 112 MAXPE 7 MAXPATCH 7 None MEM: 0 MB
LDB: TIME 1281.25 LOAD: AVG 0.015831 MAX 0.165886  PROXIES: TOTAL 112 MAXPE 7 MAXPATCH 7 RefineTorusLB MEM: 0 MB
LDB: TIME 1281.25 LOAD: AVG 0.015831 MAX 0.165886  PROXIES: TOTAL 112 MAXPE 7 MAXPATCH 7 RefineTorusLB MEM: 0 MB
LDB: ============== END OF LOAD BALANCING =============== 1281.25
Info: useSync: 0 useProxySync: 0
LDB: =============== DONE WITH MIGRATION ================ 1281.25
LDB: ============= START OF LOAD BALANCING ============== 1289.12
LDB: ============== END OF LOAD BALANCING =============== 1289.12
Info: useSync: 0 useProxySync: 0
LDB: =============== DONE WITH MIGRATION ================ 1289.12
LDB: ============= START OF LOAD BALANCING ============== 1289.3
LDB: TIME 1289.3 LOAD: AVG 0.0148324 MAX 0.16617  PROXIES: TOTAL 112 MAXPE 7 MAXPATCH 7 None MEM: 0 MB
LDB: TIME 1289.3 LOAD: AVG 0.0148324 MAX 0.16617  PROXIES: TOTAL 112 MAXPE 7 MAXPATCH 7 RefineTorusLB MEM: 0 MB
LDB: TIME 1289.3 LOAD: AVG 0.0148324 MAX 0.16617  PROXIES: TOTAL 112 MAXPE 7 MAXPATCH 7 RefineTorusLB MEM: 0 MB
LDB: ============== END OF LOAD BALANCING =============== 1289.3
Info: useSync: 0 useProxySync: 0
LDB: =============== DONE WITH MIGRATION ================ 1289.3
WRITING COORDINATES TO DCD FILE MD.dcd AT STEP 340000
PRESSURE: 340000 2037.42 117.188 -670.665 74.5351 2881.57 -708.232 -4098.21 -917.434 95018.8
GPRESSURE: 340000 1918.23 10.9743 -573.11 49.8487 2957.6 -576.15 -4039.95 -613.755 95153.2
PRESSAVG: 340000 3006.21 -6.81928 24.7184 -31.0613 3037.14 -44.8607 -4102.76 -226.559 93888.8
GPRESSAVG: 340000 3005.9 -6.48142 24.3356 -31.5628 3037.63 -44.852 -4102.06 -226.469 93888.4
ENERGY:  340000         0.0000         0.0000         0.0000         0.0000          -5606.8920       509.1386         0.0000         0.0000       981.9707          -4115.7826       311.9635     -5097.7534     -4113.4938       305.4891          33312.6084     33343.0260     22548.0941     33310.7013     33310.6485

LDB: ============= START OF LOAD BALANCING ============== 1296.89
LDB: ============== END OF LOAD BALANCING =============== 1296.89
Info: useSync: 0 useProxySync: 0
LDB: =============== DONE WITH MIGRATION ================ 1296.89
LDB: ============= START OF LOAD BALANCING ============== 1297.07
LDB: TIME 1297.07 LOAD: AVG 0.0146951 MAX 0.166855  PROXIES: TOTAL 112 MAXPE 7 MAXPATCH 7 None MEM: 0 MB
LDB: TIME 1297.07 LOAD: AVG 0.0146951 MAX 0.166855  PROXIES: TOTAL 112 MAXPE 7 MAXPATCH 7 RefineTorusLB MEM: 0 MB
LDB: TIME 1297.07 LOAD: AVG 0.0146951 MAX 0.166855  PROXIES: TOTAL 112 MAXPE 7 MAXPATCH 7 RefineTorusLB MEM: 0 MB
LDB: ============== END OF LOAD BALANCING =============== 1297.07
Info: useSync: 0 useProxySync: 0
LDB: =============== DONE WITH MIGRATION ================ 1297.07
LDB: ============= START OF LOAD BALANCING ============== 1305.65
LDB: ============== END OF LOAD BALANCING =============== 1305.65
Info: useSync: 0 useProxySync: 0
LDB: =============== DONE WITH MIGRATION ================ 1305.65
LDB: ============= START OF LOAD BALANCING ============== 1305.81
LDB: TIME 1305.81 LOAD: AVG 0.013211 MAX 0.143539  PROXIES: TOTAL 112 MAXPE 7 MAXPATCH 7 None MEM: 0 MB
LDB: TIME 1305.81 LOAD: AVG 0.013211 MAX 0.143539  PROXIES: TOTAL 112 MAXPE 7 MAXPATCH 7 RefineTorusLB MEM: 0 MB
LDB: TIME 1305.81 LOAD: AVG 0.013211 MAX 0.143539  PROXIES: TOTAL 112 MAXPE 7 MAXPATCH 7 RefineTorusLB MEM: 0 MB
LDB: Reverting to original mapping
LDB: ============== END OF LOAD BALANCING =============== 1305.81
Info: useSync: 0 useProxySync: 0
LDB: =============== DONE WITH MIGRATION ================ 1305.81
LDB: ============= START OF LOAD BALANCING ============== 1312.84
LDB: ============== END OF LOAD BALANCING =============== 1312.84
Info: useSync: 0 useProxySync: 0
LDB: =============== DONE WITH MIGRATION ================ 1312.84
LDB: ============= START OF LOAD BALANCING ============== 1312.99
LDB: TIME 1312.99 LOAD: AVG 0.0131265 MAX 0.145021  PROXIES: TOTAL 112 MAXPE 7 MAXPATCH 7 None MEM: 0 MB
LDB: TIME 1312.99 LOAD: AVG 0.0131265 MAX 0.145021  PROXIES: TOTAL 112 MAXPE 7 MAXPATCH 7 RefineTorusLB MEM: 0 MB
LDB: TIME 1312.99 LOAD: AVG 0.0131265 MAX 0.145021  PROXIES: TOTAL 112 MAXPE 7 MAXPATCH 7 RefineTorusLB MEM: 0 MB
LDB: ============== END OF LOAD BALANCING =============== 1312.99
Info: useSync: 0 useProxySync: 0
LDB: =============== DONE WITH MIGRATION ================ 1312.99
WRITING COORDINATES TO DCD FILE MD.dcd AT STEP 345000
PRESSURE: 345000 3439.45 -509.708 -35.0828 -688.686 1989.5 -925.227 -4078.97 -1185.43 97727.6
GPRESSURE: 345000 3267.22 -573.927 337.833 -886.826 2163.94 -1058.29 -4187.42 -1052.91 97785.2
PRESSAVG: 345000 2933.85 -69.2515 -48.607 113.139 3078.98 -40.3538 -4356.86 -765.55 96270.8
GPRESSAVG: 345000 2933.96 -69.8411 -48.6629 113.232 3078.93 -40.2672 -4356.84 -765.566 96270.4
ENERGY:  345000         0.0000         0.0000         0.0000         0.0000          -5595.5790       546.5659         0.0000         0.0000       979.6578          -4069.3552       311.2287     -5049.0130     -4066.7791       313.1867          34385.5178     34405.4428     22548.0941     34094.5554     34094.4428

LDB: ============= START OF LOAD BALANCING ============== 1319.75
LDB: ============== END OF LOAD BALANCING =============== 1319.75
Info: useSync: 0 useProxySync: 0
LDB: =============== DONE WITH MIGRATION ================ 1319.75
LDB: ============= START OF LOAD BALANCING ============== 1319.91
LDB: TIME 1319.91 LOAD: AVG 0.0133969 MAX 0.143334  PROXIES: TOTAL 112 MAXPE 7 MAXPATCH 7 None MEM: 0 MB
LDB: TIME 1319.91 LOAD: AVG 0.0133969 MAX 0.143334  PROXIES: TOTAL 112 MAXPE 7 MAXPATCH 7 RefineTorusLB MEM: 0 MB
LDB: TIME 1319.91 LOAD: AVG 0.0133969 MAX 0.143334  PROXIES: TOTAL 112 MAXPE 7 MAXPATCH 7 RefineTorusLB MEM: 0 MB
LDB: Reverting to original mapping
LDB: ============== END OF LOAD BALANCING =============== 1319.91
Info: useSync: 0 useProxySync: 0
LDB: =============== DONE WITH MIGRATION ================ 1319.91
LDB: ============= START OF LOAD BALANCING ============== 1326.73
LDB: ============== END OF LOAD BALANCING =============== 1326.73
Info: useSync: 0 useProxySync: 0
LDB: =============== DONE WITH MIGRATION ================ 1326.73
LDB: ============= START OF LOAD BALANCING ============== 1326.98
LDB: TIME 1326.98 LOAD: AVG 0.0145412 MAX 0.14284  PROXIES: TOTAL 112 MAXPE 7 MAXPATCH 7 None MEM: 0 MB
LDB: TIME 1326.98 LOAD: AVG 0.0145412 MAX 0.14284  PROXIES: TOTAL 112 MAXPE 7 MAXPATCH 7 RefineTorusLB MEM: 0 MB
LDB: TIME 1326.98 LOAD: AVG 0.0145412 MAX 0.14284  PROXIES: TOTAL 112 MAXPE 7 MAXPATCH 7 RefineTorusLB MEM: 0 MB
LDB: Reverting to original mapping
LDB: ============== END OF LOAD BALANCING =============== 1326.98
Info: useSync: 0 useProxySync: 0
LDB: =============== DONE WITH MIGRATION ================ 1326.98
PRESSURE: 350000 4401.8 632.743 12.0103 -458.378 3346.36 -76.9095 -3719.13 -369.06 96415.4
GPRESSURE: 350000 4370.4 1111.5 384.94 -603.589 3342.59 -231.831 -4513.02 -324.49 96471.1
PRESSAVG: 350000 2738.73 18.7137 73.8727 0.54376 3070.2 13.7358 -3680.17 -545.52 96377.3
GPRESSAVG: 350000 2738.43 18.9236 74.0674 0.398999 3069.71 14.3494 -3680.97 -545.342 96377.1
TIMING: 350000  CPU: 1271.05, 0.00369426/step  Wall: 1332.7, 0.00384816/step, 0.16034 hours remaining, 0.000000 MB of memory in use.
PERFORMANCE: 350000  averaging 45.3822 ns/day, 0.00380766 sec/step with standard deviation 0.00027974
ETITLE:      TS           BOND          ANGLE          DIHED          IMPRP               ELECT            VDW       BOUNDARY           MISC        KINETIC               TOTAL           TEMP      POTENTIAL         TOTAL3        TEMPAVG            PRESSURE      GPRESSURE         VOLUME       PRESSAVG      GPRESSAVG

ENERGY:  350000         0.0000         0.0000         0.0000         0.0000          -5712.0008       571.0229         0.0000         0.0000       973.4435          -4167.5345       309.2545     -5140.9780     -4165.6616       309.6868          34721.1938     34728.0363     22548.0941     34062.0804     34061.7410

WRITING EXTENDED SYSTEM TO RESTART FILE AT STEP 350000
WRITING COORDINATES TO DCD FILE MD.dcd AT STEP 350000
WRITING COORDINATES TO RESTART FILE AT STEP 350000
FINISHED WRITING RESTART COORDINATES
WRITING VELOCITIES TO RESTART FILE AT STEP 350000
FINISHED WRITING RESTART VELOCITIES
LDB: ============= START OF LOAD BALANCING ============== 1333.71
LDB: ============== END OF LOAD BALANCING =============== 1333.71
Info: useSync: 0 useProxySync: 0
LDB: =============== DONE WITH MIGRATION ================ 1333.71
LDB: ============= START OF LOAD BALANCING ============== 1333.86
LDB: TIME 1333.86 LOAD: AVG 0.0132686 MAX 0.142198  PROXIES: TOTAL 112 MAXPE 7 MAXPATCH 7 None MEM: 0 MB
LDB: TIME 1333.86 LOAD: AVG 0.0132686 MAX 0.142198  PROXIES: TOTAL 112 MAXPE 7 MAXPATCH 7 RefineTorusLB MEM: 0 MB
LDB: TIME 1333.86 LOAD: AVG 0.0132686 MAX 0.142198  PROXIES: TOTAL 112 MAXPE 7 MAXPATCH 7 RefineTorusLB MEM: 0 MB
LDB: ============== END OF LOAD BALANCING =============== 1333.86
Info: useSync: 0 useProxySync: 0
LDB: =============== DONE WITH MIGRATION ================ 1333.86
LDB: ============= START OF LOAD BALANCING ============== 1341.43
LDB: ============== END OF LOAD BALANCING =============== 1341.43
Info: useSync: 0 useProxySync: 0
LDB: =============== DONE WITH MIGRATION ================ 1341.43
LDB: ============= START OF LOAD BALANCING ============== 1341.59
LDB: TIME 1341.59 LOAD: AVG 0.0130609 MAX 0.143248  PROXIES: TOTAL 112 MAXPE 7 MAXPATCH 7 None MEM: 0 MB
LDB: TIME 1341.59 LOAD: AVG 0.0130609 MAX 0.143248  PROXIES: TOTAL 112 MAXPE 7 MAXPATCH 7 RefineTorusLB MEM: 0 MB
LDB: TIME 1341.59 LOAD: AVG 0.0130609 MAX 0.143248  PROXIES: TOTAL 112 MAXPE 7 MAXPATCH 7 RefineTorusLB MEM: 0 MB
LDB: ============== END OF LOAD BALANCING =============== 1341.59
Info: useSync: 0 useProxySync: 0
LDB: =============== DONE WITH MIGRATION ================ 1341.59
LDB: ============= START OF LOAD BALANCING ============== 1349.16
LDB: ============== END OF LOAD BALANCING =============== 1349.16
Info: useSync: 0 useProxySync: 0
LDB: =============== DONE WITH MIGRATION ================ 1349.19
LDB: ============= START OF LOAD BALANCING ============== 1349.52
LDB: TIME 1349.52 LOAD: AVG 0.0164922 MAX 0.189375  PROXIES: TOTAL 112 MAXPE 7 MAXPATCH 7 None MEM: 0 MB
LDB: TIME 1349.52 LOAD: AVG 0.0164922 MAX 0.189375  PROXIES: TOTAL 112 MAXPE 7 MAXPATCH 7 RefineTorusLB MEM: 0 MB
LDB: TIME 1349.52 LOAD: AVG 0.0164922 MAX 0.189375  PROXIES: TOTAL 112 MAXPE 7 MAXPATCH 7 RefineTorusLB MEM: 0 MB
LDB: Reverting to original mapping
LDB: ============== END OF LOAD BALANCING =============== 1349.52
Info: useSync: 0 useProxySync: 0
LDB: =============== DONE WITH MIGRATION ================ 1349.52
WRITING COORDINATES TO DCD FILE MD.dcd AT STEP 355000
PRESSURE: 355000 3180.26 72.7766 -434.569 -103.166 3206.85 -112.211 -3687.71 -2351.25 94299.9
GPRESSURE: 355000 3155.56 12.0107 -522.617 41.6075 3164.4 -189.365 -3641.52 -1966.94 94437.7
PRESSAVG: 355000 3218.29 -53.5396 -90.9766 -107.285 2977.37 -59.9801 -3202.72 -1994.72 97392.1
GPRESSAVG: 355000 3218.29 -54.0045 -90.9139 -106.907 2977.24 -59.9673 -3202.41 -1994.87 97391.9
ENERGY:  355000         0.0000         0.0000         0.0000         0.0000          -5609.6293       552.2535         0.0000         0.0000       982.2504          -4075.1254       312.0523     -5057.3759     -4072.8533       308.2010          33562.3513     33585.8706     22548.0941     34529.2652     34529.1325

LDB: ============= START OF LOAD BALANCING ============== 1356.41
LDB: ============== END OF LOAD BALANCING =============== 1356.41
Info: useSync: 0 useProxySync: 0
LDB: =============== DONE WITH MIGRATION ================ 1356.41
LDB: ============= START OF LOAD BALANCING ============== 1356.57
LDB: TIME 1356.57 LOAD: AVG 0.013338 MAX 0.143408  PROXIES: TOTAL 112 MAXPE 7 MAXPATCH 7 None MEM: 0 MB
LDB: TIME 1356.57 LOAD: AVG 0.013338 MAX 0.143408  PROXIES: TOTAL 112 MAXPE 7 MAXPATCH 7 RefineTorusLB MEM: 0 MB
LDB: TIME 1356.57 LOAD: AVG 0.013338 MAX 0.143408  PROXIES: TOTAL 112 MAXPE 7 MAXPATCH 7 RefineTorusLB MEM: 0 MB
LDB: Reverting to original mapping
LDB: ============== END OF LOAD BALANCING =============== 1356.57
Info: useSync: 0 useProxySync: 0
LDB: =============== DONE WITH MIGRATION ================ 1356.57
LDB: ============= START OF LOAD BALANCING ============== 1363.07
LDB: ============== END OF LOAD BALANCING =============== 1363.07
Info: useSync: 0 useProxySync: 0
LDB: =============== DONE WITH MIGRATION ================ 1363.07
LDB: ============= START OF LOAD BALANCING ============== 1363.23
LDB: TIME 1363.23 LOAD: AVG 0.0132796 MAX 0.142566  PROXIES: TOTAL 112 MAXPE 7 MAXPATCH 7 None MEM: 0 MB
LDB: TIME 1363.23 LOAD: AVG 0.0132796 MAX 0.142566  PROXIES: TOTAL 112 MAXPE 7 MAXPATCH 7 RefineTorusLB MEM: 0 MB
LDB: TIME 1363.23 LOAD: AVG 0.0132796 MAX 0.142566  PROXIES: TOTAL 112 MAXPE 7 MAXPATCH 7 RefineTorusLB MEM: 0 MB
LDB: ============== END OF LOAD BALANCING =============== 1363.23
Info: useSync: 0 useProxySync: 0
LDB: =============== DONE WITH MIGRATION ================ 1363.23
WRITING COORDINATES TO DCD FILE MD.dcd AT STEP 360000
PRESSURE: 360000 2988.25 -773.52 326.642 284.951 2924.32 131.452 -3015.36 -3878.81 95309.6
GPRESSURE: 360000 2837.51 -512.6 292.863 -267.539 3030.53 356.362 -3004.28 -3870.84 95407.3
PRESSAVG: 360000 2901.26 98.4811 -2.70171 1.44221 2723.12 77.4523 -3413.1 -2663.96 95821.9
GPRESSAVG: 360000 2900.68 98.5101 -3.04971 1.38922 2723.53 77.367 -3412.89 -2663.53 95821.6
ENERGY:  360000         0.0000         0.0000         0.0000         0.0000          -5671.4616       559.6326         0.0000         0.0000       939.1754          -4172.6536       298.3678     -5111.8290     -4170.4121       304.5130          33740.7220     33758.4371     22548.0941     33815.4275     33815.2858

LDB: ============= START OF LOAD BALANCING ============== 1369.82
LDB: ============== END OF LOAD BALANCING =============== 1369.82
Info: useSync: 0 useProxySync: 0
LDB: =============== DONE WITH MIGRATION ================ 1369.82
LDB: ============= START OF LOAD BALANCING ============== 1369.98
LDB: TIME 1369.98 LOAD: AVG 0.0135966 MAX 0.143206  PROXIES: TOTAL 112 MAXPE 7 MAXPATCH 7 None MEM: 0 MB
LDB: TIME 1369.98 LOAD: AVG 0.0135966 MAX 0.143206  PROXIES: TOTAL 112 MAXPE 7 MAXPATCH 7 RefineTorusLB MEM: 0 MB
LDB: TIME 1369.98 LOAD: AVG 0.0135966 MAX 0.143206  PROXIES: TOTAL 112 MAXPE 7 MAXPATCH 7 RefineTorusLB MEM: 0 MB
LDB: Reverting to original mapping
LDB: ============== END OF LOAD BALANCING =============== 1369.98
Info: useSync: 0 useProxySync: 0
LDB: =============== DONE WITH MIGRATION ================ 1369.99
LDB: ============= START OF LOAD BALANCING ============== 1378.69
LDB: ============== END OF LOAD BALANCING =============== 1378.69
Info: useSync: 0 useProxySync: 0
LDB: =============== DONE WITH MIGRATION ================ 1378.69
LDB: ============= START OF LOAD BALANCING ============== 1378.87
LDB: TIME 1378.87 LOAD: AVG 0.0147662 MAX 0.166088  PROXIES: TOTAL 112 MAXPE 7 MAXPATCH 7 None MEM: 0 MB
LDB: TIME 1378.87 LOAD: AVG 0.0147662 MAX 0.166088  PROXIES: TOTAL 112 MAXPE 7 MAXPATCH 7 RefineTorusLB MEM: 0 MB
LDB: TIME 1378.87 LOAD: AVG 0.0147662 MAX 0.166088  PROXIES: TOTAL 112 MAXPE 7 MAXPATCH 7 RefineTorusLB MEM: 0 MB
LDB: ============== END OF LOAD BALANCING =============== 1378.87
Info: useSync: 0 useProxySync: 0
LDB: =============== DONE WITH MIGRATION ================ 1378.87
LDB: ============= START OF LOAD BALANCING ============== 1386.78
LDB: ============== END OF LOAD BALANCING =============== 1386.78
Info: useSync: 0 useProxySync: 0
LDB: =============== DONE WITH MIGRATION ================ 1386.78
LDB: ============= START OF LOAD BALANCING ============== 1386.93
LDB: TIME 1386.93 LOAD: AVG 0.0134509 MAX 0.142497  PROXIES: TOTAL 112 MAXPE 7 MAXPATCH 7 None MEM: 0 MB
LDB: TIME 1386.93 LOAD: AVG 0.0134509 MAX 0.142497  PROXIES: TOTAL 112 MAXPE 7 MAXPATCH 7 RefineTorusLB MEM: 0 MB
LDB: TIME 1386.93 LOAD: AVG 0.0134509 MAX 0.142497  PROXIES: TOTAL 112 MAXPE 7 MAXPATCH 7 RefineTorusLB MEM: 0 MB
LDB: Reverting to original mapping
LDB: ============== END OF LOAD BALANCING =============== 1386.93
Info: useSync: 0 useProxySync: 0
LDB: =============== DONE WITH MIGRATION ================ 1386.93
PRESSURE: 365000 3470.22 -192.609 264.347 -342.624 3486.51 -369.593 -2487.71 -2743.06 100027
GPRESSURE: 365000 3560.21 21.8972 26.5012 -329.795 3452.93 -503.039 -2349.42 -2385.68 99999
PRESSAVG: 365000 2926.66 16.4738 41.6107 15.965 2853.15 6.5439 -3264.96 -3414.39 97871.6
GPRESSAVG: 365000 2926.54 17.1464 41.6002 15.5069 2853.01 6.96012 -3264.81 -3414.52 97871.2
ENERGY:  365000         0.0000         0.0000         0.0000         0.0000          -5717.1645       606.4268         0.0000         0.0000       936.9328          -4173.8050       297.6553     -5110.7378     -4172.0224       306.6474          35661.3031     35670.7264     22548.0941     34550.4554     34550.2507

WRITING COORDINATES TO DCD FILE MD.dcd AT STEP 365000
LDB: ============= START OF LOAD BALANCING ============== 1394.07
LDB: ============== END OF LOAD BALANCING =============== 1394.07
Info: useSync: 0 useProxySync: 0
LDB: =============== DONE WITH MIGRATION ================ 1394.07
LDB: ============= START OF LOAD BALANCING ============== 1394.23
LDB: TIME 1394.23 LOAD: AVG 0.0133798 MAX 0.142762  PROXIES: TOTAL 112 MAXPE 7 MAXPATCH 7 None MEM: 0 MB
LDB: TIME 1394.23 LOAD: AVG 0.0133798 MAX 0.142762  PROXIES: TOTAL 112 MAXPE 7 MAXPATCH 7 RefineTorusLB MEM: 0 MB
LDB: TIME 1394.23 LOAD: AVG 0.0133798 MAX 0.142762  PROXIES: TOTAL 112 MAXPE 7 MAXPATCH 7 RefineTorusLB MEM: 0 MB
LDB: Reverting to original mapping
LDB: ============== END OF LOAD BALANCING =============== 1394.23
Info: useSync: 0 useProxySync: 0
LDB: =============== DONE WITH MIGRATION ================ 1394.23
LDB: ============= START OF LOAD BALANCING ============== 1402.28
LDB: ============== END OF LOAD BALANCING =============== 1402.28
Info: useSync: 0 useProxySync: 0
LDB: =============== DONE WITH MIGRATION ================ 1402.28
LDB: ============= START OF LOAD BALANCING ============== 1402.6
LDB: TIME 1402.6 LOAD: AVG 0.0156231 MAX 0.143581  PROXIES: TOTAL 112 MAXPE 7 MAXPATCH 7 None MEM: 0 MB
LDB: TIME 1402.6 LOAD: AVG 0.0156231 MAX 0.143581  PROXIES: TOTAL 112 MAXPE 7 MAXPATCH 7 RefineTorusLB MEM: 0 MB
LDB: TIME 1402.6 LOAD: AVG 0.0156231 MAX 0.143581  PROXIES: TOTAL 112 MAXPE 7 MAXPATCH 7 RefineTorusLB MEM: 0 MB
LDB: ============== END OF LOAD BALANCING =============== 1402.6
Info: useSync: 0 useProxySync: 0
LDB: =============== DONE WITH MIGRATION ================ 1402.6
WRITING COORDINATES TO DCD FILE MD.dcd AT STEP 370000
PRESSURE: 370000 2643.04 105.263 473.42 416.984 2560.07 -58.3314 -2768.39 -2450.52 100213
GPRESSURE: 370000 2524.3 -48.1312 318.641 322.322 2699.98 37.6454 -2713.5 -2516.07 100281
PRESSAVG: 370000 2967.15 -29.0913 -2.85679 -56.1998 2872.52 -54.9816 -3155.61 -2929.24 98997.2
GPRESSAVG: 370000 2967.08 -30.0615 -2.71808 -55.903 2872.8 -55.2322 -3155.63 -2929.26 98997.2
ENERGY:  370000         0.0000         0.0000         0.0000         0.0000          -5642.5819       516.4135         0.0000         0.0000       962.8991          -4163.2693       305.9046     -5126.1684     -4160.5868       305.2934          35138.5831     35168.4551     22548.0941     34945.6116     34945.6893

LDB: ============= START OF LOAD BALANCING ============== 1409.41
LDB: ============== END OF LOAD BALANCING =============== 1409.41
Info: useSync: 0 useProxySync: 0
LDB: =============== DONE WITH MIGRATION ================ 1409.41
LDB: ============= START OF LOAD BALANCING ============== 1409.6
LDB: TIME 1409.6 LOAD: AVG 0.0135578 MAX 0.145867  PROXIES: TOTAL 112 MAXPE 7 MAXPATCH 7 None MEM: 0 MB
LDB: TIME 1409.6 LOAD: AVG 0.0135578 MAX 0.145867  PROXIES: TOTAL 112 MAXPE 7 MAXPATCH 7 RefineTorusLB MEM: 0 MB
LDB: TIME 1409.6 LOAD: AVG 0.0135578 MAX 0.145867  PROXIES: TOTAL 112 MAXPE 7 MAXPATCH 7 RefineTorusLB MEM: 0 MB
LDB: Reverting to original mapping
LDB: ============== END OF LOAD BALANCING =============== 1409.6
Info: useSync: 0 useProxySync: 0
LDB: =============== DONE WITH MIGRATION ================ 1409.61
LDB: ============= START OF LOAD BALANCING ============== 1416.99
LDB: ============== END OF LOAD BALANCING =============== 1416.99
Info: useSync: 0 useProxySync: 0
LDB: =============== DONE WITH MIGRATION ================ 1416.99
LDB: ============= START OF LOAD BALANCING ============== 1417.15
LDB: TIME 1417.15 LOAD: AVG 0.0134163 MAX 0.143075  PROXIES: TOTAL 112 MAXPE 7 MAXPATCH 7 None MEM: 0 MB
LDB: TIME 1417.15 LOAD: AVG 0.0134163 MAX 0.143075  PROXIES: TOTAL 112 MAXPE 7 MAXPATCH 7 RefineTorusLB MEM: 0 MB
LDB: TIME 1417.15 LOAD: AVG 0.0134163 MAX 0.143075  PROXIES: TOTAL 112 MAXPE 7 MAXPATCH 7 RefineTorusLB MEM: 0 MB
LDB: ============== END OF LOAD BALANCING =============== 1417.15
Info: useSync: 0 useProxySync: 0
LDB: =============== DONE WITH MIGRATION ================ 1417.15
LDB: ============= START OF LOAD BALANCING ============== 1424.68
LDB: ============== END OF LOAD BALANCING =============== 1424.68
Info: useSync: 0 useProxySync: 0
LDB: =============== DONE WITH MIGRATION ================ 1424.68
LDB: ============= START OF LOAD BALANCING ============== 1424.89
LDB: TIME 1424.89 LOAD: AVG 0.0187366 MAX 0.149765  PROXIES: TOTAL 112 MAXPE 7 MAXPATCH 7 None MEM: 0 MB
LDB: TIME 1424.89 LOAD: AVG 0.0187366 MAX 0.149765  PROXIES: TOTAL 112 MAXPE 7 MAXPATCH 7 RefineTorusLB MEM: 0 MB
LDB: TIME 1424.89 LOAD: AVG 0.0187366 MAX 0.149765  PROXIES: TOTAL 112 MAXPE 7 MAXPATCH 7 RefineTorusLB MEM: 0 MB
LDB: Reverting to original mapping
LDB: ============== END OF LOAD BALANCING =============== 1424.9
Info: useSync: 0 useProxySync: 0
LDB: =============== DONE WITH MIGRATION ================ 1424.93
PRESSURE: 375000 2538.69 158.793 -504.058 1016.88 5217.96 -274.81 -5332.32 -4095.83 105377
GPRESSURE: 375000 2716.24 256.131 -753.458 1100.51 5226.15 -510.121 -5565.29 -3965.86 105239
PRESSAVG: 375000 2668.3 50.0212 25.9676 12.6332 2918.08 -33.2349 -4210.14 -3440.22 100898
GPRESSAVG: 375000 2668.39 50.4622 26.3328 12.9761 2918.07 -33.5674 -4210.14 -3439.58 100897
ENERGY:  375000         0.0000         0.0000         0.0000         0.0000          -5802.5686       628.0049         0.0000         0.0000       965.9203          -4208.6434       306.8644     -5174.5637     -4205.3367       302.9843          37711.0811     37726.9688     22548.0941     35494.7125     35494.6142

WRITING COORDINATES TO DCD FILE MD.dcd AT STEP 375000
LDB: ============= START OF LOAD BALANCING ============== 1432.19
LDB: ============== END OF LOAD BALANCING =============== 1432.19
Info: useSync: 0 useProxySync: 0
LDB: =============== DONE WITH MIGRATION ================ 1432.19
LDB: ============= START OF LOAD BALANCING ============== 1432.35
LDB: TIME 1432.35 LOAD: AVG 0.0131822 MAX 0.143866  PROXIES: TOTAL 112 MAXPE 7 MAXPATCH 7 None MEM: 0 MB
LDB: TIME 1432.35 LOAD: AVG 0.0131822 MAX 0.143866  PROXIES: TOTAL 112 MAXPE 7 MAXPATCH 7 RefineTorusLB MEM: 0 MB
LDB: TIME 1432.35 LOAD: AVG 0.0131822 MAX 0.143866  PROXIES: TOTAL 112 MAXPE 7 MAXPATCH 7 RefineTorusLB MEM: 0 MB
LDB: Reverting to original mapping
LDB: ============== END OF LOAD BALANCING =============== 1432.35
Info: useSync: 0 useProxySync: 0
LDB: =============== DONE WITH MIGRATION ================ 1432.35
LDB: ============= START OF LOAD BALANCING ============== 1440.13
LDB: ============== END OF LOAD BALANCING =============== 1440.13
Info: useSync: 0 useProxySync: 0
LDB: =============== DONE WITH MIGRATION ================ 1440.13
LDB: ============= START OF LOAD BALANCING ============== 1440.29
LDB: TIME 1440.29 LOAD: AVG 0.0133511 MAX 0.145079  PROXIES: TOTAL 112 MAXPE 7 MAXPATCH 7 None MEM: 0 MB
LDB: TIME 1440.29 LOAD: AVG 0.0133511 MAX 0.145079  PROXIES: TOTAL 112 MAXPE 7 MAXPATCH 7 RefineTorusLB MEM: 0 MB
LDB: TIME 1440.29 LOAD: AVG 0.0133511 MAX 0.145079  PROXIES: TOTAL 112 MAXPE 7 MAXPATCH 7 RefineTorusLB MEM: 0 MB
LDB: Reverting to original mapping
LDB: ============== END OF LOAD BALANCING =============== 1440.29
Info: useSync: 0 useProxySync: 0
LDB: =============== DONE WITH MIGRATION ================ 1440.29
PRESSURE: 380000 2478.44 -96.7649 177.347 -738.677 2247.2 -511.642 -4849.72 -3319.45 105716
GPRESSURE: 380000 2531.29 186.212 -156.833 -684.209 2393.95 -366.811 -4930.68 -3307.79 105597
PRESSAVG: 380000 3011.73 94.8545 -40.2203 128.746 3208.08 -34.0674 -5341.98 -2992.66 102467
GPRESSAVG: 380000 3011.81 94.7919 -40.7302 128.501 3208.12 -33.9452 -5341.32 -2992.66 102467
ENERGY:  380000         0.0000         0.0000         0.0000         0.0000          -5628.1447       532.7698         0.0000         0.0000       955.4644          -4139.9105       303.5426     -5095.3748     -4138.6715       308.0429          36813.8523     36840.8261     22548.0941     36228.8934     36228.8361

WRITING COORDINATES TO DCD FILE MD.dcd AT STEP 380000
LDB: ============= START OF LOAD BALANCING ============== 1448.09
LDB: ============== END OF LOAD BALANCING =============== 1448.09
Info: useSync: 0 useProxySync: 0
LDB: =============== DONE WITH MIGRATION ================ 1448.09
LDB: ============= START OF LOAD BALANCING ============== 1448.25
LDB: TIME 1448.25 LOAD: AVG 0.0134454 MAX 0.144382  PROXIES: TOTAL 112 MAXPE 7 MAXPATCH 7 None MEM: 0 MB
LDB: TIME 1448.25 LOAD: AVG 0.0134454 MAX 0.144382  PROXIES: TOTAL 112 MAXPE 7 MAXPATCH 7 RefineTorusLB MEM: 0 MB
LDB: TIME 1448.25 LOAD: AVG 0.0134454 MAX 0.144382  PROXIES: TOTAL 112 MAXPE 7 MAXPATCH 7 RefineTorusLB MEM: 0 MB
LDB: Reverting to original mapping
LDB: ============== END OF LOAD BALANCING =============== 1448.25
Info: useSync: 0 useProxySync: 0
LDB: =============== DONE WITH MIGRATION ================ 1448.25
LDB: ============= START OF LOAD BALANCING ============== 1456.09
LDB: ============== END OF LOAD BALANCING =============== 1456.09
Info: useSync: 0 useProxySync: 0
LDB: =============== DONE WITH MIGRATION ================ 1456.09
LDB: ============= START OF LOAD BALANCING ============== 1456.24
LDB: TIME 1456.24 LOAD: AVG 0.0132001 MAX 0.142847  PROXIES: TOTAL 112 MAXPE 7 MAXPATCH 7 None MEM: 0 MB
LDB: TIME 1456.24 LOAD: AVG 0.0132001 MAX 0.142847  PROXIES: TOTAL 112 MAXPE 7 MAXPATCH 7 RefineTorusLB MEM: 0 MB
LDB: TIME 1456.24 LOAD: AVG 0.0132001 MAX 0.142847  PROXIES: TOTAL 112 MAXPE 7 MAXPATCH 7 RefineTorusLB MEM: 0 MB
LDB: ============== END OF LOAD BALANCING =============== 1456.24
Info: useSync: 0 useProxySync: 0
LDB: =============== DONE WITH MIGRATION ================ 1456.24
LDB: ============= START OF LOAD BALANCING ============== 1463.78
LDB: ============== END OF LOAD BALANCING =============== 1463.78
Info: useSync: 0 useProxySync: 0
LDB: =============== DONE WITH MIGRATION ================ 1463.79
LDB: ============= START OF LOAD BALANCING ============== 1464.13
LDB: TIME 1464.13 LOAD: AVG 0.0180927 MAX 0.150796  PROXIES: TOTAL 112 MAXPE 7 MAXPATCH 7 None MEM: 0 MB
LDB: TIME 1464.13 LOAD: AVG 0.0180927 MAX 0.150796  PROXIES: TOTAL 112 MAXPE 7 MAXPATCH 7 RefineTorusLB MEM: 0 MB
LDB: TIME 1464.13 LOAD: AVG 0.0180927 MAX 0.150796  PROXIES: TOTAL 112 MAXPE 7 MAXPATCH 7 RefineTorusLB MEM: 0 MB
LDB: ============== END OF LOAD BALANCING =============== 1464.13
Info: useSync: 0 useProxySync: 0
LDB: =============== DONE WITH MIGRATION ================ 1464.13
WRITING COORDINATES TO DCD FILE MD.dcd AT STEP 385000
PRESSURE: 385000 3067.99 509.528 -584.782 565.35 3194.81 547.694 -6243.29 -1637.14 103205
GPRESSURE: 385000 2840.18 442.682 -792.171 454.039 3308.73 312.236 -5839.25 -1237 103422
PRESSAVG: 385000 3123.07 50.8652 21.2141 -88.5413 3163.1 -11.7511 -5585.68 -2252.18 103442
GPRESSAVG: 385000 3123.21 51.607 21.1063 -88.6434 3163.15 -11.4074 -5585.34 -2252.67 103442
ENERGY:  385000         0.0000         0.0000         0.0000         0.0000          -5604.1599       520.3804         0.0000         0.0000       981.9539          -4101.8256       311.9581     -5083.7795     -4098.9377       310.9664          36489.2297     36523.5586     22548.0941     36576.0555     36575.9968

LDB: ============= START OF LOAD BALANCING ============== 1471.31
LDB: ============== END OF LOAD BALANCING =============== 1471.31
Info: useSync: 0 useProxySync: 0
LDB: =============== DONE WITH MIGRATION ================ 1471.31
LDB: ============= START OF LOAD BALANCING ============== 1471.48
LDB: TIME 1471.48 LOAD: AVG 0.0135686 MAX 0.146403  PROXIES: TOTAL 112 MAXPE 7 MAXPATCH 7 None MEM: 0 MB
LDB: TIME 1471.48 LOAD: AVG 0.0135686 MAX 0.146403  PROXIES: TOTAL 112 MAXPE 7 MAXPATCH 7 RefineTorusLB MEM: 0 MB
LDB: TIME 1471.48 LOAD: AVG 0.0135686 MAX 0.146403  PROXIES: TOTAL 112 MAXPE 7 MAXPATCH 7 RefineTorusLB MEM: 0 MB
LDB: Reverting to original mapping
LDB: ============== END OF LOAD BALANCING =============== 1471.48
Info: useSync: 0 useProxySync: 0
LDB: =============== DONE WITH MIGRATION ================ 1471.48
LDB: ============= START OF LOAD BALANCING ============== 1478.34
LDB: ============== END OF LOAD BALANCING =============== 1478.34
Info: useSync: 0 useProxySync: 0
LDB: =============== DONE WITH MIGRATION ================ 1478.34
LDB: ============= START OF LOAD BALANCING ============== 1478.53
LDB: TIME 1478.53 LOAD: AVG 0.013651 MAX 0.143178  PROXIES: TOTAL 112 MAXPE 7 MAXPATCH 7 None MEM: 0 MB
LDB: TIME 1478.53 LOAD: AVG 0.013651 MAX 0.143178  PROXIES: TOTAL 112 MAXPE 7 MAXPATCH 7 RefineTorusLB MEM: 0 MB
LDB: TIME 1478.53 LOAD: AVG 0.013651 MAX 0.143178  PROXIES: TOTAL 112 MAXPE 7 MAXPATCH 7 RefineTorusLB MEM: 0 MB
LDB: Reverting to original mapping
LDB: ============== END OF LOAD BALANCING =============== 1478.53
Info: useSync: 0 useProxySync: 0
LDB: =============== DONE WITH MIGRATION ================ 1478.53
PRESSURE: 390000 2270.58 54.0071 264.797 333.676 3695.9 -800.403 -6931.39 -2514.41 104375
GPRESSURE: 390000 2371.01 -231.817 -46.8752 671.532 3594.39 -624.239 -6552.71 -2719.91 104430
PRESSAVG: 390000 3100.78 -81.643 32.3948 41.7728 3215.23 75.5033 -6432.89 -2282.67 105737
GPRESSAVG: 390000 3100.83 -82.2877 32.4981 42.0183 3215.1 75.6679 -6433.04 -2282.32 105736
ENERGY:  390000         0.0000         0.0000         0.0000         0.0000          -5671.0378       532.1342         0.0000         0.0000       937.0209          -4201.8827       297.6833     -5138.9036     -4198.3006       304.4850          36780.4860     36798.6119     22548.0941     37350.9273     37350.7877

WRITING COORDINATES TO DCD FILE MD.dcd AT STEP 390000
LDB: ============= START OF LOAD BALANCING ============== 1485.58
LDB: ============== END OF LOAD BALANCING =============== 1485.58
Info: useSync: 0 useProxySync: 0
LDB: =============== DONE WITH MIGRATION ================ 1485.58
LDB: ============= START OF LOAD BALANCING ============== 1485.75
LDB: TIME 1485.75 LOAD: AVG 0.0136783 MAX 0.145635  PROXIES: TOTAL 112 MAXPE 7 MAXPATCH 7 None MEM: 0 MB
LDB: TIME 1485.75 LOAD: AVG 0.0136783 MAX 0.145635  PROXIES: TOTAL 112 MAXPE 7 MAXPATCH 7 RefineTorusLB MEM: 0 MB
LDB: TIME 1485.75 LOAD: AVG 0.0136783 MAX 0.145635  PROXIES: TOTAL 112 MAXPE 7 MAXPATCH 7 RefineTorusLB MEM: 0 MB
LDB: ============== END OF LOAD BALANCING =============== 1485.75
Info: useSync: 0 useProxySync: 0
LDB: =============== DONE WITH MIGRATION ================ 1485.75
LDB: ============= START OF LOAD BALANCING ============== 1493.56
LDB: ============== END OF LOAD BALANCING =============== 1493.56
Info: useSync: 0 useProxySync: 0
LDB: =============== DONE WITH MIGRATION ================ 1493.56
LDB: ============= START OF LOAD BALANCING ============== 1493.83
LDB: TIME 1493.83 LOAD: AVG 0.0166469 MAX 0.159479  PROXIES: TOTAL 112 MAXPE 7 MAXPATCH 7 None MEM: 0 MB
LDB: TIME 1493.83 LOAD: AVG 0.0166469 MAX 0.159479  PROXIES: TOTAL 112 MAXPE 7 MAXPATCH 7 RefineTorusLB MEM: 0 MB
LDB: TIME 1493.83 LOAD: AVG 0.0166469 MAX 0.159479  PROXIES: TOTAL 112 MAXPE 7 MAXPATCH 7 RefineTorusLB MEM: 0 MB
LDB: ============== END OF LOAD BALANCING =============== 1493.83
Info: useSync: 0 useProxySync: 0
LDB: =============== DONE WITH MIGRATION ================ 1493.83
LDB: ============= START OF LOAD BALANCING ============== 1502.62
LDB: ============== END OF LOAD BALANCING =============== 1502.62
Info: useSync: 0 useProxySync: 0
LDB: =============== DONE WITH MIGRATION ================ 1502.63
LDB: ============= START OF LOAD BALANCING ============== 1502.8
LDB: TIME 1502.8 LOAD: AVG 0.0140539 MAX 0.143348  PROXIES: TOTAL 112 MAXPE 7 MAXPATCH 7 None MEM: 0 MB
LDB: TIME 1502.8 LOAD: AVG 0.0140539 MAX 0.143348  PROXIES: TOTAL 112 MAXPE 7 MAXPATCH 7 RefineTorusLB MEM: 0 MB
LDB: TIME 1502.8 LOAD: AVG 0.0140539 MAX 0.143348  PROXIES: TOTAL 112 MAXPE 7 MAXPATCH 7 RefineTorusLB MEM: 0 MB
LDB: ============== END OF LOAD BALANCING =============== 1502.8
Info: useSync: 0 useProxySync: 0
LDB: =============== DONE WITH MIGRATION ================ 1502.8
PRESSURE: 395000 4827.44 -700.106 -621.543 98.2145 3437.97 578.543 -6863.01 -227.314 109646
GPRESSURE: 395000 4714.02 -773.42 -562.899 470.884 3585.06 390.906 -7108.68 -413.887 109687
PRESSAVG: 395000 2975.1 85.5665 23.2375 53.7019 2826.85 30.2702 -6367.27 -885.959 107578
GPRESSAVG: 395000 2975.02 85.8284 23.641 54.0717 2826.77 30.0377 -6367.73 -885.793 107577
ENERGY:  395000         0.0000         0.0000         0.0000         0.0000          -5732.9583       609.7417         0.0000         0.0000      1002.5853          -4120.6313       318.5125     -5123.2165     -4119.5030       308.2579          39303.6863     39328.8433     22548.0941     37793.1649     37792.9878

WRITING COORDINATES TO DCD FILE MD.dcd AT STEP 395000
LDB: ============= START OF LOAD BALANCING ============== 1510.86
LDB: ============== END OF LOAD BALANCING =============== 1510.86
Info: useSync: 0 useProxySync: 0
LDB: =============== DONE WITH MIGRATION ================ 1510.86
LDB: ============= START OF LOAD BALANCING ============== 1511.01
LDB: TIME 1511.01 LOAD: AVG 0.0133496 MAX 0.144073  PROXIES: TOTAL 112 MAXPE 7 MAXPATCH 7 None MEM: 0 MB
LDB: TIME 1511.01 LOAD: AVG 0.0133496 MAX 0.144073  PROXIES: TOTAL 112 MAXPE 7 MAXPATCH 7 RefineTorusLB MEM: 0 MB
LDB: TIME 1511.01 LOAD: AVG 0.0133496 MAX 0.144073  PROXIES: TOTAL 112 MAXPE 7 MAXPATCH 7 RefineTorusLB MEM: 0 MB
LDB: Reverting to original mapping
LDB: ============== END OF LOAD BALANCING =============== 1511.01
Info: useSync: 0 useProxySync: 0
LDB: =============== DONE WITH MIGRATION ================ 1511.01
LDB: ============= START OF LOAD BALANCING ============== 1518.7
LDB: ============== END OF LOAD BALANCING =============== 1518.7
Info: useSync: 0 useProxySync: 0
LDB: =============== DONE WITH MIGRATION ================ 1518.7
LDB: ============= START OF LOAD BALANCING ============== 1518.85
LDB: TIME 1518.85 LOAD: AVG 0.0133095 MAX 0.143172  PROXIES: TOTAL 112 MAXPE 7 MAXPATCH 7 None MEM: 0 MB
LDB: TIME 1518.85 LOAD: AVG 0.0133095 MAX 0.143172  PROXIES: TOTAL 112 MAXPE 7 MAXPATCH 7 RefineTorusLB MEM: 0 MB
LDB: TIME 1518.85 LOAD: AVG 0.0133095 MAX 0.143172  PROXIES: TOTAL 112 MAXPE 7 MAXPATCH 7 RefineTorusLB MEM: 0 MB
LDB: Reverting to original mapping
LDB: ============== END OF LOAD BALANCING =============== 1518.85
Info: useSync: 0 useProxySync: 0
LDB: =============== DONE WITH MIGRATION ================ 1518.85
WRITING COORDINATES TO DCD FILE MD.dcd AT STEP 400000
WRITING COORDINATES TO RESTART FILE AT STEP 400000
FINISHED WRITING RESTART COORDINATES
WRITING VELOCITIES TO RESTART FILE AT STEP 400000
FINISHED WRITING RESTART VELOCITIES
PRESSURE: 400000 2778.37 -291.166 47.874 -383.231 2834.73 -539.425 -6611.94 -724.752 103523
GPRESSURE: 400000 2675.68 -133.567 167.265 -355.071 2824.79 -581.014 -6575.08 -385.359 103664
PRESSAVG: 400000 2807.62 66.0621 -9.17176 72.3201 2786.46 -6.8998 -5910.71 -68.4178 109099
GPRESSAVG: 400000 2807.64 66.4685 -9.35254 72.1201 2786.53 -7.32482 -5910.24 -68.3163 109099
TIMING: 400000  CPU: 1452.82, 0.00363554/step  Wall: 1525.56, 0.00385723/step, 0.107145 hours remaining, 0.000000 MB of memory in use.
PERFORMANCE: 400000  averaging 45.3084 ns/day, 0.00381386 sec/step with standard deviation 0.000259581
ETITLE:      TS           BOND          ANGLE          DIHED          IMPRP               ELECT            VDW       BOUNDARY           MISC        KINETIC               TOTAL           TEMP      POTENTIAL         TOTAL3        TEMPAVG            PRESSURE      GPRESSURE         VOLUME       PRESSAVG      GPRESSAVG

ENERGY:  400000         0.0000         0.0000         0.0000         0.0000          -5668.7250       524.3761         0.0000         0.0000       999.3336          -4145.0152       317.4795     -5144.3489     -4143.7810       304.0371          36378.6613     36388.1405     22548.0941     38231.1006     38231.0527

WRITING EXTENDED SYSTEM TO RESTART FILE AT STEP 400000
LDB: ============= START OF LOAD BALANCING ============== 1526.53
LDB: ============== END OF LOAD BALANCING =============== 1526.53
Info: useSync: 0 useProxySync: 0
LDB: =============== DONE WITH MIGRATION ================ 1526.53
LDB: ============= START OF LOAD BALANCING ============== 1526.85
LDB: TIME 1526.85 LOAD: AVG 0.0160804 MAX 0.158932  PROXIES: TOTAL 112 MAXPE 7 MAXPATCH 7 None MEM: 0 MB
LDB: TIME 1526.85 LOAD: AVG 0.0160804 MAX 0.158932  PROXIES: TOTAL 112 MAXPE 7 MAXPATCH 7 RefineTorusLB MEM: 0 MB
LDB: TIME 1526.85 LOAD: AVG 0.0160804 MAX 0.158932  PROXIES: TOTAL 112 MAXPE 7 MAXPATCH 7 RefineTorusLB MEM: 0 MB
LDB: ============== END OF LOAD BALANCING =============== 1526.85
Info: useSync: 0 useProxySync: 0
LDB: =============== DONE WITH MIGRATION ================ 1526.85
LDB: ============= START OF LOAD BALANCING ============== 1534.93
LDB: ============== END OF LOAD BALANCING =============== 1534.93
Info: useSync: 0 useProxySync: 0
LDB: =============== DONE WITH MIGRATION ================ 1534.93
LDB: ============= START OF LOAD BALANCING ============== 1535.09
LDB: TIME 1535.09 LOAD: AVG 0.0132778 MAX 0.143424  PROXIES: TOTAL 112 MAXPE 7 MAXPATCH 7 None MEM: 0 MB
LDB: TIME 1535.09 LOAD: AVG 0.0132778 MAX 0.143424  PROXIES: TOTAL 112 MAXPE 7 MAXPATCH 7 RefineTorusLB MEM: 0 MB
LDB: TIME 1535.09 LOAD: AVG 0.0132778 MAX 0.143424  PROXIES: TOTAL 112 MAXPE 7 MAXPATCH 7 RefineTorusLB MEM: 0 MB
LDB: ============== END OF LOAD BALANCING =============== 1535.09
Info: useSync: 0 useProxySync: 0
LDB: =============== DONE WITH MIGRATION ================ 1535.09
LDB: ============= START OF LOAD BALANCING ============== 1542.53
LDB: ============== END OF LOAD BALANCING =============== 1542.53
Info: useSync: 0 useProxySync: 0
LDB: =============== DONE WITH MIGRATION ================ 1542.53
LDB: ============= START OF LOAD BALANCING ============== 1542.68
LDB: TIME 1542.68 LOAD: AVG 0.013221 MAX 0.142521  PROXIES: TOTAL 112 MAXPE 7 MAXPATCH 7 None MEM: 0 MB
LDB: TIME 1542.68 LOAD: AVG 0.013221 MAX 0.142521  PROXIES: TOTAL 112 MAXPE 7 MAXPATCH 7 RefineTorusLB MEM: 0 MB
LDB: TIME 1542.68 LOAD: AVG 0.013221 MAX 0.142521  PROXIES: TOTAL 112 MAXPE 7 MAXPATCH 7 RefineTorusLB MEM: 0 MB
LDB: ============== END OF LOAD BALANCING =============== 1542.68
Info: useSync: 0 useProxySync: 0
LDB: =============== DONE WITH MIGRATION ================ 1542.68
PRESSURE: 405000 3901.57 471.584 -331.062 173.376 3356.18 1641.29 -4857.81 626.063 114907
GPRESSURE: 405000 3933.51 715.906 -65.445 158.684 3389.41 1447.33 -4731.48 820.464 114901
PRESSAVG: 405000 2842.57 -16.4464 -23.7022 -12.5936 3059.01 15.2342 -5816.7 -233.283 110292
GPRESSAVG: 405000 2842.58 -16.5084 -23.6988 -12.6604 3059.27 15.2792 -5816.65 -233.431 110292
ENERGY:  405000         0.0000         0.0000         0.0000         0.0000          -5725.1196       589.2696         0.0000         0.0000      1008.8940          -4126.9560       320.5168     -5135.8500     -4124.5616       308.3490          40721.5805     40741.3759     22548.0941     38731.3388     38731.2816

WRITING COORDINATES TO DCD FILE MD.dcd AT STEP 405000
LDB: ============= START OF LOAD BALANCING ============== 1550.73
LDB: ============== END OF LOAD BALANCING =============== 1550.73
Info: useSync: 0 useProxySync: 0
LDB: =============== DONE WITH MIGRATION ================ 1550.73
LDB: ============= START OF LOAD BALANCING ============== 1550.92
LDB: TIME 1550.92 LOAD: AVG 0.0144749 MAX 0.143808  PROXIES: TOTAL 112 MAXPE 7 MAXPATCH 7 None MEM: 0 MB
LDB: TIME 1550.92 LOAD: AVG 0.0144749 MAX 0.143808  PROXIES: TOTAL 112 MAXPE 7 MAXPATCH 7 RefineTorusLB MEM: 0 MB
LDB: TIME 1550.92 LOAD: AVG 0.0144749 MAX 0.143808  PROXIES: TOTAL 112 MAXPE 7 MAXPATCH 7 RefineTorusLB MEM: 0 MB
LDB: Reverting to original mapping
LDB: ============== END OF LOAD BALANCING =============== 1550.92
Info: useSync: 0 useProxySync: 0
LDB: =============== DONE WITH MIGRATION ================ 1550.92
LDB: ============= START OF LOAD BALANCING ============== 1558.01
LDB: ============== END OF LOAD BALANCING =============== 1558.01
Info: useSync: 0 useProxySync: 0
LDB: =============== DONE WITH MIGRATION ================ 1558.01
LDB: ============= START OF LOAD BALANCING ============== 1558.19
LDB: TIME 1558.19 LOAD: AVG 0.0148188 MAX 0.166606  PROXIES: TOTAL 112 MAXPE 7 MAXPATCH 7 None MEM: 0 MB
LDB: TIME 1558.19 LOAD: AVG 0.0148188 MAX 0.166606  PROXIES: TOTAL 112 MAXPE 7 MAXPATCH 7 RefineTorusLB MEM: 0 MB
LDB: TIME 1558.19 LOAD: AVG 0.0148188 MAX 0.166606  PROXIES: TOTAL 112 MAXPE 7 MAXPATCH 7 RefineTorusLB MEM: 0 MB
LDB: ============== END OF LOAD BALANCING =============== 1558.19
Info: useSync: 0 useProxySync: 0
LDB: =============== DONE WITH MIGRATION ================ 1558.19
WRITING COORDINATES TO DCD FILE MD.dcd AT STEP 410000
PRESSURE: 410000 3639.27 351.589 443.975 730.623 2998.42 -1219.64 -3924.95 -217.539 115254
GPRESSURE: 410000 3764.45 53.3069 328.482 990.806 2979.47 -1132.99 -3906.08 33.7043 115200
PRESSAVG: 410000 3002.09 -43.7569 -20.7378 23.6994 3301.71 162.915 -5083.54 160.586 113344
GPRESSAVG: 410000 3001.95 -43.8122 -20.8715 23.5296 3301.84 163.227 -5083.43 160.481 113344
ENERGY:  410000         0.0000         0.0000         0.0000         0.0000          -5712.2073       589.2429         0.0000         0.0000       979.4978          -4143.4665       311.1779     -5122.9644     -4140.9680       305.3876          40630.4524     40647.8474     22548.0941     39882.6888     39882.6203

LDB: ============= START OF LOAD BALANCING ============== 1567.2
LDB: ============== END OF LOAD BALANCING =============== 1567.2
Info: useSync: 0 useProxySync: 0
LDB: =============== DONE WITH MIGRATION ================ 1567.2
LDB: ============= START OF LOAD BALANCING ============== 1567.45
LDB: TIME 1567.45 LOAD: AVG 0.0162573 MAX 0.188859  PROXIES: TOTAL 112 MAXPE 7 MAXPATCH 7 None MEM: 0 MB
LDB: TIME 1567.45 LOAD: AVG 0.0162573 MAX 0.188859  PROXIES: TOTAL 112 MAXPE 7 MAXPATCH 7 RefineTorusLB MEM: 0 MB
LDB: TIME 1567.45 LOAD: AVG 0.0162573 MAX 0.188859  PROXIES: TOTAL 112 MAXPE 7 MAXPATCH 7 RefineTorusLB MEM: 0 MB
LDB: Reverting to original mapping
LDB: ============== END OF LOAD BALANCING =============== 1567.45
Info: useSync: 0 useProxySync: 0
LDB: =============== DONE WITH MIGRATION ================ 1567.45
LDB: ============= START OF LOAD BALANCING ============== 1574.58
LDB: ============== END OF LOAD BALANCING =============== 1574.58
Info: useSync: 0 useProxySync: 0
LDB: =============== DONE WITH MIGRATION ================ 1574.58
LDB: ============= START OF LOAD BALANCING ============== 1574.76
LDB: TIME 1574.76 LOAD: AVG 0.0137883 MAX 0.143601  PROXIES: TOTAL 112 MAXPE 7 MAXPATCH 7 None MEM: 0 MB
LDB: TIME 1574.76 LOAD: AVG 0.0137883 MAX 0.143601  PROXIES: TOTAL 112 MAXPE 7 MAXPATCH 7 RefineTorusLB MEM: 0 MB
LDB: TIME 1574.76 LOAD: AVG 0.0137883 MAX 0.143601  PROXIES: TOTAL 112 MAXPE 7 MAXPATCH 7 RefineTorusLB MEM: 0 MB
LDB: Reverting to original mapping
LDB: ============== END OF LOAD BALANCING =============== 1574.76
Info: useSync: 0 useProxySync: 0
LDB: =============== DONE WITH MIGRATION ================ 1574.77
LDB: ============= START OF LOAD BALANCING ============== 1582.21
LDB: ============== END OF LOAD BALANCING =============== 1582.21
Info: useSync: 0 useProxySync: 0
LDB: =============== DONE WITH MIGRATION ================ 1582.21
LDB: ============= START OF LOAD BALANCING ============== 1582.39
LDB: TIME 1582.39 LOAD: AVG 0.014025 MAX 0.151699  PROXIES: TOTAL 112 MAXPE 7 MAXPATCH 7 None MEM: 0 MB
LDB: TIME 1582.39 LOAD: AVG 0.014025 MAX 0.151699  PROXIES: TOTAL 112 MAXPE 7 MAXPATCH 7 RefineTorusLB MEM: 0 MB
LDB: TIME 1582.39 LOAD: AVG 0.014025 MAX 0.151699  PROXIES: TOTAL 112 MAXPE 7 MAXPATCH 7 RefineTorusLB MEM: 0 MB
LDB: ============== END OF LOAD BALANCING =============== 1582.39
Info: useSync: 0 useProxySync: 0
LDB: =============== DONE WITH MIGRATION ================ 1582.39
WRITING COORDINATES TO DCD FILE MD.dcd AT STEP 415000
PRESSURE: 415000 3506.57 -258.633 -279.856 -353.912 2785.22 597.636 -4609.52 621.817 112237
GPRESSURE: 415000 3354.17 -339.406 -231.359 -272.255 2948.94 352.048 -4878.76 788.123 112306
PRESSAVG: 415000 2964.58 -6.80196 -21.5517 42.1829 3270.81 -9.66019 -4358.58 -86.2984 113444
GPRESSAVG: 415000 2964.72 -6.484 -21.6739 42.6696 3270.99 -9.91461 -4359.13 -85.7763 113444
ENERGY:  415000         0.0000         0.0000         0.0000         0.0000          -5680.5181       587.2748         0.0000         0.0000       964.4483          -4128.7950       306.3968     -5093.2433     -4125.7491       308.6704          39509.4360     39536.2440     22548.0941     39893.1040     39893.1719

LDB: ============= START OF LOAD BALANCING ============== 1589.59
LDB: ============== END OF LOAD BALANCING =============== 1589.59
Info: useSync: 0 useProxySync: 0
LDB: =============== DONE WITH MIGRATION ================ 1589.59
LDB: ============= START OF LOAD BALANCING ============== 1589.84
LDB: TIME 1589.84 LOAD: AVG 0.0158056 MAX 0.165992  PROXIES: TOTAL 112 MAXPE 7 MAXPATCH 7 None MEM: 0 MB
LDB: TIME 1589.84 LOAD: AVG 0.0158056 MAX 0.165992  PROXIES: TOTAL 112 MAXPE 7 MAXPATCH 7 RefineTorusLB MEM: 0 MB
LDB: TIME 1589.84 LOAD: AVG 0.0158056 MAX 0.165992  PROXIES: TOTAL 112 MAXPE 7 MAXPATCH 7 RefineTorusLB MEM: 0 MB
LDB: ============== END OF LOAD BALANCING =============== 1589.84
Info: useSync: 0 useProxySync: 0
LDB: =============== DONE WITH MIGRATION ================ 1589.84
LDB: ============= START OF LOAD BALANCING ============== 1597.53
LDB: ============== END OF LOAD BALANCING =============== 1597.53
Info: useSync: 0 useProxySync: 0
LDB: =============== DONE WITH MIGRATION ================ 1597.53
LDB: ============= START OF LOAD BALANCING ============== 1597.68
LDB: TIME 1597.68 LOAD: AVG 0.0134122 MAX 0.142696  PROXIES: TOTAL 112 MAXPE 7 MAXPATCH 7 None MEM: 0 MB
LDB: TIME 1597.68 LOAD: AVG 0.0134122 MAX 0.142696  PROXIES: TOTAL 112 MAXPE 7 MAXPATCH 7 RefineTorusLB MEM: 0 MB
LDB: TIME 1597.68 LOAD: AVG 0.0134122 MAX 0.142696  PROXIES: TOTAL 112 MAXPE 7 MAXPATCH 7 RefineTorusLB MEM: 0 MB
LDB: ============== END OF LOAD BALANCING =============== 1597.68
Info: useSync: 0 useProxySync: 0
LDB: =============== DONE WITH MIGRATION ================ 1597.68
WRITING COORDINATES TO DCD FILE MD.dcd AT STEP 420000
PRESSURE: 420000 3634.54 48.1198 359.213 553.093 3056.47 347.408 -2903.72 155.719 117821
GPRESSURE: 420000 3567.44 164.793 661.458 175.786 3229.93 518.187 -2948.31 -120.481 117765
PRESSAVG: 420000 3056.35 24.9477 145.203 -64.0471 2952.18 114.746 -3923.3 -151.579 114954
GPRESSAVG: 420000 3056.28 25.2005 144.831 -63.5464 2952.06 114.32 -3922.99 -151.861 114954
ENERGY:  420000         0.0000         0.0000         0.0000         0.0000          -5627.4236       538.5932         0.0000         0.0000       996.1976          -4092.6328       316.4832     -5088.8303     -4089.3996       307.8645          41504.0984     41520.8479     22548.0941     40320.9391     40320.7641

LDB: ============= START OF LOAD BALANCING ============== 1604.95
LDB: ============== END OF LOAD BALANCING =============== 1604.95
Info: useSync: 0 useProxySync: 0
LDB: =============== DONE WITH MIGRATION ================ 1604.95
LDB: ============= START OF LOAD BALANCING ============== 1605.23
LDB: TIME 1605.23 LOAD: AVG 0.014418 MAX 0.143395  PROXIES: TOTAL 112 MAXPE 7 MAXPATCH 7 None MEM: 0 MB
LDB: TIME 1605.23 LOAD: AVG 0.014418 MAX 0.143395  PROXIES: TOTAL 112 MAXPE 7 MAXPATCH 7 RefineTorusLB MEM: 0 MB
LDB: TIME 1605.23 LOAD: AVG 0.014418 MAX 0.143395  PROXIES: TOTAL 112 MAXPE 7 MAXPATCH 7 RefineTorusLB MEM: 0 MB
LDB: Reverting to original mapping
LDB: ============== END OF LOAD BALANCING =============== 1605.23
Info: useSync: 0 useProxySync: 0
LDB: =============== DONE WITH MIGRATION ================ 1605.23
LDB: ============= START OF LOAD BALANCING ============== 1612.99
LDB: ============== END OF LOAD BALANCING =============== 1612.99
Info: useSync: 0 useProxySync: 0
LDB: =============== DONE WITH MIGRATION ================ 1612.99
LDB: ============= START OF LOAD BALANCING ============== 1613.17
LDB: TIME 1613.17 LOAD: AVG 0.014872 MAX 0.166679  PROXIES: TOTAL 112 MAXPE 7 MAXPATCH 7 None MEM: 0 MB
LDB: TIME 1613.17 LOAD: AVG 0.014872 MAX 0.166679  PROXIES: TOTAL 112 MAXPE 7 MAXPATCH 7 RefineTorusLB MEM: 0 MB
LDB: TIME 1613.17 LOAD: AVG 0.014872 MAX 0.166679  PROXIES: TOTAL 112 MAXPE 7 MAXPATCH 7 RefineTorusLB MEM: 0 MB
LDB: Reverting to original mapping
LDB: ============== END OF LOAD BALANCING =============== 1613.17
Info: useSync: 0 useProxySync: 0
LDB: =============== DONE WITH MIGRATION ================ 1613.17
LDB: ============= START OF LOAD BALANCING ============== 1620.99
LDB: ============== END OF LOAD BALANCING =============== 1620.99
Info: useSync: 0 useProxySync: 0
LDB: =============== DONE WITH MIGRATION ================ 1620.99
LDB: ============= START OF LOAD BALANCING ============== 1621.14
LDB: TIME 1621.14 LOAD: AVG 0.0134167 MAX 0.145425  PROXIES: TOTAL 112 MAXPE 7 MAXPATCH 7 None MEM: 0 MB
LDB: TIME 1621.14 LOAD: AVG 0.0134167 MAX 0.145425  PROXIES: TOTAL 112 MAXPE 7 MAXPATCH 7 RefineTorusLB MEM: 0 MB
LDB: TIME 1621.14 LOAD: AVG 0.0134167 MAX 0.145425  PROXIES: TOTAL 112 MAXPE 7 MAXPATCH 7 RefineTorusLB MEM: 0 MB
LDB: ============== END OF LOAD BALANCING =============== 1621.14
Info: useSync: 0 useProxySync: 0
LDB: =============== DONE WITH MIGRATION ================ 1621.15
WRITING COORDINATES TO DCD FILE MD.dcd AT STEP 425000
PRESSURE: 425000 2425.76 -29.313 -108.354 -95.6299 2526.67 -408.717 -6123.99 -1373.4 120633
GPRESSURE: 425000 2454.88 138.733 -190.955 -173.496 2442.17 -719.391 -6061.84 -1279.99 120731
PRESSAVG: 425000 3252.74 -44.8514 -60.744 -104.6 3228.06 17.0625 -4328.13 -757.802 118155
GPRESSAVG: 425000 3252.93 -44.9241 -60.3248 -104.552 3228 17.3457 -4328.47 -757.697 118155
ENERGY:  425000         0.0000         0.0000         0.0000         0.0000          -5676.7416       528.0774         0.0000         0.0000       971.5577          -4177.1064       308.6553     -5148.6641     -4174.8385       311.6343          41861.9574     41875.9719     22548.0941     41545.1625     41545.1637

LDB: ============= START OF LOAD BALANCING ============== 1628.01
LDB: ============== END OF LOAD BALANCING =============== 1628.01
Info: useSync: 0 useProxySync: 0
LDB: =============== DONE WITH MIGRATION ================ 1628.01
LDB: ============= START OF LOAD BALANCING ============== 1628.21
LDB: TIME 1628.21 LOAD: AVG 0.0137717 MAX 0.142114  PROXIES: TOTAL 112 MAXPE 7 MAXPATCH 7 None MEM: 0 MB
LDB: TIME 1628.21 LOAD: AVG 0.0137717 MAX 0.142114  PROXIES: TOTAL 112 MAXPE 7 MAXPATCH 7 RefineTorusLB MEM: 0 MB
LDB: TIME 1628.21 LOAD: AVG 0.0137717 MAX 0.142114  PROXIES: TOTAL 112 MAXPE 7 MAXPATCH 7 RefineTorusLB MEM: 0 MB
LDB: Reverting to original mapping
LDB: ============== END OF LOAD BALANCING =============== 1628.21
Info: useSync: 0 useProxySync: 0
LDB: =============== DONE WITH MIGRATION ================ 1628.21
LDB: ============= START OF LOAD BALANCING ============== 1636.17
LDB: ============== END OF LOAD BALANCING =============== 1636.17
Info: useSync: 0 useProxySync: 0
LDB: =============== DONE WITH MIGRATION ================ 1636.17
LDB: ============= START OF LOAD BALANCING ============== 1636.33
LDB: TIME 1636.33 LOAD: AVG 0.0131459 MAX 0.142309  PROXIES: TOTAL 112 MAXPE 7 MAXPATCH 7 None MEM: 0 MB
LDB: TIME 1636.33 LOAD: AVG 0.0131459 MAX 0.142309  PROXIES: TOTAL 112 MAXPE 7 MAXPATCH 7 RefineTorusLB MEM: 0 MB
LDB: TIME 1636.33 LOAD: AVG 0.0131459 MAX 0.142309  PROXIES: TOTAL 112 MAXPE 7 MAXPATCH 7 RefineTorusLB MEM: 0 MB
LDB: Reverting to original mapping
LDB: ============== END OF LOAD BALANCING =============== 1636.33
Info: useSync: 0 useProxySync: 0
LDB: =============== DONE WITH MIGRATION ================ 1636.33
WRITING COORDINATES TO DCD FILE MD.dcd AT STEP 430000
PRESSURE: 430000 3655.11 28.6343 550.358 15.6692 2406.88 -21.1917 -4064.58 -991.323 118099
GPRESSURE: 430000 3769.35 153.145 710.703 110.098 2504.74 32.681 -4042 -1164.37 117952
PRESSAVG: 430000 3100.13 93.3915 2.77353 0.157434 2793.05 41.9723 -4559.12 -1040.49 118711
GPRESSAVG: 430000 3100.28 93.8073 2.50771 0.0324265 2792.65 41.4046 -4558.71 -1040.38 118711
ENERGY:  430000         0.0000         0.0000         0.0000         0.0000          -5592.4476       548.4205         0.0000         0.0000       956.6312          -4087.3959       303.9133     -5044.0271     -4084.5848       308.5136          41386.8656     41408.6709     22548.0941     41534.8403     41534.6825

LDB: ============= START OF LOAD BALANCING ============== 1643.54
LDB: ============== END OF LOAD BALANCING =============== 1643.54
Info: useSync: 0 useProxySync: 0
LDB: =============== DONE WITH MIGRATION ================ 1643.54
LDB: ============= START OF LOAD BALANCING ============== 1643.72
LDB: TIME 1643.72 LOAD: AVG 0.0138301 MAX 0.144036  PROXIES: TOTAL 112 MAXPE 7 MAXPATCH 7 None MEM: 0 MB
LDB: TIME 1643.72 LOAD: AVG 0.0138301 MAX 0.144036  PROXIES: TOTAL 112 MAXPE 7 MAXPATCH 7 RefineTorusLB MEM: 0 MB
LDB: TIME 1643.72 LOAD: AVG 0.0138301 MAX 0.144036  PROXIES: TOTAL 112 MAXPE 7 MAXPATCH 7 RefineTorusLB MEM: 0 MB
LDB: ============== END OF LOAD BALANCING =============== 1643.73
Info: useSync: 0 useProxySync: 0
LDB: =============== DONE WITH MIGRATION ================ 1643.74
LDB: ============= START OF LOAD BALANCING ============== 1650.94
LDB: ============== END OF LOAD BALANCING =============== 1650.94
Info: useSync: 0 useProxySync: 0
LDB: =============== DONE WITH MIGRATION ================ 1650.94
LDB: ============= START OF LOAD BALANCING ============== 1651.1
LDB: TIME 1651.1 LOAD: AVG 0.0131609 MAX 0.142627  PROXIES: TOTAL 112 MAXPE 7 MAXPATCH 7 None MEM: 0 MB
LDB: TIME 1651.1 LOAD: AVG 0.0131609 MAX 0.142627  PROXIES: TOTAL 112 MAXPE 7 MAXPATCH 7 RefineTorusLB MEM: 0 MB
LDB: TIME 1651.1 LOAD: AVG 0.0131609 MAX 0.142627  PROXIES: TOTAL 112 MAXPE 7 MAXPATCH 7 RefineTorusLB MEM: 0 MB
LDB: ============== END OF LOAD BALANCING =============== 1651.1
Info: useSync: 0 useProxySync: 0
LDB: =============== DONE WITH MIGRATION ================ 1651.1
LDB: ============= START OF LOAD BALANCING ============== 1658.01
LDB: ============== END OF LOAD BALANCING =============== 1658.01
Info: useSync: 0 useProxySync: 0
LDB: =============== DONE WITH MIGRATION ================ 1658.01
LDB: ============= START OF LOAD BALANCING ============== 1658.17
LDB: TIME 1658.17 LOAD: AVG 0.0134132 MAX 0.143509  PROXIES: TOTAL 112 MAXPE 7 MAXPATCH 7 None MEM: 0 MB
LDB: TIME 1658.17 LOAD: AVG 0.0134132 MAX 0.143509  PROXIES: TOTAL 112 MAXPE 7 MAXPATCH 7 RefineTorusLB MEM: 0 MB
LDB: TIME 1658.17 LOAD: AVG 0.0134132 MAX 0.143509  PROXIES: TOTAL 112 MAXPE 7 MAXPATCH 7 RefineTorusLB MEM: 0 MB
LDB: ============== END OF LOAD BALANCING =============== 1658.17
Info: useSync: 0 useProxySync: 0
LDB: =============== DONE WITH MIGRATION ================ 1658.17
WRITING COORDINATES TO DCD FILE MD.dcd AT STEP 435000
PRESSURE: 435000 3215.96 -520.141 -753.471 -984.101 2108.92 -75.2226 -4589.58 503.289 117185
GPRESSURE: 435000 3121.85 -572.138 -608.721 -1080.82 2103.56 -98.668 -4445.1 543.419 117307
PRESSAVG: 435000 2907.02 -15.0189 61.5914 -33.571 2858.13 -46.6125 -3796.65 -127.627 119623
GPRESSAVG: 435000 2907.09 -15.5567 61.9134 -33.9717 2858.06 -46.2741 -3797.22 -127.985 119623
ENERGY:  435000         0.0000         0.0000         0.0000         0.0000          -5619.9543       522.7543         0.0000         0.0000       949.1967          -4148.0034       301.5515     -5097.2001     -4146.2244       310.6377          40836.6979     40844.0266     22548.0941     41796.1917     41796.1301

LDB: ============= START OF LOAD BALANCING ============== 1664.95
LDB: ============== END OF LOAD BALANCING =============== 1664.95
Info: useSync: 0 useProxySync: 0
LDB: =============== DONE WITH MIGRATION ================ 1664.95
LDB: ============= START OF LOAD BALANCING ============== 1665.2
LDB: TIME 1665.2 LOAD: AVG 0.0149373 MAX 0.151964  PROXIES: TOTAL 112 MAXPE 7 MAXPATCH 7 None MEM: 0 MB
LDB: TIME 1665.2 LOAD: AVG 0.0149373 MAX 0.151964  PROXIES: TOTAL 112 MAXPE 7 MAXPATCH 7 RefineTorusLB MEM: 0 MB
LDB: TIME 1665.2 LOAD: AVG 0.0149373 MAX 0.151964  PROXIES: TOTAL 112 MAXPE 7 MAXPATCH 7 RefineTorusLB MEM: 0 MB
LDB: Reverting to original mapping
LDB: ============== END OF LOAD BALANCING =============== 1665.2
Info: useSync: 0 useProxySync: 0
LDB: =============== DONE WITH MIGRATION ================ 1665.2
LDB: ============= START OF LOAD BALANCING ============== 1672.72
LDB: ============== END OF LOAD BALANCING =============== 1672.72
Info: useSync: 0 useProxySync: 0
LDB: =============== DONE WITH MIGRATION ================ 1672.72
LDB: ============= START OF LOAD BALANCING ============== 1672.92
LDB: TIME 1672.92 LOAD: AVG 0.0155811 MAX 0.166544  PROXIES: TOTAL 112 MAXPE 7 MAXPATCH 7 None MEM: 0 MB
LDB: TIME 1672.92 LOAD: AVG 0.0155811 MAX 0.166544  PROXIES: TOTAL 112 MAXPE 7 MAXPATCH 7 RefineTorusLB MEM: 0 MB
LDB: TIME 1672.92 LOAD: AVG 0.0155811 MAX 0.166544  PROXIES: TOTAL 112 MAXPE 7 MAXPATCH 7 RefineTorusLB MEM: 0 MB
LDB: Reverting to original mapping
LDB: ============== END OF LOAD BALANCING =============== 1672.92
Info: useSync: 0 useProxySync: 0
LDB: =============== DONE WITH MIGRATION ================ 1672.92
WRITING COORDINATES TO DCD FILE MD.dcd AT STEP 440000
PRESSURE: 440000 2968.51 -586.181 368.018 236.84 3412.1 -454.807 -4327.44 -1186.46 119389
GPRESSURE: 440000 3099.03 -417.432 377.911 18.1687 3642.75 -133.118 -4124.56 -1264.97 119144
PRESSAVG: 440000 2855.24 -46.7612 -13.5044 -3.1895 3037.57 -51.8252 -4351.98 -479.197 118826
GPRESSAVG: 440000 2855.22 -46.594 -13.8719 -2.89445 3037.44 -51.987 -4351.42 -479.373 118826
ENERGY:  440000         0.0000         0.0000         0.0000         0.0000          -5696.7745       569.1413         0.0000         0.0000       978.9295          -4148.7037       310.9973     -5127.6332     -4146.0201       312.6837          41923.2691     41961.9257     22548.0941     41573.0840     41572.9830

LDB: ============= START OF LOAD BALANCING ============== 1681.4
LDB: ============== END OF LOAD BALANCING =============== 1681.4
Info: useSync: 0 useProxySync: 0
LDB: =============== DONE WITH MIGRATION ================ 1681.4
LDB: ============= START OF LOAD BALANCING ============== 1681.58
LDB: TIME 1681.58 LOAD: AVG 0.0148153 MAX 0.166118  PROXIES: TOTAL 112 MAXPE 7 MAXPATCH 7 None MEM: 0 MB
LDB: TIME 1681.58 LOAD: AVG 0.0148153 MAX 0.166118  PROXIES: TOTAL 112 MAXPE 7 MAXPATCH 7 RefineTorusLB MEM: 0 MB
LDB: TIME 1681.58 LOAD: AVG 0.0148153 MAX 0.166118  PROXIES: TOTAL 112 MAXPE 7 MAXPATCH 7 RefineTorusLB MEM: 0 MB
LDB: Reverting to original mapping
LDB: ============== END OF LOAD BALANCING =============== 1681.58
Info: useSync: 0 useProxySync: 0
LDB: =============== DONE WITH MIGRATION ================ 1681.58
LDB: ============= START OF LOAD BALANCING ============== 1688.53
LDB: ============== END OF LOAD BALANCING =============== 1688.53
Info: useSync: 0 useProxySync: 0
LDB: =============== DONE WITH MIGRATION ================ 1688.53
LDB: ============= START OF LOAD BALANCING ============== 1688.69
LDB: TIME 1688.69 LOAD: AVG 0.0132984 MAX 0.143074  PROXIES: TOTAL 112 MAXPE 7 MAXPATCH 7 None MEM: 0 MB
LDB: TIME 1688.69 LOAD: AVG 0.0132984 MAX 0.143074  PROXIES: TOTAL 112 MAXPE 7 MAXPATCH 7 RefineTorusLB MEM: 0 MB
LDB: TIME 1688.69 LOAD: AVG 0.0132984 MAX 0.143074  PROXIES: TOTAL 112 MAXPE 7 MAXPATCH 7 RefineTorusLB MEM: 0 MB
LDB: ============== END OF LOAD BALANCING =============== 1688.69
Info: useSync: 0 useProxySync: 0
LDB: =============== DONE WITH MIGRATION ================ 1688.69
LDB: ============= START OF LOAD BALANCING ============== 1697.12
LDB: ============== END OF LOAD BALANCING =============== 1697.12
Info: useSync: 0 useProxySync: 0
LDB: =============== DONE WITH MIGRATION ================ 1697.12
LDB: ============= START OF LOAD BALANCING ============== 1697.3
LDB: TIME 1697.3 LOAD: AVG 0.0147621 MAX 0.166709  PROXIES: TOTAL 112 MAXPE 7 MAXPATCH 7 None MEM: 0 MB
LDB: TIME 1697.3 LOAD: AVG 0.0147621 MAX 0.166709  PROXIES: TOTAL 112 MAXPE 7 MAXPATCH 7 RefineTorusLB MEM: 0 MB
LDB: TIME 1697.3 LOAD: AVG 0.0147621 MAX 0.166709  PROXIES: TOTAL 112 MAXPE 7 MAXPATCH 7 RefineTorusLB MEM: 0 MB
LDB: Reverting to original mapping
LDB: ============== END OF LOAD BALANCING =============== 1697.3
Info: useSync: 0 useProxySync: 0
LDB: =============== DONE WITH MIGRATION ================ 1697.3
WRITING COORDINATES TO DCD FILE MD.dcd AT STEP 445000
PRESSURE: 445000 2610.57 710.199 -176.281 488.822 2704.3 -251.413 -6951.12 -403.694 117885
GPRESSURE: 445000 2703.82 599.341 -209.721 362.677 2755.61 -255.676 -7267.97 -633.211 117821
PRESSAVG: 445000 2672.04 -65.1 -88.982 45.1475 2644.68 18.908 -5892.68 134.091 119642
GPRESSAVG: 445000 2671.6 -65.2823 -88.697 45.1826 2644.8 18.7939 -5892.89 134.353 119642
ENERGY:  445000         0.0000         0.0000         0.0000         0.0000          -5644.1911       567.2073         0.0000         0.0000       970.3146          -4106.6692       308.2604     -5076.9838     -4104.6912       306.3271          41066.6758     41093.3532     22548.0941     41652.7518     41652.6986

LDB: ============= START OF LOAD BALANCING ============== 1705.07
LDB: ============== END OF LOAD BALANCING =============== 1705.07
Info: useSync: 0 useProxySync: 0
LDB: =============== DONE WITH MIGRATION ================ 1705.07
LDB: ============= START OF LOAD BALANCING ============== 1705.23
LDB: TIME 1705.23 LOAD: AVG 0.0132345 MAX 0.142915  PROXIES: TOTAL 112 MAXPE 7 MAXPATCH 7 None MEM: 0 MB
LDB: TIME 1705.23 LOAD: AVG 0.0132345 MAX 0.142915  PROXIES: TOTAL 112 MAXPE 7 MAXPATCH 7 RefineTorusLB MEM: 0 MB
LDB: TIME 1705.23 LOAD: AVG 0.0132345 MAX 0.142915  PROXIES: TOTAL 112 MAXPE 7 MAXPATCH 7 RefineTorusLB MEM: 0 MB
LDB: Reverting to original mapping
LDB: ============== END OF LOAD BALANCING =============== 1705.23
Info: useSync: 0 useProxySync: 0
LDB: =============== DONE WITH MIGRATION ================ 1705.23
LDB: ============= START OF LOAD BALANCING ============== 1712.71
LDB: ============== END OF LOAD BALANCING =============== 1712.71
Info: useSync: 0 useProxySync: 0
LDB: =============== DONE WITH MIGRATION ================ 1712.71
LDB: ============= START OF LOAD BALANCING ============== 1712.87
LDB: TIME 1712.87 LOAD: AVG 0.0133574 MAX 0.144652  PROXIES: TOTAL 112 MAXPE 7 MAXPATCH 7 None MEM: 0 MB
LDB: TIME 1712.87 LOAD: AVG 0.0133574 MAX 0.144652  PROXIES: TOTAL 112 MAXPE 7 MAXPATCH 7 RefineTorusLB MEM: 0 MB
LDB: TIME 1712.87 LOAD: AVG 0.0133574 MAX 0.144652  PROXIES: TOTAL 112 MAXPE 7 MAXPATCH 7 RefineTorusLB MEM: 0 MB
LDB: ============== END OF LOAD BALANCING =============== 1712.87
Info: useSync: 0 useProxySync: 0
LDB: =============== DONE WITH MIGRATION ================ 1712.87
PRESSURE: 450000 4092.8 -565.061 -138.246 -747.93 3053.57 -242.243 -6035.74 -314.854 124508
GPRESSURE: 450000 4107.73 -442.411 245.033 -1181.17 3009.78 -75.9095 -6018.87 -287.579 124591
PRESSAVG: 450000 2791.58 17.7218 21.4299 -24.129 2876.35 -7.50221 -5870.29 50.9021 122207
GPRESSAVG: 450000 2791.83 18.1002 21.0217 -24.5951 2876.32 -7.4462 -5870.55 50.6319 122207
TIMING: 450000  CPU: 1636.09, 0.00366542/step  Wall: 1718.36, 0.003856/step, 0.0535556 hours remaining, 0.000000 MB of memory in use.
PERFORMANCE: 450000  averaging 45.2529 ns/day, 0.00381854 sec/step with standard deviation 0.000243222
ETITLE:      TS           BOND          ANGLE          DIHED          IMPRP               ELECT            VDW       BOUNDARY           MISC        KINETIC               TOTAL           TEMP      POTENTIAL         TOTAL3        TEMPAVG            PRESSURE      GPRESSURE         VOLUME       PRESSAVG      GPRESSAVG

ENERGY:  450000         0.0000         0.0000         0.0000         0.0000          -5764.6010       585.4888         0.0000         0.0000       996.6050          -4182.5073       316.6126     -5179.1123     -4181.8414       309.5051          43884.6693     43902.8132     22548.0941     42625.0840     42625.0429

WRITING EXTENDED SYSTEM TO RESTART FILE AT STEP 450000
WRITING COORDINATES TO DCD FILE MD.dcd AT STEP 450000
WRITING COORDINATES TO RESTART FILE AT STEP 450000
FINISHED WRITING RESTART COORDINATES
WRITING VELOCITIES TO RESTART FILE AT STEP 450000
FINISHED WRITING RESTART VELOCITIES
LDB: ============= START OF LOAD BALANCING ============== 1719.36
LDB: ============== END OF LOAD BALANCING =============== 1719.36
Info: useSync: 0 useProxySync: 0
LDB: =============== DONE WITH MIGRATION ================ 1719.36
LDB: ============= START OF LOAD BALANCING ============== 1719.53
LDB: TIME 1719.53 LOAD: AVG 0.0134603 MAX 0.143221  PROXIES: TOTAL 112 MAXPE 7 MAXPATCH 7 None MEM: 0 MB
LDB: TIME 1719.53 LOAD: AVG 0.0134603 MAX 0.143221  PROXIES: TOTAL 112 MAXPE 7 MAXPATCH 7 RefineTorusLB MEM: 0 MB
LDB: TIME 1719.53 LOAD: AVG 0.0134603 MAX 0.143221  PROXIES: TOTAL 112 MAXPE 7 MAXPATCH 7 RefineTorusLB MEM: 0 MB
LDB: ============== END OF LOAD BALANCING =============== 1719.53
Info: useSync: 0 useProxySync: 0
LDB: =============== DONE WITH MIGRATION ================ 1719.53
LDB: ============= START OF LOAD BALANCING ============== 1727.05
LDB: ============== END OF LOAD BALANCING =============== 1727.05
Info: useSync: 0 useProxySync: 0
LDB: =============== DONE WITH MIGRATION ================ 1727.05
LDB: ============= START OF LOAD BALANCING ============== 1727.21
LDB: TIME 1727.21 LOAD: AVG 0.0133551 MAX 0.143516  PROXIES: TOTAL 112 MAXPE 7 MAXPATCH 7 None MEM: 0 MB
LDB: TIME 1727.21 LOAD: AVG 0.0133551 MAX 0.143516  PROXIES: TOTAL 112 MAXPE 7 MAXPATCH 7 RefineTorusLB MEM: 0 MB
LDB: TIME 1727.21 LOAD: AVG 0.0133551 MAX 0.143516  PROXIES: TOTAL 112 MAXPE 7 MAXPATCH 7 RefineTorusLB MEM: 0 MB
LDB: ============== END OF LOAD BALANCING =============== 1727.21
Info: useSync: 0 useProxySync: 0
LDB: =============== DONE WITH MIGRATION ================ 1727.21
LDB: ============= START OF LOAD BALANCING ============== 1734.36
LDB: ============== END OF LOAD BALANCING =============== 1734.36
Info: useSync: 0 useProxySync: 0
LDB: =============== DONE WITH MIGRATION ================ 1734.36
LDB: ============= START OF LOAD BALANCING ============== 1734.52
LDB: TIME 1734.52 LOAD: AVG 0.0132999 MAX 0.142807  PROXIES: TOTAL 112 MAXPE 7 MAXPATCH 7 None MEM: 0 MB
LDB: TIME 1734.52 LOAD: AVG 0.0132999 MAX 0.142807  PROXIES: TOTAL 112 MAXPE 7 MAXPATCH 7 RefineTorusLB MEM: 0 MB
LDB: TIME 1734.52 LOAD: AVG 0.0132999 MAX 0.142807  PROXIES: TOTAL 112 MAXPE 7 MAXPATCH 7 RefineTorusLB MEM: 0 MB
LDB: Reverting to original mapping
LDB: ============== END OF LOAD BALANCING =============== 1734.52
Info: useSync: 0 useProxySync: 0
LDB: =============== DONE WITH MIGRATION ================ 1734.52
WRITING COORDINATES TO DCD FILE MD.dcd AT STEP 455000
PRESSURE: 455000 2841.6 -193.849 -633.714 314.406 2860.27 0.257538 -4767.04 22.907 124164
GPRESSURE: 455000 2840.39 -9.21022 -860.307 549.893 2853.78 118.868 -4397.86 -79.0877 124215
PRESSAVG: 455000 2967.41 -132.15 26.324 -35.849 3070.04 20.0432 -5333.97 9.33531 124807
GPRESSAVG: 455000 2967.51 -132.148 26.1531 -35.3354 3070.15 20.1449 -5333.83 9.92493 124807
ENERGY:  455000         0.0000         0.0000         0.0000         0.0000          -5703.5973       555.3676         0.0000         0.0000       961.9824          -4186.2473       305.6134     -5148.2297     -4183.5880       307.5785          43288.6053     43303.0368     22548.0941     43614.8677     43615.0293

LDB: ============= START OF LOAD BALANCING ============== 1743.7
LDB: ============== END OF LOAD BALANCING =============== 1743.7
Info: useSync: 0 useProxySync: 0
LDB: =============== DONE WITH MIGRATION ================ 1743.7
LDB: ============= START OF LOAD BALANCING ============== 1743.94
LDB: TIME 1743.94 LOAD: AVG 0.0158578 MAX 0.165893  PROXIES: TOTAL 112 MAXPE 7 MAXPATCH 7 None MEM: 0 MB
LDB: TIME 1743.94 LOAD: AVG 0.0158578 MAX 0.165893  PROXIES: TOTAL 112 MAXPE 7 MAXPATCH 7 RefineTorusLB MEM: 0 MB
LDB: TIME 1743.94 LOAD: AVG 0.0158578 MAX 0.165893  PROXIES: TOTAL 112 MAXPE 7 MAXPATCH 7 RefineTorusLB MEM: 0 MB
LDB: Reverting to original mapping
LDB: ============== END OF LOAD BALANCING =============== 1743.94
Info: useSync: 0 useProxySync: 0
LDB: =============== DONE WITH MIGRATION ================ 1743.94
LDB: ============= START OF LOAD BALANCING ============== 1751.38
LDB: ============== END OF LOAD BALANCING =============== 1751.38
Info: useSync: 0 useProxySync: 0
LDB: =============== DONE WITH MIGRATION ================ 1751.38
LDB: ============= START OF LOAD BALANCING ============== 1751.62
LDB: TIME 1751.62 LOAD: AVG 0.0149187 MAX 0.143433  PROXIES: TOTAL 112 MAXPE 7 MAXPATCH 7 None MEM: 0 MB
LDB: TIME 1751.62 LOAD: AVG 0.0149187 MAX 0.143433  PROXIES: TOTAL 112 MAXPE 7 MAXPATCH 7 RefineTorusLB MEM: 0 MB
LDB: TIME 1751.62 LOAD: AVG 0.0149187 MAX 0.143433  PROXIES: TOTAL 112 MAXPE 7 MAXPATCH 7 RefineTorusLB MEM: 0 MB
LDB: ============== END OF LOAD BALANCING =============== 1751.62
Info: useSync: 0 useProxySync: 0
LDB: =============== DONE WITH MIGRATION ================ 1751.62
WRITING COORDINATES TO DCD FILE MD.dcd AT STEP 460000
PRESSURE: 460000 3648.97 78.2358 171.563 133.132 2464.89 -293.655 -4498.4 -15.6259 130334
GPRESSURE: 460000 3783.33 518.289 466.425 167.572 2365.32 -370.934 -4400.6 -198.94 130318
PRESSAVG: 460000 2939.1 20.7102 15.0214 8.4076 3075.38 -26.8741 -4369.93 204.768 125906
GPRESSAVG: 460000 2939.28 20.3207 15.623 8.89029 3075.56 -26.8832 -4370.31 204.348 125905
ENERGY:  460000         0.0000         0.0000         0.0000         0.0000          -5713.0855       573.8778         0.0000         0.0000       938.5341          -4200.6736       298.1640     -5139.2077     -4197.9300       304.3368          45482.6310     45488.8443     22548.0941     43973.3503     43973.3393

LDB: ============= START OF LOAD BALANCING ============== 1758.51
LDB: ============== END OF LOAD BALANCING =============== 1758.51
Info: useSync: 0 useProxySync: 0
LDB: =============== DONE WITH MIGRATION ================ 1758.52
LDB: ============= START OF LOAD BALANCING ============== 1758.81
LDB: TIME 1758.81 LOAD: AVG 0.0151837 MAX 0.149987  PROXIES: TOTAL 112 MAXPE 7 MAXPATCH 7 None MEM: 0 MB
LDB: TIME 1758.81 LOAD: AVG 0.0151837 MAX 0.149987  PROXIES: TOTAL 112 MAXPE 7 MAXPATCH 7 RefineTorusLB MEM: 0 MB
LDB: TIME 1758.81 LOAD: AVG 0.0151837 MAX 0.149987  PROXIES: TOTAL 112 MAXPE 7 MAXPATCH 7 RefineTorusLB MEM: 0 MB
LDB: ============== END OF LOAD BALANCING =============== 1758.81
Info: useSync: 0 useProxySync: 0
LDB: =============== DONE WITH MIGRATION ================ 1758.81
LDB: ============= START OF LOAD BALANCING ============== 1767.71
LDB: ============== END OF LOAD BALANCING =============== 1767.71
Info: useSync: 0 useProxySync: 0
LDB: =============== DONE WITH MIGRATION ================ 1767.71
LDB: ============= START OF LOAD BALANCING ============== 1767.88
LDB: TIME 1767.88 LOAD: AVG 0.0138431 MAX 0.144371  PROXIES: TOTAL 112 MAXPE 7 MAXPATCH 7 None MEM: 0 MB
LDB: TIME 1767.88 LOAD: AVG 0.0138431 MAX 0.144371  PROXIES: TOTAL 112 MAXPE 7 MAXPATCH 7 RefineTorusLB MEM: 0 MB
LDB: TIME 1767.88 LOAD: AVG 0.0138431 MAX 0.144371  PROXIES: TOTAL 112 MAXPE 7 MAXPATCH 7 RefineTorusLB MEM: 0 MB
LDB: ============== END OF LOAD BALANCING =============== 1767.88
Info: useSync: 0 useProxySync: 0
LDB: =============== DONE WITH MIGRATION ================ 1767.88
LDB: ============= START OF LOAD BALANCING ============== 1775.08
LDB: ============== END OF LOAD BALANCING =============== 1775.08
Info: useSync: 0 useProxySync: 0
LDB: =============== DONE WITH MIGRATION ================ 1775.08
LDB: ============= START OF LOAD BALANCING ============== 1775.24
LDB: TIME 1775.24 LOAD: AVG 0.0130817 MAX 0.143668  PROXIES: TOTAL 112 MAXPE 7 MAXPATCH 7 None MEM: 0 MB
LDB: TIME 1775.24 LOAD: AVG 0.0130817 MAX 0.143668  PROXIES: TOTAL 112 MAXPE 7 MAXPATCH 7 RefineTorusLB MEM: 0 MB
LDB: TIME 1775.24 LOAD: AVG 0.0130817 MAX 0.143668  PROXIES: TOTAL 112 MAXPE 7 MAXPATCH 7 RefineTorusLB MEM: 0 MB
LDB: Reverting to original mapping
LDB: ============== END OF LOAD BALANCING =============== 1775.24
Info: useSync: 0 useProxySync: 0
LDB: =============== DONE WITH MIGRATION ================ 1775.24
PRESSURE: 465000 2885.6 164.856 -352.41 817.483 3499.5 -52.4057 -4433.68 284.254 120973
GPRESSURE: 465000 2856.58 207.552 -487.6 634.711 3547.94 63.0234 -4349.41 271.58 121014
PRESSAVG: 465000 3131.2 4.10816 69.8362 -86.4442 3173.89 -23.2448 -4427.41 -65.1545 125205
GPRESSAVG: 465000 3130.94 4.14531 69.7506 -87.0299 3174.07 -22.5865 -4427.25 -65.3125 125205
ENERGY:  465000         0.0000         0.0000         0.0000         0.0000          -5676.9004       560.5918         0.0000         0.0000       980.6048          -4135.7037       311.5295     -5116.3085     -4134.6404       304.8737          42452.7581     42472.9778     22548.0941     43836.8597     43836.7803

WRITING COORDINATES TO DCD FILE MD.dcd AT STEP 465000
LDB: ============= START OF LOAD BALANCING ============== 1783.04
LDB: ============== END OF LOAD BALANCING =============== 1783.04
Info: useSync: 0 useProxySync: 0
LDB: =============== DONE WITH MIGRATION ================ 1783.04
LDB: ============= START OF LOAD BALANCING ============== 1783.2
LDB: TIME 1783.2 LOAD: AVG 0.013184 MAX 0.141952  PROXIES: TOTAL 112 MAXPE 7 MAXPATCH 7 None MEM: 0 MB
LDB: TIME 1783.2 LOAD: AVG 0.013184 MAX 0.141952  PROXIES: TOTAL 112 MAXPE 7 MAXPATCH 7 RefineTorusLB MEM: 0 MB
LDB: TIME 1783.2 LOAD: AVG 0.013184 MAX 0.141952  PROXIES: TOTAL 112 MAXPE 7 MAXPATCH 7 RefineTorusLB MEM: 0 MB
LDB: ============== END OF LOAD BALANCING =============== 1783.2
Info: useSync: 0 useProxySync: 0
LDB: =============== DONE WITH MIGRATION ================ 1783.2
LDB: ============= START OF LOAD BALANCING ============== 1790.67
LDB: ============== END OF LOAD BALANCING =============== 1790.67
Info: useSync: 0 useProxySync: 0
LDB: =============== DONE WITH MIGRATION ================ 1790.67
LDB: ============= START OF LOAD BALANCING ============== 1791.03
LDB: TIME 1791.03 LOAD: AVG 0.0181665 MAX 0.215313  PROXIES: TOTAL 112 MAXPE 7 MAXPATCH 7 None MEM: 0 MB
LDB: TIME 1791.03 LOAD: AVG 0.0181665 MAX 0.215313  PROXIES: TOTAL 112 MAXPE 7 MAXPATCH 7 RefineTorusLB MEM: 0 MB
LDB: TIME 1791.03 LOAD: AVG 0.0181665 MAX 0.215313  PROXIES: TOTAL 112 MAXPE 7 MAXPATCH 7 RefineTorusLB MEM: 0 MB
LDB: ============== END OF LOAD BALANCING =============== 1791.03
Info: useSync: 0 useProxySync: 0
LDB: =============== DONE WITH MIGRATION ================ 1791.03
WRITING COORDINATES TO DCD FILE MD.dcd AT STEP 470000
PRESSURE: 470000 1794.25 -488.919 -251.622 -155.363 2924.03 -278.194 -6476.09 874.645 127240
GPRESSURE: 470000 1963.3 -411.12 -653.992 -131.801 2741.52 -404.052 -6232.1 882.564 127305
PRESSAVG: 470000 2788.56 -25.7987 48.2004 -6.41635 2792.03 43.0757 -4966.16 882.892 124260
GPRESSAVG: 470000 2788.4 -25.5303 48.5684 -6.97102 2792.24 43.1495 -4966.26 882.776 124260
ENERGY:  470000         0.0000         0.0000         0.0000         0.0000          -5740.5119       549.2087         0.0000         0.0000       984.3923          -4206.9109       312.7328     -5191.3032     -4206.0368       303.9590          43986.2553     44003.1715     22548.0941     43280.0915     43280.0720

LDB: ============= START OF LOAD BALANCING ============== 1798.17
LDB: ============== END OF LOAD BALANCING =============== 1798.17
Info: useSync: 0 useProxySync: 0
LDB: =============== DONE WITH MIGRATION ================ 1798.17
LDB: ============= START OF LOAD BALANCING ============== 1798.33
LDB: TIME 1798.33 LOAD: AVG 0.0132079 MAX 0.142747  PROXIES: TOTAL 112 MAXPE 7 MAXPATCH 7 None MEM: 0 MB
LDB: TIME 1798.33 LOAD: AVG 0.0132079 MAX 0.142747  PROXIES: TOTAL 112 MAXPE 7 MAXPATCH 7 RefineTorusLB MEM: 0 MB
LDB: TIME 1798.33 LOAD: AVG 0.0132079 MAX 0.142747  PROXIES: TOTAL 112 MAXPE 7 MAXPATCH 7 RefineTorusLB MEM: 0 MB
LDB: Reverting to original mapping
LDB: ============== END OF LOAD BALANCING =============== 1798.34
Info: useSync: 0 useProxySync: 0
LDB: =============== DONE WITH MIGRATION ================ 1798.38
LDB: ============= START OF LOAD BALANCING ============== 1806.3
LDB: ============== END OF LOAD BALANCING =============== 1806.3
Info: useSync: 0 useProxySync: 0
LDB: =============== DONE WITH MIGRATION ================ 1806.3
LDB: ============= START OF LOAD BALANCING ============== 1806.55
LDB: TIME 1806.55 LOAD: AVG 0.0156018 MAX 0.170871  PROXIES: TOTAL 112 MAXPE 7 MAXPATCH 7 None MEM: 0 MB
LDB: TIME 1806.55 LOAD: AVG 0.0156018 MAX 0.170871  PROXIES: TOTAL 112 MAXPE 7 MAXPATCH 7 RefineTorusLB MEM: 0 MB
LDB: TIME 1806.55 LOAD: AVG 0.0156018 MAX 0.170871  PROXIES: TOTAL 112 MAXPE 7 MAXPATCH 7 RefineTorusLB MEM: 0 MB
LDB: Reverting to original mapping
LDB: ============== END OF LOAD BALANCING =============== 1806.56
Info: useSync: 0 useProxySync: 0
LDB: =============== DONE WITH MIGRATION ================ 1806.59
LDB: ============= START OF LOAD BALANCING ============== 1814.1
LDB: ============== END OF LOAD BALANCING =============== 1814.1
Info: useSync: 0 useProxySync: 0
LDB: =============== DONE WITH MIGRATION ================ 1814.1
LDB: ============= START OF LOAD BALANCING ============== 1814.26
LDB: TIME 1814.26 LOAD: AVG 0.0134184 MAX 0.143889  PROXIES: TOTAL 112 MAXPE 7 MAXPATCH 7 None MEM: 0 MB
LDB: TIME 1814.26 LOAD: AVG 0.0134184 MAX 0.143889  PROXIES: TOTAL 112 MAXPE 7 MAXPATCH 7 RefineTorusLB MEM: 0 MB
LDB: TIME 1814.26 LOAD: AVG 0.0134184 MAX 0.143889  PROXIES: TOTAL 112 MAXPE 7 MAXPATCH 7 RefineTorusLB MEM: 0 MB
LDB: ============== END OF LOAD BALANCING =============== 1814.26
Info: useSync: 0 useProxySync: 0
LDB: =============== DONE WITH MIGRATION ================ 1814.26
WRITING COORDINATES TO DCD FILE MD.dcd AT STEP 475000
PRESSURE: 475000 4979.54 -277.721 -982.982 -524.117 3356.24 -181.383 -5004.46 1336.04 126029
GPRESSURE: 475000 4896.7 -361.072 -1048.3 -332.874 3538.78 -197.172 -5056.3 1260.75 125998
PRESSAVG: 475000 2996.11 -37.4841 88.4375 -97.7173 2907.19 11.6661 -5112.29 1291.08 128183
GPRESSAVG: 475000 2996.31 -37.2317 88.1803 -97.6218 2907.53 11.6282 -5111.78 1290.99 128183
ENERGY:  475000         0.0000         0.0000         0.0000         0.0000          -5673.3021       601.4061         0.0000         0.0000       995.3340          -4076.5620       316.2089     -5071.8960     -4074.4668       309.6206          44788.1897     44811.1531     22548.0941     44695.5620     44695.6764

LDB: ============= START OF LOAD BALANCING ============== 1820.36
LDB: ============== END OF LOAD BALANCING =============== 1820.36
Info: useSync: 0 useProxySync: 0
LDB: =============== DONE WITH MIGRATION ================ 1820.36
LDB: ============= START OF LOAD BALANCING ============== 1820.51
LDB: TIME 1820.51 LOAD: AVG 0.0132102 MAX 0.14302  PROXIES: TOTAL 112 MAXPE 7 MAXPATCH 7 None MEM: 0 MB
LDB: TIME 1820.51 LOAD: AVG 0.0132102 MAX 0.14302  PROXIES: TOTAL 112 MAXPE 7 MAXPATCH 7 RefineTorusLB MEM: 0 MB
LDB: TIME 1820.51 LOAD: AVG 0.0132102 MAX 0.14302  PROXIES: TOTAL 112 MAXPE 7 MAXPATCH 7 RefineTorusLB MEM: 0 MB
LDB: Reverting to original mapping
LDB: ============== END OF LOAD BALANCING =============== 1820.51
Info: useSync: 0 useProxySync: 0
LDB: =============== DONE WITH MIGRATION ================ 1820.51
LDB: ============= START OF LOAD BALANCING ============== 1826.77
LDB: ============== END OF LOAD BALANCING =============== 1826.77
Info: useSync: 0 useProxySync: 0
LDB: =============== DONE WITH MIGRATION ================ 1826.77
LDB: ============= START OF LOAD BALANCING ============== 1826.93
LDB: TIME 1826.93 LOAD: AVG 0.0132537 MAX 0.142982  PROXIES: TOTAL 112 MAXPE 7 MAXPATCH 7 None MEM: 0 MB
LDB: TIME 1826.93 LOAD: AVG 0.0132537 MAX 0.142982  PROXIES: TOTAL 112 MAXPE 7 MAXPATCH 7 RefineTorusLB MEM: 0 MB
LDB: TIME 1826.93 LOAD: AVG 0.0132537 MAX 0.142982  PROXIES: TOTAL 112 MAXPE 7 MAXPATCH 7 RefineTorusLB MEM: 0 MB
LDB: Reverting to original mapping
LDB: ============== END OF LOAD BALANCING =============== 1826.93
Info: useSync: 0 useProxySync: 0
LDB: =============== DONE WITH MIGRATION ================ 1826.93
WRITING COORDINATES TO DCD FILE MD.dcd AT STEP 480000
PRESSURE: 480000 2147.94 78.9615 -592.305 36.7589 2621.62 -284.095 -6663.68 624.543 127119
GPRESSURE: 480000 2263.63 6.46082 -262.084 -70.127 2637.17 -89.3631 -6744.04 595.004 127037
PRESSAVG: 480000 2839.69 111.992 -3.03212 36.7718 2802.83 91.6057 -5125.39 1269.57 128234
GPRESSAVG: 480000 2839.74 111.652 -2.61325 36.7368 2802.71 91.4858 -5126.26 1269.56 128234
ENERGY:  480000         0.0000         0.0000         0.0000         0.0000          -5582.3994       497.3945         0.0000         0.0000       963.2467          -4121.7582       306.0150     -5085.0049     -4118.6566       307.1335          43962.8052     43979.1281     22548.0941     44625.5369     44625.4223

LDB: ============= START OF LOAD BALANCING ============== 1833.03
LDB: ============== END OF LOAD BALANCING =============== 1833.03
Info: useSync: 0 useProxySync: 0
LDB: =============== DONE WITH MIGRATION ================ 1833.03
LDB: ============= START OF LOAD BALANCING ============== 1833.19
LDB: TIME 1833.19 LOAD: AVG 0.0134389 MAX 0.146134  PROXIES: TOTAL 112 MAXPE 7 MAXPATCH 7 None MEM: 0 MB
LDB: TIME 1833.19 LOAD: AVG 0.0134389 MAX 0.146134  PROXIES: TOTAL 112 MAXPE 7 MAXPATCH 7 RefineTorusLB MEM: 0 MB
LDB: TIME 1833.19 LOAD: AVG 0.0134389 MAX 0.146134  PROXIES: TOTAL 112 MAXPE 7 MAXPATCH 7 RefineTorusLB MEM: 0 MB
LDB: ============== END OF LOAD BALANCING =============== 1833.19
Info: useSync: 0 useProxySync: 0
LDB: =============== DONE WITH MIGRATION ================ 1833.19
LDB: ============= START OF LOAD BALANCING ============== 1839.23
LDB: ============== END OF LOAD BALANCING =============== 1839.23
Info: useSync: 0 useProxySync: 0
LDB: =============== DONE WITH MIGRATION ================ 1839.23
LDB: ============= START OF LOAD BALANCING ============== 1839.39
LDB: TIME 1839.39 LOAD: AVG 0.013179 MAX 0.142706  PROXIES: TOTAL 112 MAXPE 7 MAXPATCH 7 None MEM: 0 MB
LDB: TIME 1839.39 LOAD: AVG 0.013179 MAX 0.142706  PROXIES: TOTAL 112 MAXPE 7 MAXPATCH 7 RefineTorusLB MEM: 0 MB
LDB: TIME 1839.39 LOAD: AVG 0.013179 MAX 0.142706  PROXIES: TOTAL 112 MAXPE 7 MAXPATCH 7 RefineTorusLB MEM: 0 MB
LDB: Reverting to original mapping
LDB: ============== END OF LOAD BALANCING =============== 1839.39
Info: useSync: 0 useProxySync: 0
LDB: =============== DONE WITH MIGRATION ================ 1839.39
LDB: ============= START OF LOAD BALANCING ============== 1845.44
LDB: ============== END OF LOAD BALANCING =============== 1845.44
Info: useSync: 0 useProxySync: 0
LDB: =============== DONE WITH MIGRATION ================ 1845.44
LDB: ============= START OF LOAD BALANCING ============== 1845.6
LDB: TIME 1845.6 LOAD: AVG 0.0135198 MAX 0.149481  PROXIES: TOTAL 112 MAXPE 7 MAXPATCH 7 None MEM: 0 MB
LDB: TIME 1845.6 LOAD: AVG 0.0135198 MAX 0.149481  PROXIES: TOTAL 112 MAXPE 7 MAXPATCH 7 RefineTorusLB MEM: 0 MB
LDB: TIME 1845.6 LOAD: AVG 0.0135198 MAX 0.149481  PROXIES: TOTAL 112 MAXPE 7 MAXPATCH 7 RefineTorusLB MEM: 0 MB
LDB: ============== END OF LOAD BALANCING =============== 1845.6
Info: useSync: 0 useProxySync: 0
LDB: =============== DONE WITH MIGRATION ================ 1845.6
WRITING COORDINATES TO DCD FILE MD.dcd AT STEP 485000
PRESSURE: 485000 2356.01 -333.963 -781.715 88.2024 4044.13 618.962 -5903.1 -658.442 126681
GPRESSURE: 485000 2407.58 -366.898 -692.505 60.7774 4011.8 824.393 -6173.57 -895.147 126692
PRESSAVG: 485000 2702.61 -83.7197 18.7137 -3.6293 2822.97 -11.5389 -5345.52 139.027 128823
GPRESSAVG: 485000 2702.8 -83.6102 18.5975 -3.78928 2822.76 -11.1424 -5345.14 138.996 128823
ENERGY:  485000         0.0000         0.0000         0.0000         0.0000          -5676.6659       584.8210         0.0000         0.0000       963.5147          -4128.3302       306.1002     -5091.8450     -4126.9292       309.3578          44360.2752     44370.3029     22548.0941     44782.8610     44782.7586

LDB: ============= START OF LOAD BALANCING ============== 1851.91
LDB: ============== END OF LOAD BALANCING =============== 1851.91
Info: useSync: 0 useProxySync: 0
LDB: =============== DONE WITH MIGRATION ================ 1851.91
LDB: ============= START OF LOAD BALANCING ============== 1852.07
LDB: TIME 1852.07 LOAD: AVG 0.0131705 MAX 0.143622  PROXIES: TOTAL 112 MAXPE 7 MAXPATCH 7 None MEM: 0 MB
LDB: TIME 1852.07 LOAD: AVG 0.0131705 MAX 0.143622  PROXIES: TOTAL 112 MAXPE 7 MAXPATCH 7 RefineTorusLB MEM: 0 MB
LDB: TIME 1852.07 LOAD: AVG 0.0131705 MAX 0.143622  PROXIES: TOTAL 112 MAXPE 7 MAXPATCH 7 RefineTorusLB MEM: 0 MB
LDB: Reverting to original mapping
LDB: ============== END OF LOAD BALANCING =============== 1852.07
Info: useSync: 0 useProxySync: 0
LDB: =============== DONE WITH MIGRATION ================ 1852.07
LDB: ============= START OF LOAD BALANCING ============== 1857.54
LDB: ============== END OF LOAD BALANCING =============== 1857.54
Info: useSync: 0 useProxySync: 0
LDB: =============== DONE WITH MIGRATION ================ 1857.54
LDB: ============= START OF LOAD BALANCING ============== 1857.65
LDB: TIME 1857.65 LOAD: AVG 0.0102294 MAX 0.0966742  PROXIES: TOTAL 112 MAXPE 7 MAXPATCH 7 None MEM: 0 MB
LDB: TIME 1857.65 LOAD: AVG 0.0102294 MAX 0.0966742  PROXIES: TOTAL 112 MAXPE 7 MAXPATCH 7 RefineTorusLB MEM: 0 MB
LDB: TIME 1857.65 LOAD: AVG 0.0102294 MAX 0.0966742  PROXIES: TOTAL 112 MAXPE 7 MAXPATCH 7 RefineTorusLB MEM: 0 MB
LDB: Reverting to original mapping
LDB: ============== END OF LOAD BALANCING =============== 1857.65
Info: useSync: 0 useProxySync: 0
LDB: =============== DONE WITH MIGRATION ================ 1857.65
PRESSURE: 490000 4217.09 -216.067 983.974 -289.262 2630.81 -216.655 -5959.39 623.522 131285
GPRESSURE: 490000 4133.75 -236.613 1095.81 -75.7489 2708.91 -357.22 -6356.48 699.71 131355
PRESSAVG: 490000 2762.71 31.7096 48.6821 -142.771 2649.16 -0.289553 -6075.02 245.385 129492
GPRESSAVG: 490000 2762.58 31.7811 48.8753 -142.341 2648.76 -0.393686 -6074.7 245.624 129492
ENERGY:  490000         0.0000         0.0000         0.0000         0.0000          -5756.2749       592.4161         0.0000         0.0000      1028.4449          -4135.4138       326.7279     -5163.8588     -4132.9148       305.4200          46044.3643     46065.8493     22548.0941     44967.8150     44967.6898

WRITING COORDINATES TO DCD FILE MD.dcd AT STEP 490000
LDB: ============= START OF LOAD BALANCING ============== 1864
LDB: ============== END OF LOAD BALANCING =============== 1864
Info: useSync: 0 useProxySync: 0
LDB: =============== DONE WITH MIGRATION ================ 1864
LDB: ============= START OF LOAD BALANCING ============== 1864.16
LDB: TIME 1864.16 LOAD: AVG 0.0131742 MAX 0.14294  PROXIES: TOTAL 112 MAXPE 7 MAXPATCH 7 None MEM: 0 MB
LDB: TIME 1864.16 LOAD: AVG 0.0131742 MAX 0.14294  PROXIES: TOTAL 112 MAXPE 7 MAXPATCH 7 RefineTorusLB MEM: 0 MB
LDB: TIME 1864.16 LOAD: AVG 0.0131742 MAX 0.14294  PROXIES: TOTAL 112 MAXPE 7 MAXPATCH 7 RefineTorusLB MEM: 0 MB
LDB: Reverting to original mapping
LDB: ============== END OF LOAD BALANCING =============== 1864.16
Info: useSync: 0 useProxySync: 0
LDB: =============== DONE WITH MIGRATION ================ 1864.16
LDB: ============= START OF LOAD BALANCING ============== 1869.93
LDB: ============== END OF LOAD BALANCING =============== 1869.93
Info: useSync: 0 useProxySync: 0
LDB: =============== DONE WITH MIGRATION ================ 1869.93
LDB: ============= START OF LOAD BALANCING ============== 1870.04
LDB: TIME 1870.04 LOAD: AVG 0.0102644 MAX 0.0960631  PROXIES: TOTAL 112 MAXPE 7 MAXPATCH 7 None MEM: 0 MB
LDB: TIME 1870.04 LOAD: AVG 0.0102644 MAX 0.0960631  PROXIES: TOTAL 112 MAXPE 7 MAXPATCH 7 RefineTorusLB MEM: 0 MB
LDB: TIME 1870.04 LOAD: AVG 0.0102644 MAX 0.0960631  PROXIES: TOTAL 112 MAXPE 7 MAXPATCH 7 RefineTorusLB MEM: 0 MB
LDB: Reverting to original mapping
LDB: ============== END OF LOAD BALANCING =============== 1870.04
Info: useSync: 0 useProxySync: 0
LDB: =============== DONE WITH MIGRATION ================ 1870.04
LDB: ============= START OF LOAD BALANCING ============== 1875.51
LDB: ============== END OF LOAD BALANCING =============== 1875.51
Info: useSync: 0 useProxySync: 0
LDB: =============== DONE WITH MIGRATION ================ 1875.51
LDB: ============= START OF LOAD BALANCING ============== 1875.68
LDB: TIME 1875.68 LOAD: AVG 0.0132018 MAX 0.142865  PROXIES: TOTAL 112 MAXPE 7 MAXPATCH 7 None MEM: 0 MB
LDB: TIME 1875.68 LOAD: AVG 0.0132018 MAX 0.142865  PROXIES: TOTAL 112 MAXPE 7 MAXPATCH 7 RefineTorusLB MEM: 0 MB
LDB: TIME 1875.68 LOAD: AVG 0.0132018 MAX 0.142865  PROXIES: TOTAL 112 MAXPE 7 MAXPATCH 7 RefineTorusLB MEM: 0 MB
LDB: Reverting to original mapping
LDB: ============== END OF LOAD BALANCING =============== 1875.68
Info: useSync: 0 useProxySync: 0
LDB: =============== DONE WITH MIGRATION ================ 1875.68
WRITING COORDINATES TO DCD FILE MD.dcd AT STEP 495000
PRESSURE: 495000 2766.09 -837.081 33.9265 -700.013 3537.2 -1181.04 -6047.77 -1518.09 130261
GPRESSURE: 495000 2603.05 -737.342 218.178 -767.394 3661.74 -1336.63 -6338.96 -1731.49 130370
PRESSAVG: 495000 3036.89 -136.005 -79.7131 -175.067 3100.36 -48.3019 -6613.64 -866.327 132172
GPRESSAVG: 495000 3037.04 -135.881 -79.4516 -175.53 3100.62 -48.5464 -6613.97 -867.001 132172
ENERGY:  495000         0.0000         0.0000         0.0000         0.0000          -5695.9681       569.8546         0.0000         0.0000       941.9912          -4184.1223       299.2623     -5126.1135     -4182.0040       304.4476          45521.4718     45544.7867     22548.0941     46103.0809     46103.1159

LDB: ============= START OF LOAD BALANCING ============== 1880.73
LDB: ============== END OF LOAD BALANCING =============== 1880.73
Info: useSync: 0 useProxySync: 0
LDB: =============== DONE WITH MIGRATION ================ 1880.73
LDB: ============= START OF LOAD BALANCING ============== 1880.86
LDB: TIME 1880.86 LOAD: AVG 0.0112091 MAX 0.110214  PROXIES: TOTAL 112 MAXPE 7 MAXPATCH 7 None MEM: 0 MB
LDB: TIME 1880.86 LOAD: AVG 0.0112091 MAX 0.110214  PROXIES: TOTAL 112 MAXPE 7 MAXPATCH 7 RefineTorusLB MEM: 0 MB
LDB: TIME 1880.86 LOAD: AVG 0.0112091 MAX 0.110214  PROXIES: TOTAL 112 MAXPE 7 MAXPATCH 7 RefineTorusLB MEM: 0 MB
LDB: Reverting to original mapping
LDB: ============== END OF LOAD BALANCING =============== 1880.86
Info: useSync: 0 useProxySync: 0
LDB: =============== DONE WITH MIGRATION ================ 1880.86
LDB: ============= START OF LOAD BALANCING ============== 1886.28
LDB: ============== END OF LOAD BALANCING =============== 1886.28
Info: useSync: 0 useProxySync: 0
LDB: =============== DONE WITH MIGRATION ================ 1886.28
LDB: ============= START OF LOAD BALANCING ============== 1886.44
LDB: TIME 1886.44 LOAD: AVG 0.0135184 MAX 0.146415  PROXIES: TOTAL 112 MAXPE 7 MAXPATCH 7 None MEM: 0 MB
LDB: TIME 1886.44 LOAD: AVG 0.0135184 MAX 0.146415  PROXIES: TOTAL 112 MAXPE 7 MAXPATCH 7 RefineTorusLB MEM: 0 MB
LDB: TIME 1886.44 LOAD: AVG 0.0135184 MAX 0.146415  PROXIES: TOTAL 112 MAXPE 7 MAXPATCH 7 RefineTorusLB MEM: 0 MB
LDB: Reverting to original mapping
LDB: ============== END OF LOAD BALANCING =============== 1886.44
Info: useSync: 0 useProxySync: 0
LDB: =============== DONE WITH MIGRATION ================ 1886.44
PRESSURE: 500000 2731.99 -42.7635 295.361 137.197 3771.12 412.533 -5612.66 -2754.51 132595
GPRESSURE: 500000 2847.13 -162.101 644.844 399.993 3767.11 523.206 -5837.33 -2685.35 132587
PRESSAVG: 500000 3142.64 -21.5899 117.129 -132.424 3319.26 -27.7306 -5928.89 -2753.69 135109
GPRESSAVG: 500000 3142.77 -21.4633 116.752 -132.518 3319.27 -28.0188 -5928.43 -2753.31 135109
TIMING: 500000  CPU: 1803.66, 0.0033513/step  Wall: 1891.66, 0.00346594/step, 0 hours remaining, 0.000000 MB of memory in use.
PERFORMANCE: 500000  averaging 45.6746 ns/day, 0.00378328 sec/step with standard deviation 0.000254984
ETITLE:      TS           BOND          ANGLE          DIHED          IMPRP               ELECT            VDW       BOUNDARY           MISC        KINETIC               TOTAL           TEMP      POTENTIAL         TOTAL3        TEMPAVG            PRESSURE      GPRESSURE         VOLUME       PRESSAVG      GPRESSAVG

ENERGY:  500000         0.0000         0.0000         0.0000         0.0000          -5695.7260       563.4121         0.0000         0.0000       963.5788          -4168.7351       306.1205     -5132.3139     -4166.0037       308.1073          46366.1960     46400.2917     22548.0941     47190.4533     47190.4139

WRITING EXTENDED SYSTEM TO RESTART FILE AT STEP 500000
WRITING COORDINATES TO DCD FILE MD.dcd AT STEP 500000
WRITING COORDINATES TO RESTART FILE AT STEP 500000
FINISHED WRITING RESTART COORDINATES
WRITING VELOCITIES TO RESTART FILE AT STEP 500000
FINISHED WRITING RESTART VELOCITIES
WRITING EXTENDED SYSTEM TO OUTPUT FILE AT STEP 500000
CLOSING EXTENDED SYSTEM TRAJECTORY FILE
WRITING COORDINATES TO OUTPUT FILE AT STEP 500000
CLOSING COORDINATE DCD FILE MD.dcd
WRITING VELOCITIES TO OUTPUT FILE AT STEP 500000
====================================================

WallClock: 1892.097656  CPUTime: 1803.946167  Memory: 0.000000 MB
[Partition 0][Node 0] End of program
