Charm++: standalone mode (not using charmrun)
Charm++> Running in Multicore mode: 8 threads (PEs)
Charm++> Using recursive bisection (scheme 3) for topology aware partitions
Converse/Charm++ Commit ID: 
CharmLB> Load balancer assumes all CPUs are same.
Charm++> Running on 1 hosts (1 sockets x 24 cores x 2 PUs = 48-way SMP)
Charm++> cpu topology info is gathered in 0.000 seconds.
Info: Built with CUDA version 11080
Did not find +devices i,j,k,... argument, using all
Pe 0 physical rank 0 will use CUDA device of pe 2
Pe 7 physical rank 7 will use CUDA device of pe 4
Pe 5 physical rank 5 will use CUDA device of pe 4
Pe 1 physical rank 1 will use CUDA device of pe 2
Pe 3 physical rank 3 will use CUDA device of pe 2
Pe 2 physical rank 2 binding to CUDA device 0 on pcd31c.icmab-csic.icmab.es: 'NVIDIA RTX A4500'  Mem: 20042MB  Rev: 8.6  PCI: 0:41:0
Pe 6 physical rank 6 will use CUDA device of pe 4
Pe 4 physical rank 4 binding to CUDA device 1 on pcd31c.icmab-csic.icmab.es: 'NVIDIA RTX A4500'  Mem: 20042MB  Rev: 8.6  PCI: 0:42:0
CharmLB> Load balancing instrumentation for communication is off.
Info: NAMD 3.0.2 for Linux-x86_64-multicore-CUDA
Info: 
Info: Please visit http://www.ks.uiuc.edu/Research/namd/
Info: for updates, documentation, and support information.
Info: 
Info: Please cite Phillips et al., J. Chem. Phys. 153:044130 (2020) doi:10.1063/5.0014475
Info: in all publications reporting results obtained with NAMD.
Info: 
Info: Based on Charm++/Converse 80000 for multicore-linux-x86_64-gcc
Info: Built Wed Aug 27 15:48:11 CDT 2025 by dhardy on athine.ks.uiuc.edu
Info: 1 NAMD  3.0.2  Linux-x86_64-multicore-CUDA  8    pcd31c.icmab-csic.icmab.es  jfaraudo
Info: Running on 8 processors, 1 nodes, 1 physical nodes.
Info: CPU topology information available.
Info: Charm++/Converse parallel runtime startup completed at 0.265036 s
CkLoopLib is used in SMP with simple dynamic scheduling (converse-level notification)
Info: 0 MB of memory in use based on /proc/self/stat
Info: Configuration file is Forcez_NVT.namd
Info: Working in the current directory /home/jfaraudo/Teaching/tutorial_membrana_nanotubs_modificat/versio_2026/simulation/nonequilibrium2
TCL: Suspending until startup complete.
Warning: Option "1-4scaling" has been deprecated. Instead use "oneFourScaling".
Info: EXTENDED SYSTEM FILE   ../equilibration/MDequil.restart.xsc
Warning: The Langevin gamma parameters differ over the particles,
Warning: requiring extra work per step to constrain rigid bonds.
Info: SIMULATION PARAMETERS:
Info: TIMESTEP               2
Info: NUMBER OF STEPS        0
Info: STEPS PER CYCLE        10
Info: PERIODIC CELL BASIS 1  23 0 0
Info: PERIODIC CELL BASIS 2  0 19.919 0
Info: PERIODIC CELL BASIS 3  0 0 49.2169
Info: PERIODIC CELL CENTER   0 0 0
Info: WRAPPING WATERS AROUND PERIODIC BOUNDARIES ON OUTPUT.
Info: WRAPPING ALL CLUSTERS AROUND PERIODIC BOUNDARIES ON OUTPUT.
Info: LOAD BALANCER  Centralized
Info: LOAD BALANCING STRATEGY  New Load Balancers -- DEFAULT
Info: LDB PERIOD             2000 steps
Info: FIRST LDB TIMESTEP     50
Info: LAST LDB TIMESTEP     -1
Info: LDB BACKGROUND SCALING 1
Info: HOM BACKGROUND SCALING 1
Info: PME BACKGROUND SCALING 1
Info: MIN ATOMS PER PATCH    40
Info: EMPTY PATCH LOAD       40 ATOMS
Info: VELOCITY FILE          ../equilibration/MDequil.restart.vel
Info: CENTER OF MASS MOVING INITIALLY? NO
Info: DIELECTRIC             1
Info: EXCLUDE                SCALED ONE-FOUR
Info: 1-4 ELECTROSTATICS SCALED BY 1
Info: MODIFIED 1-4 VDW PARAMETERS WILL BE USED
Info: DCD FILENAME           MD.dcd
Info: DCD FREQUENCY          5000
Info: DCD FIRST STEP         5000
Info: DCD FILE WILL CONTAIN UNIT CELL DATA
Info: XST FILENAME           MD.xst
Info: XST FREQUENCY          5000
Info: NO VELOCITY DCD OUTPUT
Info: NO FORCE DCD OUTPUT
Info: OUTPUT FILENAME        MD
Info: BINARY OUTPUT FILES WILL BE USED
Info: RESTART FILENAME       MD.restart
Info: RESTART FREQUENCY      50000
Info: BINARY RESTART FILES WILL BE USED
Info: SWITCHING ACTIVE
Info: SWITCHING ON           10
Info: SWITCHING OFF          12
Info: PAIRLIST DISTANCE      14
Info: PAIRLIST SHRINK RATE   0.01
Info: PAIRLIST GROW RATE     0.01
Info: PAIRLIST TRIGGER       0.3
Info: PAIRLISTS PER CYCLE    2
Info: PAIRLISTS ENABLED
Info: MARGIN                 0
Info: HYDROGEN GROUP CUTOFF  2.5
Info: PATCH DIMENSION        16.5
Info: ENERGY OUTPUT STEPS    5000
Info: ENERGY EVALUATION STEPS    5000
Info: OUTPUT ENERGY PRECISION 4
Info: CROSSTERM ENERGY INCLUDED IN DIHEDRAL
Info: TIMING OUTPUT STEPS    50000
Info: PRESSURE OUTPUT STEPS  5000
Info: FIXED ATOMS ACTIVE
Info: TCL GLOBAL FORCES ACTIVE
Info: TCL GLOBAL FORCES SCRIPT INLINED IN CONFIG FILE
Info: LANGEVIN DYNAMICS ACTIVE
Info: LANGEVIN TEMPERATURE   300
Info: LANGEVIN USING BBK INTEGRATOR
Info: LANGEVIN DAMPING COEFFICIENT IS 1 INVERSE PS
Info: LANGEVIN DYNAMICS NOT APPLIED TO HYDROGENS
Info: PARTICLE MESH EWALD (PME) ACTIVE
Info: PME TOLERANCE               1e-06
Info: PME EWALD COEFFICIENT       0.257952
Info: PME INTERPOLATION ORDER     4
Info: PME GRID DIMENSIONS         24 20 54
Info: PME MAXIMUM GRID SPACING    1
Info: PME CALCULATION WILL BE PERFORMED ON GPU
Info: FULL ELECTROSTATIC EVALUATION FREQUENCY      2
Info: USING VERLET I (r-RESPA) MTS SCHEME.
Info: C1 SPLITTING OF LONG RANGE ELECTROSTATICS
Info: PLACING ATOMS IN PATCHES BY HYDROGEN GROUPS
Info: RIGID BONDS TO HYDROGEN : ALL
Info:         ERROR TOLERANCE : 1e-08
Info:          MAX ITERATIONS : 100
Info: RIGID WATER USING SETTLE ALGORITHM
Info: RANDOM NUMBER SEED     1777746161
Info: USE HYDROGEN BONDS?    NO
Info: COORDINATE PDB         ../input/system.pdb
Info: STRUCTURE FILE         ../input/system.psf
Info: PARAMETER file: CHARMM format! 
Info: PARAMETERS             ../input/par_nanotubes.inp
Info: PARAMETERS             ../input/par_water_ions.inp
Info: USING ARITHMETIC MEAN TO COMBINE L-J SIGMA PARAMETERS
Info: BINARY COORDINATES     ../equilibration/MDequil.restart.coor
Info: SUMMARY OF PARAMETERS:
Info: 4 BONDS
Info: 2 ANGLES
Info: 1 DIHEDRAL
Info: 0 IMPROPER
Info: 0 CROSSTERM
Info: 16 VDW
Info: 2 VDW_PAIRS
Info: 0 NBTHOLE_PAIRS
Info: TIME FOR READING PSF FILE: 0.0054068
Info: Reading pdb file ../input/system.pdb
Info: TIME FOR READING PDB FILE: 0.00234331
Info: 
Info: ****************************
Info: STRUCTURE SUMMARY:
Info: 2160 ATOMS
Info: 1872 BONDS
Info: 2064 ANGLES
Info: 2928 DIHEDRALS
Info: 0 IMPROPERS
Info: 0 CROSSTERMS
Info: 0 EXCLUSIONS
Info: 576 FIXED ATOMS
Info: 1584 RIGID BONDS
Info: 0 RIGID BONDS BETWEEN FIXED ATOMS
Info: 3168 DEGREES OF FREEDOM
Info: 1104 HYDROGEN GROUPS
Info: 3 ATOMS IN LARGEST HYDROGEN GROUP
Info: 1104 MIGRATION GROUPS
Info: 3 ATOMS IN LARGEST MIGRATION GROUP
Info: 576 HYDROGEN GROUPS WITH ALL ATOMS FIXED
Info: TOTAL MASS = 16430.5 amu
Info: TOTAL CHARGE = 0 e
Info: MASS DENSITY = 1.21004 g/cm^3
Info: ATOM DENSITY = 0.0957952 atoms/A^3
Info: *****************************
Info: Reading from binary file ../equilibration/MDequil.restart.coor
Info: 
Info: Entering startup at 0.28265 s, 0 MB of memory in use
Info: Startup phase 0 took 8.7172e-05 s, 0 MB of memory in use
Info: ADDED 6144 IMPLICIT EXCLUSIONS
Info: Startup phase 1 took 0.000883196 s, 0 MB of memory in use
Info: NONBONDED TABLE R-SQUARED SPACING: 0.0625
Info: NONBONDED TABLE SIZE: 769 POINTS
Info: INCONSISTENCY IN FAST TABLE ENERGY VS FORCE: 0.000325096 AT 11.9556
Info: INCONSISTENCY IN SCOR TABLE ENERGY VS FORCE: 0.000324844 AT 11.9556
Info: INCONSISTENCY IN VDWA TABLE ENERGY VS FORCE: 0.0040507 AT 0.251946
Info: INCONSISTENCY IN VDWB TABLE ENERGY VS FORCE: 0.00150189 AT 0.251946
Info: Startup phase 2 took 0.000397667 s, 0 MB of memory in use
Info: Startup phase 3 took 6.9388e-05 s, 0 MB of memory in use
Info: Startup phase 4 took 6.1644e-05 s, 0 MB of memory in use
Info: Startup phase 5 took 6.8317e-05 s, 0 MB of memory in use
Info: PATCH GRID IS 2 (PERIODIC) BY 2 (PERIODIC) BY 2 (PERIODIC)
Info: PATCH GRID IS 2-AWAY BY 2-AWAY BY 1-AWAY
Info: Reading from binary file ../equilibration/MDequil.restart.vel
Info: REMOVING COM VELOCITY 0.0869811 0.0846564 -0.120092
Info: LARGEST PATCH (5) HAS 282 ATOMS
Info: TORUS A SIZE 1 USING 0
Info: TORUS B SIZE 1 USING 0
Info: TORUS C SIZE 1 USING 0
Info: TORUS MINIMAL MESH SIZE IS 1 BY 1 BY 1
Info: Placed 100% of base nodes on same physical node as patch
Info: Startup phase 6 took 0.000837191 s, 0 MB of memory in use
Info: Use 3D box decompostion in PME FFT.
Info: PME using 1 x 1 x 1 pencil grid for FFT and reciprocal sum.
Info: Startup phase 7 took 0.000131053 s, 0 MB of memory in use
Info: Updated CUDA force table with 4096 elements.
Info: Updated CUDA LJ table with 16 x 16 elements.
Info: Updated CUDA force table with 4096 elements.
Info: Updated CUDA LJ table with 16 x 16 elements.
Info: Startup phase 8 took 0.00295877 s, 0 MB of memory in use
Info: Startup phase 9 took 7.1522e-05 s, 0 MB of memory in use
Info: Startup phase 10 took 6.9459e-05 s, 0 MB of memory in use
Info: Startup phase 11 took 0.00027524 s, 0 MB of memory in use
LDB: Central LB being created...
Info: Startup phase 12 took 0.00208148 s, 0 MB of memory in use
Info: CREATING 432 COMPUTE OBJECTS
Info: Found 4 unique exclusion lists needing 4 bytes
Info: Found 4 unique exclusion lists needing 4 bytes
Info: useSync: 0 useProxySync: 0
Info: Startup phase 13 took 0.0158254 s, 0 MB of memory in use
Info: Startup phase 14 took 0.000104123 s, 0 MB of memory in use
Info: Startup phase 15 took 4.5614e-05 s, 0 MB of memory in use
Info: Finished startup at 0.306617 s, 0 MB of memory in use

TCL: Running for 500000 steps
PRESSURE: 0 -491.88 335.616 193.499 184.57 -897.26 -65.4782 62.4837 28.1946 -567.52
GPRESSURE: 0 -623.781 299.082 217.938 263.921 -792.497 -39.8063 -92.4558 -70.1796 -496.402
ETITLE:      TS           BOND          ANGLE          DIHED          IMPRP               ELECT            VDW       BOUNDARY           MISC        KINETIC               TOTAL           TEMP      POTENTIAL         TOTAL3        TEMPAVG            PRESSURE      GPRESSURE         VOLUME       PRESSAVG      GPRESSAVG

ENERGY:       0         0.0000         0.0000         0.0000         0.0000          -5640.6480       400.2066         0.0000         0.0000       915.3194          -4325.1221       290.7889     -5240.4415     -4323.2118       290.7889           -652.2200      -637.5602     22548.0941      -652.2200      -637.5602

OPENING EXTENDED SYSTEM TRAJECTORY FILE
LDB: ============= START OF LOAD BALANCING ============== 0.34397
LDB: ============== END OF LOAD BALANCING =============== 0.344006
Info: useSync: 0 useProxySync: 0
LDB: =============== DONE WITH MIGRATION ================ 0.344066
LDB: ============= START OF LOAD BALANCING ============== 0.471615
LDB: Partitioning computes with target load 0.000000
LDB: Increased migratable compute count from 0 to 0
LDB: Largest unpartitionable compute is 0.000000
LDB: ============== END OF LOAD BALANCING =============== 0.471733
Info: useSync: 0 useProxySync: 0
LDB: =============== DONE WITH MIGRATION ================ 0.472028
Info: Initial time: 8 CPUs 0.00321137 s/step 0.0185843 days/ns 0 MB memory
LDB: ============= START OF LOAD BALANCING ============== 0.503643
LDB: ============== END OF LOAD BALANCING =============== 0.503688
Info: useSync: 0 useProxySync: 0
LDB: =============== DONE WITH MIGRATION ================ 0.503743
LDB: ============= START OF LOAD BALANCING ============== 0.631653
LDB: TIME 0.631721 LOAD: AVG 0.0194157 MAX 0.117262  PROXIES: TOTAL 56 MAXPE 7 MAXPATCH 7 None MEM: 0 MB
LDB: TIME 0.631757 LOAD: AVG 0.0194157 MAX 0.117262  PROXIES: TOTAL 56 MAXPE 7 MAXPATCH 7 TorusLB MEM: 0 MB
LDB: Reverting to original mapping
LDB: ============== END OF LOAD BALANCING =============== 0.631822
Info: useSync: 0 useProxySync: 0
LDB: =============== DONE WITH MIGRATION ================ 0.632091
Info: Initial time: 8 CPUs 0.00318133 s/step 0.0184105 days/ns 0 MB memory
LDB: ============= START OF LOAD BALANCING ============== 0.790061
LDB: TIME 0.790148 LOAD: AVG 0.0239059 MAX 0.146316  PROXIES: TOTAL 56 MAXPE 7 MAXPATCH 7 None MEM: 0 MB
LDB: TIME 0.790184 LOAD: AVG 0.0239059 MAX 0.146316  PROXIES: TOTAL 56 MAXPE 7 MAXPATCH 7 RefineTorusLB MEM: 0 MB
LDB: TIME 0.790209 LOAD: AVG 0.0239059 MAX 0.146316  PROXIES: TOTAL 56 MAXPE 7 MAXPATCH 7 RefineTorusLB MEM: 0 MB
LDB: ============== END OF LOAD BALANCING =============== 0.790285
Info: useSync: 0 useProxySync: 0
LDB: =============== DONE WITH MIGRATION ================ 0.790528
Info: Initial time: 8 CPUs 0.0031587 s/step 0.0182795 days/ns 0 MB memory
LDB: ============= START OF LOAD BALANCING ============== 0.950559
LDB: TIME 0.950626 LOAD: AVG 0.0241211 MAX 0.146624  PROXIES: TOTAL 56 MAXPE 7 MAXPATCH 7 None MEM: 0 MB
LDB: TIME 0.950662 LOAD: AVG 0.0241211 MAX 0.146624  PROXIES: TOTAL 56 MAXPE 7 MAXPATCH 7 RefineTorusLB MEM: 0 MB
LDB: TIME 0.950685 LOAD: AVG 0.0241211 MAX 0.146624  PROXIES: TOTAL 56 MAXPE 7 MAXPATCH 7 RefineTorusLB MEM: 0 MB
LDB: ============== END OF LOAD BALANCING =============== 0.950746
Info: useSync: 0 useProxySync: 0
LDB: =============== DONE WITH MIGRATION ================ 0.95099
Info: Benchmark time: 8 CPUs 0.00320552 s/step 0.0185504 days/ns 0 MB memory
Info: Benchmark time: 8 CPUs 0.00321154 s/step 0.0185853 days/ns 0 MB memory
Info: Benchmark time: 8 CPUs 0.00355534 s/step 0.0205749 days/ns 0 MB memory
Info: Benchmark time: 8 CPUs 0.00368064 s/step 0.0213 days/ns 0 MB memory
Info: Benchmark time: 8 CPUs 0.00369201 s/step 0.0213658 days/ns 0 MB memory
Info: Benchmark time: 8 CPUs 0.00372675 s/step 0.0215668 days/ns 0 MB memory
LDB: ============= START OF LOAD BALANCING ============== 8.02462
LDB: ============== END OF LOAD BALANCING =============== 8.02468
Info: useSync: 0 useProxySync: 0
LDB: =============== DONE WITH MIGRATION ================ 8.02476
LDB: ============= START OF LOAD BALANCING ============== 8.18508
LDB: TIME 8.18515 LOAD: AVG 0.0238504 MAX 0.146984  PROXIES: TOTAL 56 MAXPE 7 MAXPATCH 7 None MEM: 0 MB
LDB: TIME 8.18519 LOAD: AVG 0.0238504 MAX 0.146984  PROXIES: TOTAL 56 MAXPE 7 MAXPATCH 7 RefineTorusLB MEM: 0 MB
LDB: TIME 8.18522 LOAD: AVG 0.0238504 MAX 0.146984  PROXIES: TOTAL 56 MAXPE 7 MAXPATCH 7 RefineTorusLB MEM: 0 MB
LDB: Reverting to original mapping
LDB: ============== END OF LOAD BALANCING =============== 8.18529
Info: useSync: 0 useProxySync: 0
LDB: =============== DONE WITH MIGRATION ================ 8.18557
LDB: ============= START OF LOAD BALANCING ============== 14.4038
LDB: ============== END OF LOAD BALANCING =============== 14.4039
Info: useSync: 0 useProxySync: 0
LDB: =============== DONE WITH MIGRATION ================ 14.404
LDB: ============= START OF LOAD BALANCING ============== 14.561
LDB: TIME 14.5611 LOAD: AVG 0.0240714 MAX 0.147127  PROXIES: TOTAL 56 MAXPE 7 MAXPATCH 7 None MEM: 0 MB
LDB: TIME 14.5612 LOAD: AVG 0.0240714 MAX 0.147127  PROXIES: TOTAL 56 MAXPE 7 MAXPATCH 7 RefineTorusLB MEM: 0 MB
LDB: TIME 14.5612 LOAD: AVG 0.0240714 MAX 0.147127  PROXIES: TOTAL 56 MAXPE 7 MAXPATCH 7 RefineTorusLB MEM: 0 MB
LDB: ============== END OF LOAD BALANCING =============== 14.5613
Info: useSync: 0 useProxySync: 0
LDB: =============== DONE WITH MIGRATION ================ 14.5615
OPENING COORDINATE DCD FILE
WRITING COORDINATES TO DCD FILE MD.dcd AT STEP 5000
The last position output (seq=5000) takes 0.001 seconds, 0.000 MB of memory in use
PRESSURE: 5000 1087.36 21.2247 870.926 -492.068 14.2378 -268.762 882.49 -709.014 -0.368223
GPRESSURE: 5000 1215.72 -34.5135 720.433 -454.026 11.0658 135.467 1003.5 -704.549 -60.846
PRESSAVG: 5000 -273.223 -35.2483 27.1176 -57.8787 -175.117 -21.6558 13.0802 -82.2948 -248.902
GPRESSAVG: 5000 -273.242 -35.306 26.9309 -58.5432 -175.116 -21.879 13.2071 -81.7202 -248.763
ENERGY:    5000         0.0000         0.0000         0.0000         0.0000          -5619.3959       431.4462         0.0000         0.0000       938.9566          -4248.9930       298.2983     -5187.9496     -4245.7299       298.4829            367.0777       388.6481     22548.0941      -232.4141      -232.3738

LDB: ============= START OF LOAD BALANCING ============== 20.7953
LDB: ============== END OF LOAD BALANCING =============== 20.7953
Info: useSync: 0 useProxySync: 0
LDB: =============== DONE WITH MIGRATION ================ 20.7954
LDB: ============= START OF LOAD BALANCING ============== 20.9551
LDB: TIME 20.9552 LOAD: AVG 0.0233896 MAX 0.146741  PROXIES: TOTAL 56 MAXPE 7 MAXPATCH 7 None MEM: 0 MB
LDB: TIME 20.9552 LOAD: AVG 0.0233896 MAX 0.146741  PROXIES: TOTAL 56 MAXPE 7 MAXPATCH 7 RefineTorusLB MEM: 0 MB
LDB: TIME 20.9553 LOAD: AVG 0.0233896 MAX 0.146741  PROXIES: TOTAL 56 MAXPE 7 MAXPATCH 7 RefineTorusLB MEM: 0 MB
LDB: ============== END OF LOAD BALANCING =============== 20.9553
Info: useSync: 0 useProxySync: 0
LDB: =============== DONE WITH MIGRATION ================ 20.9556
LDB: ============= START OF LOAD BALANCING ============== 27.2287
LDB: ============== END OF LOAD BALANCING =============== 27.2287
Info: useSync: 0 useProxySync: 0
LDB: =============== DONE WITH MIGRATION ================ 27.2288
LDB: ============= START OF LOAD BALANCING ============== 27.3878
LDB: TIME 27.3879 LOAD: AVG 0.023807 MAX 0.146447  PROXIES: TOTAL 56 MAXPE 7 MAXPATCH 7 None MEM: 0 MB
LDB: TIME 27.3879 LOAD: AVG 0.023807 MAX 0.146447  PROXIES: TOTAL 56 MAXPE 7 MAXPATCH 7 RefineTorusLB MEM: 0 MB
LDB: TIME 27.388 LOAD: AVG 0.023807 MAX 0.146447  PROXIES: TOTAL 56 MAXPE 7 MAXPATCH 7 RefineTorusLB MEM: 0 MB
LDB: ============== END OF LOAD BALANCING =============== 27.388
Info: useSync: 0 useProxySync: 0
LDB: =============== DONE WITH MIGRATION ================ 27.3883
WRITING COORDINATES TO DCD FILE MD.dcd AT STEP 10000
The last position output (seq=10000) takes 0.000 seconds, 0.000 MB of memory in use
PRESSURE: 10000 -510.427 327.296 735.431 127.678 -1183.12 -209.212 414.434 39.5817 -463.166
GPRESSURE: 10000 -526.289 442.855 1031.1 415.506 -1199.31 -184.767 366.404 -120.178 -357.395
PRESSAVG: 10000 -228.812 33.5155 20.9274 47.2018 -147.961 -9.834 -66.5845 -112.779 -281.7
GPRESSAVG: 10000 -228.736 33.8381 21.1282 47.7367 -148.159 -10.0719 -66.9983 -112.603 -282.022
ENERGY:   10000         0.0000         0.0000         0.0000         0.0000          -5579.1133       366.9175         0.0000         0.0000       932.9420          -4279.2539       296.3875     -5212.1959     -4276.9161       300.5290           -718.9057      -694.3322     22548.0941      -219.4909      -219.6391

LDB: ============= START OF LOAD BALANCING ============== 33.6242
LDB: ============== END OF LOAD BALANCING =============== 33.6242
Info: useSync: 0 useProxySync: 0
LDB: =============== DONE WITH MIGRATION ================ 33.6243
LDB: ============= START OF LOAD BALANCING ============== 33.7847
LDB: TIME 33.7848 LOAD: AVG 0.0235385 MAX 0.14664  PROXIES: TOTAL 56 MAXPE 7 MAXPATCH 7 None MEM: 0 MB
LDB: TIME 33.7849 LOAD: AVG 0.0235385 MAX 0.14664  PROXIES: TOTAL 56 MAXPE 7 MAXPATCH 7 RefineTorusLB MEM: 0 MB
LDB: TIME 33.7849 LOAD: AVG 0.0235385 MAX 0.14664  PROXIES: TOTAL 56 MAXPE 7 MAXPATCH 7 RefineTorusLB MEM: 0 MB
LDB: ============== END OF LOAD BALANCING =============== 33.7849
Info: useSync: 0 useProxySync: 0
LDB: =============== DONE WITH MIGRATION ================ 33.7852
LDB: ============= START OF LOAD BALANCING ============== 39.9751
LDB: ============== END OF LOAD BALANCING =============== 39.9752
Info: useSync: 0 useProxySync: 0
LDB: =============== DONE WITH MIGRATION ================ 39.9753
LDB: ============= START OF LOAD BALANCING ============== 40.1357
LDB: TIME 40.1358 LOAD: AVG 0.0235421 MAX 0.146338  PROXIES: TOTAL 56 MAXPE 7 MAXPATCH 7 None MEM: 0 MB
LDB: TIME 40.1358 LOAD: AVG 0.0235421 MAX 0.146338  PROXIES: TOTAL 56 MAXPE 7 MAXPATCH 7 RefineTorusLB MEM: 0 MB
LDB: TIME 40.1358 LOAD: AVG 0.0235421 MAX 0.146338  PROXIES: TOTAL 56 MAXPE 7 MAXPATCH 7 RefineTorusLB MEM: 0 MB
LDB: Reverting to original mapping
LDB: ============== END OF LOAD BALANCING =============== 40.1359
Info: useSync: 0 useProxySync: 0
LDB: =============== DONE WITH MIGRATION ================ 40.1362
LDB: ============= START OF LOAD BALANCING ============== 46.72
LDB: ============== END OF LOAD BALANCING =============== 46.726
Info: useSync: 0 useProxySync: 0
LDB: =============== DONE WITH MIGRATION ================ 46.75
LDB: ============= START OF LOAD BALANCING ============== 47.0391
LDB: TIME 47.0392 LOAD: AVG 0.0268365 MAX 0.169007  PROXIES: TOTAL 56 MAXPE 7 MAXPATCH 7 None MEM: 0 MB
LDB: TIME 47.0392 LOAD: AVG 0.0268365 MAX 0.169007  PROXIES: TOTAL 56 MAXPE 7 MAXPATCH 7 RefineTorusLB MEM: 0 MB
LDB: TIME 47.0393 LOAD: AVG 0.0268365 MAX 0.169007  PROXIES: TOTAL 56 MAXPE 7 MAXPATCH 7 RefineTorusLB MEM: 0 MB
LDB: ============== END OF LOAD BALANCING =============== 47.0431
Info: useSync: 0 useProxySync: 0
LDB: =============== DONE WITH MIGRATION ================ 47.0433
WRITING COORDINATES TO DCD FILE MD.dcd AT STEP 15000
The last position output (seq=15000) takes 0.000 seconds, 0.000 MB of memory in use
PRESSURE: 15000 -1470.54 304.191 -170.629 320.988 -616.163 -152.715 -164.203 -220.046 -588.552
GPRESSURE: 15000 -1611.77 837.216 -352.846 24.2215 -447.812 -146.685 23.0091 -481.752 -561.806
PRESSAVG: 15000 -225.312 27.5199 2.16733 56.6395 -197.348 49.289 -25.7604 -157.551 -31.3303
GPRESSAVG: 15000 -225.013 27.0559 1.49596 56.4483 -197.418 49.9209 -25.5949 -157.759 -31.2744
ENERGY:   15000         0.0000         0.0000         0.0000         0.0000          -5590.9798       347.9789         0.0000         0.0000       982.5834          -4260.4175       312.1581     -5243.0009     -4258.0725       300.7919           -891.7503      -873.7970     22548.0941      -151.3302      -151.2350

LDB: ============= START OF LOAD BALANCING ============== 53.5871
LDB: ============== END OF LOAD BALANCING =============== 53.5871
Info: useSync: 0 useProxySync: 0
LDB: =============== DONE WITH MIGRATION ================ 53.5872
LDB: ============= START OF LOAD BALANCING ============== 53.7825
LDB: TIME 53.7826 LOAD: AVG 0.0248796 MAX 0.145431  PROXIES: TOTAL 56 MAXPE 7 MAXPATCH 7 None MEM: 0 MB
LDB: TIME 53.7826 LOAD: AVG 0.0248796 MAX 0.145431  PROXIES: TOTAL 56 MAXPE 7 MAXPATCH 7 RefineTorusLB MEM: 0 MB
LDB: TIME 53.7827 LOAD: AVG 0.0248796 MAX 0.145431  PROXIES: TOTAL 56 MAXPE 7 MAXPATCH 7 RefineTorusLB MEM: 0 MB
LDB: ============== END OF LOAD BALANCING =============== 53.7827
Info: useSync: 0 useProxySync: 0
LDB: =============== DONE WITH MIGRATION ================ 53.783
LDB: ============= START OF LOAD BALANCING ============== 60.3221
LDB: ============== END OF LOAD BALANCING =============== 60.3222
Info: useSync: 0 useProxySync: 0
LDB: =============== DONE WITH MIGRATION ================ 60.3223
LDB: ============= START OF LOAD BALANCING ============== 60.5488
LDB: TIME 60.5489 LOAD: AVG 0.0263447 MAX 0.153672  PROXIES: TOTAL 56 MAXPE 7 MAXPATCH 7 None MEM: 0 MB
LDB: TIME 60.549 LOAD: AVG 0.0263447 MAX 0.153672  PROXIES: TOTAL 56 MAXPE 7 MAXPATCH 7 RefineTorusLB MEM: 0 MB
LDB: TIME 60.549 LOAD: AVG 0.0263447 MAX 0.153672  PROXIES: TOTAL 56 MAXPE 7 MAXPATCH 7 RefineTorusLB MEM: 0 MB
LDB: ============== END OF LOAD BALANCING =============== 60.549
Info: useSync: 0 useProxySync: 0
LDB: =============== DONE WITH MIGRATION ================ 60.5493
PRESSURE: 20000 -885.76 343.822 287.324 500.184 26.8013 -434.344 -90.0392 -431.61 -188.705
GPRESSURE: 20000 -940.909 262.307 -99.2521 514.015 -80.6361 -729.795 -99.0109 -81.2406 50.2591
PRESSAVG: 20000 -138.089 -19.3704 -3.86707 -7.56621 -81.4293 -10.3319 8.42414 -280.123 -200.188
GPRESSAVG: 20000 -138.597 -18.6215 -3.4882 -7.71228 -81.4293 -10.0462 8.74496 -279.232 -200.054
ENERGY:   20000         0.0000         0.0000         0.0000         0.0000          -5619.3907       398.0742         0.0000         0.0000       961.3901          -4259.9264       305.4252     -5221.3165     -4258.5194       297.8411           -349.2214      -323.7621     22548.0941      -139.9020      -140.0268

WRITING COORDINATES TO DCD FILE MD.dcd AT STEP 20000
The last position output (seq=20000) takes 0.000 seconds, 0.000 MB of memory in use
LDB: ============= START OF LOAD BALANCING ============== 67.3935
LDB: ============== END OF LOAD BALANCING =============== 67.3935
Info: useSync: 0 useProxySync: 0
LDB: =============== DONE WITH MIGRATION ================ 67.3936
LDB: ============= START OF LOAD BALANCING ============== 67.5548
LDB: TIME 67.5549 LOAD: AVG 0.0237102 MAX 0.146026  PROXIES: TOTAL 56 MAXPE 7 MAXPATCH 7 None MEM: 0 MB
LDB: TIME 67.5549 LOAD: AVG 0.0237102 MAX 0.146026  PROXIES: TOTAL 56 MAXPE 7 MAXPATCH 7 RefineTorusLB MEM: 0 MB
LDB: TIME 67.555 LOAD: AVG 0.0237102 MAX 0.146026  PROXIES: TOTAL 56 MAXPE 7 MAXPATCH 7 RefineTorusLB MEM: 0 MB
LDB: Reverting to original mapping
LDB: ============== END OF LOAD BALANCING =============== 67.555
Info: useSync: 0 useProxySync: 0
LDB: =============== DONE WITH MIGRATION ================ 67.5553
LDB: ============= START OF LOAD BALANCING ============== 74.5339
LDB: ============== END OF LOAD BALANCING =============== 74.534
Info: useSync: 0 useProxySync: 0
LDB: =============== DONE WITH MIGRATION ================ 74.5341
LDB: ============= START OF LOAD BALANCING ============== 74.6968
LDB: TIME 74.6969 LOAD: AVG 0.0241086 MAX 0.147617  PROXIES: TOTAL 56 MAXPE 7 MAXPATCH 7 None MEM: 0 MB
LDB: TIME 74.697 LOAD: AVG 0.0241086 MAX 0.147617  PROXIES: TOTAL 56 MAXPE 7 MAXPATCH 7 RefineTorusLB MEM: 0 MB
LDB: TIME 74.697 LOAD: AVG 0.0241086 MAX 0.147617  PROXIES: TOTAL 56 MAXPE 7 MAXPATCH 7 RefineTorusLB MEM: 0 MB
LDB: Reverting to original mapping
LDB: ============== END OF LOAD BALANCING =============== 74.6971
Info: useSync: 0 useProxySync: 0
LDB: =============== DONE WITH MIGRATION ================ 74.6973
LDB: ============= START OF LOAD BALANCING ============== 81.4596
LDB: ============== END OF LOAD BALANCING =============== 81.4597
Info: useSync: 0 useProxySync: 0
LDB: =============== DONE WITH MIGRATION ================ 81.4598
LDB: ============= START OF LOAD BALANCING ============== 81.6221
LDB: TIME 81.6222 LOAD: AVG 0.0242081 MAX 0.148669  PROXIES: TOTAL 56 MAXPE 7 MAXPATCH 7 None MEM: 0 MB
LDB: TIME 81.6222 LOAD: AVG 0.0242081 MAX 0.148669  PROXIES: TOTAL 56 MAXPE 7 MAXPATCH 7 RefineTorusLB MEM: 0 MB
LDB: TIME 81.6222 LOAD: AVG 0.0242081 MAX 0.148669  PROXIES: TOTAL 56 MAXPE 7 MAXPATCH 7 RefineTorusLB MEM: 0 MB
LDB: Reverting to original mapping
LDB: ============== END OF LOAD BALANCING =============== 81.6223
Info: useSync: 0 useProxySync: 0
LDB: =============== DONE WITH MIGRATION ================ 81.6225
WRITING COORDINATES TO DCD FILE MD.dcd AT STEP 25000
The last position output (seq=25000) takes 0.000 seconds, 0.000 MB of memory in use
PRESSURE: 25000 -456.688 -791.694 255.427 -385.134 -759.601 62.6253 -74.4171 -332.064 454.256
GPRESSURE: 25000 -438.893 -757.808 420.091 -467.903 -813.846 -540.824 -86.3529 175.762 542.679
PRESSAVG: 25000 -88.853 2.054 16.4064 -40.3826 -256.568 77.0315 -26.463 -186.762 84.7628
GPRESSAVG: 25000 -88.5797 2.07282 16.034 -40.2629 -256.408 76.5183 -26.4729 -187.235 84.4605
ENERGY:   25000         0.0000         0.0000         0.0000         0.0000          -5600.9055       397.1881         0.0000         0.0000       930.3486          -4273.3688       295.5636     -5203.7174     -4271.6887       304.3262           -254.0111      -236.6867     22548.0941       -86.8859       -86.8425

LDB: ============= START OF LOAD BALANCING ============== 88.6478
LDB: ============== END OF LOAD BALANCING =============== 88.6478
Info: useSync: 0 useProxySync: 0
LDB: =============== DONE WITH MIGRATION ================ 88.6479
LDB: ============= START OF LOAD BALANCING ============== 88.8305
LDB: TIME 88.8305 LOAD: AVG 0.026341 MAX 0.168132  PROXIES: TOTAL 56 MAXPE 7 MAXPATCH 7 None MEM: 0 MB
LDB: TIME 88.8306 LOAD: AVG 0.026341 MAX 0.168132  PROXIES: TOTAL 56 MAXPE 7 MAXPATCH 7 RefineTorusLB MEM: 0 MB
LDB: TIME 88.8306 LOAD: AVG 0.026341 MAX 0.168132  PROXIES: TOTAL 56 MAXPE 7 MAXPATCH 7 RefineTorusLB MEM: 0 MB
LDB: ============== END OF LOAD BALANCING =============== 88.8307
Info: useSync: 0 useProxySync: 0
LDB: =============== DONE WITH MIGRATION ================ 88.8309
LDB: ============= START OF LOAD BALANCING ============== 96.7119
LDB: ============== END OF LOAD BALANCING =============== 96.7119
Info: useSync: 0 useProxySync: 0
LDB: =============== DONE WITH MIGRATION ================ 96.712
LDB: ============= START OF LOAD BALANCING ============== 96.8723
LDB: TIME 96.8724 LOAD: AVG 0.0237034 MAX 0.145704  PROXIES: TOTAL 56 MAXPE 7 MAXPATCH 7 None MEM: 0 MB
LDB: TIME 96.8724 LOAD: AVG 0.0237034 MAX 0.145704  PROXIES: TOTAL 56 MAXPE 7 MAXPATCH 7 RefineTorusLB MEM: 0 MB
LDB: TIME 96.8724 LOAD: AVG 0.0237034 MAX 0.145704  PROXIES: TOTAL 56 MAXPE 7 MAXPATCH 7 RefineTorusLB MEM: 0 MB
LDB: Reverting to original mapping
LDB: ============== END OF LOAD BALANCING =============== 96.8725
Info: useSync: 0 useProxySync: 0
LDB: =============== DONE WITH MIGRATION ================ 96.8727
PRESSURE: 30000 -875.298 -287.205 -184.348 -617.943 -548.319 648.157 142.99 674.21 43.4826
GPRESSURE: 30000 -861.445 -182.077 -275.203 -629.906 -437.748 660.656 206.198 774.602 -8.75436
PRESSAVG: 30000 -181.599 17.2824 -19.7123 -21.1902 -261.316 -36.8814 -19.1426 -221.06 -70.3523
GPRESSAVG: 30000 -181.528 17.513 -19.4566 -21.2306 -261.14 -36.6568 -19.3408 -221.397 -70.4623
ENERGY:   30000         0.0000         0.0000         0.0000         0.0000          -5593.2841       370.6488         0.0000         0.0000       965.8374          -4256.7979       306.8381     -5222.6353     -4255.3771       296.1137           -460.0451      -435.9824     22548.0941      -171.0890      -171.0436

WRITING COORDINATES TO DCD FILE MD.dcd AT STEP 30000
The last position output (seq=30000) takes 0.000 seconds, 0.000 MB of memory in use
LDB: ============= START OF LOAD BALANCING ============== 104.273
LDB: ============== END OF LOAD BALANCING =============== 104.273
Info: useSync: 0 useProxySync: 0
LDB: =============== DONE WITH MIGRATION ================ 104.273
LDB: ============= START OF LOAD BALANCING ============== 104.454
LDB: TIME 104.454 LOAD: AVG 0.0265734 MAX 0.169044  PROXIES: TOTAL 56 MAXPE 7 MAXPATCH 7 None MEM: 0 MB
LDB: TIME 104.454 LOAD: AVG 0.0265734 MAX 0.169044  PROXIES: TOTAL 56 MAXPE 7 MAXPATCH 7 RefineTorusLB MEM: 0 MB
LDB: TIME 104.454 LOAD: AVG 0.0265734 MAX 0.169044  PROXIES: TOTAL 56 MAXPE 7 MAXPATCH 7 RefineTorusLB MEM: 0 MB
LDB: ============== END OF LOAD BALANCING =============== 104.454
Info: useSync: 0 useProxySync: 0
LDB: =============== DONE WITH MIGRATION ================ 104.454
LDB: ============= START OF LOAD BALANCING ============== 111.053
LDB: ============== END OF LOAD BALANCING =============== 111.053
Info: useSync: 0 useProxySync: 0
LDB: =============== DONE WITH MIGRATION ================ 111.053
LDB: ============= START OF LOAD BALANCING ============== 111.212
LDB: TIME 111.212 LOAD: AVG 0.0236546 MAX 0.146323  PROXIES: TOTAL 56 MAXPE 7 MAXPATCH 7 None MEM: 0 MB
LDB: TIME 111.212 LOAD: AVG 0.0236546 MAX 0.146323  PROXIES: TOTAL 56 MAXPE 7 MAXPATCH 7 RefineTorusLB MEM: 0 MB
LDB: TIME 111.212 LOAD: AVG 0.0236546 MAX 0.146323  PROXIES: TOTAL 56 MAXPE 7 MAXPATCH 7 RefineTorusLB MEM: 0 MB
LDB: Reverting to original mapping
LDB: ============== END OF LOAD BALANCING =============== 111.212
Info: useSync: 0 useProxySync: 0
LDB: =============== DONE WITH MIGRATION ================ 111.213
LDB: ============= START OF LOAD BALANCING ============== 117.921
LDB: ============== END OF LOAD BALANCING =============== 117.921
Info: useSync: 0 useProxySync: 0
LDB: =============== DONE WITH MIGRATION ================ 117.921
LDB: ============= START OF LOAD BALANCING ============== 118.081
LDB: TIME 118.081 LOAD: AVG 0.0237967 MAX 0.146298  PROXIES: TOTAL 56 MAXPE 7 MAXPATCH 7 None MEM: 0 MB
LDB: TIME 118.081 LOAD: AVG 0.0237967 MAX 0.146298  PROXIES: TOTAL 56 MAXPE 7 MAXPATCH 7 RefineTorusLB MEM: 0 MB
LDB: TIME 118.081 LOAD: AVG 0.0237967 MAX 0.146298  PROXIES: TOTAL 56 MAXPE 7 MAXPATCH 7 RefineTorusLB MEM: 0 MB
LDB: Reverting to original mapping
LDB: ============== END OF LOAD BALANCING =============== 118.081
Info: useSync: 0 useProxySync: 0
LDB: =============== DONE WITH MIGRATION ================ 118.081
WRITING COORDINATES TO DCD FILE MD.dcd AT STEP 35000
The last position output (seq=35000) takes 0.000 seconds, 0.000 MB of memory in use
PRESSURE: 35000 -714.258 -216.804 336.968 55.7942 -360.824 148.381 234.755 -599.307 602.692
GPRESSURE: 35000 -566.883 -407.999 335.91 -35.012 -257.319 289.553 230.276 -719.739 408.016
PRESSAVG: 35000 -240.694 -10.4642 -48.3955 19.2414 -121.527 -6.09463 -205.325 -225.512 110.798
GPRESSAVG: 35000 -240.692 -10.6215 -48.6039 19.5434 -121.374 -5.88974 -205.35 -225.469 110.625
ENERGY:   35000         0.0000         0.0000         0.0000         0.0000          -5619.6540       397.4008         0.0000         0.0000       954.2192          -4268.0340       303.1471     -5222.2532     -4265.7369       300.5149           -157.4634      -138.7287     22548.0941       -83.8077       -83.8138

LDB: ============= START OF LOAD BALANCING ============== 124.583
LDB: ============== END OF LOAD BALANCING =============== 124.583
Info: useSync: 0 useProxySync: 0
LDB: =============== DONE WITH MIGRATION ================ 124.583
LDB: ============= START OF LOAD BALANCING ============== 124.745
LDB: TIME 124.745 LOAD: AVG 0.0239855 MAX 0.146698  PROXIES: TOTAL 56 MAXPE 7 MAXPATCH 7 None MEM: 0 MB
LDB: TIME 124.745 LOAD: AVG 0.0239855 MAX 0.146698  PROXIES: TOTAL 56 MAXPE 7 MAXPATCH 7 RefineTorusLB MEM: 0 MB
LDB: TIME 124.745 LOAD: AVG 0.0239855 MAX 0.146698  PROXIES: TOTAL 56 MAXPE 7 MAXPATCH 7 RefineTorusLB MEM: 0 MB
LDB: Reverting to original mapping
LDB: ============== END OF LOAD BALANCING =============== 124.745
Info: useSync: 0 useProxySync: 0
LDB: =============== DONE WITH MIGRATION ================ 124.746
LDB: ============= START OF LOAD BALANCING ============== 131.42
LDB: ============== END OF LOAD BALANCING =============== 131.42
Info: useSync: 0 useProxySync: 0
LDB: =============== DONE WITH MIGRATION ================ 131.42
LDB: ============= START OF LOAD BALANCING ============== 131.576
LDB: TIME 131.576 LOAD: AVG 0.0239222 MAX 0.145644  PROXIES: TOTAL 56 MAXPE 7 MAXPATCH 7 None MEM: 0 MB
LDB: TIME 131.576 LOAD: AVG 0.0239222 MAX 0.145644  PROXIES: TOTAL 56 MAXPE 7 MAXPATCH 7 RefineTorusLB MEM: 0 MB
LDB: TIME 131.576 LOAD: AVG 0.0239222 MAX 0.145644  PROXIES: TOTAL 56 MAXPE 7 MAXPATCH 7 RefineTorusLB MEM: 0 MB
LDB: Reverting to original mapping
LDB: ============== END OF LOAD BALANCING =============== 131.576
Info: useSync: 0 useProxySync: 0
LDB: =============== DONE WITH MIGRATION ================ 131.576
WRITING COORDINATES TO DCD FILE MD.dcd AT STEP 40000
The last position output (seq=40000) takes 0.000 seconds, 0.000 MB of memory in use
PRESSURE: 40000 1215.6 325.033 -267.574 193.075 120.257 -211.877 -513.352 -390.763 -326.658
GPRESSURE: 40000 1288.62 497.359 -118.528 14.5067 136.545 -377.231 -587.885 -498.544 -323.522
PRESSAVG: 40000 -159.351 16.5675 -27.6606 18.2237 -136.745 4.37795 -36.5142 -283.814 125.925
GPRESSAVG: 40000 -159.168 16.1967 -27.6255 18.1346 -136.705 3.86418 -36.5109 -283.937 125.948
ENERGY:   40000         0.0000         0.0000         0.0000         0.0000          -5628.5838       445.5596         0.0000         0.0000       939.3846          -4243.6396       298.4342     -5183.0242     -4241.1274       299.2897            336.4011       367.2142     22548.0941       -56.7239       -56.6417

LDB: ============= START OF LOAD BALANCING ============== 138.263
LDB: ============== END OF LOAD BALANCING =============== 138.263
Info: useSync: 0 useProxySync: 0
LDB: =============== DONE WITH MIGRATION ================ 138.263
LDB: ============= START OF LOAD BALANCING ============== 138.423
LDB: TIME 138.423 LOAD: AVG 0.0238399 MAX 0.147397  PROXIES: TOTAL 56 MAXPE 7 MAXPATCH 7 None MEM: 0 MB
LDB: TIME 138.423 LOAD: AVG 0.0238399 MAX 0.147397  PROXIES: TOTAL 56 MAXPE 7 MAXPATCH 7 RefineTorusLB MEM: 0 MB
LDB: TIME 138.423 LOAD: AVG 0.0238399 MAX 0.147397  PROXIES: TOTAL 56 MAXPE 7 MAXPATCH 7 RefineTorusLB MEM: 0 MB
LDB: ============== END OF LOAD BALANCING =============== 138.423
Info: useSync: 0 useProxySync: 0
LDB: =============== DONE WITH MIGRATION ================ 138.423
LDB: ============= START OF LOAD BALANCING ============== 144.954
LDB: ============== END OF LOAD BALANCING =============== 144.954
Info: useSync: 0 useProxySync: 0
LDB: =============== DONE WITH MIGRATION ================ 144.954
LDB: ============= START OF LOAD BALANCING ============== 145.116
LDB: TIME 145.116 LOAD: AVG 0.0236788 MAX 0.147108  PROXIES: TOTAL 56 MAXPE 7 MAXPATCH 7 None MEM: 0 MB
LDB: TIME 145.117 LOAD: AVG 0.0236788 MAX 0.147108  PROXIES: TOTAL 56 MAXPE 7 MAXPATCH 7 RefineTorusLB MEM: 0 MB
LDB: TIME 145.117 LOAD: AVG 0.0236788 MAX 0.147108  PROXIES: TOTAL 56 MAXPE 7 MAXPATCH 7 RefineTorusLB MEM: 0 MB
LDB: ============== END OF LOAD BALANCING =============== 145.117
Info: useSync: 0 useProxySync: 0
LDB: =============== DONE WITH MIGRATION ================ 145.117
LDB: ============= START OF LOAD BALANCING ============== 151.98
LDB: ============== END OF LOAD BALANCING =============== 151.98
Info: useSync: 0 useProxySync: 0
LDB: =============== DONE WITH MIGRATION ================ 151.98
LDB: ============= START OF LOAD BALANCING ============== 152.178
LDB: TIME 152.178 LOAD: AVG 0.0255117 MAX 0.149358  PROXIES: TOTAL 56 MAXPE 7 MAXPATCH 7 None MEM: 0 MB
LDB: TIME 152.178 LOAD: AVG 0.0255117 MAX 0.149358  PROXIES: TOTAL 56 MAXPE 7 MAXPATCH 7 RefineTorusLB MEM: 0 MB
LDB: TIME 152.178 LOAD: AVG 0.0255117 MAX 0.149358  PROXIES: TOTAL 56 MAXPE 7 MAXPATCH 7 RefineTorusLB MEM: 0 MB
LDB: Reverting to original mapping
LDB: ============== END OF LOAD BALANCING =============== 152.179
Info: useSync: 0 useProxySync: 0
LDB: =============== DONE WITH MIGRATION ================ 152.18
WRITING COORDINATES TO DCD FILE MD.dcd AT STEP 45000
The last position output (seq=45000) takes 0.000 seconds, 0.000 MB of memory in use
PRESSURE: 45000 -332.463 -270.291 316.509 213.216 164.555 -104.066 462.274 -546.545 -565.975
GPRESSURE: 45000 -292.216 -464.361 192.256 228.676 122.53 -166.879 694.541 -444.32 -440.55
PRESSAVG: 45000 -151.28 -26.4127 -45.8629 19.1134 -155.931 -37.7268 -70.2192 -270.35 196.918
GPRESSAVG: 45000 -151.78 -26.1391 -46.2692 18.9033 -155.652 -37.6784 -70.1248 -270.089 197.222
ENERGY:   45000         0.0000         0.0000         0.0000         0.0000          -5607.5051       381.6489         0.0000         0.0000       907.7331          -4318.1231       288.3788     -5225.8562     -4315.6893       299.9995           -244.6277      -203.4124     22548.0941       -36.7643       -36.7368

LDB: ============= START OF LOAD BALANCING ============== 158.657
LDB: ============== END OF LOAD BALANCING =============== 158.66
Info: useSync: 0 useProxySync: 0
LDB: =============== DONE WITH MIGRATION ================ 158.672
LDB: ============= START OF LOAD BALANCING ============== 158.931
LDB: TIME 158.931 LOAD: AVG 0.0231535 MAX 0.145914  PROXIES: TOTAL 56 MAXPE 7 MAXPATCH 7 None MEM: 0 MB
LDB: TIME 158.931 LOAD: AVG 0.0231535 MAX 0.145914  PROXIES: TOTAL 56 MAXPE 7 MAXPATCH 7 RefineTorusLB MEM: 0 MB
LDB: TIME 158.931 LOAD: AVG 0.0231535 MAX 0.145914  PROXIES: TOTAL 56 MAXPE 7 MAXPATCH 7 RefineTorusLB MEM: 0 MB
LDB: ============== END OF LOAD BALANCING =============== 158.931
Info: useSync: 0 useProxySync: 0
LDB: =============== DONE WITH MIGRATION ================ 158.931
LDB: ============= START OF LOAD BALANCING ============== 165.244
LDB: ============== END OF LOAD BALANCING =============== 165.244
Info: useSync: 0 useProxySync: 0
LDB: =============== DONE WITH MIGRATION ================ 165.244
LDB: ============= START OF LOAD BALANCING ============== 165.403
LDB: TIME 165.403 LOAD: AVG 0.0228987 MAX 0.145372  PROXIES: TOTAL 56 MAXPE 7 MAXPATCH 7 None MEM: 0 MB
LDB: TIME 165.403 LOAD: AVG 0.0228987 MAX 0.145372  PROXIES: TOTAL 56 MAXPE 7 MAXPATCH 7 RefineTorusLB MEM: 0 MB
LDB: TIME 165.403 LOAD: AVG 0.0228987 MAX 0.145372  PROXIES: TOTAL 56 MAXPE 7 MAXPATCH 7 RefineTorusLB MEM: 0 MB
LDB: Reverting to original mapping
LDB: ============== END OF LOAD BALANCING =============== 165.403
Info: useSync: 0 useProxySync: 0
LDB: =============== DONE WITH MIGRATION ================ 165.404
WRITING COORDINATES TO DCD FILE MD.dcd AT STEP 50000
WRITING COORDINATES TO RESTART FILE AT STEP 50000
FINISHED WRITING RESTART COORDINATES
The last position output (seq=50000) takes 0.001 seconds, 0.000 MB of memory in use
WRITING VELOCITIES TO RESTART FILE AT STEP 50000
FINISHED WRITING RESTART VELOCITIES
The last velocity output (seq=50000) takes 0.003 seconds, 0.000 MB of memory in use
PRESSURE: 50000 -467.05 -381.668 206.652 -519.58 67.1373 4.42437 26.7269 -276.392 1053.76
GPRESSURE: 50000 -401.083 -533.372 139.566 -656.494 31.2605 -116.345 267.144 -26.997 1040.19
PRESSAVG: 50000 -196.462 -7.49529 55.3968 -33.063 -261.74 -3.10868 -87.2053 -378.659 115.098
GPRESSAVG: 50000 -196.195 -7.86247 56.0383 -33.1092 -261.864 -3.45742 -87.7513 -378.688 114.858
TIMING: 50000  CPU: 167.207, 0.00334369/step  Wall: 171.1, 0.00342155/step, 0.427694 hours remaining, 0.000000 MB of memory in use.
PERFORMANCE: 50000  averaging 50.5034 ns/day, 0.00342155 sec/step with standard deviation 0
ETITLE:      TS           BOND          ANGLE          DIHED          IMPRP               ELECT            VDW       BOUNDARY           MISC        KINETIC               TOTAL           TEMP      POTENTIAL         TOTAL3        TEMPAVG            PRESSURE      GPRESSURE         VOLUME       PRESSAVG      GPRESSAVG

ENERGY:   50000         0.0000         0.0000         0.0000         0.0000          -5729.9347       449.9011         0.0000         0.0000       927.7038          -4352.3298       294.7234     -5280.0336     -4349.4568       291.7807            217.9476       223.4570     22548.0941      -114.3679      -114.4002

WRITING EXTENDED SYSTEM TO RESTART FILE AT STEP 50000
LDB: ============= START OF LOAD BALANCING ============== 172.057
LDB: ============== END OF LOAD BALANCING =============== 172.057
Info: useSync: 0 useProxySync: 0
LDB: =============== DONE WITH MIGRATION ================ 172.057
LDB: ============= START OF LOAD BALANCING ============== 172.22
LDB: TIME 172.22 LOAD: AVG 0.0237845 MAX 0.14654  PROXIES: TOTAL 56 MAXPE 7 MAXPATCH 7 None MEM: 0 MB
LDB: TIME 172.22 LOAD: AVG 0.0237845 MAX 0.14654  PROXIES: TOTAL 56 MAXPE 7 MAXPATCH 7 RefineTorusLB MEM: 0 MB
LDB: TIME 172.22 LOAD: AVG 0.0237845 MAX 0.14654  PROXIES: TOTAL 56 MAXPE 7 MAXPATCH 7 RefineTorusLB MEM: 0 MB
LDB: Reverting to original mapping
LDB: ============== END OF LOAD BALANCING =============== 172.22
Info: useSync: 0 useProxySync: 0
LDB: =============== DONE WITH MIGRATION ================ 172.22
LDB: ============= START OF LOAD BALANCING ============== 178.789
LDB: ============== END OF LOAD BALANCING =============== 178.789
Info: useSync: 0 useProxySync: 0
LDB: =============== DONE WITH MIGRATION ================ 178.789
LDB: ============= START OF LOAD BALANCING ============== 178.95
LDB: TIME 178.951 LOAD: AVG 0.0240588 MAX 0.146019  PROXIES: TOTAL 56 MAXPE 7 MAXPATCH 7 None MEM: 0 MB
LDB: TIME 178.951 LOAD: AVG 0.0240588 MAX 0.146019  PROXIES: TOTAL 56 MAXPE 7 MAXPATCH 7 RefineTorusLB MEM: 0 MB
LDB: TIME 178.951 LOAD: AVG 0.0240588 MAX 0.146019  PROXIES: TOTAL 56 MAXPE 7 MAXPATCH 7 RefineTorusLB MEM: 0 MB
LDB: Reverting to original mapping
LDB: ============== END OF LOAD BALANCING =============== 178.951
Info: useSync: 0 useProxySync: 0
LDB: =============== DONE WITH MIGRATION ================ 178.951
LDB: ============= START OF LOAD BALANCING ============== 187.015
LDB: ============== END OF LOAD BALANCING =============== 187.016
Info: useSync: 0 useProxySync: 0
LDB: =============== DONE WITH MIGRATION ================ 187.016
LDB: ============= START OF LOAD BALANCING ============== 187.204
LDB: TIME 187.204 LOAD: AVG 0.0269435 MAX 0.17031  PROXIES: TOTAL 56 MAXPE 7 MAXPATCH 7 None MEM: 0 MB
LDB: TIME 187.204 LOAD: AVG 0.0269435 MAX 0.17031  PROXIES: TOTAL 56 MAXPE 7 MAXPATCH 7 RefineTorusLB MEM: 0 MB
LDB: TIME 187.204 LOAD: AVG 0.0269435 MAX 0.17031  PROXIES: TOTAL 56 MAXPE 7 MAXPATCH 7 RefineTorusLB MEM: 0 MB
LDB: ============== END OF LOAD BALANCING =============== 187.204
Info: useSync: 0 useProxySync: 0
LDB: =============== DONE WITH MIGRATION ================ 187.204
WRITING COORDINATES TO DCD FILE MD.dcd AT STEP 55000
PRESSURE: 55000 -396.906 75.2613 -205.189 235.378 568.213 -88.624 -392.81 -745.243 545.522
GPRESSURE: 55000 -266.608 264.382 -62.0905 -40.5195 607.084 -49.5586 -416.909 -561.181 428.717
PRESSAVG: 55000 -222.44 -39.9094 18.6215 -34.9509 -231.048 25.8169 -21.8251 -405.799 143.882
GPRESSAVG: 55000 -222.812 -39.8285 18.9418 -34.9436 -231.083 26.1686 -21.9371 -405.802 144.061
ENERGY:   55000         0.0000         0.0000         0.0000         0.0000          -5626.3027       423.1730         0.0000         0.0000       941.3176          -4261.8120       299.0484     -5203.1296     -4259.5853       299.2095            238.9431       256.3977     22548.0941      -103.2018      -103.2779

LDB: ============= START OF LOAD BALANCING ============== 194.311
LDB: ============== END OF LOAD BALANCING =============== 194.311
Info: useSync: 0 useProxySync: 0
LDB: =============== DONE WITH MIGRATION ================ 194.311
LDB: ============= START OF LOAD BALANCING ============== 194.506
LDB: TIME 194.509 LOAD: AVG 0.0250248 MAX 0.15398  PROXIES: TOTAL 56 MAXPE 7 MAXPATCH 7 None MEM: 0 MB
LDB: TIME 194.509 LOAD: AVG 0.0250248 MAX 0.15398  PROXIES: TOTAL 56 MAXPE 7 MAXPATCH 7 RefineTorusLB MEM: 0 MB
LDB: TIME 194.509 LOAD: AVG 0.0250248 MAX 0.15398  PROXIES: TOTAL 56 MAXPE 7 MAXPATCH 7 RefineTorusLB MEM: 0 MB
LDB: Reverting to original mapping
LDB: ============== END OF LOAD BALANCING =============== 194.509
Info: useSync: 0 useProxySync: 0
LDB: =============== DONE WITH MIGRATION ================ 194.526
LDB: ============= START OF LOAD BALANCING ============== 201.181
LDB: ============== END OF LOAD BALANCING =============== 201.181
Info: useSync: 0 useProxySync: 0
LDB: =============== DONE WITH MIGRATION ================ 201.181
LDB: ============= START OF LOAD BALANCING ============== 201.346
LDB: TIME 201.346 LOAD: AVG 0.0240907 MAX 0.14865  PROXIES: TOTAL 56 MAXPE 7 MAXPATCH 7 None MEM: 0 MB
LDB: TIME 201.346 LOAD: AVG 0.0240907 MAX 0.14865  PROXIES: TOTAL 56 MAXPE 7 MAXPATCH 7 RefineTorusLB MEM: 0 MB
LDB: TIME 201.346 LOAD: AVG 0.0240907 MAX 0.14865  PROXIES: TOTAL 56 MAXPE 7 MAXPATCH 7 RefineTorusLB MEM: 0 MB
LDB: Reverting to original mapping
LDB: ============== END OF LOAD BALANCING =============== 201.346
Info: useSync: 0 useProxySync: 0
LDB: =============== DONE WITH MIGRATION ================ 201.346
WRITING COORDINATES TO DCD FILE MD.dcd AT STEP 60000
PRESSURE: 60000 -811.085 -174.98 -220.149 126.937 -688.06 765.113 330.005 631.467 -122.428
GPRESSURE: 60000 -622.132 -33.6329 -176.631 21.4321 -731.774 771.566 326.799 749.056 -223.494
PRESSAVG: 60000 -201.495 -34.9332 139.27 -49.8814 -180.906 11.6192 48.7878 -303.157 178.83
GPRESSAVG: 60000 -201.257 -35.1392 139.014 -49.5269 -180.836 11.5913 48.7658 -303.467 178.764
ENERGY:   60000         0.0000         0.0000         0.0000         0.0000          -5589.9891       349.0767         0.0000         0.0000       921.7143          -4319.1981       292.8205     -5240.9124     -4316.6202       296.5131           -540.5242      -525.7999     22548.0941       -67.8571       -67.7763

LDB: ============= START OF LOAD BALANCING ============== 208.484
LDB: ============== END OF LOAD BALANCING =============== 208.484
Info: useSync: 0 useProxySync: 0
LDB: =============== DONE WITH MIGRATION ================ 208.485
LDB: ============= START OF LOAD BALANCING ============== 208.649
LDB: TIME 208.649 LOAD: AVG 0.0235113 MAX 0.14526  PROXIES: TOTAL 56 MAXPE 7 MAXPATCH 7 None MEM: 0 MB
LDB: TIME 208.649 LOAD: AVG 0.0235113 MAX 0.14526  PROXIES: TOTAL 56 MAXPE 7 MAXPATCH 7 RefineTorusLB MEM: 0 MB
LDB: TIME 208.649 LOAD: AVG 0.0235113 MAX 0.14526  PROXIES: TOTAL 56 MAXPE 7 MAXPATCH 7 RefineTorusLB MEM: 0 MB
LDB: Reverting to original mapping
LDB: ============== END OF LOAD BALANCING =============== 208.649
Info: useSync: 0 useProxySync: 0
LDB: =============== DONE WITH MIGRATION ================ 208.649
LDB: ============= START OF LOAD BALANCING ============== 215.399
LDB: ============== END OF LOAD BALANCING =============== 215.399
Info: useSync: 0 useProxySync: 0
LDB: =============== DONE WITH MIGRATION ================ 215.399
LDB: ============= START OF LOAD BALANCING ============== 215.557
LDB: TIME 215.557 LOAD: AVG 0.0238309 MAX 0.14515  PROXIES: TOTAL 56 MAXPE 7 MAXPATCH 7 None MEM: 0 MB
LDB: TIME 215.557 LOAD: AVG 0.0238309 MAX 0.14515  PROXIES: TOTAL 56 MAXPE 7 MAXPATCH 7 RefineTorusLB MEM: 0 MB
LDB: TIME 215.557 LOAD: AVG 0.0238309 MAX 0.14515  PROXIES: TOTAL 56 MAXPE 7 MAXPATCH 7 RefineTorusLB MEM: 0 MB
LDB: ============== END OF LOAD BALANCING =============== 215.557
Info: useSync: 0 useProxySync: 0
LDB: =============== DONE WITH MIGRATION ================ 215.558
LDB: ============= START OF LOAD BALANCING ============== 222.058
LDB: ============== END OF LOAD BALANCING =============== 222.058
Info: useSync: 0 useProxySync: 0
LDB: =============== DONE WITH MIGRATION ================ 222.058
LDB: ============= START OF LOAD BALANCING ============== 222.237
LDB: TIME 222.237 LOAD: AVG 0.025992 MAX 0.163089  PROXIES: TOTAL 56 MAXPE 7 MAXPATCH 7 None MEM: 0 MB
LDB: TIME 222.237 LOAD: AVG 0.025992 MAX 0.163089  PROXIES: TOTAL 56 MAXPE 7 MAXPATCH 7 RefineTorusLB MEM: 0 MB
LDB: TIME 222.237 LOAD: AVG 0.025992 MAX 0.163089  PROXIES: TOTAL 56 MAXPE 7 MAXPATCH 7 RefineTorusLB MEM: 0 MB
LDB: ============== END OF LOAD BALANCING =============== 222.237
Info: useSync: 0 useProxySync: 0
LDB: =============== DONE WITH MIGRATION ================ 222.237
PRESSURE: 65000 8.44638 368.541 410.363 357.222 107.914 -182.424 867.592 -425.732 228.239
GPRESSURE: 65000 77.8342 325.115 504.077 435.418 143.808 -388.039 1046.37 -463.253 179.392
PRESSAVG: 65000 -25.4958 31.9192 39.8698 0.825779 -102.446 38.0673 -137.617 -270.784 495.091
GPRESSAVG: 65000 -25.7627 32.1452 39.6149 1.08223 -102.57 37.6959 -137.728 -270.292 495.243
ENERGY:   65000         0.0000         0.0000         0.0000         0.0000          -5531.7588       365.9302         0.0000         0.0000       916.0004          -4249.8282       291.0053     -5165.8286     -4247.4519       301.7885            114.8664       133.6781     22548.0941       122.3832       122.3034

WRITING COORDINATES TO DCD FILE MD.dcd AT STEP 65000
LDB: ============= START OF LOAD BALANCING ============== 229.225
LDB: ============== END OF LOAD BALANCING =============== 229.225
Info: useSync: 0 useProxySync: 0
LDB: =============== DONE WITH MIGRATION ================ 229.226
LDB: ============= START OF LOAD BALANCING ============== 229.387
LDB: TIME 229.387 LOAD: AVG 0.0240757 MAX 0.146492  PROXIES: TOTAL 56 MAXPE 7 MAXPATCH 7 None MEM: 0 MB
LDB: TIME 229.387 LOAD: AVG 0.0240757 MAX 0.146492  PROXIES: TOTAL 56 MAXPE 7 MAXPATCH 7 RefineTorusLB MEM: 0 MB
LDB: TIME 229.387 LOAD: AVG 0.0240757 MAX 0.146492  PROXIES: TOTAL 56 MAXPE 7 MAXPATCH 7 RefineTorusLB MEM: 0 MB
LDB: Reverting to original mapping
LDB: ============== END OF LOAD BALANCING =============== 229.387
Info: useSync: 0 useProxySync: 0
LDB: =============== DONE WITH MIGRATION ================ 229.387
LDB: ============= START OF LOAD BALANCING ============== 235.785
LDB: ============== END OF LOAD BALANCING =============== 235.785
Info: useSync: 0 useProxySync: 0
LDB: =============== DONE WITH MIGRATION ================ 235.785
LDB: ============= START OF LOAD BALANCING ============== 235.946
LDB: TIME 235.946 LOAD: AVG 0.0240683 MAX 0.147069  PROXIES: TOTAL 56 MAXPE 7 MAXPATCH 7 None MEM: 0 MB
LDB: TIME 235.946 LOAD: AVG 0.0240683 MAX 0.147069  PROXIES: TOTAL 56 MAXPE 7 MAXPATCH 7 RefineTorusLB MEM: 0 MB
LDB: TIME 235.946 LOAD: AVG 0.0240683 MAX 0.147069  PROXIES: TOTAL 56 MAXPE 7 MAXPATCH 7 RefineTorusLB MEM: 0 MB
LDB: ============== END OF LOAD BALANCING =============== 235.946
Info: useSync: 0 useProxySync: 0
LDB: =============== DONE WITH MIGRATION ================ 235.946
WRITING COORDINATES TO DCD FILE MD.dcd AT STEP 70000
PRESSURE: 70000 -338.464 98.4601 -46.3121 -370.38 387.095 -222.458 -54.9869 -782.144 446.277
GPRESSURE: 70000 -216.775 114.084 -3.31961 -595.455 309.085 -321.694 -23.9778 -728.264 510.127
PRESSAVG: 70000 -209.314 3.43908 -31.5424 -0.424688 -221.953 61.9934 -81.1392 -262.183 326.51
GPRESSAVG: 70000 -209.463 3.73569 -31.3843 -0.436644 -222.285 62.3723 -81.4286 -262.901 326.69
ENERGY:   70000         0.0000         0.0000         0.0000         0.0000          -5681.0940       422.6320         0.0000         0.0000       947.2718          -4311.1902       300.9399     -5258.4620     -4309.8395       299.0145            164.9693       200.8122     22548.0941       -34.9191       -35.0190

LDB: ============= START OF LOAD BALANCING ============== 242.798
LDB: ============== END OF LOAD BALANCING =============== 242.798
Info: useSync: 0 useProxySync: 0
LDB: =============== DONE WITH MIGRATION ================ 242.798
LDB: ============= START OF LOAD BALANCING ============== 242.958
LDB: TIME 242.958 LOAD: AVG 0.0238695 MAX 0.146197  PROXIES: TOTAL 56 MAXPE 7 MAXPATCH 7 None MEM: 0 MB
LDB: TIME 242.958 LOAD: AVG 0.0238695 MAX 0.146197  PROXIES: TOTAL 56 MAXPE 7 MAXPATCH 7 RefineTorusLB MEM: 0 MB
LDB: TIME 242.958 LOAD: AVG 0.0238695 MAX 0.146197  PROXIES: TOTAL 56 MAXPE 7 MAXPATCH 7 RefineTorusLB MEM: 0 MB
LDB: ============== END OF LOAD BALANCING =============== 242.958
Info: useSync: 0 useProxySync: 0
LDB: =============== DONE WITH MIGRATION ================ 242.958
LDB: ============= START OF LOAD BALANCING ============== 249.944
LDB: ============== END OF LOAD BALANCING =============== 249.944
Info: useSync: 0 useProxySync: 0
LDB: =============== DONE WITH MIGRATION ================ 249.944
LDB: ============= START OF LOAD BALANCING ============== 250.1
LDB: TIME 250.1 LOAD: AVG 0.0241451 MAX 0.145615  PROXIES: TOTAL 56 MAXPE 7 MAXPATCH 7 None MEM: 0 MB
LDB: TIME 250.1 LOAD: AVG 0.0241451 MAX 0.145615  PROXIES: TOTAL 56 MAXPE 7 MAXPATCH 7 RefineTorusLB MEM: 0 MB
LDB: TIME 250.1 LOAD: AVG 0.0241451 MAX 0.145615  PROXIES: TOTAL 56 MAXPE 7 MAXPATCH 7 RefineTorusLB MEM: 0 MB
LDB: ============== END OF LOAD BALANCING =============== 250.1
Info: useSync: 0 useProxySync: 0
LDB: =============== DONE WITH MIGRATION ================ 250.1
LDB: ============= START OF LOAD BALANCING ============== 256.929
LDB: ============== END OF LOAD BALANCING =============== 256.929
Info: useSync: 0 useProxySync: 0
LDB: =============== DONE WITH MIGRATION ================ 256.929
LDB: ============= START OF LOAD BALANCING ============== 257.116
LDB: TIME 257.116 LOAD: AVG 0.0272592 MAX 0.171458  PROXIES: TOTAL 56 MAXPE 7 MAXPATCH 7 None MEM: 0 MB
LDB: TIME 257.116 LOAD: AVG 0.0272592 MAX 0.171458  PROXIES: TOTAL 56 MAXPE 7 MAXPATCH 7 RefineTorusLB MEM: 0 MB
LDB: TIME 257.116 LOAD: AVG 0.0272592 MAX 0.171458  PROXIES: TOTAL 56 MAXPE 7 MAXPATCH 7 RefineTorusLB MEM: 0 MB
LDB: ============== END OF LOAD BALANCING =============== 257.116
Info: useSync: 0 useProxySync: 0
LDB: =============== DONE WITH MIGRATION ================ 257.117
WRITING COORDINATES TO DCD FILE MD.dcd AT STEP 75000
PRESSURE: 75000 595.326 32.5616 359.586 370.665 -246.848 -288.24 6.54772 -284.336 -221.909
GPRESSURE: 75000 499.144 52.0305 223.403 -6.70223 -227.188 -23.6027 -159.868 -293.454 -97.4153
PRESSAVG: 75000 -235.149 -20.687 55.0677 9.52344 -313.356 44.207 21.9173 -217.483 381.795
GPRESSAVG: 75000 -235.775 -20.6345 54.7404 9.23385 -312.808 44.353 21.9341 -217.859 381.755
ENERGY:   75000         0.0000         0.0000         0.0000         0.0000          -5586.2377       387.9979         0.0000         0.0000       944.3713          -4253.8684       300.0185     -5198.2397     -4251.1761       298.1096             42.1894        58.1805     22548.0941       -55.5701       -55.6095

LDB: ============= START OF LOAD BALANCING ============== 264.267
LDB: ============== END OF LOAD BALANCING =============== 264.267
Info: useSync: 0 useProxySync: 0
LDB: =============== DONE WITH MIGRATION ================ 264.267
LDB: ============= START OF LOAD BALANCING ============== 264.606
LDB: TIME 264.606 LOAD: AVG 0.0277845 MAX 0.162181  PROXIES: TOTAL 56 MAXPE 7 MAXPATCH 7 None MEM: 0 MB
LDB: TIME 264.606 LOAD: AVG 0.0277845 MAX 0.162181  PROXIES: TOTAL 56 MAXPE 7 MAXPATCH 7 RefineTorusLB MEM: 0 MB
LDB: TIME 264.606 LOAD: AVG 0.0277845 MAX 0.162181  PROXIES: TOTAL 56 MAXPE 7 MAXPATCH 7 RefineTorusLB MEM: 0 MB
LDB: ============== END OF LOAD BALANCING =============== 264.606
Info: useSync: 0 useProxySync: 0
LDB: =============== DONE WITH MIGRATION ================ 264.608
LDB: ============= START OF LOAD BALANCING ============== 271.262
LDB: ============== END OF LOAD BALANCING =============== 271.262
Info: useSync: 0 useProxySync: 0
LDB: =============== DONE WITH MIGRATION ================ 271.262
LDB: ============= START OF LOAD BALANCING ============== 271.422
LDB: TIME 271.422 LOAD: AVG 0.0237471 MAX 0.145595  PROXIES: TOTAL 56 MAXPE 7 MAXPATCH 7 None MEM: 0 MB
LDB: TIME 271.422 LOAD: AVG 0.0237471 MAX 0.145595  PROXIES: TOTAL 56 MAXPE 7 MAXPATCH 7 RefineTorusLB MEM: 0 MB
LDB: TIME 271.422 LOAD: AVG 0.0237471 MAX 0.145595  PROXIES: TOTAL 56 MAXPE 7 MAXPATCH 7 RefineTorusLB MEM: 0 MB
LDB: Reverting to original mapping
LDB: ============== END OF LOAD BALANCING =============== 271.422
Info: useSync: 0 useProxySync: 0
LDB: =============== DONE WITH MIGRATION ================ 271.422
WRITING COORDINATES TO DCD FILE MD.dcd AT STEP 80000
PRESSURE: 80000 -45.3033 75.927 744.732 -319.615 -1219.37 -150.796 223.587 175.95 403.401
GPRESSURE: 80000 47.441 232.855 348.74 -361.036 -1248.82 -421.593 684.958 615.083 398.363
PRESSAVG: 80000 -32.7386 -21.4091 33.4718 0.807866 -211.682 -43.4602 -74.9945 -202.849 687.195
GPRESSAVG: 80000 -32.5675 -21.4696 33.4985 0.769523 -212.062 -43.4065 -74.886 -202.844 687.282
ENERGY:   80000         0.0000         0.0000         0.0000         0.0000          -5641.5994       386.7864         0.0000         0.0000       953.8061          -4301.0070       303.0158     -5254.8131     -4299.4420       299.2867           -287.0890      -267.6706     22548.0941       147.5915       147.5508

LDB: ============= START OF LOAD BALANCING ============== 277.828
LDB: ============== END OF LOAD BALANCING =============== 277.828
Info: useSync: 0 useProxySync: 0
LDB: =============== DONE WITH MIGRATION ================ 277.828
LDB: ============= START OF LOAD BALANCING ============== 278.057
LDB: TIME 278.057 LOAD: AVG 0.0295577 MAX 0.192292  PROXIES: TOTAL 56 MAXPE 7 MAXPATCH 7 None MEM: 0 MB
LDB: TIME 278.057 LOAD: AVG 0.0295577 MAX 0.192292  PROXIES: TOTAL 56 MAXPE 7 MAXPATCH 7 RefineTorusLB MEM: 0 MB
LDB: TIME 278.057 LOAD: AVG 0.0295577 MAX 0.192292  PROXIES: TOTAL 56 MAXPE 7 MAXPATCH 7 RefineTorusLB MEM: 0 MB
LDB: ============== END OF LOAD BALANCING =============== 278.057
Info: useSync: 0 useProxySync: 0
LDB: =============== DONE WITH MIGRATION ================ 278.058
LDB: ============= START OF LOAD BALANCING ============== 285.613
LDB: ============== END OF LOAD BALANCING =============== 285.613
Info: useSync: 0 useProxySync: 0
LDB: =============== DONE WITH MIGRATION ================ 285.614
LDB: ============= START OF LOAD BALANCING ============== 285.8
LDB: TIME 285.801 LOAD: AVG 0.027045 MAX 0.170381  PROXIES: TOTAL 56 MAXPE 7 MAXPATCH 7 None MEM: 0 MB
LDB: TIME 285.801 LOAD: AVG 0.027045 MAX 0.170381  PROXIES: TOTAL 56 MAXPE 7 MAXPATCH 7 RefineTorusLB MEM: 0 MB
LDB: TIME 285.801 LOAD: AVG 0.027045 MAX 0.170381  PROXIES: TOTAL 56 MAXPE 7 MAXPATCH 7 RefineTorusLB MEM: 0 MB
LDB: Reverting to original mapping
LDB: ============== END OF LOAD BALANCING =============== 285.801
Info: useSync: 0 useProxySync: 0
LDB: =============== DONE WITH MIGRATION ================ 285.801
LDB: ============= START OF LOAD BALANCING ============== 292.95
LDB: ============== END OF LOAD BALANCING =============== 292.95
Info: useSync: 0 useProxySync: 0
LDB: =============== DONE WITH MIGRATION ================ 292.95
LDB: ============= START OF LOAD BALANCING ============== 293.143
LDB: TIME 293.143 LOAD: AVG 0.0267989 MAX 0.169718  PROXIES: TOTAL 56 MAXPE 7 MAXPATCH 7 None MEM: 0 MB
LDB: TIME 293.143 LOAD: AVG 0.0267989 MAX 0.169718  PROXIES: TOTAL 56 MAXPE 7 MAXPATCH 7 RefineTorusLB MEM: 0 MB
LDB: TIME 293.143 LOAD: AVG 0.0267989 MAX 0.169718  PROXIES: TOTAL 56 MAXPE 7 MAXPATCH 7 RefineTorusLB MEM: 0 MB
LDB: ============== END OF LOAD BALANCING =============== 293.143
Info: useSync: 0 useProxySync: 0
LDB: =============== DONE WITH MIGRATION ================ 293.143
PRESSURE: 85000 -477.218 -109.973 -754.623 71.9853 -15.7107 -352.472 -683.075 -376.734 -660.748
GPRESSURE: 85000 -385.169 -28.7218 -644.114 97.3126 -36.1422 -462.244 -457.249 -536.234 -700.562
PRESSAVG: 85000 -91.6508 -28.9496 6.70503 -49.4021 -343.375 38.2848 -37.6099 -58.7814 541.479
GPRESSAVG: 85000 -92.1154 -29.0179 6.73868 -49.2924 -343.267 38.1595 -37.4392 -58.7725 541.258
ENERGY:   85000         0.0000         0.0000         0.0000         0.0000          -5566.5133       371.5470         0.0000         0.0000       918.1721          -4276.7943       291.6952     -5194.9663     -4274.9712       296.7357           -384.5589      -373.9579     22548.0941        35.4841        35.2917

WRITING COORDINATES TO DCD FILE MD.dcd AT STEP 85000
LDB: ============= START OF LOAD BALANCING ============== 300.43
LDB: ============== END OF LOAD BALANCING =============== 300.43
Info: useSync: 0 useProxySync: 0
LDB: =============== DONE WITH MIGRATION ================ 300.43
LDB: ============= START OF LOAD BALANCING ============== 300.588
LDB: TIME 300.588 LOAD: AVG 0.0237653 MAX 0.146718  PROXIES: TOTAL 56 MAXPE 7 MAXPATCH 7 None MEM: 0 MB
LDB: TIME 300.588 LOAD: AVG 0.0237653 MAX 0.146718  PROXIES: TOTAL 56 MAXPE 7 MAXPATCH 7 RefineTorusLB MEM: 0 MB
LDB: TIME 300.588 LOAD: AVG 0.0237653 MAX 0.146718  PROXIES: TOTAL 56 MAXPE 7 MAXPATCH 7 RefineTorusLB MEM: 0 MB
LDB: ============== END OF LOAD BALANCING =============== 300.588
Info: useSync: 0 useProxySync: 0
LDB: =============== DONE WITH MIGRATION ================ 300.588
LDB: ============= START OF LOAD BALANCING ============== 307.211
LDB: ============== END OF LOAD BALANCING =============== 307.211
Info: useSync: 0 useProxySync: 0
LDB: =============== DONE WITH MIGRATION ================ 307.211
LDB: ============= START OF LOAD BALANCING ============== 307.432
LDB: TIME 307.432 LOAD: AVG 0.0283374 MAX 0.146261  PROXIES: TOTAL 56 MAXPE 7 MAXPATCH 7 None MEM: 0 MB
LDB: TIME 307.432 LOAD: AVG 0.0283374 MAX 0.146261  PROXIES: TOTAL 56 MAXPE 7 MAXPATCH 7 RefineTorusLB MEM: 0 MB
LDB: TIME 307.432 LOAD: AVG 0.0283374 MAX 0.146261  PROXIES: TOTAL 56 MAXPE 7 MAXPATCH 7 RefineTorusLB MEM: 0 MB
LDB: ============== END OF LOAD BALANCING =============== 307.432
Info: useSync: 0 useProxySync: 0
LDB: =============== DONE WITH MIGRATION ================ 307.433
PRESSURE: 90000 -292.429 260.499 121.169 598.709 -341.124 -502.811 -686.937 -813.085 1195.23
GPRESSURE: 90000 -111.593 302.607 383.316 487.931 -364.917 -346.523 -857.197 -1146.37 1100.83
PRESSAVG: 90000 -131.857 -27.6001 -24.5476 32.3685 -188.411 24.599 -8.99247 -125.952 582.742
GPRESSAVG: 90000 -132.089 -27.807 -25.0335 32.1148 -188.393 24.6214 -8.85478 -125.732 582.37
ENERGY:   90000         0.0000         0.0000         0.0000         0.0000          -5612.1424       409.8464         0.0000         0.0000       952.5765          -4249.7195       302.6252     -5202.2960     -4246.3951       300.6456            187.2246       208.1065     22548.0941        87.4914        87.2959

WRITING COORDINATES TO DCD FILE MD.dcd AT STEP 90000
LDB: ============= START OF LOAD BALANCING ============== 314.417
LDB: ============== END OF LOAD BALANCING =============== 314.423
Info: useSync: 0 useProxySync: 0
LDB: =============== DONE WITH MIGRATION ================ 314.441
LDB: ============= START OF LOAD BALANCING ============== 314.641
LDB: TIME 314.641 LOAD: AVG 0.0274918 MAX 0.172098  PROXIES: TOTAL 56 MAXPE 7 MAXPATCH 7 None MEM: 0 MB
LDB: TIME 314.641 LOAD: AVG 0.0274918 MAX 0.172098  PROXIES: TOTAL 56 MAXPE 7 MAXPATCH 7 RefineTorusLB MEM: 0 MB
LDB: TIME 314.641 LOAD: AVG 0.0274918 MAX 0.172098  PROXIES: TOTAL 56 MAXPE 7 MAXPATCH 7 RefineTorusLB MEM: 0 MB
LDB: Reverting to original mapping
LDB: ============== END OF LOAD BALANCING =============== 314.641
Info: useSync: 0 useProxySync: 0
LDB: =============== DONE WITH MIGRATION ================ 314.642
LDB: ============= START OF LOAD BALANCING ============== 322.098
LDB: ============== END OF LOAD BALANCING =============== 322.098
Info: useSync: 0 useProxySync: 0
LDB: =============== DONE WITH MIGRATION ================ 322.098
LDB: ============= START OF LOAD BALANCING ============== 322.282
LDB: TIME 322.282 LOAD: AVG 0.0267054 MAX 0.170605  PROXIES: TOTAL 56 MAXPE 7 MAXPATCH 7 None MEM: 0 MB
LDB: TIME 322.282 LOAD: AVG 0.0267054 MAX 0.170605  PROXIES: TOTAL 56 MAXPE 7 MAXPATCH 7 RefineTorusLB MEM: 0 MB
LDB: TIME 322.282 LOAD: AVG 0.0267054 MAX 0.170605  PROXIES: TOTAL 56 MAXPE 7 MAXPATCH 7 RefineTorusLB MEM: 0 MB
LDB: ============== END OF LOAD BALANCING =============== 322.283
Info: useSync: 0 useProxySync: 0
LDB: =============== DONE WITH MIGRATION ================ 322.283
LDB: ============= START OF LOAD BALANCING ============== 329.715
LDB: ============== END OF LOAD BALANCING =============== 329.715
Info: useSync: 0 useProxySync: 0
LDB: =============== DONE WITH MIGRATION ================ 329.715
LDB: ============= START OF LOAD BALANCING ============== 329.902
LDB: TIME 329.902 LOAD: AVG 0.0271669 MAX 0.170264  PROXIES: TOTAL 56 MAXPE 7 MAXPATCH 7 None MEM: 0 MB
LDB: TIME 329.902 LOAD: AVG 0.0271669 MAX 0.170264  PROXIES: TOTAL 56 MAXPE 7 MAXPATCH 7 RefineTorusLB MEM: 0 MB
LDB: TIME 329.902 LOAD: AVG 0.0271669 MAX 0.170264  PROXIES: TOTAL 56 MAXPE 7 MAXPATCH 7 RefineTorusLB MEM: 0 MB
LDB: Reverting to original mapping
LDB: ============== END OF LOAD BALANCING =============== 329.902
Info: useSync: 0 useProxySync: 0
LDB: =============== DONE WITH MIGRATION ================ 329.903
PRESSURE: 95000 -646.798 277.245 -307.769 132.554 -421.289 290.419 -69.1267 159.196 -482.301
GPRESSURE: 95000 -787.607 103.091 -378.629 -23.5854 -443.747 419.702 233.967 121.807 -258.641
PRESSAVG: 95000 -196.51 37.0153 -4.62006 80.129 -184.642 -3.92239 -88.6418 -155.515 607.154
GPRESSAVG: 95000 -196.554 37.8055 -4.56716 80.2202 -184.537 -3.92727 -88.8034 -155.6 607.191
ENERGY:   95000         0.0000         0.0000         0.0000         0.0000          -5498.3309       320.9890         0.0000         0.0000       941.5239          -4235.8180       299.1139     -5177.3419     -4233.6215       304.7363           -516.7959      -496.6649     22548.0941        75.3341        75.3666

WRITING COORDINATES TO DCD FILE MD.dcd AT STEP 95000
LDB: ============= START OF LOAD BALANCING ============== 337.201
LDB: ============== END OF LOAD BALANCING =============== 337.201
Info: useSync: 0 useProxySync: 0
LDB: =============== DONE WITH MIGRATION ================ 337.201
LDB: ============= START OF LOAD BALANCING ============== 337.385
LDB: TIME 337.385 LOAD: AVG 0.0269195 MAX 0.170031  PROXIES: TOTAL 56 MAXPE 7 MAXPATCH 7 None MEM: 0 MB
LDB: TIME 337.385 LOAD: AVG 0.0269195 MAX 0.170031  PROXIES: TOTAL 56 MAXPE 7 MAXPATCH 7 RefineTorusLB MEM: 0 MB
LDB: TIME 337.385 LOAD: AVG 0.0269195 MAX 0.170031  PROXIES: TOTAL 56 MAXPE 7 MAXPATCH 7 RefineTorusLB MEM: 0 MB
LDB: Reverting to original mapping
LDB: ============== END OF LOAD BALANCING =============== 337.385
Info: useSync: 0 useProxySync: 0
LDB: =============== DONE WITH MIGRATION ================ 337.386
LDB: ============= START OF LOAD BALANCING ============== 344.654
LDB: ============== END OF LOAD BALANCING =============== 344.655
Info: useSync: 0 useProxySync: 0
LDB: =============== DONE WITH MIGRATION ================ 344.655
LDB: ============= START OF LOAD BALANCING ============== 344.836
LDB: TIME 344.836 LOAD: AVG 0.0267784 MAX 0.167922  PROXIES: TOTAL 56 MAXPE 7 MAXPATCH 7 None MEM: 0 MB
LDB: TIME 344.836 LOAD: AVG 0.0267784 MAX 0.167922  PROXIES: TOTAL 56 MAXPE 7 MAXPATCH 7 RefineTorusLB MEM: 0 MB
LDB: TIME 344.836 LOAD: AVG 0.0267784 MAX 0.167922  PROXIES: TOTAL 56 MAXPE 7 MAXPATCH 7 RefineTorusLB MEM: 0 MB
LDB: Reverting to original mapping
LDB: ============== END OF LOAD BALANCING =============== 344.836
Info: useSync: 0 useProxySync: 0
LDB: =============== DONE WITH MIGRATION ================ 344.837
WRITING COORDINATES TO DCD FILE MD.dcd AT STEP 100000
WRITING COORDINATES TO RESTART FILE AT STEP 100000
FINISHED WRITING RESTART COORDINATES
WRITING VELOCITIES TO RESTART FILE AT STEP 100000
FINISHED WRITING RESTART VELOCITIES
The last velocity output (seq=100000) takes 0.000 seconds, 0.000 MB of memory in use
PRESSURE: 100000 -346.64 -363.458 546.753 154.934 799.498 -390.127 -93.9758 -699.834 2121.73
GPRESSURE: 100000 -135.768 -236.866 459.26 324.468 521.187 -438.314 -42.9911 -703.609 2280.99
PRESSAVG: 100000 -225.775 12.4039 9.55339 35.8082 -211.518 16.6066 -54.3515 -152.993 746.527
GPRESSAVG: 100000 -225.911 12.0699 9.36718 36.2068 -211.775 15.9573 -54.2548 -152.613 746.892
TIMING: 100000  CPU: 342.292, 0.0035017/step  Wall: 351.807, 0.00361413/step, 0.40157 hours remaining, 0.000000 MB of memory in use.
PERFORMANCE: 100000  averaging 49.121 ns/day, 0.00351784 sec/step with standard deviation 0.000136175
ETITLE:      TS           BOND          ANGLE          DIHED          IMPRP               ELECT            VDW       BOUNDARY           MISC        KINETIC               TOTAL           TEMP      POTENTIAL         TOTAL3        TEMPAVG            PRESSURE      GPRESSURE         VOLUME       PRESSAVG      GPRESSAVG

ENERGY:  100000         0.0000         0.0000         0.0000         0.0000          -5541.4424       419.2904         0.0000         0.0000       948.4225          -4173.7296       301.3055     -5122.1521     -4172.1891       301.5681            858.1974       888.8014     22548.0941       103.0776       103.0688

WRITING EXTENDED SYSTEM TO RESTART FILE AT STEP 100000
LDB: ============= START OF LOAD BALANCING ============== 352.639
LDB: ============== END OF LOAD BALANCING =============== 352.639
Info: useSync: 0 useProxySync: 0
LDB: =============== DONE WITH MIGRATION ================ 352.639
LDB: ============= START OF LOAD BALANCING ============== 352.821
LDB: TIME 352.821 LOAD: AVG 0.0266793 MAX 0.168968  PROXIES: TOTAL 56 MAXPE 7 MAXPATCH 7 None MEM: 0 MB
LDB: TIME 352.821 LOAD: AVG 0.0266793 MAX 0.168968  PROXIES: TOTAL 56 MAXPE 7 MAXPATCH 7 RefineTorusLB MEM: 0 MB
LDB: TIME 352.821 LOAD: AVG 0.0266793 MAX 0.168968  PROXIES: TOTAL 56 MAXPE 7 MAXPATCH 7 RefineTorusLB MEM: 0 MB
LDB: Reverting to original mapping
LDB: ============== END OF LOAD BALANCING =============== 352.821
Info: useSync: 0 useProxySync: 0
LDB: =============== DONE WITH MIGRATION ================ 352.822
LDB: ============= START OF LOAD BALANCING ============== 359.549
LDB: ============== END OF LOAD BALANCING =============== 359.55
Info: useSync: 0 useProxySync: 0
LDB: =============== DONE WITH MIGRATION ================ 359.55
LDB: ============= START OF LOAD BALANCING ============== 359.71
LDB: TIME 359.71 LOAD: AVG 0.0241139 MAX 0.146465  PROXIES: TOTAL 56 MAXPE 7 MAXPATCH 7 None MEM: 0 MB
LDB: TIME 359.71 LOAD: AVG 0.0241139 MAX 0.146465  PROXIES: TOTAL 56 MAXPE 7 MAXPATCH 7 RefineTorusLB MEM: 0 MB
LDB: TIME 359.71 LOAD: AVG 0.0241139 MAX 0.146465  PROXIES: TOTAL 56 MAXPE 7 MAXPATCH 7 RefineTorusLB MEM: 0 MB
LDB: Reverting to original mapping
LDB: ============== END OF LOAD BALANCING =============== 359.71
Info: useSync: 0 useProxySync: 0
LDB: =============== DONE WITH MIGRATION ================ 359.71
LDB: ============= START OF LOAD BALANCING ============== 366.465
LDB: ============== END OF LOAD BALANCING =============== 366.465
Info: useSync: 0 useProxySync: 0
LDB: =============== DONE WITH MIGRATION ================ 366.465
LDB: ============= START OF LOAD BALANCING ============== 366.628
LDB: TIME 366.628 LOAD: AVG 0.0242995 MAX 0.148407  PROXIES: TOTAL 56 MAXPE 7 MAXPATCH 7 None MEM: 0 MB
LDB: TIME 366.628 LOAD: AVG 0.0242995 MAX 0.148407  PROXIES: TOTAL 56 MAXPE 7 MAXPATCH 7 RefineTorusLB MEM: 0 MB
LDB: TIME 366.628 LOAD: AVG 0.0242995 MAX 0.148407  PROXIES: TOTAL 56 MAXPE 7 MAXPATCH 7 RefineTorusLB MEM: 0 MB
LDB: Reverting to original mapping
LDB: ============== END OF LOAD BALANCING =============== 366.629
Info: useSync: 0 useProxySync: 0
LDB: =============== DONE WITH MIGRATION ================ 366.629
WRITING COORDINATES TO DCD FILE MD.dcd AT STEP 105000
PRESSURE: 105000 -631.691 -34.9387 296.504 -422.899 103.812 -1096.26 206.351 -1346.18 173.162
GPRESSURE: 105000 -569.576 -541.134 302.541 -192.867 -64.8052 -1012.6 -248.898 -1631.99 287.15
PRESSAVG: 105000 -181.958 -40.065 48.9776 -79.5303 -260.833 -30.9668 -4.79723 -149.453 727.838
GPRESSAVG: 105000 -182.084 -40.1488 48.874 -79.7572 -261.135 -30.7949 -4.72828 -149.668 727.968
ENERGY:  105000         0.0000         0.0000         0.0000         0.0000          -5587.6249       382.6512         0.0000         0.0000       944.1014          -4260.8723       299.9327     -5204.9737     -4258.6737       301.4608           -118.2389      -115.7435     22548.0941        95.0157        94.9161

LDB: ============= START OF LOAD BALANCING ============== 373.233
LDB: ============== END OF LOAD BALANCING =============== 373.233
Info: useSync: 0 useProxySync: 0
LDB: =============== DONE WITH MIGRATION ================ 373.233
LDB: ============= START OF LOAD BALANCING ============== 373.394
LDB: TIME 373.394 LOAD: AVG 0.0241952 MAX 0.147711  PROXIES: TOTAL 56 MAXPE 7 MAXPATCH 7 None MEM: 0 MB
LDB: TIME 373.394 LOAD: AVG 0.0241952 MAX 0.147711  PROXIES: TOTAL 56 MAXPE 7 MAXPATCH 7 RefineTorusLB MEM: 0 MB
LDB: TIME 373.394 LOAD: AVG 0.0241952 MAX 0.147711  PROXIES: TOTAL 56 MAXPE 7 MAXPATCH 7 RefineTorusLB MEM: 0 MB
LDB: ============== END OF LOAD BALANCING =============== 373.394
Info: useSync: 0 useProxySync: 0
LDB: =============== DONE WITH MIGRATION ================ 373.394
LDB: ============= START OF LOAD BALANCING ============== 379.979
LDB: ============== END OF LOAD BALANCING =============== 379.979
Info: useSync: 0 useProxySync: 0
LDB: =============== DONE WITH MIGRATION ================ 379.98
LDB: ============= START OF LOAD BALANCING ============== 380.146
LDB: TIME 380.146 LOAD: AVG 0.0241869 MAX 0.145929  PROXIES: TOTAL 56 MAXPE 7 MAXPATCH 7 None MEM: 0 MB
LDB: TIME 380.146 LOAD: AVG 0.0241869 MAX 0.14593  PROXIES: TOTAL 56 MAXPE 7 MAXPATCH 7 RefineTorusLB MEM: 0 MB
LDB: TIME 380.146 LOAD: AVG 0.0241869 MAX 0.14593  PROXIES: TOTAL 56 MAXPE 7 MAXPATCH 7 RefineTorusLB MEM: 0 MB
LDB: Reverting to original mapping
LDB: ============== END OF LOAD BALANCING =============== 380.146
Info: useSync: 0 useProxySync: 0
LDB: =============== DONE WITH MIGRATION ================ 380.146
WRITING COORDINATES TO DCD FILE MD.dcd AT STEP 110000
PRESSURE: 110000 -819.094 -969.695 -91.5476 -152.55 -549.235 -124.13 812.387 235.094 -376.54
GPRESSURE: 110000 -733.141 -1112.47 -76.1946 -19.4719 -622.378 -17.8624 794.37 170.941 -329.489
PRESSAVG: 110000 -307.129 1.278 29.3907 -16.8185 -267.313 55.5109 38.7149 -81.1177 698.314
GPRESSAVG: 110000 -306.979 1.52425 29.5153 -16.763 -267.478 55.4155 38.8773 -81.3117 698.101
ENERGY:  110000         0.0000         0.0000         0.0000         0.0000          -5555.1371       342.7927         0.0000         0.0000       907.1247          -4305.2197       288.1855     -5212.3444     -4303.1638       302.3800           -581.6230      -561.6695     22548.0941        41.2905        41.2149

LDB: ============= START OF LOAD BALANCING ============== 386.916
LDB: ============== END OF LOAD BALANCING =============== 386.916
Info: useSync: 0 useProxySync: 0
LDB: =============== DONE WITH MIGRATION ================ 386.916
LDB: ============= START OF LOAD BALANCING ============== 387.08
LDB: TIME 387.08 LOAD: AVG 0.0240926 MAX 0.146981  PROXIES: TOTAL 56 MAXPE 7 MAXPATCH 7 None MEM: 0 MB
LDB: TIME 387.08 LOAD: AVG 0.0240926 MAX 0.146981  PROXIES: TOTAL 56 MAXPE 7 MAXPATCH 7 RefineTorusLB MEM: 0 MB
LDB: TIME 387.08 LOAD: AVG 0.0240926 MAX 0.146981  PROXIES: TOTAL 56 MAXPE 7 MAXPATCH 7 RefineTorusLB MEM: 0 MB
LDB: Reverting to original mapping
LDB: ============== END OF LOAD BALANCING =============== 387.08
Info: useSync: 0 useProxySync: 0
LDB: =============== DONE WITH MIGRATION ================ 387.08
LDB: ============= START OF LOAD BALANCING ============== 393.816
LDB: ============== END OF LOAD BALANCING =============== 393.816
Info: useSync: 0 useProxySync: 0
LDB: =============== DONE WITH MIGRATION ================ 393.816
LDB: ============= START OF LOAD BALANCING ============== 393.977
LDB: TIME 393.977 LOAD: AVG 0.0241665 MAX 0.147539  PROXIES: TOTAL 56 MAXPE 7 MAXPATCH 7 None MEM: 0 MB
LDB: TIME 393.978 LOAD: AVG 0.0241665 MAX 0.147539  PROXIES: TOTAL 56 MAXPE 7 MAXPATCH 7 RefineTorusLB MEM: 0 MB
LDB: TIME 393.978 LOAD: AVG 0.0241665 MAX 0.147539  PROXIES: TOTAL 56 MAXPE 7 MAXPATCH 7 RefineTorusLB MEM: 0 MB
LDB: ============== END OF LOAD BALANCING =============== 393.978
Info: useSync: 0 useProxySync: 0
LDB: =============== DONE WITH MIGRATION ================ 393.978
LDB: ============= START OF LOAD BALANCING ============== 400.388
LDB: ============== END OF LOAD BALANCING =============== 400.388
Info: useSync: 0 useProxySync: 0
LDB: =============== DONE WITH MIGRATION ================ 400.388
LDB: ============= START OF LOAD BALANCING ============== 400.551
LDB: TIME 400.551 LOAD: AVG 0.0240858 MAX 0.147283  PROXIES: TOTAL 56 MAXPE 7 MAXPATCH 7 None MEM: 0 MB
LDB: TIME 400.551 LOAD: AVG 0.0240858 MAX 0.147283  PROXIES: TOTAL 56 MAXPE 7 MAXPATCH 7 RefineTorusLB MEM: 0 MB
LDB: TIME 400.551 LOAD: AVG 0.0240858 MAX 0.147283  PROXIES: TOTAL 56 MAXPE 7 MAXPATCH 7 RefineTorusLB MEM: 0 MB
LDB: ============== END OF LOAD BALANCING =============== 400.551
Info: useSync: 0 useProxySync: 0
LDB: =============== DONE WITH MIGRATION ================ 400.551
WRITING COORDINATES TO DCD FILE MD.dcd AT STEP 115000
PRESSURE: 115000 -25.4658 -148.535 -115.004 -268.31 -888.84 -223.243 137.353 -624.171 907.683
GPRESSURE: 115000 -89.5032 -271.371 97.2596 -336.132 -789.596 -292.799 -133.771 -852.257 939.442
PRESSAVG: 115000 -251.592 -51.4831 10.9176 -2.42613 -153.75 -17.4253 -76.799 -182.501 642.658
GPRESSAVG: 115000 -251.982 -51.6643 10.8424 -2.75725 -153.852 -17.4185 -76.8263 -181.715 642.903
ENERGY:  115000         0.0000         0.0000         0.0000         0.0000          -5527.1364       359.4828         0.0000         0.0000       922.4012          -4245.2524       293.0388     -5167.6536     -4243.6349       298.7954             -2.2078        20.1140     22548.0941        79.1052        79.0229

LDB: ============= START OF LOAD BALANCING ============== 407.269
LDB: ============== END OF LOAD BALANCING =============== 407.269
Info: useSync: 0 useProxySync: 0
LDB: =============== DONE WITH MIGRATION ================ 407.269
LDB: ============= START OF LOAD BALANCING ============== 407.432
LDB: TIME 407.432 LOAD: AVG 0.024355 MAX 0.14651  PROXIES: TOTAL 56 MAXPE 7 MAXPATCH 7 None MEM: 0 MB
LDB: TIME 407.432 LOAD: AVG 0.024355 MAX 0.14651  PROXIES: TOTAL 56 MAXPE 7 MAXPATCH 7 RefineTorusLB MEM: 0 MB
LDB: TIME 407.432 LOAD: AVG 0.024355 MAX 0.14651  PROXIES: TOTAL 56 MAXPE 7 MAXPATCH 7 RefineTorusLB MEM: 0 MB
LDB: ============== END OF LOAD BALANCING =============== 407.432
Info: useSync: 0 useProxySync: 0
LDB: =============== DONE WITH MIGRATION ================ 407.432
LDB: ============= START OF LOAD BALANCING ============== 414.032
LDB: ============== END OF LOAD BALANCING =============== 414.032
Info: useSync: 0 useProxySync: 0
LDB: =============== DONE WITH MIGRATION ================ 414.032
LDB: ============= START OF LOAD BALANCING ============== 414.193
LDB: TIME 414.193 LOAD: AVG 0.0237716 MAX 0.145177  PROXIES: TOTAL 56 MAXPE 7 MAXPATCH 7 None MEM: 0 MB
LDB: TIME 414.193 LOAD: AVG 0.0237716 MAX 0.145177  PROXIES: TOTAL 56 MAXPE 7 MAXPATCH 7 RefineTorusLB MEM: 0 MB
LDB: TIME 414.193 LOAD: AVG 0.0237716 MAX 0.145177  PROXIES: TOTAL 56 MAXPE 7 MAXPATCH 7 RefineTorusLB MEM: 0 MB
LDB: Reverting to original mapping
LDB: ============== END OF LOAD BALANCING =============== 414.193
Info: useSync: 0 useProxySync: 0
LDB: =============== DONE WITH MIGRATION ================ 414.193
WRITING COORDINATES TO DCD FILE MD.dcd AT STEP 120000
PRESSURE: 120000 190.237 -245.607 218.861 -252.189 -171.73 554.211 -336.885 497.881 1506.52
GPRESSURE: 120000 293.444 89.586 544.364 -607.267 -94.7945 762.311 -613.495 584.485 1429.11
PRESSAVG: 120000 -14.9811 15.5943 69.1778 -31.6028 -116.791 20.1529 -105.255 -120.007 781.57
GPRESSAVG: 120000 -14.8172 15.565 69.3958 -31.8295 -116.739 20.1663 -104.946 -120.222 781.527
ENERGY:  120000         0.0000         0.0000         0.0000         0.0000          -5676.2419       436.0702         0.0000         0.0000       984.6786          -4255.4931       312.8237     -5240.1717     -4254.3776       306.4940            508.3416       542.5861     22548.0941       216.5993       216.6570

LDB: ============= START OF LOAD BALANCING ============== 420.907
LDB: ============== END OF LOAD BALANCING =============== 420.907
Info: useSync: 0 useProxySync: 0
LDB: =============== DONE WITH MIGRATION ================ 420.907
LDB: ============= START OF LOAD BALANCING ============== 421.094
LDB: TIME 421.095 LOAD: AVG 0.0268483 MAX 0.170784  PROXIES: TOTAL 56 MAXPE 7 MAXPATCH 7 None MEM: 0 MB
LDB: TIME 421.095 LOAD: AVG 0.0268483 MAX 0.170784  PROXIES: TOTAL 56 MAXPE 7 MAXPATCH 7 RefineTorusLB MEM: 0 MB
LDB: TIME 421.095 LOAD: AVG 0.0268483 MAX 0.170784  PROXIES: TOTAL 56 MAXPE 7 MAXPATCH 7 RefineTorusLB MEM: 0 MB
LDB: Reverting to original mapping
LDB: ============== END OF LOAD BALANCING =============== 421.095
Info: useSync: 0 useProxySync: 0
LDB: =============== DONE WITH MIGRATION ================ 421.095
LDB: ============= START OF LOAD BALANCING ============== 428.38
LDB: ============== END OF LOAD BALANCING =============== 428.38
Info: useSync: 0 useProxySync: 0
LDB: =============== DONE WITH MIGRATION ================ 428.38
LDB: ============= START OF LOAD BALANCING ============== 428.54
LDB: TIME 428.54 LOAD: AVG 0.0240226 MAX 0.146335  PROXIES: TOTAL 56 MAXPE 7 MAXPATCH 7 None MEM: 0 MB
LDB: TIME 428.54 LOAD: AVG 0.0240226 MAX 0.146335  PROXIES: TOTAL 56 MAXPE 7 MAXPATCH 7 RefineTorusLB MEM: 0 MB
LDB: TIME 428.54 LOAD: AVG 0.0240226 MAX 0.146335  PROXIES: TOTAL 56 MAXPE 7 MAXPATCH 7 RefineTorusLB MEM: 0 MB
LDB: ============== END OF LOAD BALANCING =============== 428.54
Info: useSync: 0 useProxySync: 0
LDB: =============== DONE WITH MIGRATION ================ 428.54
LDB: ============= START OF LOAD BALANCING ============== 435.11
LDB: ============== END OF LOAD BALANCING =============== 435.11
Info: useSync: 0 useProxySync: 0
LDB: =============== DONE WITH MIGRATION ================ 435.11
LDB: ============= START OF LOAD BALANCING ============== 435.273
LDB: TIME 435.274 LOAD: AVG 0.0242401 MAX 0.147069  PROXIES: TOTAL 56 MAXPE 7 MAXPATCH 7 None MEM: 0 MB
LDB: TIME 435.274 LOAD: AVG 0.0242401 MAX 0.147069  PROXIES: TOTAL 56 MAXPE 7 MAXPATCH 7 RefineTorusLB MEM: 0 MB
LDB: TIME 435.274 LOAD: AVG 0.0242401 MAX 0.147069  PROXIES: TOTAL 56 MAXPE 7 MAXPATCH 7 RefineTorusLB MEM: 0 MB
LDB: Reverting to original mapping
LDB: ============== END OF LOAD BALANCING =============== 435.274
Info: useSync: 0 useProxySync: 0
LDB: =============== DONE WITH MIGRATION ================ 435.274
PRESSURE: 125000 826.802 -406.406 -51.6544 -507.187 -171.376 62.4168 593.889 440.189 1046.41
GPRESSURE: 125000 726.28 -1.53826 -186.089 -542.659 48.1079 -259.967 594.941 621.554 969.615
PRESSAVG: 125000 -112.463 50.4894 78.2835 -1.33831 -171.133 -23.3496 -64.6504 -138.638 840.995
GPRESSAVG: 125000 -112.347 50.5558 78.2634 -1.09229 -171.505 -23.7021 -65.1156 -138.55 841.161
ENERGY:  125000         0.0000         0.0000         0.0000         0.0000          -5589.5699       420.9776         0.0000         0.0000       950.0568          -4218.5355       301.8247     -5168.5923     -4215.7349       302.0744            567.2794       581.3341     22548.0941       185.7998       185.7696

WRITING COORDINATES TO DCD FILE MD.dcd AT STEP 125000
LDB: ============= START OF LOAD BALANCING ============== 441.788
LDB: ============== END OF LOAD BALANCING =============== 441.788
Info: useSync: 0 useProxySync: 0
LDB: =============== DONE WITH MIGRATION ================ 441.789
LDB: ============= START OF LOAD BALANCING ============== 441.951
LDB: TIME 441.951 LOAD: AVG 0.0242974 MAX 0.147475  PROXIES: TOTAL 56 MAXPE 7 MAXPATCH 7 None MEM: 0 MB
LDB: TIME 441.951 LOAD: AVG 0.0242974 MAX 0.147475  PROXIES: TOTAL 56 MAXPE 7 MAXPATCH 7 RefineTorusLB MEM: 0 MB
LDB: TIME 441.951 LOAD: AVG 0.0242974 MAX 0.147475  PROXIES: TOTAL 56 MAXPE 7 MAXPATCH 7 RefineTorusLB MEM: 0 MB
LDB: ============== END OF LOAD BALANCING =============== 441.952
Info: useSync: 0 useProxySync: 0
LDB: =============== DONE WITH MIGRATION ================ 441.952
LDB: ============= START OF LOAD BALANCING ============== 448.826
LDB: ============== END OF LOAD BALANCING =============== 448.826
Info: useSync: 0 useProxySync: 0
LDB: =============== DONE WITH MIGRATION ================ 448.826
LDB: ============= START OF LOAD BALANCING ============== 448.991
LDB: TIME 448.991 LOAD: AVG 0.0244746 MAX 0.149456  PROXIES: TOTAL 56 MAXPE 7 MAXPATCH 7 None MEM: 0 MB
LDB: TIME 448.991 LOAD: AVG 0.0244746 MAX 0.149456  PROXIES: TOTAL 56 MAXPE 7 MAXPATCH 7 RefineTorusLB MEM: 0 MB
LDB: TIME 448.991 LOAD: AVG 0.0244746 MAX 0.149456  PROXIES: TOTAL 56 MAXPE 7 MAXPATCH 7 RefineTorusLB MEM: 0 MB
LDB: Reverting to original mapping
LDB: ============== END OF LOAD BALANCING =============== 448.991
Info: useSync: 0 useProxySync: 0
LDB: =============== DONE WITH MIGRATION ================ 448.991
WRITING COORDINATES TO DCD FILE MD.dcd AT STEP 130000
PRESSURE: 130000 1047.23 400.041 101.225 617.577 369.838 -315.557 -75.2048 -514.282 1849.76
GPRESSURE: 130000 1079.78 337.877 -46.3465 633.849 379.766 -555.705 102.442 -95.7954 1839.73
PRESSAVG: 130000 -170.869 0.138885 60.6553 46.3099 -300.5 7.49539 -146.825 -93.4573 668.061
GPRESSAVG: 130000 -170.96 0.587611 60.2514 46.0034 -300.497 7.79803 -146.218 -93.4751 667.956
ENERGY:  130000         0.0000         0.0000         0.0000         0.0000          -5727.2030       486.5447         0.0000         0.0000       909.4771          -4331.1812       288.9329     -5240.6583     -4327.9174       299.8777           1088.9425      1099.7558     22548.0941        65.5640        65.4995

LDB: ============= START OF LOAD BALANCING ============== 455.783
LDB: ============== END OF LOAD BALANCING =============== 455.783
Info: useSync: 0 useProxySync: 0
LDB: =============== DONE WITH MIGRATION ================ 455.783
LDB: ============= START OF LOAD BALANCING ============== 455.945
LDB: TIME 455.945 LOAD: AVG 0.0242462 MAX 0.146679  PROXIES: TOTAL 56 MAXPE 7 MAXPATCH 7 None MEM: 0 MB
LDB: TIME 455.945 LOAD: AVG 0.0242462 MAX 0.146679  PROXIES: TOTAL 56 MAXPE 7 MAXPATCH 7 RefineTorusLB MEM: 0 MB
LDB: TIME 455.945 LOAD: AVG 0.0242462 MAX 0.146679  PROXIES: TOTAL 56 MAXPE 7 MAXPATCH 7 RefineTorusLB MEM: 0 MB
LDB: Reverting to original mapping
LDB: ============== END OF LOAD BALANCING =============== 455.945
Info: useSync: 0 useProxySync: 0
LDB: =============== DONE WITH MIGRATION ================ 455.946
LDB: ============= START OF LOAD BALANCING ============== 462.326
LDB: ============== END OF LOAD BALANCING =============== 462.326
Info: useSync: 0 useProxySync: 0
LDB: =============== DONE WITH MIGRATION ================ 462.326
LDB: ============= START OF LOAD BALANCING ============== 462.56
LDB: TIME 462.564 LOAD: AVG 0.0305445 MAX 0.189754  PROXIES: TOTAL 56 MAXPE 7 MAXPATCH 7 None MEM: 0 MB
LDB: TIME 462.564 LOAD: AVG 0.0305445 MAX 0.189754  PROXIES: TOTAL 56 MAXPE 7 MAXPATCH 7 RefineTorusLB MEM: 0 MB
LDB: TIME 462.564 LOAD: AVG 0.0305445 MAX 0.189754  PROXIES: TOTAL 56 MAXPE 7 MAXPATCH 7 RefineTorusLB MEM: 0 MB
LDB: ============== END OF LOAD BALANCING =============== 462.564
Info: useSync: 0 useProxySync: 0
LDB: =============== DONE WITH MIGRATION ================ 462.565
LDB: ============= START OF LOAD BALANCING ============== 468.91
LDB: ============== END OF LOAD BALANCING =============== 468.91
Info: useSync: 0 useProxySync: 0
LDB: =============== DONE WITH MIGRATION ================ 468.91
LDB: ============= START OF LOAD BALANCING ============== 469.08
LDB: TIME 469.08 LOAD: AVG 0.0253133 MAX 0.145742  PROXIES: TOTAL 56 MAXPE 7 MAXPATCH 7 None MEM: 0 MB
LDB: TIME 469.08 LOAD: AVG 0.0253133 MAX 0.145742  PROXIES: TOTAL 56 MAXPE 7 MAXPATCH 7 RefineTorusLB MEM: 0 MB
LDB: TIME 469.08 LOAD: AVG 0.0253133 MAX 0.145742  PROXIES: TOTAL 56 MAXPE 7 MAXPATCH 7 RefineTorusLB MEM: 0 MB
LDB: Reverting to original mapping
LDB: ============== END OF LOAD BALANCING =============== 469.08
Info: useSync: 0 useProxySync: 0
LDB: =============== DONE WITH MIGRATION ================ 469.08
WRITING COORDINATES TO DCD FILE MD.dcd AT STEP 135000
PRESSURE: 135000 -1166.28 -203.1 193.629 -59.5827 -331.971 -373.044 -519.235 -8.30908 934.949
GPRESSURE: 135000 -1168.38 -179.152 -98.5272 -253.852 -280.594 -496.733 -311.528 -252.889 924.421
PRESSAVG: 135000 -213.703 -26.208 -7.62162 -40.7363 -105.72 -80.5157 -167.379 -19.0877 785.21
GPRESSAVG: 135000 -213.511 -26.7304 -7.52641 -40.3873 -105.776 -80.1832 -167.39 -19.1371 784.839
ENERGY:  135000         0.0000         0.0000         0.0000         0.0000          -5566.2194       366.6317         0.0000         0.0000       933.6696          -4265.9181       296.6186     -5199.5878     -4262.7123       293.7797           -187.7681      -174.8511     22548.0941       155.2623       155.1842

LDB: ============= START OF LOAD BALANCING ============== 476.029
LDB: ============== END OF LOAD BALANCING =============== 476.029
Info: useSync: 0 useProxySync: 0
LDB: =============== DONE WITH MIGRATION ================ 476.029
LDB: ============= START OF LOAD BALANCING ============== 476.186
LDB: TIME 476.186 LOAD: AVG 0.0239828 MAX 0.145663  PROXIES: TOTAL 56 MAXPE 7 MAXPATCH 7 None MEM: 0 MB
LDB: TIME 476.186 LOAD: AVG 0.0239828 MAX 0.145663  PROXIES: TOTAL 56 MAXPE 7 MAXPATCH 7 RefineTorusLB MEM: 0 MB
LDB: TIME 476.186 LOAD: AVG 0.0239828 MAX 0.145663  PROXIES: TOTAL 56 MAXPE 7 MAXPATCH 7 RefineTorusLB MEM: 0 MB
LDB: Reverting to original mapping
LDB: ============== END OF LOAD BALANCING =============== 476.186
Info: useSync: 0 useProxySync: 0
LDB: =============== DONE WITH MIGRATION ================ 476.187
LDB: ============= START OF LOAD BALANCING ============== 483.084
LDB: ============== END OF LOAD BALANCING =============== 483.084
Info: useSync: 0 useProxySync: 0
LDB: =============== DONE WITH MIGRATION ================ 483.084
LDB: ============= START OF LOAD BALANCING ============== 483.247
LDB: TIME 483.247 LOAD: AVG 0.0237856 MAX 0.145793  PROXIES: TOTAL 56 MAXPE 7 MAXPATCH 7 None MEM: 0 MB
LDB: TIME 483.247 LOAD: AVG 0.0237856 MAX 0.145793  PROXIES: TOTAL 56 MAXPE 7 MAXPATCH 7 RefineTorusLB MEM: 0 MB
LDB: TIME 483.247 LOAD: AVG 0.0237856 MAX 0.145793  PROXIES: TOTAL 56 MAXPE 7 MAXPATCH 7 RefineTorusLB MEM: 0 MB
LDB: ============== END OF LOAD BALANCING =============== 483.247
Info: useSync: 0 useProxySync: 0
LDB: =============== DONE WITH MIGRATION ================ 483.247
WRITING COORDINATES TO DCD FILE MD.dcd AT STEP 140000
PRESSURE: 140000 121.155 -365.233 -146.446 -243.645 -340.106 107.017 -406.228 171.438 2123.37
GPRESSURE: 140000 14.9786 -585.424 -271.02 -284.534 -165.467 -21.2005 -134.184 268.689 2105.85
PRESSAVG: 140000 -162.59 14.1005 99.9583 2.90059 -227.408 -32.1081 -138.198 0.205693 868.142
GPRESSAVG: 140000 -162.936 14.5709 100.265 2.87763 -227.316 -32.0464 -138.558 0.127027 868.364
ENERGY:  140000         0.0000         0.0000         0.0000         0.0000          -5667.6861       448.5346         0.0000         0.0000       947.0050          -4272.1466       300.8552     -5219.1515     -4269.8331       300.9990            634.8077       651.7856     22548.0941       159.3815       159.3708

LDB: ============= START OF LOAD BALANCING ============== 489.55
LDB: ============== END OF LOAD BALANCING =============== 489.55
Info: useSync: 0 useProxySync: 0
LDB: =============== DONE WITH MIGRATION ================ 489.55
LDB: ============= START OF LOAD BALANCING ============== 489.727
LDB: TIME 489.727 LOAD: AVG 0.024201 MAX 0.146206  PROXIES: TOTAL 56 MAXPE 7 MAXPATCH 7 None MEM: 0 MB
LDB: TIME 489.727 LOAD: AVG 0.024201 MAX 0.146206  PROXIES: TOTAL 56 MAXPE 7 MAXPATCH 7 RefineTorusLB MEM: 0 MB
LDB: TIME 489.727 LOAD: AVG 0.024201 MAX 0.146206  PROXIES: TOTAL 56 MAXPE 7 MAXPATCH 7 RefineTorusLB MEM: 0 MB
LDB: ============== END OF LOAD BALANCING =============== 489.727
Info: useSync: 0 useProxySync: 0
LDB: =============== DONE WITH MIGRATION ================ 489.727
LDB: ============= START OF LOAD BALANCING ============== 496.239
LDB: ============== END OF LOAD BALANCING =============== 496.239
Info: useSync: 0 useProxySync: 0
LDB: =============== DONE WITH MIGRATION ================ 496.239
LDB: ============= START OF LOAD BALANCING ============== 496.401
LDB: TIME 496.401 LOAD: AVG 0.0234975 MAX 0.146264  PROXIES: TOTAL 56 MAXPE 7 MAXPATCH 7 None MEM: 0 MB
LDB: TIME 496.401 LOAD: AVG 0.0234975 MAX 0.146264  PROXIES: TOTAL 56 MAXPE 7 MAXPATCH 7 RefineTorusLB MEM: 0 MB
LDB: TIME 496.401 LOAD: AVG 0.0234975 MAX 0.146264  PROXIES: TOTAL 56 MAXPE 7 MAXPATCH 7 RefineTorusLB MEM: 0 MB
LDB: Reverting to original mapping
LDB: ============== END OF LOAD BALANCING =============== 496.401
Info: useSync: 0 useProxySync: 0
LDB: =============== DONE WITH MIGRATION ================ 496.401
LDB: ============= START OF LOAD BALANCING ============== 503.881
LDB: ============== END OF LOAD BALANCING =============== 503.881
Info: useSync: 0 useProxySync: 0
LDB: =============== DONE WITH MIGRATION ================ 503.881
LDB: ============= START OF LOAD BALANCING ============== 504.069
LDB: TIME 504.069 LOAD: AVG 0.0271912 MAX 0.171897  PROXIES: TOTAL 56 MAXPE 7 MAXPATCH 7 None MEM: 0 MB
LDB: TIME 504.069 LOAD: AVG 0.0271912 MAX 0.171897  PROXIES: TOTAL 56 MAXPE 7 MAXPATCH 7 RefineTorusLB MEM: 0 MB
LDB: TIME 504.069 LOAD: AVG 0.0271912 MAX 0.171897  PROXIES: TOTAL 56 MAXPE 7 MAXPATCH 7 RefineTorusLB MEM: 0 MB
LDB: ============== END OF LOAD BALANCING =============== 504.069
Info: useSync: 0 useProxySync: 0
LDB: =============== DONE WITH MIGRATION ================ 504.069
WRITING COORDINATES TO DCD FILE MD.dcd AT STEP 145000
PRESSURE: 145000 240.123 305.614 -322.747 437.126 368.437 196.959 -880.646 -46.605 1140.69
GPRESSURE: 145000 165.696 287.365 -531.607 166.293 443.481 474.734 -570.514 -28.4433 1250.48
PRESSAVG: 145000 -188.625 -12.1834 58.4092 -3.30382 -159.088 -24.7204 -66.151 4.52731 748.173
GPRESSAVG: 145000 -188.627 -11.601 58.6765 -3.66375 -158.721 -24.7883 -66.102 4.81871 747.708
ENERGY:  145000         0.0000         0.0000         0.0000         0.0000          -5641.2278       431.6215         0.0000         0.0000       975.8626          -4233.7437       310.0230     -5209.6063     -4231.6557       298.2068            583.0842       619.8850     22548.0941       133.4866       133.4532

LDB: ============= START OF LOAD BALANCING ============== 511.771
LDB: ============== END OF LOAD BALANCING =============== 511.771
Info: useSync: 0 useProxySync: 0
LDB: =============== DONE WITH MIGRATION ================ 511.772
LDB: ============= START OF LOAD BALANCING ============== 511.96
LDB: TIME 511.961 LOAD: AVG 0.0273029 MAX 0.1713  PROXIES: TOTAL 56 MAXPE 7 MAXPATCH 7 None MEM: 0 MB
LDB: TIME 511.961 LOAD: AVG 0.0273029 MAX 0.1713  PROXIES: TOTAL 56 MAXPE 7 MAXPATCH 7 RefineTorusLB MEM: 0 MB
LDB: TIME 511.961 LOAD: AVG 0.0273029 MAX 0.1713  PROXIES: TOTAL 56 MAXPE 7 MAXPATCH 7 RefineTorusLB MEM: 0 MB
LDB: ============== END OF LOAD BALANCING =============== 511.961
Info: useSync: 0 useProxySync: 0
LDB: =============== DONE WITH MIGRATION ================ 511.961
LDB: ============= START OF LOAD BALANCING ============== 519.058
LDB: ============== END OF LOAD BALANCING =============== 519.058
Info: useSync: 0 useProxySync: 0
LDB: =============== DONE WITH MIGRATION ================ 519.058
LDB: ============= START OF LOAD BALANCING ============== 519.218
LDB: TIME 519.218 LOAD: AVG 0.02393 MAX 0.145588  PROXIES: TOTAL 56 MAXPE 7 MAXPATCH 7 None MEM: 0 MB
LDB: TIME 519.218 LOAD: AVG 0.02393 MAX 0.145588  PROXIES: TOTAL 56 MAXPE 7 MAXPATCH 7 RefineTorusLB MEM: 0 MB
LDB: TIME 519.219 LOAD: AVG 0.02393 MAX 0.145588  PROXIES: TOTAL 56 MAXPE 7 MAXPATCH 7 RefineTorusLB MEM: 0 MB
LDB: ============== END OF LOAD BALANCING =============== 519.219
Info: useSync: 0 useProxySync: 0
LDB: =============== DONE WITH MIGRATION ================ 519.219
WRITING COORDINATES TO DCD FILE MD.dcd AT STEP 150000
WRITING COORDINATES TO RESTART FILE AT STEP 150000
FINISHED WRITING RESTART COORDINATES
WRITING VELOCITIES TO RESTART FILE AT STEP 150000
FINISHED WRITING RESTART VELOCITIES
The last velocity output (seq=150000) takes 0.000 seconds, 0.000 MB of memory in use
PRESSURE: 150000 -235.965 89.9166 508.06 402.524 -15.3165 -492.451 63.5534 -447.491 668.731
GPRESSURE: 150000 -68.7278 38.2489 469.923 517.362 -171.801 -558.978 -1.73882 -423.895 695.466
PRESSAVG: 150000 -188.776 -35.8571 -7.37972 -81.2137 -187.096 26.2164 -82.6874 74.95 894.028
GPRESSAVG: 150000 -188.623 -36.3329 -7.74161 -80.8912 -187.206 26.3124 -82.7057 74.8116 893.943
TIMING: 150000  CPU: 511.701, 0.00338817/step  Wall: 524.963, 0.00346312/step, 0.336692 hours remaining, 0.000000 MB of memory in use.
PERFORMANCE: 150000  averaging 49.3771 ns/day, 0.0034996 sec/step with standard deviation 0.000101341
ETITLE:      TS           BOND          ANGLE          DIHED          IMPRP               ELECT            VDW       BOUNDARY           MISC        KINETIC               TOTAL           TEMP      POTENTIAL         TOTAL3        TEMPAVG            PRESSURE      GPRESSURE         VOLUME       PRESSAVG      GPRESSAVG

ENERGY:  150000         0.0000         0.0000         0.0000         0.0000          -5623.0069       413.3696         0.0000         0.0000       946.8213          -4262.8159       300.7968     -5209.6373     -4260.0897       302.8570            139.1497       151.6455     22548.0941       172.7185       172.7047

WRITING EXTENDED SYSTEM TO RESTART FILE AT STEP 150000
LDB: ============= START OF LOAD BALANCING ============== 525.737
LDB: ============== END OF LOAD BALANCING =============== 525.737
Info: useSync: 0 useProxySync: 0
LDB: =============== DONE WITH MIGRATION ================ 525.738
LDB: ============= START OF LOAD BALANCING ============== 525.898
LDB: TIME 525.898 LOAD: AVG 0.0236617 MAX 0.145066  PROXIES: TOTAL 56 MAXPE 7 MAXPATCH 7 None MEM: 0 MB
LDB: TIME 525.898 LOAD: AVG 0.0236617 MAX 0.145066  PROXIES: TOTAL 56 MAXPE 7 MAXPATCH 7 RefineTorusLB MEM: 0 MB
LDB: TIME 525.898 LOAD: AVG 0.0236617 MAX 0.145066  PROXIES: TOTAL 56 MAXPE 7 MAXPATCH 7 RefineTorusLB MEM: 0 MB
LDB: ============== END OF LOAD BALANCING =============== 525.898
Info: useSync: 0 useProxySync: 0
LDB: =============== DONE WITH MIGRATION ================ 525.898
LDB: ============= START OF LOAD BALANCING ============== 532.24
LDB: ============== END OF LOAD BALANCING =============== 532.24
Info: useSync: 0 useProxySync: 0
LDB: =============== DONE WITH MIGRATION ================ 532.241
LDB: ============= START OF LOAD BALANCING ============== 532.401
LDB: TIME 532.401 LOAD: AVG 0.0241305 MAX 0.145771  PROXIES: TOTAL 56 MAXPE 7 MAXPATCH 7 None MEM: 0 MB
LDB: TIME 532.401 LOAD: AVG 0.0241305 MAX 0.145771  PROXIES: TOTAL 56 MAXPE 7 MAXPATCH 7 RefineTorusLB MEM: 0 MB
LDB: TIME 532.401 LOAD: AVG 0.0241305 MAX 0.145771  PROXIES: TOTAL 56 MAXPE 7 MAXPATCH 7 RefineTorusLB MEM: 0 MB
LDB: ============== END OF LOAD BALANCING =============== 532.401
Info: useSync: 0 useProxySync: 0
LDB: =============== DONE WITH MIGRATION ================ 532.401
LDB: ============= START OF LOAD BALANCING ============== 539.149
LDB: ============== END OF LOAD BALANCING =============== 539.149
Info: useSync: 0 useProxySync: 0
LDB: =============== DONE WITH MIGRATION ================ 539.149
LDB: ============= START OF LOAD BALANCING ============== 539.33
LDB: TIME 539.33 LOAD: AVG 0.0263534 MAX 0.165009  PROXIES: TOTAL 56 MAXPE 7 MAXPATCH 7 None MEM: 0 MB
LDB: TIME 539.33 LOAD: AVG 0.0263534 MAX 0.165009  PROXIES: TOTAL 56 MAXPE 7 MAXPATCH 7 RefineTorusLB MEM: 0 MB
LDB: TIME 539.33 LOAD: AVG 0.0263534 MAX 0.165009  PROXIES: TOTAL 56 MAXPE 7 MAXPATCH 7 RefineTorusLB MEM: 0 MB
LDB: Reverting to original mapping
LDB: ============== END OF LOAD BALANCING =============== 539.33
Info: useSync: 0 useProxySync: 0
LDB: =============== DONE WITH MIGRATION ================ 539.33
WRITING COORDINATES TO DCD FILE MD.dcd AT STEP 155000
PRESSURE: 155000 -289.666 -101.765 -353.441 122.193 247.457 324.944 -127.458 241.786 688.563
GPRESSURE: 155000 -119.437 26.8614 -398.205 -218.695 180.699 181.291 -238.734 181.571 645.588
PRESSAVG: 155000 -388.602 4.17132 -11.8182 -16.3999 -285.861 -23.5837 35.361 14.7274 699.769
GPRESSAVG: 155000 -388.555 4.35433 -11.731 -16.7244 -285.836 -24.1681 35.8323 14.629 699.748
ENERGY:  155000         0.0000         0.0000         0.0000         0.0000          -5654.6080       425.3709         0.0000         0.0000       927.9111          -4301.3260       294.7892     -5229.2371     -4299.5046       296.7208            215.4515       235.6166     22548.0941         8.4357         8.4523

LDB: ============= START OF LOAD BALANCING ============== 546.225
LDB: ============== END OF LOAD BALANCING =============== 546.225
Info: useSync: 0 useProxySync: 0
LDB: =============== DONE WITH MIGRATION ================ 546.225
LDB: ============= START OF LOAD BALANCING ============== 546.386
LDB: TIME 546.386 LOAD: AVG 0.0239258 MAX 0.145845  PROXIES: TOTAL 56 MAXPE 7 MAXPATCH 7 None MEM: 0 MB
LDB: TIME 546.386 LOAD: AVG 0.0239258 MAX 0.145845  PROXIES: TOTAL 56 MAXPE 7 MAXPATCH 7 RefineTorusLB MEM: 0 MB
LDB: TIME 546.386 LOAD: AVG 0.0239258 MAX 0.145845  PROXIES: TOTAL 56 MAXPE 7 MAXPATCH 7 RefineTorusLB MEM: 0 MB
LDB: Reverting to original mapping
LDB: ============== END OF LOAD BALANCING =============== 546.386
Info: useSync: 0 useProxySync: 0
LDB: =============== DONE WITH MIGRATION ================ 546.386
LDB: ============= START OF LOAD BALANCING ============== 552.703
LDB: ============== END OF LOAD BALANCING =============== 552.703
Info: useSync: 0 useProxySync: 0
LDB: =============== DONE WITH MIGRATION ================ 552.704
LDB: ============= START OF LOAD BALANCING ============== 552.863
LDB: TIME 552.863 LOAD: AVG 0.0238248 MAX 0.146032  PROXIES: TOTAL 56 MAXPE 7 MAXPATCH 7 None MEM: 0 MB
LDB: TIME 552.863 LOAD: AVG 0.0238248 MAX 0.146032  PROXIES: TOTAL 56 MAXPE 7 MAXPATCH 7 RefineTorusLB MEM: 0 MB
LDB: TIME 552.863 LOAD: AVG 0.0238248 MAX 0.146032  PROXIES: TOTAL 56 MAXPE 7 MAXPATCH 7 RefineTorusLB MEM: 0 MB
LDB: Reverting to original mapping
LDB: ============== END OF LOAD BALANCING =============== 552.863
Info: useSync: 0 useProxySync: 0
LDB: =============== DONE WITH MIGRATION ================ 552.863
PRESSURE: 160000 212.977 127.072 -726.328 -123.69 493.233 -526.688 -382.687 -673.356 1472.2
GPRESSURE: 160000 97.4754 104.409 -969.431 -219.687 621.443 -739.866 -221.09 -283.497 1514.45
PRESSAVG: 160000 -258.26 58.4048 7.17043 41.8995 -236.776 29.8402 -22.2994 -182.153 800.512
GPRESSAVG: 160000 -258.4 57.7292 6.84658 42.1843 -236.631 30.7048 -22.6924 -182.191 800.358
ENERGY:  160000         0.0000         0.0000         0.0000         0.0000          -5707.0708       465.9133         0.0000         0.0000       909.5779          -4331.5796       288.9649     -5241.1575     -4329.4958       297.4374            726.1383       744.4556     22548.0941       101.8254       101.7759

WRITING COORDINATES TO DCD FILE MD.dcd AT STEP 160000
LDB: ============= START OF LOAD BALANCING ============== 560.275
LDB: ============== END OF LOAD BALANCING =============== 560.275
Info: useSync: 0 useProxySync: 0
LDB: =============== DONE WITH MIGRATION ================ 560.275
LDB: ============= START OF LOAD BALANCING ============== 560.469
LDB: TIME 560.469 LOAD: AVG 0.0268944 MAX 0.169476  PROXIES: TOTAL 56 MAXPE 7 MAXPATCH 7 None MEM: 0 MB
LDB: TIME 560.469 LOAD: AVG 0.0268944 MAX 0.169476  PROXIES: TOTAL 56 MAXPE 7 MAXPATCH 7 RefineTorusLB MEM: 0 MB
LDB: TIME 560.469 LOAD: AVG 0.0268944 MAX 0.169476  PROXIES: TOTAL 56 MAXPE 7 MAXPATCH 7 RefineTorusLB MEM: 0 MB
LDB: ============== END OF LOAD BALANCING =============== 560.469
Info: useSync: 0 useProxySync: 0
LDB: =============== DONE WITH MIGRATION ================ 560.469
LDB: ============= START OF LOAD BALANCING ============== 567.725
LDB: ============== END OF LOAD BALANCING =============== 567.725
Info: useSync: 0 useProxySync: 0
LDB: =============== DONE WITH MIGRATION ================ 567.725
LDB: ============= START OF LOAD BALANCING ============== 567.904
LDB: TIME 567.904 LOAD: AVG 0.0252009 MAX 0.156604  PROXIES: TOTAL 56 MAXPE 7 MAXPATCH 7 None MEM: 0 MB
LDB: TIME 567.904 LOAD: AVG 0.0252009 MAX 0.156604  PROXIES: TOTAL 56 MAXPE 7 MAXPATCH 7 RefineTorusLB MEM: 0 MB
LDB: TIME 567.904 LOAD: AVG 0.0252009 MAX 0.156604  PROXIES: TOTAL 56 MAXPE 7 MAXPATCH 7 RefineTorusLB MEM: 0 MB
LDB: Reverting to original mapping
LDB: ============== END OF LOAD BALANCING =============== 567.905
Info: useSync: 0 useProxySync: 0
LDB: =============== DONE WITH MIGRATION ================ 567.905
LDB: ============= START OF LOAD BALANCING ============== 574.532
LDB: ============== END OF LOAD BALANCING =============== 574.532
Info: useSync: 0 useProxySync: 0
LDB: =============== DONE WITH MIGRATION ================ 574.533
LDB: ============= START OF LOAD BALANCING ============== 574.693
LDB: TIME 574.693 LOAD: AVG 0.0241005 MAX 0.146701  PROXIES: TOTAL 56 MAXPE 7 MAXPATCH 7 None MEM: 0 MB
LDB: TIME 574.693 LOAD: AVG 0.0241005 MAX 0.146701  PROXIES: TOTAL 56 MAXPE 7 MAXPATCH 7 RefineTorusLB MEM: 0 MB
LDB: TIME 574.693 LOAD: AVG 0.0241005 MAX 0.146701  PROXIES: TOTAL 56 MAXPE 7 MAXPATCH 7 RefineTorusLB MEM: 0 MB
LDB: Reverting to original mapping
LDB: ============== END OF LOAD BALANCING =============== 574.694
Info: useSync: 0 useProxySync: 0
LDB: =============== DONE WITH MIGRATION ================ 574.694
WRITING COORDINATES TO DCD FILE MD.dcd AT STEP 165000
PRESSURE: 165000 -418.988 -109.333 251.922 341.022 563.445 132.616 481.317 -88.2695 1583.65
GPRESSURE: 165000 -392.091 -252.868 487.37 385.164 647.175 55.5593 334.987 -186.424 1528.23
PRESSAVG: 165000 -138.828 0.735423 -89.3351 18.4556 -197.333 -9.73203 -41.3057 -69.0403 1050.48
GPRESSAVG: 165000 -138.883 0.873994 -89.2873 18.6287 -197.258 -9.74905 -41.0449 -68.7894 1050.43
ENERGY:  165000         0.0000         0.0000         0.0000         0.0000          -5639.3261       416.3302         0.0000         0.0000       941.0419          -4281.9540       298.9608     -5222.9959     -4279.3729       297.3675            576.0364       594.4370     22548.0941       238.1067       238.0975

LDB: ============= START OF LOAD BALANCING ============== 581.282
LDB: ============== END OF LOAD BALANCING =============== 581.282
Info: useSync: 0 useProxySync: 0
LDB: =============== DONE WITH MIGRATION ================ 581.282
LDB: ============= START OF LOAD BALANCING ============== 581.462
LDB: TIME 581.463 LOAD: AVG 0.024518 MAX 0.146118  PROXIES: TOTAL 56 MAXPE 7 MAXPATCH 7 None MEM: 0 MB
LDB: TIME 581.463 LOAD: AVG 0.024518 MAX 0.146118  PROXIES: TOTAL 56 MAXPE 7 MAXPATCH 7 RefineTorusLB MEM: 0 MB
LDB: TIME 581.463 LOAD: AVG 0.024518 MAX 0.146118  PROXIES: TOTAL 56 MAXPE 7 MAXPATCH 7 RefineTorusLB MEM: 0 MB
LDB: Reverting to original mapping
LDB: ============== END OF LOAD BALANCING =============== 581.463
Info: useSync: 0 useProxySync: 0
LDB: =============== DONE WITH MIGRATION ================ 581.463
LDB: ============= START OF LOAD BALANCING ============== 587.978
LDB: ============== END OF LOAD BALANCING =============== 587.978
Info: useSync: 0 useProxySync: 0
LDB: =============== DONE WITH MIGRATION ================ 587.978
LDB: ============= START OF LOAD BALANCING ============== 588.138
LDB: TIME 588.138 LOAD: AVG 0.0239022 MAX 0.147026  PROXIES: TOTAL 56 MAXPE 7 MAXPATCH 7 None MEM: 0 MB
LDB: TIME 588.138 LOAD: AVG 0.0239022 MAX 0.147026  PROXIES: TOTAL 56 MAXPE 7 MAXPATCH 7 RefineTorusLB MEM: 0 MB
LDB: TIME 588.138 LOAD: AVG 0.0239022 MAX 0.147026  PROXIES: TOTAL 56 MAXPE 7 MAXPATCH 7 RefineTorusLB MEM: 0 MB
LDB: ============== END OF LOAD BALANCING =============== 588.138
Info: useSync: 0 useProxySync: 0
LDB: =============== DONE WITH MIGRATION ================ 588.138
WRITING COORDINATES TO DCD FILE MD.dcd AT STEP 170000
PRESSURE: 170000 -206.547 563.218 -379.663 447.184 157.974 -74.8568 -643.352 -326.409 102.458
GPRESSURE: 170000 -118.162 550.848 -643.161 328.026 148.571 60.2079 -559.231 -161.217 82.3657
PRESSAVG: 170000 -87.9519 -21.0781 -3.77018 7.49324 -125.245 -10.365 152.596 -4.69817 1055.03
GPRESSAVG: 170000 -87.9727 -21.1621 -3.94463 7.49481 -125.37 -10.2774 152.583 -4.61024 1055.18
ENERGY:  170000         0.0000         0.0000         0.0000         0.0000          -5599.8594       385.5000         0.0000         0.0000       945.6029          -4268.7565       300.4097     -5214.3594     -4266.4960       296.8165             17.9620        37.5917     22548.0941       280.6126       280.6138

LDB: ============= START OF LOAD BALANCING ============== 594.684
LDB: ============== END OF LOAD BALANCING =============== 594.684
Info: useSync: 0 useProxySync: 0
LDB: =============== DONE WITH MIGRATION ================ 594.684
LDB: ============= START OF LOAD BALANCING ============== 594.84
LDB: TIME 594.84 LOAD: AVG 0.0235524 MAX 0.144516  PROXIES: TOTAL 56 MAXPE 7 MAXPATCH 7 None MEM: 0 MB
LDB: TIME 594.84 LOAD: AVG 0.0235524 MAX 0.144516  PROXIES: TOTAL 56 MAXPE 7 MAXPATCH 7 RefineTorusLB MEM: 0 MB
LDB: TIME 594.84 LOAD: AVG 0.0235524 MAX 0.144516  PROXIES: TOTAL 56 MAXPE 7 MAXPATCH 7 RefineTorusLB MEM: 0 MB
LDB: Reverting to original mapping
LDB: ============== END OF LOAD BALANCING =============== 594.84
Info: useSync: 0 useProxySync: 0
LDB: =============== DONE WITH MIGRATION ================ 594.84
LDB: ============= START OF LOAD BALANCING ============== 601.63
LDB: ============== END OF LOAD BALANCING =============== 601.63
Info: useSync: 0 useProxySync: 0
LDB: =============== DONE WITH MIGRATION ================ 601.63
LDB: ============= START OF LOAD BALANCING ============== 601.788
LDB: TIME 601.788 LOAD: AVG 0.0238829 MAX 0.145759  PROXIES: TOTAL 56 MAXPE 7 MAXPATCH 7 None MEM: 0 MB
LDB: TIME 601.788 LOAD: AVG 0.0238829 MAX 0.145759  PROXIES: TOTAL 56 MAXPE 7 MAXPATCH 7 RefineTorusLB MEM: 0 MB
LDB: TIME 601.788 LOAD: AVG 0.0238829 MAX 0.145759  PROXIES: TOTAL 56 MAXPE 7 MAXPATCH 7 RefineTorusLB MEM: 0 MB
LDB: ============== END OF LOAD BALANCING =============== 601.788
Info: useSync: 0 useProxySync: 0
LDB: =============== DONE WITH MIGRATION ================ 601.788
LDB: ============= START OF LOAD BALANCING ============== 608.286
LDB: ============== END OF LOAD BALANCING =============== 608.286
Info: useSync: 0 useProxySync: 0
LDB: =============== DONE WITH MIGRATION ================ 608.286
LDB: ============= START OF LOAD BALANCING ============== 608.475
LDB: TIME 608.475 LOAD: AVG 0.0240279 MAX 0.147454  PROXIES: TOTAL 56 MAXPE 7 MAXPATCH 7 None MEM: 0 MB
LDB: TIME 608.475 LOAD: AVG 0.0240279 MAX 0.147454  PROXIES: TOTAL 56 MAXPE 7 MAXPATCH 7 RefineTorusLB MEM: 0 MB
LDB: TIME 608.476 LOAD: AVG 0.0240279 MAX 0.147454  PROXIES: TOTAL 56 MAXPE 7 MAXPATCH 7 RefineTorusLB MEM: 0 MB
LDB: Reverting to original mapping
LDB: ============== END OF LOAD BALANCING =============== 608.476
Info: useSync: 0 useProxySync: 0
LDB: =============== DONE WITH MIGRATION ================ 608.476
WRITING COORDINATES TO DCD FILE MD.dcd AT STEP 175000
PRESSURE: 175000 -696.776 -260.845 -10.3527 -624.646 -650.496 831.475 -12.0509 269.9 1066.96
GPRESSURE: 175000 -490.809 -172.851 -356.365 -321.272 -625.247 570.759 43.5382 370.591 914.807
PRESSAVG: 175000 -229.385 8.33653 -11.5938 -66.8051 -214.275 35.8411 107.412 46.7061 825.523
GPRESSAVG: 175000 -229.451 8.2469 -10.9653 -67.6641 -214.341 35.5741 106.622 46.1871 825.666
ENERGY:  175000         0.0000         0.0000         0.0000         0.0000          -5538.4907       366.6554         0.0000         0.0000       924.8687          -4246.9666       293.8227     -5171.8353     -4244.9813       300.6397            -93.4373       -67.0827     22548.0941       127.2879       127.2911

LDB: ============= START OF LOAD BALANCING ============== 615.363
LDB: ============== END OF LOAD BALANCING =============== 615.364
Info: useSync: 0 useProxySync: 0
LDB: =============== DONE WITH MIGRATION ================ 615.364
LDB: ============= START OF LOAD BALANCING ============== 615.572
LDB: TIME 615.572 LOAD: AVG 0.0260997 MAX 0.148173  PROXIES: TOTAL 56 MAXPE 7 MAXPATCH 7 None MEM: 0 MB
LDB: TIME 615.572 LOAD: AVG 0.0260997 MAX 0.148173  PROXIES: TOTAL 56 MAXPE 7 MAXPATCH 7 RefineTorusLB MEM: 0 MB
LDB: TIME 615.572 LOAD: AVG 0.0260997 MAX 0.148173  PROXIES: TOTAL 56 MAXPE 7 MAXPATCH 7 RefineTorusLB MEM: 0 MB
LDB: ============== END OF LOAD BALANCING =============== 615.573
Info: useSync: 0 useProxySync: 0
LDB: =============== DONE WITH MIGRATION ================ 615.573
LDB: ============= START OF LOAD BALANCING ============== 622.191
LDB: ============== END OF LOAD BALANCING =============== 622.191
Info: useSync: 0 useProxySync: 0
LDB: =============== DONE WITH MIGRATION ================ 622.191
LDB: ============= START OF LOAD BALANCING ============== 622.354
LDB: TIME 622.355 LOAD: AVG 0.0239636 MAX 0.145134  PROXIES: TOTAL 56 MAXPE 7 MAXPATCH 7 None MEM: 0 MB
LDB: TIME 622.355 LOAD: AVG 0.0239636 MAX 0.145134  PROXIES: TOTAL 56 MAXPE 7 MAXPATCH 7 RefineTorusLB MEM: 0 MB
LDB: TIME 622.355 LOAD: AVG 0.0239636 MAX 0.145134  PROXIES: TOTAL 56 MAXPE 7 MAXPATCH 7 RefineTorusLB MEM: 0 MB
LDB: Reverting to original mapping
LDB: ============== END OF LOAD BALANCING =============== 622.355
Info: useSync: 0 useProxySync: 0
LDB: =============== DONE WITH MIGRATION ================ 622.355
WRITING COORDINATES TO DCD FILE MD.dcd AT STEP 180000
PRESSURE: 180000 -448.801 -14.4733 197.171 267.448 -216.328 -72.2199 815.869 159.468 186.084
GPRESSURE: 180000 -372.495 -206.361 28.3783 455.542 -379.82 145.503 1032.71 -246.205 325.721
PRESSAVG: 180000 -288.29 9.15313 -57.4463 -14.6958 -232.489 23.2574 140.926 -70.9191 1032.76
GPRESSAVG: 180000 -288.439 9.11075 -57.349 -14.5453 -232.314 23.6619 141.343 -71.0095 1032.74
ENERGY:  180000         0.0000         0.0000         0.0000         0.0000          -5542.9215       368.2728         0.0000         0.0000       940.6030          -4234.0457       298.8213     -5174.6487     -4232.8227       303.2154           -159.6818      -142.1977     22548.0941       170.6613       170.6629

LDB: ============= START OF LOAD BALANCING ============== 629.145
LDB: ============== END OF LOAD BALANCING =============== 629.146
Info: useSync: 0 useProxySync: 0
LDB: =============== DONE WITH MIGRATION ================ 629.146
LDB: ============= START OF LOAD BALANCING ============== 629.383
LDB: TIME 629.383 LOAD: AVG 0.0265404 MAX 0.152937  PROXIES: TOTAL 56 MAXPE 7 MAXPATCH 7 None MEM: 0 MB
LDB: TIME 629.383 LOAD: AVG 0.0265404 MAX 0.152937  PROXIES: TOTAL 56 MAXPE 7 MAXPATCH 7 RefineTorusLB MEM: 0 MB
LDB: TIME 629.384 LOAD: AVG 0.0265404 MAX 0.152937  PROXIES: TOTAL 56 MAXPE 7 MAXPATCH 7 RefineTorusLB MEM: 0 MB
LDB: Reverting to original mapping
LDB: ============== END OF LOAD BALANCING =============== 629.384
Info: useSync: 0 useProxySync: 0
LDB: =============== DONE WITH MIGRATION ================ 629.384
LDB: ============= START OF LOAD BALANCING ============== 635.994
LDB: ============== END OF LOAD BALANCING =============== 635.995
Info: useSync: 0 useProxySync: 0
LDB: =============== DONE WITH MIGRATION ================ 635.995
LDB: ============= START OF LOAD BALANCING ============== 636.156
LDB: TIME 636.156 LOAD: AVG 0.0236603 MAX 0.146563  PROXIES: TOTAL 56 MAXPE 7 MAXPATCH 7 None MEM: 0 MB
LDB: TIME 636.156 LOAD: AVG 0.0236603 MAX 0.146563  PROXIES: TOTAL 56 MAXPE 7 MAXPATCH 7 RefineTorusLB MEM: 0 MB
LDB: TIME 636.156 LOAD: AVG 0.0236603 MAX 0.146563  PROXIES: TOTAL 56 MAXPE 7 MAXPATCH 7 RefineTorusLB MEM: 0 MB
LDB: ============== END OF LOAD BALANCING =============== 636.157
Info: useSync: 0 useProxySync: 0
LDB: =============== DONE WITH MIGRATION ================ 636.157
LDB: ============= START OF LOAD BALANCING ============== 643.249
LDB: ============== END OF LOAD BALANCING =============== 643.249
Info: useSync: 0 useProxySync: 0
LDB: =============== DONE WITH MIGRATION ================ 643.249
LDB: ============= START OF LOAD BALANCING ============== 643.437
LDB: TIME 643.437 LOAD: AVG 0.0271438 MAX 0.170406  PROXIES: TOTAL 56 MAXPE 7 MAXPATCH 7 None MEM: 0 MB
LDB: TIME 643.437 LOAD: AVG 0.0271438 MAX 0.170406  PROXIES: TOTAL 56 MAXPE 7 MAXPATCH 7 RefineTorusLB MEM: 0 MB
LDB: TIME 643.437 LOAD: AVG 0.0271438 MAX 0.170406  PROXIES: TOTAL 56 MAXPE 7 MAXPATCH 7 RefineTorusLB MEM: 0 MB
LDB: ============== END OF LOAD BALANCING =============== 643.437
Info: useSync: 0 useProxySync: 0
LDB: =============== DONE WITH MIGRATION ================ 643.437
WRITING COORDINATES TO DCD FILE MD.dcd AT STEP 185000
PRESSURE: 185000 -450.186 -639.496 57.7199 -602.361 0.443617 324.179 429.892 264.309 1692.75
GPRESSURE: 185000 -487.977 -494.337 179.244 -411.103 92.55 540.565 221.374 149.032 1703.3
PRESSAVG: 185000 -355.184 -34.3266 -36.6378 32.9425 -290.891 -2.4415 185.984 -23.6018 863.836
GPRESSAVG: 185000 -354.852 -34.2234 -36.8562 33.0797 -291.232 -2.507 185.531 -23.5551 864.34
ENERGY:  185000         0.0000         0.0000         0.0000         0.0000          -5609.1142       411.3302         0.0000         0.0000       922.0736          -4275.7104       292.9347     -5197.7840     -4273.0672       299.2999            414.3349       435.9564     22548.0941        72.5874        72.7520

LDB: ============= START OF LOAD BALANCING ============== 651.181
LDB: ============== END OF LOAD BALANCING =============== 651.181
Info: useSync: 0 useProxySync: 0
LDB: =============== DONE WITH MIGRATION ================ 651.181
LDB: ============= START OF LOAD BALANCING ============== 651.595
LDB: TIME 651.606 LOAD: AVG 0.0260992 MAX 0.157422  PROXIES: TOTAL 56 MAXPE 7 MAXPATCH 7 None MEM: 0 MB
LDB: TIME 651.606 LOAD: AVG 0.0260992 MAX 0.157422  PROXIES: TOTAL 56 MAXPE 7 MAXPATCH 7 RefineTorusLB MEM: 0 MB
LDB: TIME 651.606 LOAD: AVG 0.0260992 MAX 0.157422  PROXIES: TOTAL 56 MAXPE 7 MAXPATCH 7 RefineTorusLB MEM: 0 MB
LDB: ============== END OF LOAD BALANCING =============== 651.618
Info: useSync: 0 useProxySync: 0
LDB: =============== DONE WITH MIGRATION ================ 651.694
LDB: ============= START OF LOAD BALANCING ============== 658.619
LDB: ============== END OF LOAD BALANCING =============== 658.619
Info: useSync: 0 useProxySync: 0
LDB: =============== DONE WITH MIGRATION ================ 658.619
LDB: ============= START OF LOAD BALANCING ============== 658.777
LDB: TIME 658.777 LOAD: AVG 0.0240745 MAX 0.145881  PROXIES: TOTAL 56 MAXPE 7 MAXPATCH 7 None MEM: 0 MB
LDB: TIME 658.777 LOAD: AVG 0.0240745 MAX 0.145881  PROXIES: TOTAL 56 MAXPE 7 MAXPATCH 7 RefineTorusLB MEM: 0 MB
LDB: TIME 658.777 LOAD: AVG 0.0240745 MAX 0.145881  PROXIES: TOTAL 56 MAXPE 7 MAXPATCH 7 RefineTorusLB MEM: 0 MB
LDB: ============== END OF LOAD BALANCING =============== 658.777
Info: useSync: 0 useProxySync: 0
LDB: =============== DONE WITH MIGRATION ================ 658.777
PRESSURE: 190000 -498.875 -329.109 -325.625 -302.313 -305.134 -310.471 -145.488 -327.325 156.631
GPRESSURE: 190000 -349.582 -218.117 -470.392 14.1811 -320.967 -333.067 126.068 -311.495 103.914
PRESSAVG: 190000 -251.299 -1.1134 9.19906 -33.1726 -142.561 -17.9995 228.904 -153.107 924.77
GPRESSAVG: 190000 -251.516 -1.05081 9.35837 -32.6233 -142.627 -18.3706 229.085 -153.073 924.441
ENERGY:  190000         0.0000         0.0000         0.0000         0.0000          -5626.0141       381.6138         0.0000         0.0000       925.5223          -4318.8780       294.0303     -5244.4003     -4317.5219       301.1210           -215.7928      -188.8784     22548.0941       176.9699       176.7658

WRITING COORDINATES TO DCD FILE MD.dcd AT STEP 190000
LDB: ============= START OF LOAD BALANCING ============== 665.31
LDB: ============== END OF LOAD BALANCING =============== 665.31
Info: useSync: 0 useProxySync: 0
LDB: =============== DONE WITH MIGRATION ================ 665.31
LDB: ============= START OF LOAD BALANCING ============== 665.569
LDB: TIME 665.569 LOAD: AVG 0.0293608 MAX 0.173716  PROXIES: TOTAL 56 MAXPE 7 MAXPATCH 7 None MEM: 0 MB
LDB: TIME 665.569 LOAD: AVG 0.0293608 MAX 0.173716  PROXIES: TOTAL 56 MAXPE 7 MAXPATCH 7 RefineTorusLB MEM: 0 MB
LDB: TIME 665.569 LOAD: AVG 0.0293608 MAX 0.173716  PROXIES: TOTAL 56 MAXPE 7 MAXPATCH 7 RefineTorusLB MEM: 0 MB
LDB: ============== END OF LOAD BALANCING =============== 665.569
Info: useSync: 0 useProxySync: 0
LDB: =============== DONE WITH MIGRATION ================ 665.569
LDB: ============= START OF LOAD BALANCING ============== 672.357
LDB: ============== END OF LOAD BALANCING =============== 672.358
Info: useSync: 0 useProxySync: 0
LDB: =============== DONE WITH MIGRATION ================ 672.358
LDB: ============= START OF LOAD BALANCING ============== 672.516
LDB: TIME 672.517 LOAD: AVG 0.0234673 MAX 0.144901  PROXIES: TOTAL 56 MAXPE 7 MAXPATCH 7 None MEM: 0 MB
LDB: TIME 672.517 LOAD: AVG 0.0234673 MAX 0.144901  PROXIES: TOTAL 56 MAXPE 7 MAXPATCH 7 RefineTorusLB MEM: 0 MB
LDB: TIME 672.517 LOAD: AVG 0.0234673 MAX 0.144901  PROXIES: TOTAL 56 MAXPE 7 MAXPATCH 7 RefineTorusLB MEM: 0 MB
LDB: ============== END OF LOAD BALANCING =============== 672.517
Info: useSync: 0 useProxySync: 0
LDB: =============== DONE WITH MIGRATION ================ 672.517
LDB: ============= START OF LOAD BALANCING ============== 678.97
LDB: ============== END OF LOAD BALANCING =============== 678.97
Info: useSync: 0 useProxySync: 0
LDB: =============== DONE WITH MIGRATION ================ 678.971
LDB: ============= START OF LOAD BALANCING ============== 679.13
LDB: TIME 679.13 LOAD: AVG 0.0237145 MAX 0.144908  PROXIES: TOTAL 56 MAXPE 7 MAXPATCH 7 None MEM: 0 MB
LDB: TIME 679.13 LOAD: AVG 0.0237145 MAX 0.144908  PROXIES: TOTAL 56 MAXPE 7 MAXPATCH 7 RefineTorusLB MEM: 0 MB
LDB: TIME 679.13 LOAD: AVG 0.0237145 MAX 0.144908  PROXIES: TOTAL 56 MAXPE 7 MAXPATCH 7 RefineTorusLB MEM: 0 MB
LDB: Reverting to original mapping
LDB: ============== END OF LOAD BALANCING =============== 679.13
Info: useSync: 0 useProxySync: 0
LDB: =============== DONE WITH MIGRATION ================ 679.131
WRITING COORDINATES TO DCD FILE MD.dcd AT STEP 195000
PRESSURE: 195000 -152.69 270.067 231.313 422.854 -677.361 -335.254 398.997 -58.5219 1049.37
GPRESSURE: 195000 -52.9393 361.722 -9.1911 273.914 -673.882 -228.341 499.185 -326.957 1011.73
PRESSAVG: 195000 -258.07 -40.1575 -49.3439 10.5385 -246.059 3.57386 225.365 -92.6697 904.564
GPRESSAVG: 195000 -258.241 -40.1161 -49.3618 10.3715 -246.104 3.88072 225.209 -93.1454 904.444
ENERGY:  195000         0.0000         0.0000         0.0000         0.0000          -5624.9750       386.3180         0.0000         0.0000       969.1350          -4269.5220       307.8857     -5238.6570     -4267.2795       297.0704             73.1047        94.9710     22548.0941       133.4786       133.3663

LDB: ============= START OF LOAD BALANCING ============== 686.67
LDB: ============== END OF LOAD BALANCING =============== 686.671
Info: useSync: 0 useProxySync: 0
LDB: =============== DONE WITH MIGRATION ================ 686.671
LDB: ============= START OF LOAD BALANCING ============== 686.849
LDB: TIME 686.849 LOAD: AVG 0.0239094 MAX 0.146493  PROXIES: TOTAL 56 MAXPE 7 MAXPATCH 7 None MEM: 0 MB
LDB: TIME 686.849 LOAD: AVG 0.0239094 MAX 0.146493  PROXIES: TOTAL 56 MAXPE 7 MAXPATCH 7 RefineTorusLB MEM: 0 MB
LDB: TIME 686.849 LOAD: AVG 0.0239094 MAX 0.146493  PROXIES: TOTAL 56 MAXPE 7 MAXPATCH 7 RefineTorusLB MEM: 0 MB
LDB: Reverting to original mapping
LDB: ============== END OF LOAD BALANCING =============== 686.849
Info: useSync: 0 useProxySync: 0
LDB: =============== DONE WITH MIGRATION ================ 686.85
LDB: ============= START OF LOAD BALANCING ============== 693.589
LDB: ============== END OF LOAD BALANCING =============== 693.589
Info: useSync: 0 useProxySync: 0
LDB: =============== DONE WITH MIGRATION ================ 693.589
LDB: ============= START OF LOAD BALANCING ============== 693.747
LDB: TIME 693.748 LOAD: AVG 0.0241256 MAX 0.146351  PROXIES: TOTAL 56 MAXPE 7 MAXPATCH 7 None MEM: 0 MB
LDB: TIME 693.748 LOAD: AVG 0.0241256 MAX 0.146351  PROXIES: TOTAL 56 MAXPE 7 MAXPATCH 7 RefineTorusLB MEM: 0 MB
LDB: TIME 693.748 LOAD: AVG 0.0241256 MAX 0.146351  PROXIES: TOTAL 56 MAXPE 7 MAXPATCH 7 RefineTorusLB MEM: 0 MB
LDB: ============== END OF LOAD BALANCING =============== 693.748
Info: useSync: 0 useProxySync: 0
LDB: =============== DONE WITH MIGRATION ================ 693.748
WRITING COORDINATES TO DCD FILE MD.dcd AT STEP 200000
WRITING COORDINATES TO RESTART FILE AT STEP 200000
FINISHED WRITING RESTART COORDINATES
WRITING VELOCITIES TO RESTART FILE AT STEP 200000
FINISHED WRITING RESTART VELOCITIES
The last velocity output (seq=200000) takes 0.000 seconds, 0.000 MB of memory in use
PRESSURE: 200000 -329.292 73.6875 -199.947 272.825 -1010.87 169.463 -371.1 688.221 1569.82
GPRESSURE: 200000 -496.289 -72.4727 -134.442 70.0982 -879.139 107.383 -138.257 672.918 1670.68
PRESSAVG: 200000 -299.841 -15.437 4.54473 51.5819 -138.898 -35.0583 261.416 -107.99 864.719
GPRESSAVG: 200000 -299.586 -15.0445 4.65078 51.5386 -138.919 -34.8856 261.112 -107.507 864.989
TIMING: 200000  CPU: 681.006, 0.00338611/step  Wall: 699.863, 0.003498/step, 0.2915 hours remaining, 0.000000 MB of memory in use.
PERFORMANCE: 200000  averaging 49.3827 ns/day, 0.0034992 sec/step with standard deviation 8.27483e-05
ETITLE:      TS           BOND          ANGLE          DIHED          IMPRP               ELECT            VDW       BOUNDARY           MISC        KINETIC               TOTAL           TEMP      POTENTIAL         TOTAL3        TEMPAVG            PRESSURE      GPRESSURE         VOLUME       PRESSAVG      GPRESSAVG

ENERGY:  200000         0.0000         0.0000         0.0000         0.0000          -5594.6805       374.9457         0.0000         0.0000       928.4917          -4291.2431       294.9737     -5219.7348     -4288.5779       297.5737             76.5496        98.4178     22548.0941       141.9937       142.1616

WRITING EXTENDED SYSTEM TO RESTART FILE AT STEP 200000
LDB: ============= START OF LOAD BALANCING ============== 700.617
LDB: ============== END OF LOAD BALANCING =============== 700.617
Info: useSync: 0 useProxySync: 0
LDB: =============== DONE WITH MIGRATION ================ 700.617
LDB: ============= START OF LOAD BALANCING ============== 700.775
LDB: TIME 700.776 LOAD: AVG 0.0238712 MAX 0.145567  PROXIES: TOTAL 56 MAXPE 7 MAXPATCH 7 None MEM: 0 MB
LDB: TIME 700.776 LOAD: AVG 0.0238712 MAX 0.145567  PROXIES: TOTAL 56 MAXPE 7 MAXPATCH 7 RefineTorusLB MEM: 0 MB
LDB: TIME 700.776 LOAD: AVG 0.0238712 MAX 0.145567  PROXIES: TOTAL 56 MAXPE 7 MAXPATCH 7 RefineTorusLB MEM: 0 MB
LDB: Reverting to original mapping
LDB: ============== END OF LOAD BALANCING =============== 700.776
Info: useSync: 0 useProxySync: 0
LDB: =============== DONE WITH MIGRATION ================ 700.776
LDB: ============= START OF LOAD BALANCING ============== 707.239
LDB: ============== END OF LOAD BALANCING =============== 707.24
Info: useSync: 0 useProxySync: 0
LDB: =============== DONE WITH MIGRATION ================ 707.24
LDB: ============= START OF LOAD BALANCING ============== 707.398
LDB: TIME 707.398 LOAD: AVG 0.0239174 MAX 0.147423  PROXIES: TOTAL 56 MAXPE 7 MAXPATCH 7 None MEM: 0 MB
LDB: TIME 707.398 LOAD: AVG 0.0239174 MAX 0.147423  PROXIES: TOTAL 56 MAXPE 7 MAXPATCH 7 RefineTorusLB MEM: 0 MB
LDB: TIME 707.398 LOAD: AVG 0.0239174 MAX 0.147423  PROXIES: TOTAL 56 MAXPE 7 MAXPATCH 7 RefineTorusLB MEM: 0 MB
LDB: ============== END OF LOAD BALANCING =============== 707.398
Info: useSync: 0 useProxySync: 0
LDB: =============== DONE WITH MIGRATION ================ 707.398
LDB: ============= START OF LOAD BALANCING ============== 713.852
LDB: ============== END OF LOAD BALANCING =============== 713.852
Info: useSync: 0 useProxySync: 0
LDB: =============== DONE WITH MIGRATION ================ 713.852
LDB: ============= START OF LOAD BALANCING ============== 714.038
LDB: TIME 714.039 LOAD: AVG 0.0270398 MAX 0.170013  PROXIES: TOTAL 56 MAXPE 7 MAXPATCH 7 None MEM: 0 MB
LDB: TIME 714.039 LOAD: AVG 0.0270398 MAX 0.170013  PROXIES: TOTAL 56 MAXPE 7 MAXPATCH 7 RefineTorusLB MEM: 0 MB
LDB: TIME 714.039 LOAD: AVG 0.0270398 MAX 0.170013  PROXIES: TOTAL 56 MAXPE 7 MAXPATCH 7 RefineTorusLB MEM: 0 MB
LDB: ============== END OF LOAD BALANCING =============== 714.039
Info: useSync: 0 useProxySync: 0
LDB: =============== DONE WITH MIGRATION ================ 714.039
WRITING COORDINATES TO DCD FILE MD.dcd AT STEP 205000
PRESSURE: 205000 -145.435 -94.9149 -142.921 -110.959 -1255.74 57.5844 381.382 4.69532 1333.78
GPRESSURE: 205000 -39.7368 -45.4683 -278.042 -769.45 -1303.55 13.8859 471.923 -134.203 1316.47
PRESSAVG: 205000 -286.968 17.3698 80.693 60.2817 -174.111 -15.1385 239.857 -63.2151 1038.43
GPRESSAVG: 205000 -287.045 17.4433 80.6748 60.2942 -174.011 -15.5239 240.055 -63.2411 1038.41
ENERGY:  205000         0.0000         0.0000         0.0000         0.0000          -5601.9809       381.2030         0.0000         0.0000       932.2006          -4288.5772       296.1520     -5220.7779     -4286.3141       297.7651            -22.4647        -8.9391     22548.0941       192.4500       192.4497

LDB: ============= START OF LOAD BALANCING ============== 722.395
LDB: ============== END OF LOAD BALANCING =============== 722.395
Info: useSync: 0 useProxySync: 0
LDB: =============== DONE WITH MIGRATION ================ 722.395
LDB: ============= START OF LOAD BALANCING ============== 722.573
LDB: TIME 722.573 LOAD: AVG 0.0249611 MAX 0.147876  PROXIES: TOTAL 56 MAXPE 7 MAXPATCH 7 None MEM: 0 MB
LDB: TIME 722.573 LOAD: AVG 0.0249611 MAX 0.147876  PROXIES: TOTAL 56 MAXPE 7 MAXPATCH 7 RefineTorusLB MEM: 0 MB
LDB: TIME 722.573 LOAD: AVG 0.0249611 MAX 0.147876  PROXIES: TOTAL 56 MAXPE 7 MAXPATCH 7 RefineTorusLB MEM: 0 MB
LDB: ============== END OF LOAD BALANCING =============== 722.573
Info: useSync: 0 useProxySync: 0
LDB: =============== DONE WITH MIGRATION ================ 722.574
LDB: ============= START OF LOAD BALANCING ============== 729.047
LDB: ============== END OF LOAD BALANCING =============== 729.047
Info: useSync: 0 useProxySync: 0
LDB: =============== DONE WITH MIGRATION ================ 729.047
LDB: ============= START OF LOAD BALANCING ============== 729.204
LDB: TIME 729.204 LOAD: AVG 0.0241517 MAX 0.146594  PROXIES: TOTAL 56 MAXPE 7 MAXPATCH 7 None MEM: 0 MB
LDB: TIME 729.204 LOAD: AVG 0.0241517 MAX 0.146594  PROXIES: TOTAL 56 MAXPE 7 MAXPATCH 7 RefineTorusLB MEM: 0 MB
LDB: TIME 729.204 LOAD: AVG 0.0241517 MAX 0.146594  PROXIES: TOTAL 56 MAXPE 7 MAXPATCH 7 RefineTorusLB MEM: 0 MB
LDB: ============== END OF LOAD BALANCING =============== 729.204
Info: useSync: 0 useProxySync: 0
LDB: =============== DONE WITH MIGRATION ================ 729.204
WRITING COORDINATES TO DCD FILE MD.dcd AT STEP 210000
PRESSURE: 210000 -145.194 239.263 -512.612 -119.269 -630.347 144.663 -131.125 -388.34 -317.7
GPRESSURE: 210000 -133.276 598.686 -549.582 -193.435 -549.858 275.096 403.178 -684.049 -322.8
PRESSAVG: 210000 -229.411 -20.9695 46.511 -0.683063 -263.033 82.8313 290.199 -54.4946 888.688
GPRESSAVG: 210000 -229.621 -21.1604 46.3164 -0.848987 -263.239 82.7974 290.145 -54.2662 888.575
ENERGY:  210000         0.0000         0.0000         0.0000         0.0000          -5491.4824       331.6158         0.0000         0.0000       932.9365          -4226.9301       296.3857     -5159.8667     -4224.0526       302.9484           -364.4136      -335.3110     22548.0941       132.0811       131.9048

LDB: ============= START OF LOAD BALANCING ============== 735.782
LDB: ============== END OF LOAD BALANCING =============== 735.782
Info: useSync: 0 useProxySync: 0
LDB: =============== DONE WITH MIGRATION ================ 735.782
LDB: ============= START OF LOAD BALANCING ============== 735.944
LDB: TIME 735.944 LOAD: AVG 0.0243128 MAX 0.146548  PROXIES: TOTAL 56 MAXPE 7 MAXPATCH 7 None MEM: 0 MB
LDB: TIME 735.944 LOAD: AVG 0.0243128 MAX 0.146548  PROXIES: TOTAL 56 MAXPE 7 MAXPATCH 7 RefineTorusLB MEM: 0 MB
LDB: TIME 735.944 LOAD: AVG 0.0243128 MAX 0.146548  PROXIES: TOTAL 56 MAXPE 7 MAXPATCH 7 RefineTorusLB MEM: 0 MB
LDB: ============== END OF LOAD BALANCING =============== 735.944
Info: useSync: 0 useProxySync: 0
LDB: =============== DONE WITH MIGRATION ================ 735.944
LDB: ============= START OF LOAD BALANCING ============== 743.23
LDB: ============== END OF LOAD BALANCING =============== 743.23
Info: useSync: 0 useProxySync: 0
LDB: =============== DONE WITH MIGRATION ================ 743.23
LDB: ============= START OF LOAD BALANCING ============== 743.388
LDB: TIME 743.388 LOAD: AVG 0.024035 MAX 0.146884  PROXIES: TOTAL 56 MAXPE 7 MAXPATCH 7 None MEM: 0 MB
LDB: TIME 743.388 LOAD: AVG 0.024035 MAX 0.146884  PROXIES: TOTAL 56 MAXPE 7 MAXPATCH 7 RefineTorusLB MEM: 0 MB
LDB: TIME 743.388 LOAD: AVG 0.024035 MAX 0.146884  PROXIES: TOTAL 56 MAXPE 7 MAXPATCH 7 RefineTorusLB MEM: 0 MB
LDB: ============== END OF LOAD BALANCING =============== 743.388
Info: useSync: 0 useProxySync: 0
LDB: =============== DONE WITH MIGRATION ================ 743.388
LDB: ============= START OF LOAD BALANCING ============== 749.976
LDB: ============== END OF LOAD BALANCING =============== 749.979
Info: useSync: 0 useProxySync: 0
LDB: =============== DONE WITH MIGRATION ================ 749.991
LDB: ============= START OF LOAD BALANCING ============== 750.233
LDB: TIME 750.233 LOAD: AVG 0.0258313 MAX 0.154951  PROXIES: TOTAL 56 MAXPE 7 MAXPATCH 7 None MEM: 0 MB
LDB: TIME 750.233 LOAD: AVG 0.0258313 MAX 0.154951  PROXIES: TOTAL 56 MAXPE 7 MAXPATCH 7 RefineTorusLB MEM: 0 MB
LDB: TIME 750.233 LOAD: AVG 0.0258313 MAX 0.154951  PROXIES: TOTAL 56 MAXPE 7 MAXPATCH 7 RefineTorusLB MEM: 0 MB
LDB: Reverting to original mapping
LDB: ============== END OF LOAD BALANCING =============== 750.234
Info: useSync: 0 useProxySync: 0
LDB: =============== DONE WITH MIGRATION ================ 750.234
WRITING COORDINATES TO DCD FILE MD.dcd AT STEP 215000
PRESSURE: 215000 578.355 -195.281 -257.351 159.629 -500.377 13.7621 -26.4455 -232.261 509.465
GPRESSURE: 215000 392.716 -419.078 -73.9914 4.58717 -356.496 -18.0944 -86.6258 -120.063 614.135
PRESSAVG: 215000 -110.35 44.2107 -47.1346 20.2711 -124.683 -34.7079 144.791 -74.724 924.515
GPRESSAVG: 215000 -109.849 43.8566 -47.3086 20.4295 -124.476 -34.5309 144.826 -74.5933 924.479
ENERGY:  215000         0.0000         0.0000         0.0000         0.0000          -5592.4811       403.8600         0.0000         0.0000       903.1418          -4285.4793       286.9202     -5188.6211     -4284.9241       296.4811            195.8141       216.7850     22548.0941       229.8274       230.0513

LDB: ============= START OF LOAD BALANCING ============== 757.541
LDB: ============== END OF LOAD BALANCING =============== 757.541
Info: useSync: 0 useProxySync: 0
LDB: =============== DONE WITH MIGRATION ================ 757.541
LDB: ============= START OF LOAD BALANCING ============== 757.702
LDB: TIME 757.702 LOAD: AVG 0.0239448 MAX 0.146623  PROXIES: TOTAL 56 MAXPE 7 MAXPATCH 7 None MEM: 0 MB
LDB: TIME 757.703 LOAD: AVG 0.0239448 MAX 0.146623  PROXIES: TOTAL 56 MAXPE 7 MAXPATCH 7 RefineTorusLB MEM: 0 MB
LDB: TIME 757.703 LOAD: AVG 0.0239448 MAX 0.146623  PROXIES: TOTAL 56 MAXPE 7 MAXPATCH 7 RefineTorusLB MEM: 0 MB
LDB: ============== END OF LOAD BALANCING =============== 757.703
Info: useSync: 0 useProxySync: 0
LDB: =============== DONE WITH MIGRATION ================ 757.703
LDB: ============= START OF LOAD BALANCING ============== 764.947
LDB: ============== END OF LOAD BALANCING =============== 764.947
Info: useSync: 0 useProxySync: 0
LDB: =============== DONE WITH MIGRATION ================ 764.947
LDB: ============= START OF LOAD BALANCING ============== 765.109
LDB: TIME 765.109 LOAD: AVG 0.0239824 MAX 0.146563  PROXIES: TOTAL 56 MAXPE 7 MAXPATCH 7 None MEM: 0 MB
LDB: TIME 765.109 LOAD: AVG 0.0239824 MAX 0.146563  PROXIES: TOTAL 56 MAXPE 7 MAXPATCH 7 RefineTorusLB MEM: 0 MB
LDB: TIME 765.109 LOAD: AVG 0.0239824 MAX 0.146563  PROXIES: TOTAL 56 MAXPE 7 MAXPATCH 7 RefineTorusLB MEM: 0 MB
LDB: Reverting to original mapping
LDB: ============== END OF LOAD BALANCING =============== 765.109
Info: useSync: 0 useProxySync: 0
LDB: =============== DONE WITH MIGRATION ================ 765.109
WRITING COORDINATES TO DCD FILE MD.dcd AT STEP 220000
PRESSURE: 220000 -324.113 -215.374 621.345 -696.661 109.68 91.853 1297.61 106.415 752.456
GPRESSURE: 220000 -65.0905 96.5569 312.68 -644.052 -27.0859 -4.84755 1477.29 331.65 678.588
PRESSAVG: 220000 -150.844 90.7318 33.3471 116.918 -261.923 31.2884 306.411 -136.108 824.627
GPRESSAVG: 220000 -150.803 91.349 33.1697 116.695 -261.745 31.5371 306.262 -136.175 824.874
ENERGY:  220000         0.0000         0.0000         0.0000         0.0000          -5546.9729       381.5451         0.0000         0.0000       955.7053          -4209.7225       303.6192     -5165.4278     -4206.3145       300.5683            179.3411       195.4704     22548.0941       137.2867       137.4423

LDB: ============= START OF LOAD BALANCING ============== 772.656
LDB: ============== END OF LOAD BALANCING =============== 772.656
Info: useSync: 0 useProxySync: 0
LDB: =============== DONE WITH MIGRATION ================ 772.656
LDB: ============= START OF LOAD BALANCING ============== 772.84
LDB: TIME 772.84 LOAD: AVG 0.0272068 MAX 0.170521  PROXIES: TOTAL 56 MAXPE 7 MAXPATCH 7 None MEM: 0 MB
LDB: TIME 772.84 LOAD: AVG 0.0272068 MAX 0.170521  PROXIES: TOTAL 56 MAXPE 7 MAXPATCH 7 RefineTorusLB MEM: 0 MB
LDB: TIME 772.84 LOAD: AVG 0.0272068 MAX 0.170521  PROXIES: TOTAL 56 MAXPE 7 MAXPATCH 7 RefineTorusLB MEM: 0 MB
LDB: ============== END OF LOAD BALANCING =============== 772.84
Info: useSync: 0 useProxySync: 0
LDB: =============== DONE WITH MIGRATION ================ 772.841
LDB: ============= START OF LOAD BALANCING ============== 780.231
LDB: ============== END OF LOAD BALANCING =============== 780.231
Info: useSync: 0 useProxySync: 0
LDB: =============== DONE WITH MIGRATION ================ 780.231
LDB: ============= START OF LOAD BALANCING ============== 780.388
LDB: TIME 780.388 LOAD: AVG 0.0241086 MAX 0.146165  PROXIES: TOTAL 56 MAXPE 7 MAXPATCH 7 None MEM: 0 MB
LDB: TIME 780.388 LOAD: AVG 0.0241086 MAX 0.146165  PROXIES: TOTAL 56 MAXPE 7 MAXPATCH 7 RefineTorusLB MEM: 0 MB
LDB: TIME 780.388 LOAD: AVG 0.0241086 MAX 0.146165  PROXIES: TOTAL 56 MAXPE 7 MAXPATCH 7 RefineTorusLB MEM: 0 MB
LDB: ============== END OF LOAD BALANCING =============== 780.388
Info: useSync: 0 useProxySync: 0
LDB: =============== DONE WITH MIGRATION ================ 780.388
LDB: ============= START OF LOAD BALANCING ============== 786.83
LDB: ============== END OF LOAD BALANCING =============== 786.83
Info: useSync: 0 useProxySync: 0
LDB: =============== DONE WITH MIGRATION ================ 786.83
LDB: ============= START OF LOAD BALANCING ============== 786.991
LDB: TIME 786.991 LOAD: AVG 0.0234503 MAX 0.146477  PROXIES: TOTAL 56 MAXPE 7 MAXPATCH 7 None MEM: 0 MB
LDB: TIME 786.991 LOAD: AVG 0.0234503 MAX 0.146477  PROXIES: TOTAL 56 MAXPE 7 MAXPATCH 7 RefineTorusLB MEM: 0 MB
LDB: TIME 786.991 LOAD: AVG 0.0234503 MAX 0.146477  PROXIES: TOTAL 56 MAXPE 7 MAXPATCH 7 RefineTorusLB MEM: 0 MB
LDB: Reverting to original mapping
LDB: ============== END OF LOAD BALANCING =============== 786.991
Info: useSync: 0 useProxySync: 0
LDB: =============== DONE WITH MIGRATION ================ 786.991
WRITING COORDINATES TO DCD FILE MD.dcd AT STEP 225000
PRESSURE: 225000 -929.603 -394.137 191.885 -119.353 -67.0643 117.336 352.035 173.912 -195.43
GPRESSURE: 225000 -1066.41 -71.7249 -37.7538 -124.232 -134.239 268.361 440.562 133.347 16.3826
PRESSAVG: 225000 -72.5953 -38.6912 69.7452 -4.31338 -56.8773 -77.1114 275.574 -186.642 1160.4
GPRESSAVG: 225000 -72.7845 -38.7426 69.7401 -3.94175 -56.9229 -77.3243 274.949 -186.6 1160.53
ENERGY:  225000         0.0000         0.0000         0.0000         0.0000          -5536.3524       336.0399         0.0000         0.0000       976.2084          -4224.1041       310.1328     -5200.3125     -4223.6033       309.6341           -397.3658      -394.7566     22548.0941       343.6425       343.6086

LDB: ============= START OF LOAD BALANCING ============== 793.455
LDB: ============== END OF LOAD BALANCING =============== 793.455
Info: useSync: 0 useProxySync: 0
LDB: =============== DONE WITH MIGRATION ================ 793.455
LDB: ============= START OF LOAD BALANCING ============== 793.613
LDB: TIME 793.613 LOAD: AVG 0.0238813 MAX 0.145083  PROXIES: TOTAL 56 MAXPE 7 MAXPATCH 7 None MEM: 0 MB
LDB: TIME 793.614 LOAD: AVG 0.0238813 MAX 0.145083  PROXIES: TOTAL 56 MAXPE 7 MAXPATCH 7 RefineTorusLB MEM: 0 MB
LDB: TIME 793.614 LOAD: AVG 0.0238813 MAX 0.145083  PROXIES: TOTAL 56 MAXPE 7 MAXPATCH 7 RefineTorusLB MEM: 0 MB
LDB: ============== END OF LOAD BALANCING =============== 793.614
Info: useSync: 0 useProxySync: 0
LDB: =============== DONE WITH MIGRATION ================ 793.614
LDB: ============= START OF LOAD BALANCING ============== 800.368
LDB: ============== END OF LOAD BALANCING =============== 800.368
Info: useSync: 0 useProxySync: 0
LDB: =============== DONE WITH MIGRATION ================ 800.368
LDB: ============= START OF LOAD BALANCING ============== 800.529
LDB: TIME 800.529 LOAD: AVG 0.0237565 MAX 0.14537  PROXIES: TOTAL 56 MAXPE 7 MAXPATCH 7 None MEM: 0 MB
LDB: TIME 800.529 LOAD: AVG 0.0237565 MAX 0.14537  PROXIES: TOTAL 56 MAXPE 7 MAXPATCH 7 RefineTorusLB MEM: 0 MB
LDB: TIME 800.529 LOAD: AVG 0.0237565 MAX 0.14537  PROXIES: TOTAL 56 MAXPE 7 MAXPATCH 7 RefineTorusLB MEM: 0 MB
LDB: Reverting to original mapping
LDB: ============== END OF LOAD BALANCING =============== 800.529
Info: useSync: 0 useProxySync: 0
LDB: =============== DONE WITH MIGRATION ================ 800.529
PRESSURE: 230000 -289.099 581.762 -739.005 457.021 -367.732 -1055.92 -316.968 -743.791 1396.44
GPRESSURE: 230000 -172.795 533.347 -894.567 470.018 -465.225 -1169.18 -509.447 -689.06 1440.89
PRESSAVG: 230000 -321.774 53.3109 20.5708 36.4633 -409.693 -63.4815 368.392 -128.88 827.373
GPRESSAVG: 230000 -321.544 53.7091 20.38 36.4499 -409.393 -63.6307 368.385 -128.665 826.727
ENERGY:  230000         0.0000         0.0000         0.0000         0.0000          -5634.3018       414.8486         0.0000         0.0000       958.7516          -4260.7016       304.5870     -5219.4532     -4257.7289       299.1199            246.5363       267.6241     22548.0941        31.9684        31.9303

WRITING COORDINATES TO DCD FILE MD.dcd AT STEP 230000
LDB: ============= START OF LOAD BALANCING ============== 807.45
LDB: ============== END OF LOAD BALANCING =============== 807.45
Info: useSync: 0 useProxySync: 0
LDB: =============== DONE WITH MIGRATION ================ 807.45
LDB: ============= START OF LOAD BALANCING ============== 807.622
LDB: TIME 807.622 LOAD: AVG 0.0243618 MAX 0.147181  PROXIES: TOTAL 56 MAXPE 7 MAXPATCH 7 None MEM: 0 MB
LDB: TIME 807.622 LOAD: AVG 0.0243618 MAX 0.147181  PROXIES: TOTAL 56 MAXPE 7 MAXPATCH 7 RefineTorusLB MEM: 0 MB
LDB: TIME 807.622 LOAD: AVG 0.0243618 MAX 0.147181  PROXIES: TOTAL 56 MAXPE 7 MAXPATCH 7 RefineTorusLB MEM: 0 MB
LDB: ============== END OF LOAD BALANCING =============== 807.622
Info: useSync: 0 useProxySync: 0
LDB: =============== DONE WITH MIGRATION ================ 807.622
LDB: ============= START OF LOAD BALANCING ============== 814.048
LDB: ============== END OF LOAD BALANCING =============== 814.048
Info: useSync: 0 useProxySync: 0
LDB: =============== DONE WITH MIGRATION ================ 814.048
LDB: ============= START OF LOAD BALANCING ============== 814.208
LDB: TIME 814.208 LOAD: AVG 0.0237496 MAX 0.145198  PROXIES: TOTAL 56 MAXPE 7 MAXPATCH 7 None MEM: 0 MB
LDB: TIME 814.208 LOAD: AVG 0.0237496 MAX 0.145198  PROXIES: TOTAL 56 MAXPE 7 MAXPATCH 7 RefineTorusLB MEM: 0 MB
LDB: TIME 814.208 LOAD: AVG 0.0237496 MAX 0.145198  PROXIES: TOTAL 56 MAXPE 7 MAXPATCH 7 RefineTorusLB MEM: 0 MB
LDB: ============== END OF LOAD BALANCING =============== 814.208
Info: useSync: 0 useProxySync: 0
LDB: =============== DONE WITH MIGRATION ================ 814.208
LDB: ============= START OF LOAD BALANCING ============== 821.292
LDB: ============== END OF LOAD BALANCING =============== 821.293
Info: useSync: 0 useProxySync: 0
LDB: =============== DONE WITH MIGRATION ================ 821.293
LDB: ============= START OF LOAD BALANCING ============== 821.454
LDB: TIME 821.454 LOAD: AVG 0.0235695 MAX 0.14626  PROXIES: TOTAL 56 MAXPE 7 MAXPATCH 7 None MEM: 0 MB
LDB: TIME 821.454 LOAD: AVG 0.0235695 MAX 0.14626  PROXIES: TOTAL 56 MAXPE 7 MAXPATCH 7 RefineTorusLB MEM: 0 MB
LDB: TIME 821.454 LOAD: AVG 0.0235695 MAX 0.14626  PROXIES: TOTAL 56 MAXPE 7 MAXPATCH 7 RefineTorusLB MEM: 0 MB
LDB: Reverting to original mapping
LDB: ============== END OF LOAD BALANCING =============== 821.454
Info: useSync: 0 useProxySync: 0
LDB: =============== DONE WITH MIGRATION ================ 821.454
WRITING COORDINATES TO DCD FILE MD.dcd AT STEP 235000
PRESSURE: 235000 -111.779 386.744 632.914 213.125 -323.717 -331.122 797.101 -147.076 1649.67
GPRESSURE: 235000 -76.9398 150.432 1012.45 541.236 -310.853 79.886 646.788 -518.283 1653.24
PRESSAVG: 235000 -143.689 -29.2727 -36.2727 -22.6704 -165.551 -37.2408 355.68 -141.206 1161.13
GPRESSAVG: 235000 -143.76 -29.4139 -36.2585 -22.7714 -165.944 -36.8329 355.577 -142.242 1161.36
ENERGY:  235000         0.0000         0.0000         0.0000         0.0000          -5551.2675       390.0710         0.0000         0.0000       978.2100          -4182.9865       310.7687     -5161.1965     -4180.6169       301.7288            404.7229       421.8169     22548.0941       283.9644       283.8838

LDB: ============= START OF LOAD BALANCING ============== 828.034
LDB: ============== END OF LOAD BALANCING =============== 828.034
Info: useSync: 0 useProxySync: 0
LDB: =============== DONE WITH MIGRATION ================ 828.034
LDB: ============= START OF LOAD BALANCING ============== 828.194
LDB: TIME 828.194 LOAD: AVG 0.0238923 MAX 0.146604  PROXIES: TOTAL 56 MAXPE 7 MAXPATCH 7 None MEM: 0 MB
LDB: TIME 828.194 LOAD: AVG 0.0238923 MAX 0.146604  PROXIES: TOTAL 56 MAXPE 7 MAXPATCH 7 RefineTorusLB MEM: 0 MB
LDB: TIME 828.194 LOAD: AVG 0.0238923 MAX 0.146604  PROXIES: TOTAL 56 MAXPE 7 MAXPATCH 7 RefineTorusLB MEM: 0 MB
LDB: Reverting to original mapping
LDB: ============== END OF LOAD BALANCING =============== 828.194
Info: useSync: 0 useProxySync: 0
LDB: =============== DONE WITH MIGRATION ================ 828.195
LDB: ============= START OF LOAD BALANCING ============== 834.877
LDB: ============== END OF LOAD BALANCING =============== 834.877
Info: useSync: 0 useProxySync: 0
LDB: =============== DONE WITH MIGRATION ================ 834.877
LDB: ============= START OF LOAD BALANCING ============== 835.04
LDB: TIME 835.04 LOAD: AVG 0.0240987 MAX 0.147853  PROXIES: TOTAL 56 MAXPE 7 MAXPATCH 7 None MEM: 0 MB
LDB: TIME 835.041 LOAD: AVG 0.0240987 MAX 0.147853  PROXIES: TOTAL 56 MAXPE 7 MAXPATCH 7 RefineTorusLB MEM: 0 MB
LDB: TIME 835.041 LOAD: AVG 0.0240987 MAX 0.147853  PROXIES: TOTAL 56 MAXPE 7 MAXPATCH 7 RefineTorusLB MEM: 0 MB
LDB: ============== END OF LOAD BALANCING =============== 835.041
Info: useSync: 0 useProxySync: 0
LDB: =============== DONE WITH MIGRATION ================ 835.041
WRITING COORDINATES TO DCD FILE MD.dcd AT STEP 240000
PRESSURE: 240000 -34.6489 -66.5081 139.903 -198.198 -126.912 -195.496 382.814 -167.148 902.495
GPRESSURE: 240000 20.7502 -230.575 385.931 -364.948 -233.129 -36.4897 47.1502 -362.411 998.534
PRESSAVG: 240000 -155.099 33.4719 113.503 39.8433 -206.162 23.2485 446.191 52.0995 1103.08
GPRESSAVG: 240000 -155.045 33.2378 113.362 40.5004 -206.333 23.0993 446.2 52.4942 1102.7
ENERGY:  240000         0.0000         0.0000         0.0000         0.0000          -5588.6646       390.7051         0.0000         0.0000       940.9385          -4257.0209       298.9279     -5197.9594     -4253.5482       303.7151            246.9783       262.0518     22548.0941       247.2722       247.1075

LDB: ============= START OF LOAD BALANCING ============== 842.117
LDB: ============== END OF LOAD BALANCING =============== 842.117
Info: useSync: 0 useProxySync: 0
LDB: =============== DONE WITH MIGRATION ================ 842.117
LDB: ============= START OF LOAD BALANCING ============== 842.325
LDB: TIME 842.325 LOAD: AVG 0.0299351 MAX 0.193791  PROXIES: TOTAL 56 MAXPE 7 MAXPATCH 7 None MEM: 0 MB
LDB: TIME 842.325 LOAD: AVG 0.0299351 MAX 0.193791  PROXIES: TOTAL 56 MAXPE 7 MAXPATCH 7 RefineTorusLB MEM: 0 MB
LDB: TIME 842.325 LOAD: AVG 0.0299351 MAX 0.193791  PROXIES: TOTAL 56 MAXPE 7 MAXPATCH 7 RefineTorusLB MEM: 0 MB
LDB: Reverting to original mapping
LDB: ============== END OF LOAD BALANCING =============== 842.325
Info: useSync: 0 useProxySync: 0
LDB: =============== DONE WITH MIGRATION ================ 842.326
LDB: ============= START OF LOAD BALANCING ============== 850.146
LDB: ============== END OF LOAD BALANCING =============== 850.147
Info: useSync: 0 useProxySync: 0
LDB: =============== DONE WITH MIGRATION ================ 850.147
LDB: ============= START OF LOAD BALANCING ============== 850.349
LDB: TIME 850.349 LOAD: AVG 0.0270236 MAX 0.169613  PROXIES: TOTAL 56 MAXPE 7 MAXPATCH 7 None MEM: 0 MB
LDB: TIME 850.349 LOAD: AVG 0.0270236 MAX 0.169613  PROXIES: TOTAL 56 MAXPE 7 MAXPATCH 7 RefineTorusLB MEM: 0 MB
LDB: TIME 850.349 LOAD: AVG 0.0270236 MAX 0.169613  PROXIES: TOTAL 56 MAXPE 7 MAXPATCH 7 RefineTorusLB MEM: 0 MB
LDB: Reverting to original mapping
LDB: ============== END OF LOAD BALANCING =============== 850.349
Info: useSync: 0 useProxySync: 0
LDB: =============== DONE WITH MIGRATION ================ 850.349
LDB: ============= START OF LOAD BALANCING ============== 857.305
LDB: ============== END OF LOAD BALANCING =============== 857.305
Info: useSync: 0 useProxySync: 0
LDB: =============== DONE WITH MIGRATION ================ 857.305
LDB: ============= START OF LOAD BALANCING ============== 857.466
LDB: TIME 857.466 LOAD: AVG 0.0237934 MAX 0.147252  PROXIES: TOTAL 56 MAXPE 7 MAXPATCH 7 None MEM: 0 MB
LDB: TIME 857.466 LOAD: AVG 0.0237934 MAX 0.147252  PROXIES: TOTAL 56 MAXPE 7 MAXPATCH 7 RefineTorusLB MEM: 0 MB
LDB: TIME 857.466 LOAD: AVG 0.0237934 MAX 0.147252  PROXIES: TOTAL 56 MAXPE 7 MAXPATCH 7 RefineTorusLB MEM: 0 MB
LDB: Reverting to original mapping
LDB: ============== END OF LOAD BALANCING =============== 857.466
Info: useSync: 0 useProxySync: 0
LDB: =============== DONE WITH MIGRATION ================ 857.466
WRITING COORDINATES TO DCD FILE MD.dcd AT STEP 245000
PRESSURE: 245000 291.636 137.164 74.4959 150.947 -950.085 -297.338 377.596 159.489 274.298
GPRESSURE: 245000 253.504 335.167 89.2881 138.493 -934.55 -571.273 554.634 294.447 368.679
PRESSAVG: 245000 -165.955 18.2461 27.0889 -35.1074 -280.413 -41.3397 248.434 -52.8574 1161.69
GPRESSAVG: 245000 -166.563 18.2999 27.1698 -35.2084 -280.212 -41.6256 247.811 -52.6541 1161.73
ENERGY:  245000         0.0000         0.0000         0.0000         0.0000          -5575.6191       348.4105         0.0000         0.0000       960.1594          -4267.0491       305.0342     -5227.2085     -4264.3124       298.0043           -128.0504      -104.1220     22548.0941       238.4390       238.3170

LDB: ============= START OF LOAD BALANCING ============== 864.641
LDB: ============== END OF LOAD BALANCING =============== 864.644
Info: useSync: 0 useProxySync: 0
LDB: =============== DONE WITH MIGRATION ================ 864.653
LDB: ============= START OF LOAD BALANCING ============== 865.099
LDB: TIME 865.111 LOAD: AVG 0.0329693 MAX 0.20106  PROXIES: TOTAL 56 MAXPE 7 MAXPATCH 7 None MEM: 0 MB
LDB: TIME 865.111 LOAD: AVG 0.0329693 MAX 0.20106  PROXIES: TOTAL 56 MAXPE 7 MAXPATCH 7 RefineTorusLB MEM: 0 MB
LDB: TIME 865.111 LOAD: AVG 0.0329693 MAX 0.20106  PROXIES: TOTAL 56 MAXPE 7 MAXPATCH 7 RefineTorusLB MEM: 0 MB
LDB: Reverting to original mapping
LDB: ============== END OF LOAD BALANCING =============== 865.117
Info: useSync: 0 useProxySync: 0
LDB: =============== DONE WITH MIGRATION ================ 865.143
LDB: ============= START OF LOAD BALANCING ============== 871.777
LDB: ============== END OF LOAD BALANCING =============== 871.777
Info: useSync: 0 useProxySync: 0
LDB: =============== DONE WITH MIGRATION ================ 871.777
LDB: ============= START OF LOAD BALANCING ============== 871.939
LDB: TIME 871.939 LOAD: AVG 0.0238917 MAX 0.147186  PROXIES: TOTAL 56 MAXPE 7 MAXPATCH 7 None MEM: 0 MB
LDB: TIME 871.939 LOAD: AVG 0.0238917 MAX 0.147186  PROXIES: TOTAL 56 MAXPE 7 MAXPATCH 7 RefineTorusLB MEM: 0 MB
LDB: TIME 871.939 LOAD: AVG 0.0238917 MAX 0.147186  PROXIES: TOTAL 56 MAXPE 7 MAXPATCH 7 RefineTorusLB MEM: 0 MB
LDB: ============== END OF LOAD BALANCING =============== 871.939
Info: useSync: 0 useProxySync: 0
LDB: =============== DONE WITH MIGRATION ================ 871.939
WRITING COORDINATES TO DCD FILE MD.dcd AT STEP 250000
WRITING COORDINATES TO RESTART FILE AT STEP 250000
FINISHED WRITING RESTART COORDINATES
WRITING VELOCITIES TO RESTART FILE AT STEP 250000
FINISHED WRITING RESTART VELOCITIES
The last velocity output (seq=250000) takes 0.001 seconds, 0.000 MB of memory in use
PRESSURE: 250000 -508.522 407.955 36.2911 329.52 -348.722 397.715 166.109 -1.4554 260.542
GPRESSURE: 250000 -646.166 335.772 -215.792 345.673 -269.805 120.363 378.669 -39.9945 396.153
PRESSAVG: 250000 -234.834 -8.21268 -12.4343 12.0448 -163.361 -57.1708 202.911 -3.465 1182.2
GPRESSAVG: 250000 -235.384 -8.40768 -12.2791 11.681 -163.561 -56.9228 203.492 -3.50053 1182.07
TIMING: 250000  CPU: 852.447, 0.00342882/step  Wall: 877.776, 0.00355827/step, 0.247102 hours remaining, 0.000000 MB of memory in use.
PERFORMANCE: 250000  averaging 49.2166 ns/day, 0.00351101 sec/step with standard deviation 7.6376e-05
ETITLE:      TS           BOND          ANGLE          DIHED          IMPRP               ELECT            VDW       BOUNDARY           MISC        KINETIC               TOTAL           TEMP      POTENTIAL         TOTAL3        TEMPAVG            PRESSURE      GPRESSURE         VOLUME       PRESSAVG      GPRESSAVG

ENERGY:  250000         0.0000         0.0000         0.0000         0.0000          -5682.1586       411.5489         0.0000         0.0000       940.5687          -4330.0411       298.8104     -5270.6098     -4327.1072       300.4127           -198.9004      -173.2724     22548.0941       261.3337       261.0421

WRITING EXTENDED SYSTEM TO RESTART FILE AT STEP 250000
LDB: ============= START OF LOAD BALANCING ============== 878.549
LDB: ============== END OF LOAD BALANCING =============== 878.549
Info: useSync: 0 useProxySync: 0
LDB: =============== DONE WITH MIGRATION ================ 878.549
LDB: ============= START OF LOAD BALANCING ============== 878.706
LDB: TIME 878.706 LOAD: AVG 0.0236877 MAX 0.146176  PROXIES: TOTAL 56 MAXPE 7 MAXPATCH 7 None MEM: 0 MB
LDB: TIME 878.706 LOAD: AVG 0.0236877 MAX 0.146176  PROXIES: TOTAL 56 MAXPE 7 MAXPATCH 7 RefineTorusLB MEM: 0 MB
LDB: TIME 878.706 LOAD: AVG 0.0236877 MAX 0.146176  PROXIES: TOTAL 56 MAXPE 7 MAXPATCH 7 RefineTorusLB MEM: 0 MB
LDB: Reverting to original mapping
LDB: ============== END OF LOAD BALANCING =============== 878.706
Info: useSync: 0 useProxySync: 0
LDB: =============== DONE WITH MIGRATION ================ 878.706
LDB: ============= START OF LOAD BALANCING ============== 885.04
LDB: ============== END OF LOAD BALANCING =============== 885.04
Info: useSync: 0 useProxySync: 0
LDB: =============== DONE WITH MIGRATION ================ 885.04
LDB: ============= START OF LOAD BALANCING ============== 885.199
LDB: TIME 885.199 LOAD: AVG 0.0237458 MAX 0.145697  PROXIES: TOTAL 56 MAXPE 7 MAXPATCH 7 None MEM: 0 MB
LDB: TIME 885.199 LOAD: AVG 0.0237458 MAX 0.145697  PROXIES: TOTAL 56 MAXPE 7 MAXPATCH 7 RefineTorusLB MEM: 0 MB
LDB: TIME 885.199 LOAD: AVG 0.0237458 MAX 0.145697  PROXIES: TOTAL 56 MAXPE 7 MAXPATCH 7 RefineTorusLB MEM: 0 MB
LDB: ============== END OF LOAD BALANCING =============== 885.199
Info: useSync: 0 useProxySync: 0
LDB: =============== DONE WITH MIGRATION ================ 885.2
LDB: ============= START OF LOAD BALANCING ============== 891.513
LDB: ============== END OF LOAD BALANCING =============== 891.513
Info: useSync: 0 useProxySync: 0
LDB: =============== DONE WITH MIGRATION ================ 891.513
LDB: ============= START OF LOAD BALANCING ============== 891.672
LDB: TIME 891.672 LOAD: AVG 0.0238896 MAX 0.145983  PROXIES: TOTAL 56 MAXPE 7 MAXPATCH 7 None MEM: 0 MB
LDB: TIME 891.672 LOAD: AVG 0.0238896 MAX 0.145983  PROXIES: TOTAL 56 MAXPE 7 MAXPATCH 7 RefineTorusLB MEM: 0 MB
LDB: TIME 891.672 LOAD: AVG 0.0238896 MAX 0.145983  PROXIES: TOTAL 56 MAXPE 7 MAXPATCH 7 RefineTorusLB MEM: 0 MB
LDB: ============== END OF LOAD BALANCING =============== 891.672
Info: useSync: 0 useProxySync: 0
LDB: =============== DONE WITH MIGRATION ================ 891.673
WRITING COORDINATES TO DCD FILE MD.dcd AT STEP 255000
PRESSURE: 255000 825.417 375.091 149.035 517.4 449.126 -217.175 400.684 -45.5424 734.304
GPRESSURE: 255000 696.368 436.595 94.8506 339.422 538.154 122.518 596.601 -292.778 854.565
PRESSAVG: 255000 -176.94 -46.2575 -10.8542 -57.2522 -63.241 26.9154 285.014 113.279 1312.39
GPRESSAVG: 255000 -176.996 -46.2499 -10.7771 -57.6277 -63.5256 26.6598 284.978 113.148 1312.43
ENERGY:  255000         0.0000         0.0000         0.0000         0.0000          -5620.1890       420.1788         0.0000         0.0000       957.3292          -4242.6810       304.1351     -5200.0102     -4240.6956       299.6407            669.6160       696.3621     22548.0941       357.4029       357.3039

LDB: ============= START OF LOAD BALANCING ============== 898.697
LDB: ============== END OF LOAD BALANCING =============== 898.697
Info: useSync: 0 useProxySync: 0
LDB: =============== DONE WITH MIGRATION ================ 898.697
LDB: ============= START OF LOAD BALANCING ============== 898.858
LDB: TIME 898.858 LOAD: AVG 0.0235819 MAX 0.14603  PROXIES: TOTAL 56 MAXPE 7 MAXPATCH 7 None MEM: 0 MB
LDB: TIME 898.858 LOAD: AVG 0.0235819 MAX 0.14603  PROXIES: TOTAL 56 MAXPE 7 MAXPATCH 7 RefineTorusLB MEM: 0 MB
LDB: TIME 898.858 LOAD: AVG 0.0235819 MAX 0.14603  PROXIES: TOTAL 56 MAXPE 7 MAXPATCH 7 RefineTorusLB MEM: 0 MB
LDB: ============== END OF LOAD BALANCING =============== 898.858
Info: useSync: 0 useProxySync: 0
LDB: =============== DONE WITH MIGRATION ================ 898.858
LDB: ============= START OF LOAD BALANCING ============== 905.625
LDB: ============== END OF LOAD BALANCING =============== 905.625
Info: useSync: 0 useProxySync: 0
LDB: =============== DONE WITH MIGRATION ================ 905.625
LDB: ============= START OF LOAD BALANCING ============== 905.785
LDB: TIME 905.785 LOAD: AVG 0.0239308 MAX 0.147413  PROXIES: TOTAL 56 MAXPE 7 MAXPATCH 7 None MEM: 0 MB
LDB: TIME 905.785 LOAD: AVG 0.0239308 MAX 0.147413  PROXIES: TOTAL 56 MAXPE 7 MAXPATCH 7 RefineTorusLB MEM: 0 MB
LDB: TIME 905.785 LOAD: AVG 0.0239308 MAX 0.147413  PROXIES: TOTAL 56 MAXPE 7 MAXPATCH 7 RefineTorusLB MEM: 0 MB
LDB: ============== END OF LOAD BALANCING =============== 905.785
Info: useSync: 0 useProxySync: 0
LDB: =============== DONE WITH MIGRATION ================ 905.786
WRITING COORDINATES TO DCD FILE MD.dcd AT STEP 260000
PRESSURE: 260000 -254.131 201.271 -252.532 377.251 -481.722 -3.03228 -171.854 -92.0397 146.649
GPRESSURE: 260000 -285.65 303.524 -78.3912 128.898 -451.995 -259.095 -331.013 242.679 239.116
PRESSAVG: 260000 -146.073 -28.0004 -10.7401 -22.2894 -140.28 -3.25227 256.276 90.6554 1174.41
GPRESSAVG: 260000 -145.978 -27.6532 -10.3659 -22.1142 -140.228 -3.34 256.115 91.0018 1174.41
ENERGY:  260000         0.0000         0.0000         0.0000         0.0000          -5575.1645       356.1805         0.0000         0.0000       976.7421          -4242.2420       310.3024     -5218.9840     -4240.1351       303.3196           -196.4015      -166.1761     22548.0941       296.0175       296.0686

LDB: ============= START OF LOAD BALANCING ============== 912.051
LDB: ============== END OF LOAD BALANCING =============== 912.051
Info: useSync: 0 useProxySync: 0
LDB: =============== DONE WITH MIGRATION ================ 912.052
LDB: ============= START OF LOAD BALANCING ============== 912.21
LDB: TIME 912.21 LOAD: AVG 0.0241287 MAX 0.146319  PROXIES: TOTAL 56 MAXPE 7 MAXPATCH 7 None MEM: 0 MB
LDB: TIME 912.21 LOAD: AVG 0.0241287 MAX 0.146319  PROXIES: TOTAL 56 MAXPE 7 MAXPATCH 7 RefineTorusLB MEM: 0 MB
LDB: TIME 912.21 LOAD: AVG 0.0241287 MAX 0.146319  PROXIES: TOTAL 56 MAXPE 7 MAXPATCH 7 RefineTorusLB MEM: 0 MB
LDB: Reverting to original mapping
LDB: ============== END OF LOAD BALANCING =============== 912.21
Info: useSync: 0 useProxySync: 0
LDB: =============== DONE WITH MIGRATION ================ 912.21
LDB: ============= START OF LOAD BALANCING ============== 919.457
LDB: ============== END OF LOAD BALANCING =============== 919.457
Info: useSync: 0 useProxySync: 0
LDB: =============== DONE WITH MIGRATION ================ 919.457
LDB: ============= START OF LOAD BALANCING ============== 919.647
LDB: TIME 919.647 LOAD: AVG 0.027423 MAX 0.172232  PROXIES: TOTAL 56 MAXPE 7 MAXPATCH 7 None MEM: 0 MB
LDB: TIME 919.647 LOAD: AVG 0.027423 MAX 0.172232  PROXIES: TOTAL 56 MAXPE 7 MAXPATCH 7 RefineTorusLB MEM: 0 MB
LDB: TIME 919.647 LOAD: AVG 0.027423 MAX 0.172232  PROXIES: TOTAL 56 MAXPE 7 MAXPATCH 7 RefineTorusLB MEM: 0 MB
LDB: ============== END OF LOAD BALANCING =============== 919.647
Info: useSync: 0 useProxySync: 0
LDB: =============== DONE WITH MIGRATION ================ 919.647
LDB: ============= START OF LOAD BALANCING ============== 927.446
LDB: ============== END OF LOAD BALANCING =============== 927.446
Info: useSync: 0 useProxySync: 0
LDB: =============== DONE WITH MIGRATION ================ 927.446
LDB: ============= START OF LOAD BALANCING ============== 927.631
LDB: TIME 927.632 LOAD: AVG 0.0269571 MAX 0.170029  PROXIES: TOTAL 56 MAXPE 7 MAXPATCH 7 None MEM: 0 MB
LDB: TIME 927.632 LOAD: AVG 0.0269571 MAX 0.170029  PROXIES: TOTAL 56 MAXPE 7 MAXPATCH 7 RefineTorusLB MEM: 0 MB
LDB: TIME 927.632 LOAD: AVG 0.0269571 MAX 0.170029  PROXIES: TOTAL 56 MAXPE 7 MAXPATCH 7 RefineTorusLB MEM: 0 MB
LDB: ============== END OF LOAD BALANCING =============== 927.632
Info: useSync: 0 useProxySync: 0
LDB: =============== DONE WITH MIGRATION ================ 927.632
WRITING COORDINATES TO DCD FILE MD.dcd AT STEP 265000
PRESSURE: 265000 -1142.85 548.116 -225.129 499.663 -618.368 -299.019 311.937 -100.886 624.01
GPRESSURE: 265000 -1030.62 837.05 79.5262 -77.8671 -639.211 83.9343 47.8331 -354.932 602.12
PRESSAVG: 265000 -186.264 -27.3438 -38.9978 -29.7693 -158.863 27.3699 174.062 11.9687 1323.1
GPRESSAVG: 265000 -186.336 -27.3104 -38.7375 -30.0245 -158.813 27.4394 173.667 11.4696 1322.64
ENERGY:  265000         0.0000         0.0000         0.0000         0.0000          -5624.9316       361.0081         0.0000         0.0000       961.5410          -4302.3825       305.4731     -5263.9235     -4300.0033       298.5368           -379.0711      -355.9033     22548.0941       325.9910       325.8293

LDB: ============= START OF LOAD BALANCING ============== 934.497
LDB: ============== END OF LOAD BALANCING =============== 934.497
Info: useSync: 0 useProxySync: 0
LDB: =============== DONE WITH MIGRATION ================ 934.497
LDB: ============= START OF LOAD BALANCING ============== 934.658
LDB: TIME 934.658 LOAD: AVG 0.0240041 MAX 0.146575  PROXIES: TOTAL 56 MAXPE 7 MAXPATCH 7 None MEM: 0 MB
LDB: TIME 934.658 LOAD: AVG 0.0240041 MAX 0.146575  PROXIES: TOTAL 56 MAXPE 7 MAXPATCH 7 RefineTorusLB MEM: 0 MB
LDB: TIME 934.658 LOAD: AVG 0.0240041 MAX 0.146575  PROXIES: TOTAL 56 MAXPE 7 MAXPATCH 7 RefineTorusLB MEM: 0 MB
LDB: ============== END OF LOAD BALANCING =============== 934.659
Info: useSync: 0 useProxySync: 0
LDB: =============== DONE WITH MIGRATION ================ 934.659
LDB: ============= START OF LOAD BALANCING ============== 941.821
LDB: ============== END OF LOAD BALANCING =============== 941.821
Info: useSync: 0 useProxySync: 0
LDB: =============== DONE WITH MIGRATION ================ 941.821
LDB: ============= START OF LOAD BALANCING ============== 941.974
LDB: TIME 941.974 LOAD: AVG 0.022949 MAX 0.144692  PROXIES: TOTAL 56 MAXPE 7 MAXPATCH 7 None MEM: 0 MB
LDB: TIME 941.974 LOAD: AVG 0.022949 MAX 0.144692  PROXIES: TOTAL 56 MAXPE 7 MAXPATCH 7 RefineTorusLB MEM: 0 MB
LDB: TIME 941.974 LOAD: AVG 0.022949 MAX 0.144692  PROXIES: TOTAL 56 MAXPE 7 MAXPATCH 7 RefineTorusLB MEM: 0 MB
LDB: ============== END OF LOAD BALANCING =============== 941.974
Info: useSync: 0 useProxySync: 0
LDB: =============== DONE WITH MIGRATION ================ 941.975
PRESSURE: 270000 215.204 -118.012 -67.1676 -165.82 -167.884 729.119 -70.1456 566.309 1166.76
GPRESSURE: 270000 280.414 -355.36 -328.12 -50.4864 -119.613 418.921 282.656 922.571 1127.79
PRESSAVG: 270000 -282.974 -0.374272 -4.10111 31.7177 -304.25 -18.607 111.856 7.71414 1154.95
GPRESSAVG: 270000 -283.004 -0.0549222 -4.32505 31.5472 -303.953 -18.7082 112.243 7.73076 1154.95
ENERGY:  270000         0.0000         0.0000         0.0000         0.0000          -5588.0354       379.6687         0.0000         0.0000       938.2678          -4270.0989       298.0795     -5208.3667     -4268.1388       297.8394            404.6921       429.5306     22548.0941       189.2417       189.3319

WRITING COORDINATES TO DCD FILE MD.dcd AT STEP 270000
LDB: ============= START OF LOAD BALANCING ============== 948.425
LDB: ============== END OF LOAD BALANCING =============== 948.425
Info: useSync: 0 useProxySync: 0
LDB: =============== DONE WITH MIGRATION ================ 948.426
LDB: ============= START OF LOAD BALANCING ============== 948.587
LDB: TIME 948.587 LOAD: AVG 0.0237601 MAX 0.146409  PROXIES: TOTAL 56 MAXPE 7 MAXPATCH 7 None MEM: 0 MB
LDB: TIME 948.587 LOAD: AVG 0.0237601 MAX 0.146409  PROXIES: TOTAL 56 MAXPE 7 MAXPATCH 7 RefineTorusLB MEM: 0 MB
LDB: TIME 948.587 LOAD: AVG 0.0237601 MAX 0.146409  PROXIES: TOTAL 56 MAXPE 7 MAXPATCH 7 RefineTorusLB MEM: 0 MB
LDB: ============== END OF LOAD BALANCING =============== 948.587
Info: useSync: 0 useProxySync: 0
LDB: =============== DONE WITH MIGRATION ================ 948.587
LDB: ============= START OF LOAD BALANCING ============== 955.459
LDB: ============== END OF LOAD BALANCING =============== 955.459
Info: useSync: 0 useProxySync: 0
LDB: =============== DONE WITH MIGRATION ================ 955.46
LDB: ============= START OF LOAD BALANCING ============== 955.618
LDB: TIME 955.618 LOAD: AVG 0.0241231 MAX 0.146582  PROXIES: TOTAL 56 MAXPE 7 MAXPATCH 7 None MEM: 0 MB
LDB: TIME 955.618 LOAD: AVG 0.0241231 MAX 0.146582  PROXIES: TOTAL 56 MAXPE 7 MAXPATCH 7 RefineTorusLB MEM: 0 MB
LDB: TIME 955.618 LOAD: AVG 0.0241231 MAX 0.146582  PROXIES: TOTAL 56 MAXPE 7 MAXPATCH 7 RefineTorusLB MEM: 0 MB
LDB: Reverting to original mapping
LDB: ============== END OF LOAD BALANCING =============== 955.618
Info: useSync: 0 useProxySync: 0
LDB: =============== DONE WITH MIGRATION ================ 955.619
LDB: ============= START OF LOAD BALANCING ============== 962.212
LDB: ============== END OF LOAD BALANCING =============== 962.212
Info: useSync: 0 useProxySync: 0
LDB: =============== DONE WITH MIGRATION ================ 962.212
LDB: ============= START OF LOAD BALANCING ============== 962.373
LDB: TIME 962.373 LOAD: AVG 0.0242499 MAX 0.147812  PROXIES: TOTAL 56 MAXPE 7 MAXPATCH 7 None MEM: 0 MB
LDB: TIME 962.373 LOAD: AVG 0.0242499 MAX 0.147812  PROXIES: TOTAL 56 MAXPE 7 MAXPATCH 7 RefineTorusLB MEM: 0 MB
LDB: TIME 962.373 LOAD: AVG 0.0242499 MAX 0.147812  PROXIES: TOTAL 56 MAXPE 7 MAXPATCH 7 RefineTorusLB MEM: 0 MB
LDB: ============== END OF LOAD BALANCING =============== 962.373
Info: useSync: 0 useProxySync: 0
LDB: =============== DONE WITH MIGRATION ================ 962.374
PRESSURE: 275000 861.15 39.7974 -344.39 129.904 65.8541 269.791 -74.1827 -314.669 2050.11
GPRESSURE: 275000 938.221 65.2849 -574.993 130.335 129.931 346.007 -27.6476 -322.459 1991.18
PRESSAVG: 275000 -140.876 45.9295 27.5448 4.57496 -210.297 83.1524 234.598 30.4864 1227.45
GPRESSAVG: 275000 -140.979 46.1908 27.787 4.84781 -210.301 82.9314 234.6 30.2768 1227.54
ENERGY:  275000         0.0000         0.0000         0.0000         0.0000          -5640.0306       452.2212         0.0000         0.0000       925.7677          -4262.0417       294.1083     -5187.8094     -4260.0454       302.0550            992.3720      1019.7785     22548.0941       292.0926       292.0865

WRITING COORDINATES TO DCD FILE MD.dcd AT STEP 275000
LDB: ============= START OF LOAD BALANCING ============== 969.099
LDB: ============== END OF LOAD BALANCING =============== 969.099
Info: useSync: 0 useProxySync: 0
LDB: =============== DONE WITH MIGRATION ================ 969.099
LDB: ============= START OF LOAD BALANCING ============== 969.292
LDB: TIME 969.292 LOAD: AVG 0.0247547 MAX 0.146787  PROXIES: TOTAL 56 MAXPE 7 MAXPATCH 7 None MEM: 0 MB
LDB: TIME 969.292 LOAD: AVG 0.0247547 MAX 0.146787  PROXIES: TOTAL 56 MAXPE 7 MAXPATCH 7 RefineTorusLB MEM: 0 MB
LDB: TIME 969.292 LOAD: AVG 0.0247547 MAX 0.146787  PROXIES: TOTAL 56 MAXPE 7 MAXPATCH 7 RefineTorusLB MEM: 0 MB
LDB: ============== END OF LOAD BALANCING =============== 969.292
Info: useSync: 0 useProxySync: 0
LDB: =============== DONE WITH MIGRATION ================ 969.293
LDB: ============= START OF LOAD BALANCING ============== 976.45
LDB: ============== END OF LOAD BALANCING =============== 976.45
Info: useSync: 0 useProxySync: 0
LDB: =============== DONE WITH MIGRATION ================ 976.45
LDB: ============= START OF LOAD BALANCING ============== 976.611
LDB: TIME 976.611 LOAD: AVG 0.024345 MAX 0.145507  PROXIES: TOTAL 56 MAXPE 7 MAXPATCH 7 None MEM: 0 MB
LDB: TIME 976.611 LOAD: AVG 0.024345 MAX 0.145507  PROXIES: TOTAL 56 MAXPE 7 MAXPATCH 7 RefineTorusLB MEM: 0 MB
LDB: TIME 976.611 LOAD: AVG 0.024345 MAX 0.145507  PROXIES: TOTAL 56 MAXPE 7 MAXPATCH 7 RefineTorusLB MEM: 0 MB
LDB: Reverting to original mapping
LDB: ============== END OF LOAD BALANCING =============== 976.611
Info: useSync: 0 useProxySync: 0
LDB: =============== DONE WITH MIGRATION ================ 976.612
WRITING COORDINATES TO DCD FILE MD.dcd AT STEP 280000
PRESSURE: 280000 14.5576 -252.869 -151.8 -196.123 231.868 -10.2195 -102.529 -36.9044 995.552
GPRESSURE: 280000 10.3953 35.3299 -181.343 -154.786 360.672 -262.537 174.093 33.0937 920.294
PRESSAVG: 280000 -221.349 69.4341 -70.7833 39.5335 -184.741 1.88638 217.376 70.4152 1319.42
GPRESSAVG: 280000 -221.404 68.8913 -70.3362 39.5505 -184.525 1.38889 216.99 70.4843 1319.48
ENERGY:  280000         0.0000         0.0000         0.0000         0.0000          -5664.0997       423.9016         0.0000         0.0000       955.0832          -4285.1150       303.4215     -5240.1981     -4282.8800       297.5713            413.9923       430.4537     22548.0941       304.4436       304.5173

LDB: ============= START OF LOAD BALANCING ============== 983.926
LDB: ============== END OF LOAD BALANCING =============== 983.926
Info: useSync: 0 useProxySync: 0
LDB: =============== DONE WITH MIGRATION ================ 983.926
LDB: ============= START OF LOAD BALANCING ============== 984.113
LDB: TIME 984.113 LOAD: AVG 0.027232 MAX 0.169702  PROXIES: TOTAL 56 MAXPE 7 MAXPATCH 7 None MEM: 0 MB
LDB: TIME 984.113 LOAD: AVG 0.027232 MAX 0.169702  PROXIES: TOTAL 56 MAXPE 7 MAXPATCH 7 RefineTorusLB MEM: 0 MB
LDB: TIME 984.113 LOAD: AVG 0.027232 MAX 0.169702  PROXIES: TOTAL 56 MAXPE 7 MAXPATCH 7 RefineTorusLB MEM: 0 MB
LDB: ============== END OF LOAD BALANCING =============== 984.113
Info: useSync: 0 useProxySync: 0
LDB: =============== DONE WITH MIGRATION ================ 984.113
LDB: ============= START OF LOAD BALANCING ============== 991.324
LDB: ============== END OF LOAD BALANCING =============== 991.324
Info: useSync: 0 useProxySync: 0
LDB: =============== DONE WITH MIGRATION ================ 991.324
LDB: ============= START OF LOAD BALANCING ============== 991.655
LDB: TIME 991.655 LOAD: AVG 0.0355898 MAX 0.224179  PROXIES: TOTAL 56 MAXPE 7 MAXPATCH 7 None MEM: 0 MB
LDB: TIME 991.655 LOAD: AVG 0.0355898 MAX 0.224179  PROXIES: TOTAL 56 MAXPE 7 MAXPATCH 7 RefineTorusLB MEM: 0 MB
LDB: TIME 991.655 LOAD: AVG 0.0355898 MAX 0.224179  PROXIES: TOTAL 56 MAXPE 7 MAXPATCH 7 RefineTorusLB MEM: 0 MB
LDB: Reverting to original mapping
LDB: ============== END OF LOAD BALANCING =============== 991.655
Info: useSync: 0 useProxySync: 0
LDB: =============== DONE WITH MIGRATION ================ 991.656
LDB: ============= START OF LOAD BALANCING ============== 998.347
LDB: ============== END OF LOAD BALANCING =============== 998.347
Info: useSync: 0 useProxySync: 0
LDB: =============== DONE WITH MIGRATION ================ 998.347
LDB: ============= START OF LOAD BALANCING ============== 998.507
LDB: TIME 998.507 LOAD: AVG 0.0234647 MAX 0.145485  PROXIES: TOTAL 56 MAXPE 7 MAXPATCH 7 None MEM: 0 MB
LDB: TIME 998.507 LOAD: AVG 0.0234647 MAX 0.145485  PROXIES: TOTAL 56 MAXPE 7 MAXPATCH 7 RefineTorusLB MEM: 0 MB
LDB: TIME 998.507 LOAD: AVG 0.0234647 MAX 0.145485  PROXIES: TOTAL 56 MAXPE 7 MAXPATCH 7 RefineTorusLB MEM: 0 MB
LDB: ============== END OF LOAD BALANCING =============== 998.507
Info: useSync: 0 useProxySync: 0
LDB: =============== DONE WITH MIGRATION ================ 998.507
PRESSURE: 285000 48.7711 -133.156 -504.642 19.9931 409.988 -138.284 -706.442 -425.742 1142.49
GPRESSURE: 285000 108.453 -277.991 -357.831 28.0004 519.383 -231.788 -1049.74 -591.717 1063.77
PRESSAVG: 285000 -144.247 -48.3234 -14.274 -40.2502 -177.241 -11.0626 133.66 -5.78852 1250.27
GPRESSAVG: 285000 -144.279 -48.3836 -14.5441 -40.474 -177.64 -10.6991 134.017 -5.84182 1250.41
ENERGY:  285000         0.0000         0.0000         0.0000         0.0000          -5553.0895       399.1828         0.0000         0.0000       953.1209          -4200.7858       302.7981     -5153.9067     -4199.0448       301.3995            533.7511       563.8683     22548.0941       309.5946       309.4984

WRITING COORDINATES TO DCD FILE MD.dcd AT STEP 285000
LDB: ============= START OF LOAD BALANCING ============== 1005.28
LDB: ============== END OF LOAD BALANCING =============== 1005.28
Info: useSync: 0 useProxySync: 0
LDB: =============== DONE WITH MIGRATION ================ 1005.28
LDB: ============= START OF LOAD BALANCING ============== 1005.44
LDB: TIME 1005.44 LOAD: AVG 0.0239622 MAX 0.146351  PROXIES: TOTAL 56 MAXPE 7 MAXPATCH 7 None MEM: 0 MB
LDB: TIME 1005.44 LOAD: AVG 0.0239622 MAX 0.146351  PROXIES: TOTAL 56 MAXPE 7 MAXPATCH 7 RefineTorusLB MEM: 0 MB
LDB: TIME 1005.44 LOAD: AVG 0.0239622 MAX 0.146351  PROXIES: TOTAL 56 MAXPE 7 MAXPATCH 7 RefineTorusLB MEM: 0 MB
LDB: ============== END OF LOAD BALANCING =============== 1005.44
Info: useSync: 0 useProxySync: 0
LDB: =============== DONE WITH MIGRATION ================ 1005.44
LDB: ============= START OF LOAD BALANCING ============== 1011.69
LDB: ============== END OF LOAD BALANCING =============== 1011.69
Info: useSync: 0 useProxySync: 0
LDB: =============== DONE WITH MIGRATION ================ 1011.69
LDB: ============= START OF LOAD BALANCING ============== 1011.84
LDB: TIME 1011.84 LOAD: AVG 0.0239175 MAX 0.145814  PROXIES: TOTAL 56 MAXPE 7 MAXPATCH 7 None MEM: 0 MB
LDB: TIME 1011.84 LOAD: AVG 0.0239175 MAX 0.145814  PROXIES: TOTAL 56 MAXPE 7 MAXPATCH 7 RefineTorusLB MEM: 0 MB
LDB: TIME 1011.84 LOAD: AVG 0.0239175 MAX 0.145814  PROXIES: TOTAL 56 MAXPE 7 MAXPATCH 7 RefineTorusLB MEM: 0 MB
LDB: Reverting to original mapping
LDB: ============== END OF LOAD BALANCING =============== 1011.84
Info: useSync: 0 useProxySync: 0
LDB: =============== DONE WITH MIGRATION ================ 1011.84
PRESSURE: 290000 241.938 -546.818 313.626 -491.709 -209.724 564.54 200.017 374.66 1347.05
GPRESSURE: 290000 213.187 -310.968 393.671 -610.737 -132.213 562.009 59.401 460.938 1366.35
PRESSAVG: 290000 -284.846 -50.1478 -43.8641 -24.1986 -139.13 15.5119 154.617 -143.043 1127.91
GPRESSAVG: 290000 -284.649 -49.9674 -44.1296 -23.9709 -139.079 15.4509 154.617 -143.318 1127.6
ENERGY:  290000         0.0000         0.0000         0.0000         0.0000          -5602.7718       410.8335         0.0000         0.0000       937.3458          -4254.5924       297.7865     -5191.9383     -4251.9160       296.2277            459.7540       482.4406     22548.0941       234.6444       234.6242

WRITING COORDINATES TO DCD FILE MD.dcd AT STEP 290000
LDB: ============= START OF LOAD BALANCING ============== 1018.69
LDB: ============== END OF LOAD BALANCING =============== 1018.69
Info: useSync: 0 useProxySync: 0
LDB: =============== DONE WITH MIGRATION ================ 1018.69
LDB: ============= START OF LOAD BALANCING ============== 1018.87
LDB: TIME 1018.87 LOAD: AVG 0.025964 MAX 0.162198  PROXIES: TOTAL 56 MAXPE 7 MAXPATCH 7 None MEM: 0 MB
LDB: TIME 1018.87 LOAD: AVG 0.025964 MAX 0.162198  PROXIES: TOTAL 56 MAXPE 7 MAXPATCH 7 RefineTorusLB MEM: 0 MB
LDB: TIME 1018.87 LOAD: AVG 0.025964 MAX 0.162198  PROXIES: TOTAL 56 MAXPE 7 MAXPATCH 7 RefineTorusLB MEM: 0 MB
LDB: ============== END OF LOAD BALANCING =============== 1018.87
Info: useSync: 0 useProxySync: 0
LDB: =============== DONE WITH MIGRATION ================ 1018.87
LDB: ============= START OF LOAD BALANCING ============== 1025.59
LDB: ============== END OF LOAD BALANCING =============== 1025.59
Info: useSync: 0 useProxySync: 0
LDB: =============== DONE WITH MIGRATION ================ 1025.59
LDB: ============= START OF LOAD BALANCING ============== 1025.75
LDB: TIME 1025.75 LOAD: AVG 0.0237957 MAX 0.146631  PROXIES: TOTAL 56 MAXPE 7 MAXPATCH 7 None MEM: 0 MB
LDB: TIME 1025.75 LOAD: AVG 0.0237957 MAX 0.146631  PROXIES: TOTAL 56 MAXPE 7 MAXPATCH 7 RefineTorusLB MEM: 0 MB
LDB: TIME 1025.75 LOAD: AVG 0.0237957 MAX 0.146631  PROXIES: TOTAL 56 MAXPE 7 MAXPATCH 7 RefineTorusLB MEM: 0 MB
LDB: Reverting to original mapping
LDB: ============== END OF LOAD BALANCING =============== 1025.75
Info: useSync: 0 useProxySync: 0
LDB: =============== DONE WITH MIGRATION ================ 1025.75
LDB: ============= START OF LOAD BALANCING ============== 1032.07
LDB: ============== END OF LOAD BALANCING =============== 1032.07
Info: useSync: 0 useProxySync: 0
LDB: =============== DONE WITH MIGRATION ================ 1032.07
LDB: ============= START OF LOAD BALANCING ============== 1032.23
LDB: TIME 1032.23 LOAD: AVG 0.0236917 MAX 0.145289  PROXIES: TOTAL 56 MAXPE 7 MAXPATCH 7 None MEM: 0 MB
LDB: TIME 1032.23 LOAD: AVG 0.0236917 MAX 0.145289  PROXIES: TOTAL 56 MAXPE 7 MAXPATCH 7 RefineTorusLB MEM: 0 MB
LDB: TIME 1032.23 LOAD: AVG 0.0236917 MAX 0.145289  PROXIES: TOTAL 56 MAXPE 7 MAXPATCH 7 RefineTorusLB MEM: 0 MB
LDB: Reverting to original mapping
LDB: ============== END OF LOAD BALANCING =============== 1032.23
Info: useSync: 0 useProxySync: 0
LDB: =============== DONE WITH MIGRATION ================ 1032.23
PRESSURE: 295000 903.376 -338.669 -403.078 -663.203 34.891 -180.325 -16.9189 8.92825 1585.15
GPRESSURE: 295000 1015.91 -541.516 -213.631 -645.913 183.869 -249.315 -183.793 265.315 1379.94
PRESSAVG: 295000 -291.304 -3.0511 -41.9227 -22.1848 -326.105 -35.1436 138.194 -208.808 1272.8
GPRESSAVG: 295000 -291.547 -3.21998 -41.5964 -22.0242 -326.217 -35.1214 138.089 -208.325 1272.79
ENERGY:  295000         0.0000         0.0000         0.0000         0.0000          -5645.9648       440.9574         0.0000         0.0000       891.4681          -4313.5394       283.2116     -5205.0074     -4311.3327       295.7676            841.1394       859.9069     22548.0941       218.4622       218.3435

WRITING COORDINATES TO DCD FILE MD.dcd AT STEP 295000
LDB: ============= START OF LOAD BALANCING ============== 1039.28
LDB: ============== END OF LOAD BALANCING =============== 1039.28
Info: useSync: 0 useProxySync: 0
LDB: =============== DONE WITH MIGRATION ================ 1039.28
LDB: ============= START OF LOAD BALANCING ============== 1039.46
LDB: TIME 1039.46 LOAD: AVG 0.0270454 MAX 0.170581  PROXIES: TOTAL 56 MAXPE 7 MAXPATCH 7 None MEM: 0 MB
LDB: TIME 1039.46 LOAD: AVG 0.0270454 MAX 0.170581  PROXIES: TOTAL 56 MAXPE 7 MAXPATCH 7 RefineTorusLB MEM: 0 MB
LDB: TIME 1039.46 LOAD: AVG 0.0270454 MAX 0.170581  PROXIES: TOTAL 56 MAXPE 7 MAXPATCH 7 RefineTorusLB MEM: 0 MB
LDB: ============== END OF LOAD BALANCING =============== 1039.46
Info: useSync: 0 useProxySync: 0
LDB: =============== DONE WITH MIGRATION ================ 1039.46
LDB: ============= START OF LOAD BALANCING ============== 1047.29
LDB: ============== END OF LOAD BALANCING =============== 1047.29
Info: useSync: 0 useProxySync: 0
LDB: =============== DONE WITH MIGRATION ================ 1047.29
LDB: ============= START OF LOAD BALANCING ============== 1047.47
LDB: TIME 1047.47 LOAD: AVG 0.0270077 MAX 0.169837  PROXIES: TOTAL 56 MAXPE 7 MAXPATCH 7 None MEM: 0 MB
LDB: TIME 1047.47 LOAD: AVG 0.0270077 MAX 0.169837  PROXIES: TOTAL 56 MAXPE 7 MAXPATCH 7 RefineTorusLB MEM: 0 MB
LDB: TIME 1047.47 LOAD: AVG 0.0270077 MAX 0.169837  PROXIES: TOTAL 56 MAXPE 7 MAXPATCH 7 RefineTorusLB MEM: 0 MB
LDB: Reverting to original mapping
LDB: ============== END OF LOAD BALANCING =============== 1047.47
Info: useSync: 0 useProxySync: 0
LDB: =============== DONE WITH MIGRATION ================ 1047.47
PRESSURE: 300000 -25.6166 -53.288 467.529 286.257 277.588 265.061 716.057 33.3812 1136.77
GPRESSURE: 300000 -19.1611 -95.8334 499.838 425.431 217.303 250.923 502.351 50.8238 1277.4
PRESSAVG: 300000 -99.0344 -7.6939 3.34448 18.9665 -183.588 -5.48688 58.2136 -283.712 1261.86
GPRESSAVG: 300000 -99.2695 -7.499 3.20037 18.9066 -183.585 -5.31506 57.9957 -283.728 1261.97
TIMING: 300000  CPU: 1023.54, 0.00342183/step  Wall: 1053.89, 0.00352222/step, 0.195679 hours remaining, 0.000000 MB of memory in use.
PERFORMANCE: 300000  averaging 49.1904 ns/day, 0.00351288 sec/step with standard deviation 6.84658e-05
ETITLE:      TS           BOND          ANGLE          DIHED          IMPRP               ELECT            VDW       BOUNDARY           MISC        KINETIC               TOTAL           TEMP      POTENTIAL         TOTAL3        TEMPAVG            PRESSURE      GPRESSURE         VOLUME       PRESSAVG      GPRESSAVG

ENERGY:  300000         0.0000         0.0000         0.0000         0.0000          -5552.6945       405.2247         0.0000         0.0000       959.2617          -4188.2082       304.7490     -5147.4698     -4185.9739       302.2520            462.9125       491.8479     22548.0941       326.4116       326.3728

WRITING EXTENDED SYSTEM TO RESTART FILE AT STEP 300000
WRITING COORDINATES TO DCD FILE MD.dcd AT STEP 300000
WRITING COORDINATES TO RESTART FILE AT STEP 300000
FINISHED WRITING RESTART COORDINATES
WRITING VELOCITIES TO RESTART FILE AT STEP 300000
FINISHED WRITING RESTART VELOCITIES
LDB: ============= START OF LOAD BALANCING ============== 1054.66
LDB: ============== END OF LOAD BALANCING =============== 1054.66
Info: useSync: 0 useProxySync: 0
LDB: =============== DONE WITH MIGRATION ================ 1054.66
LDB: ============= START OF LOAD BALANCING ============== 1054.83
LDB: TIME 1054.83 LOAD: AVG 0.0240638 MAX 0.146658  PROXIES: TOTAL 56 MAXPE 7 MAXPATCH 7 None MEM: 0 MB
LDB: TIME 1054.83 LOAD: AVG 0.0240638 MAX 0.146658  PROXIES: TOTAL 56 MAXPE 7 MAXPATCH 7 RefineTorusLB MEM: 0 MB
LDB: TIME 1054.83 LOAD: AVG 0.0240638 MAX 0.146658  PROXIES: TOTAL 56 MAXPE 7 MAXPATCH 7 RefineTorusLB MEM: 0 MB
LDB: Reverting to original mapping
LDB: ============== END OF LOAD BALANCING =============== 1054.83
Info: useSync: 0 useProxySync: 0
LDB: =============== DONE WITH MIGRATION ================ 1054.83
LDB: ============= START OF LOAD BALANCING ============== 1061.85
LDB: ============== END OF LOAD BALANCING =============== 1061.85
Info: useSync: 0 useProxySync: 0
LDB: =============== DONE WITH MIGRATION ================ 1061.85
LDB: ============= START OF LOAD BALANCING ============== 1062.06
LDB: TIME 1062.06 LOAD: AVG 0.0256432 MAX 0.15088  PROXIES: TOTAL 56 MAXPE 7 MAXPATCH 7 None MEM: 0 MB
LDB: TIME 1062.06 LOAD: AVG 0.0256432 MAX 0.15088  PROXIES: TOTAL 56 MAXPE 7 MAXPATCH 7 RefineTorusLB MEM: 0 MB
LDB: TIME 1062.06 LOAD: AVG 0.0256432 MAX 0.15088  PROXIES: TOTAL 56 MAXPE 7 MAXPATCH 7 RefineTorusLB MEM: 0 MB
LDB: Reverting to original mapping
LDB: ============== END OF LOAD BALANCING =============== 1062.06
Info: useSync: 0 useProxySync: 0
LDB: =============== DONE WITH MIGRATION ================ 1062.06
LDB: ============= START OF LOAD BALANCING ============== 1068.86
LDB: ============== END OF LOAD BALANCING =============== 1068.86
Info: useSync: 0 useProxySync: 0
LDB: =============== DONE WITH MIGRATION ================ 1068.86
LDB: ============= START OF LOAD BALANCING ============== 1069.03
LDB: TIME 1069.03 LOAD: AVG 0.0244435 MAX 0.150538  PROXIES: TOTAL 56 MAXPE 7 MAXPATCH 7 None MEM: 0 MB
LDB: TIME 1069.03 LOAD: AVG 0.0244435 MAX 0.150538  PROXIES: TOTAL 56 MAXPE 7 MAXPATCH 7 RefineTorusLB MEM: 0 MB
LDB: TIME 1069.03 LOAD: AVG 0.0244435 MAX 0.150538  PROXIES: TOTAL 56 MAXPE 7 MAXPATCH 7 RefineTorusLB MEM: 0 MB
LDB: Reverting to original mapping
LDB: ============== END OF LOAD BALANCING =============== 1069.03
Info: useSync: 0 useProxySync: 0
LDB: =============== DONE WITH MIGRATION ================ 1069.03
WRITING COORDINATES TO DCD FILE MD.dcd AT STEP 305000
PRESSURE: 305000 -379.435 -213.155 473.888 -315.627 -161.127 79.0035 900.916 -195.448 865.243
GPRESSURE: 305000 -258.435 267.918 712.555 -318.484 -99.3995 16.6257 781.509 -58.904 710.038
PRESSAVG: 305000 -133.452 -33.5859 16.4725 -15.307 -239.061 43.2098 137.032 -220.995 1303.96
GPRESSAVG: 305000 -133.663 -33.0552 16.6235 -15.2055 -238.926 42.7518 137.216 -220.836 1304.19
ENERGY:  305000         0.0000         0.0000         0.0000         0.0000          -5561.8537       372.4326         0.0000         0.0000       931.2856          -4258.1356       295.8613     -5189.4212     -4255.5632       302.6300            108.2270       117.4010     22548.0941       310.4831       310.5326

LDB: ============= START OF LOAD BALANCING ============== 1075.15
LDB: ============== END OF LOAD BALANCING =============== 1075.15
Info: useSync: 0 useProxySync: 0
LDB: =============== DONE WITH MIGRATION ================ 1075.15
LDB: ============= START OF LOAD BALANCING ============== 1075.31
LDB: TIME 1075.31 LOAD: AVG 0.0235645 MAX 0.145776  PROXIES: TOTAL 56 MAXPE 7 MAXPATCH 7 None MEM: 0 MB
LDB: TIME 1075.31 LOAD: AVG 0.0235645 MAX 0.145776  PROXIES: TOTAL 56 MAXPE 7 MAXPATCH 7 RefineTorusLB MEM: 0 MB
LDB: TIME 1075.31 LOAD: AVG 0.0235645 MAX 0.145776  PROXIES: TOTAL 56 MAXPE 7 MAXPATCH 7 RefineTorusLB MEM: 0 MB
LDB: ============== END OF LOAD BALANCING =============== 1075.31
Info: useSync: 0 useProxySync: 0
LDB: =============== DONE WITH MIGRATION ================ 1075.31
LDB: ============= START OF LOAD BALANCING ============== 1082.16
LDB: ============== END OF LOAD BALANCING =============== 1082.16
Info: useSync: 0 useProxySync: 0
LDB: =============== DONE WITH MIGRATION ================ 1082.16
LDB: ============= START OF LOAD BALANCING ============== 1082.36
LDB: TIME 1082.36 LOAD: AVG 0.0256947 MAX 0.146401  PROXIES: TOTAL 56 MAXPE 7 MAXPATCH 7 None MEM: 0 MB
LDB: TIME 1082.36 LOAD: AVG 0.0256947 MAX 0.146401  PROXIES: TOTAL 56 MAXPE 7 MAXPATCH 7 RefineTorusLB MEM: 0 MB
LDB: TIME 1082.36 LOAD: AVG 0.0256947 MAX 0.146401  PROXIES: TOTAL 56 MAXPE 7 MAXPATCH 7 RefineTorusLB MEM: 0 MB
LDB: ============== END OF LOAD BALANCING =============== 1082.37
Info: useSync: 0 useProxySync: 0
LDB: =============== DONE WITH MIGRATION ================ 1082.41
WRITING COORDINATES TO DCD FILE MD.dcd AT STEP 310000
PRESSURE: 310000 -312.755 -1095.5 -62.1697 -949.144 -311.769 -497.871 -16.0428 -551.935 1025.25
GPRESSURE: 310000 -244.007 -1117.4 -173.983 -892.125 -194.926 -279.956 38.9693 -557.42 888.239
PRESSAVG: 310000 -277.492 -30.4459 -4.10867 -40.7431 -131.431 35.1155 92.962 -150.578 1250.92
GPRESSAVG: 310000 -277.591 -30.3705 -4.0664 -40.8983 -131.197 35.7691 92.752 -150.474 1250.79
ENERGY:  310000         0.0000         0.0000         0.0000         0.0000          -5569.4673       384.2114         0.0000         0.0000       902.0635          -4283.1924       286.5777     -5185.2560     -4281.6462       300.3263            133.5763       149.7684     22548.0941       280.6659       280.6686

LDB: ============= START OF LOAD BALANCING ============== 1088.98
LDB: ============== END OF LOAD BALANCING =============== 1088.98
Info: useSync: 0 useProxySync: 0
LDB: =============== DONE WITH MIGRATION ================ 1088.98
LDB: ============= START OF LOAD BALANCING ============== 1089.14
LDB: TIME 1089.14 LOAD: AVG 0.024023 MAX 0.146323  PROXIES: TOTAL 56 MAXPE 7 MAXPATCH 7 None MEM: 0 MB
LDB: TIME 1089.14 LOAD: AVG 0.024023 MAX 0.146323  PROXIES: TOTAL 56 MAXPE 7 MAXPATCH 7 RefineTorusLB MEM: 0 MB
LDB: TIME 1089.14 LOAD: AVG 0.024023 MAX 0.146323  PROXIES: TOTAL 56 MAXPE 7 MAXPATCH 7 RefineTorusLB MEM: 0 MB
LDB: ============== END OF LOAD BALANCING =============== 1089.14
Info: useSync: 0 useProxySync: 0
LDB: =============== DONE WITH MIGRATION ================ 1089.14
LDB: ============= START OF LOAD BALANCING ============== 1096.47
LDB: ============== END OF LOAD BALANCING =============== 1096.47
Info: useSync: 0 useProxySync: 0
LDB: =============== DONE WITH MIGRATION ================ 1096.47
LDB: ============= START OF LOAD BALANCING ============== 1096.63
LDB: TIME 1096.63 LOAD: AVG 0.0236987 MAX 0.146034  PROXIES: TOTAL 56 MAXPE 7 MAXPATCH 7 None MEM: 0 MB
LDB: TIME 1096.63 LOAD: AVG 0.0236987 MAX 0.146034  PROXIES: TOTAL 56 MAXPE 7 MAXPATCH 7 RefineTorusLB MEM: 0 MB
LDB: TIME 1096.63 LOAD: AVG 0.0236987 MAX 0.146034  PROXIES: TOTAL 56 MAXPE 7 MAXPATCH 7 RefineTorusLB MEM: 0 MB
LDB: Reverting to original mapping
LDB: ============== END OF LOAD BALANCING =============== 1096.63
Info: useSync: 0 useProxySync: 0
LDB: =============== DONE WITH MIGRATION ================ 1096.63
LDB: ============= START OF LOAD BALANCING ============== 1103.83
LDB: ============== END OF LOAD BALANCING =============== 1103.83
Info: useSync: 0 useProxySync: 0
LDB: =============== DONE WITH MIGRATION ================ 1103.83
LDB: ============= START OF LOAD BALANCING ============== 1103.99
LDB: TIME 1103.99 LOAD: AVG 0.0238657 MAX 0.146195  PROXIES: TOTAL 56 MAXPE 7 MAXPATCH 7 None MEM: 0 MB
LDB: TIME 1103.99 LOAD: AVG 0.0238657 MAX 0.146195  PROXIES: TOTAL 56 MAXPE 7 MAXPATCH 7 RefineTorusLB MEM: 0 MB
LDB: TIME 1103.99 LOAD: AVG 0.0238657 MAX 0.146195  PROXIES: TOTAL 56 MAXPE 7 MAXPATCH 7 RefineTorusLB MEM: 0 MB
LDB: Reverting to original mapping
LDB: ============== END OF LOAD BALANCING =============== 1103.99
Info: useSync: 0 useProxySync: 0
LDB: =============== DONE WITH MIGRATION ================ 1103.99
PRESSURE: 315000 -1299.87 528.141 -143.172 370.917 -940.791 298.016 471.323 241.962 1755.9
GPRESSURE: 315000 -1009.55 489.032 -114.11 312.725 -931.454 152.809 517.006 177.473 1540.72
PRESSAVG: 315000 -208.624 -16.306 58.057 -12.8363 -210.979 51.419 113.814 -131.507 1347.77
GPRESSAVG: 315000 -208.735 -15.9936 57.7662 -12.5524 -210.652 51.0898 113.848 -131.205 1347.64
ENERGY:  315000         0.0000         0.0000         0.0000         0.0000          -5597.0988       372.3259         0.0000         0.0000       926.1266          -4298.6463       294.2223     -5224.7729     -4296.5882       298.1863           -161.5850      -133.4293     22548.0941       309.3878       309.4166

WRITING COORDINATES TO DCD FILE MD.dcd AT STEP 315000
LDB: ============= START OF LOAD BALANCING ============== 1110.74
LDB: ============== END OF LOAD BALANCING =============== 1110.74
Info: useSync: 0 useProxySync: 0
LDB: =============== DONE WITH MIGRATION ================ 1110.74
LDB: ============= START OF LOAD BALANCING ============== 1110.92
LDB: TIME 1110.92 LOAD: AVG 0.025753 MAX 0.161324  PROXIES: TOTAL 56 MAXPE 7 MAXPATCH 7 None MEM: 0 MB
LDB: TIME 1110.92 LOAD: AVG 0.025753 MAX 0.161324  PROXIES: TOTAL 56 MAXPE 7 MAXPATCH 7 RefineTorusLB MEM: 0 MB
LDB: TIME 1110.92 LOAD: AVG 0.025753 MAX 0.161324  PROXIES: TOTAL 56 MAXPE 7 MAXPATCH 7 RefineTorusLB MEM: 0 MB
LDB: Reverting to original mapping
LDB: ============== END OF LOAD BALANCING =============== 1110.92
Info: useSync: 0 useProxySync: 0
LDB: =============== DONE WITH MIGRATION ================ 1110.92
LDB: ============= START OF LOAD BALANCING ============== 1117.53
LDB: ============== END OF LOAD BALANCING =============== 1117.53
Info: useSync: 0 useProxySync: 0
LDB: =============== DONE WITH MIGRATION ================ 1117.53
LDB: ============= START OF LOAD BALANCING ============== 1117.69
LDB: TIME 1117.69 LOAD: AVG 0.0242855 MAX 0.146779  PROXIES: TOTAL 56 MAXPE 7 MAXPATCH 7 None MEM: 0 MB
LDB: TIME 1117.69 LOAD: AVG 0.0242855 MAX 0.146779  PROXIES: TOTAL 56 MAXPE 7 MAXPATCH 7 RefineTorusLB MEM: 0 MB
LDB: TIME 1117.69 LOAD: AVG 0.0242855 MAX 0.146779  PROXIES: TOTAL 56 MAXPE 7 MAXPATCH 7 RefineTorusLB MEM: 0 MB
LDB: ============== END OF LOAD BALANCING =============== 1117.69
Info: useSync: 0 useProxySync: 0
LDB: =============== DONE WITH MIGRATION ================ 1117.69
WRITING COORDINATES TO DCD FILE MD.dcd AT STEP 320000
PRESSURE: 320000 -429.993 414.212 -17.248 816.119 105.826 -494.233 87.5651 -211.454 626.29
GPRESSURE: 320000 -327.921 565.597 194.443 866.587 124.773 -658.889 50.3999 -75.0989 609.476
PRESSAVG: 320000 -112.911 -15.9812 1.73706 -62.6498 -202.981 -3.74867 -79.6692 -147.119 1309.41
GPRESSAVG: 320000 -113.161 -16.165 2.27864 -62.8478 -203.045 -3.82784 -79.8159 -147.279 1309.7
ENERGY:  320000         0.0000         0.0000         0.0000         0.0000          -5587.3794       390.0337         0.0000         0.0000       943.2965          -4254.0493       299.6770     -5197.3458     -4252.6306       295.9671            100.7078       135.4425     22548.0941       331.1719       331.1636

LDB: ============= START OF LOAD BALANCING ============== 1124.15
LDB: ============== END OF LOAD BALANCING =============== 1124.15
Info: useSync: 0 useProxySync: 0
LDB: =============== DONE WITH MIGRATION ================ 1124.15
LDB: ============= START OF LOAD BALANCING ============== 1124.31
LDB: TIME 1124.31 LOAD: AVG 0.0242118 MAX 0.146267  PROXIES: TOTAL 56 MAXPE 7 MAXPATCH 7 None MEM: 0 MB
LDB: TIME 1124.31 LOAD: AVG 0.0242118 MAX 0.146267  PROXIES: TOTAL 56 MAXPE 7 MAXPATCH 7 RefineTorusLB MEM: 0 MB
LDB: TIME 1124.31 LOAD: AVG 0.0242118 MAX 0.146267  PROXIES: TOTAL 56 MAXPE 7 MAXPATCH 7 RefineTorusLB MEM: 0 MB
LDB: Reverting to original mapping
LDB: ============== END OF LOAD BALANCING =============== 1124.31
Info: useSync: 0 useProxySync: 0
LDB: =============== DONE WITH MIGRATION ================ 1124.31
LDB: ============= START OF LOAD BALANCING ============== 1130.65
LDB: ============== END OF LOAD BALANCING =============== 1130.65
Info: useSync: 0 useProxySync: 0
LDB: =============== DONE WITH MIGRATION ================ 1130.65
LDB: ============= START OF LOAD BALANCING ============== 1130.81
LDB: TIME 1130.81 LOAD: AVG 0.0243162 MAX 0.146206  PROXIES: TOTAL 56 MAXPE 7 MAXPATCH 7 None MEM: 0 MB
LDB: TIME 1130.81 LOAD: AVG 0.0243162 MAX 0.146206  PROXIES: TOTAL 56 MAXPE 7 MAXPATCH 7 RefineTorusLB MEM: 0 MB
LDB: TIME 1130.81 LOAD: AVG 0.0243162 MAX 0.146206  PROXIES: TOTAL 56 MAXPE 7 MAXPATCH 7 RefineTorusLB MEM: 0 MB
LDB: ============== END OF LOAD BALANCING =============== 1130.81
Info: useSync: 0 useProxySync: 0
LDB: =============== DONE WITH MIGRATION ================ 1130.81
LDB: ============= START OF LOAD BALANCING ============== 1137.9
LDB: ============== END OF LOAD BALANCING =============== 1137.9
Info: useSync: 0 useProxySync: 0
LDB: =============== DONE WITH MIGRATION ================ 1137.9
LDB: ============= START OF LOAD BALANCING ============== 1138.06
LDB: TIME 1138.06 LOAD: AVG 0.0243733 MAX 0.146735  PROXIES: TOTAL 56 MAXPE 7 MAXPATCH 7 None MEM: 0 MB
LDB: TIME 1138.06 LOAD: AVG 0.0243733 MAX 0.146735  PROXIES: TOTAL 56 MAXPE 7 MAXPATCH 7 RefineTorusLB MEM: 0 MB
LDB: TIME 1138.06 LOAD: AVG 0.0243733 MAX 0.146735  PROXIES: TOTAL 56 MAXPE 7 MAXPATCH 7 RefineTorusLB MEM: 0 MB
LDB: ============== END OF LOAD BALANCING =============== 1138.06
Info: useSync: 0 useProxySync: 0
LDB: =============== DONE WITH MIGRATION ================ 1138.06
WRITING COORDINATES TO DCD FILE MD.dcd AT STEP 325000
PRESSURE: 325000 -306.291 -8.7719 -372.654 -266.083 186.72 -237.922 -122.987 -86.072 1605.86
GPRESSURE: 325000 -134.562 -95.5897 -398.914 -297.068 132.29 -461.917 -247.615 319.287 1563.61
PRESSAVG: 325000 -149.29 60.4011 43.644 46.0248 -103.429 0.991295 150.538 -103.216 1404.25
GPRESSAVG: 325000 -149.351 60.2095 43.226 45.8295 -103.537 1.15814 150.817 -103.219 1404.51
ENERGY:  325000         0.0000         0.0000         0.0000         0.0000          -5681.7276       421.9430         0.0000         0.0000       948.6889          -4311.0957       301.3901     -5259.7846     -4309.0689       302.7722            495.4297       520.4462     22548.0941       383.8451       383.8729

LDB: ============= START OF LOAD BALANCING ============== 1144.69
LDB: ============== END OF LOAD BALANCING =============== 1144.69
Info: useSync: 0 useProxySync: 0
LDB: =============== DONE WITH MIGRATION ================ 1144.69
LDB: ============= START OF LOAD BALANCING ============== 1144.85
LDB: TIME 1144.85 LOAD: AVG 0.0242207 MAX 0.146593  PROXIES: TOTAL 56 MAXPE 7 MAXPATCH 7 None MEM: 0 MB
LDB: TIME 1144.85 LOAD: AVG 0.0242207 MAX 0.146593  PROXIES: TOTAL 56 MAXPE 7 MAXPATCH 7 RefineTorusLB MEM: 0 MB
LDB: TIME 1144.85 LOAD: AVG 0.0242207 MAX 0.146593  PROXIES: TOTAL 56 MAXPE 7 MAXPATCH 7 RefineTorusLB MEM: 0 MB
LDB: ============== END OF LOAD BALANCING =============== 1144.85
Info: useSync: 0 useProxySync: 0
LDB: =============== DONE WITH MIGRATION ================ 1144.85
LDB: ============= START OF LOAD BALANCING ============== 1151.74
LDB: ============== END OF LOAD BALANCING =============== 1151.74
Info: useSync: 0 useProxySync: 0
LDB: =============== DONE WITH MIGRATION ================ 1151.74
LDB: ============= START OF LOAD BALANCING ============== 1151.9
LDB: TIME 1151.9 LOAD: AVG 0.0237306 MAX 0.146116  PROXIES: TOTAL 56 MAXPE 7 MAXPATCH 7 None MEM: 0 MB
LDB: TIME 1151.9 LOAD: AVG 0.0237306 MAX 0.146116  PROXIES: TOTAL 56 MAXPE 7 MAXPATCH 7 RefineTorusLB MEM: 0 MB
LDB: TIME 1151.9 LOAD: AVG 0.0237306 MAX 0.146116  PROXIES: TOTAL 56 MAXPE 7 MAXPATCH 7 RefineTorusLB MEM: 0 MB
LDB: Reverting to original mapping
LDB: ============== END OF LOAD BALANCING =============== 1151.9
Info: useSync: 0 useProxySync: 0
LDB: =============== DONE WITH MIGRATION ================ 1151.9
WRITING COORDINATES TO DCD FILE MD.dcd AT STEP 330000
PRESSURE: 330000 181.9 -127.202 -463.384 -102.692 -669.149 253.352 -359.531 88.2059 2194.6
GPRESSURE: 330000 150.216 292.842 -449.509 -150.429 -524.29 -46.9661 -451.955 84.1594 2156.31
PRESSAVG: 330000 -297.763 17.527 -42.9158 -10.4138 -221.339 19.183 105.666 8.59479 1347.07
GPRESSAVG: 330000 -297.241 17.2923 -42.9036 -10.278 -220.975 19.6439 105.255 8.04736 1346.89
ENERGY:  330000         0.0000         0.0000         0.0000         0.0000          -5616.6494       402.7352         0.0000         0.0000       931.2448          -4282.6695       295.8483     -5213.9142     -4280.8070       299.6482            569.1189       594.0800     22548.0941       275.9910       276.2258

LDB: ============= START OF LOAD BALANCING ============== 1158.85
LDB: ============== END OF LOAD BALANCING =============== 1158.85
Info: useSync: 0 useProxySync: 0
LDB: =============== DONE WITH MIGRATION ================ 1158.85
LDB: ============= START OF LOAD BALANCING ============== 1159.01
LDB: TIME 1159.01 LOAD: AVG 0.0240325 MAX 0.146889  PROXIES: TOTAL 56 MAXPE 7 MAXPATCH 7 None MEM: 0 MB
LDB: TIME 1159.01 LOAD: AVG 0.0240325 MAX 0.146889  PROXIES: TOTAL 56 MAXPE 7 MAXPATCH 7 RefineTorusLB MEM: 0 MB
LDB: TIME 1159.01 LOAD: AVG 0.0240325 MAX 0.146889  PROXIES: TOTAL 56 MAXPE 7 MAXPATCH 7 RefineTorusLB MEM: 0 MB
LDB: ============== END OF LOAD BALANCING =============== 1159.01
Info: useSync: 0 useProxySync: 0
LDB: =============== DONE WITH MIGRATION ================ 1159.01
LDB: ============= START OF LOAD BALANCING ============== 1165.86
LDB: ============== END OF LOAD BALANCING =============== 1165.86
Info: useSync: 0 useProxySync: 0
LDB: =============== DONE WITH MIGRATION ================ 1165.86
LDB: ============= START OF LOAD BALANCING ============== 1166.02
LDB: TIME 1166.02 LOAD: AVG 0.023981 MAX 0.145641  PROXIES: TOTAL 56 MAXPE 7 MAXPATCH 7 None MEM: 0 MB
LDB: TIME 1166.02 LOAD: AVG 0.023981 MAX 0.145641  PROXIES: TOTAL 56 MAXPE 7 MAXPATCH 7 RefineTorusLB MEM: 0 MB
LDB: TIME 1166.02 LOAD: AVG 0.023981 MAX 0.145641  PROXIES: TOTAL 56 MAXPE 7 MAXPATCH 7 RefineTorusLB MEM: 0 MB
LDB: Reverting to original mapping
LDB: ============== END OF LOAD BALANCING =============== 1166.02
Info: useSync: 0 useProxySync: 0
LDB: =============== DONE WITH MIGRATION ================ 1166.02
LDB: ============= START OF LOAD BALANCING ============== 1172.76
LDB: ============== END OF LOAD BALANCING =============== 1172.76
Info: useSync: 0 useProxySync: 0
LDB: =============== DONE WITH MIGRATION ================ 1172.76
LDB: ============= START OF LOAD BALANCING ============== 1172.94
LDB: TIME 1172.94 LOAD: AVG 0.0240287 MAX 0.144861  PROXIES: TOTAL 56 MAXPE 7 MAXPATCH 7 None MEM: 0 MB
LDB: TIME 1172.94 LOAD: AVG 0.0240287 MAX 0.144861  PROXIES: TOTAL 56 MAXPE 7 MAXPATCH 7 RefineTorusLB MEM: 0 MB
LDB: TIME 1172.94 LOAD: AVG 0.0240287 MAX 0.144861  PROXIES: TOTAL 56 MAXPE 7 MAXPATCH 7 RefineTorusLB MEM: 0 MB
LDB: ============== END OF LOAD BALANCING =============== 1172.95
Info: useSync: 0 useProxySync: 0
LDB: =============== DONE WITH MIGRATION ================ 1173
WRITING COORDINATES TO DCD FILE MD.dcd AT STEP 335000
PRESSURE: 335000 -326.857 -428.117 1114.54 -315.383 -137.139 455.81 760.952 6.55027 1451.28
GPRESSURE: 335000 -397.269 -198.2 1144.12 85.136 -87.6246 595.001 699.841 -49.7262 1554.38
PRESSAVG: 335000 -220.674 29.1385 -54.6689 72.5423 -212.633 -51.1034 40.4114 72.0546 1387.15
GPRESSAVG: 335000 -220.868 29.4378 -54.2722 72.4532 -212.672 -51.2626 40.627 72.3707 1387.27
ENERGY:  335000         0.0000         0.0000         0.0000         0.0000          -5606.8320       390.9445         0.0000         0.0000       959.1424          -4256.7452       304.7111     -5215.8875     -4255.0051       296.1052            329.0947       356.4945     22548.0941       317.9480       317.9108

LDB: ============= START OF LOAD BALANCING ============== 1180.3
LDB: ============== END OF LOAD BALANCING =============== 1180.3
Info: useSync: 0 useProxySync: 0
LDB: =============== DONE WITH MIGRATION ================ 1180.3
LDB: ============= START OF LOAD BALANCING ============== 1180.48
LDB: TIME 1180.48 LOAD: AVG 0.0240816 MAX 0.147097  PROXIES: TOTAL 56 MAXPE 7 MAXPATCH 7 None MEM: 0 MB
LDB: TIME 1180.48 LOAD: AVG 0.0240816 MAX 0.147097  PROXIES: TOTAL 56 MAXPE 7 MAXPATCH 7 RefineTorusLB MEM: 0 MB
LDB: TIME 1180.48 LOAD: AVG 0.0240816 MAX 0.147097  PROXIES: TOTAL 56 MAXPE 7 MAXPATCH 7 RefineTorusLB MEM: 0 MB
LDB: Reverting to original mapping
LDB: ============== END OF LOAD BALANCING =============== 1180.48
Info: useSync: 0 useProxySync: 0
LDB: =============== DONE WITH MIGRATION ================ 1180.48
LDB: ============= START OF LOAD BALANCING ============== 1186.96
LDB: ============== END OF LOAD BALANCING =============== 1186.96
Info: useSync: 0 useProxySync: 0
LDB: =============== DONE WITH MIGRATION ================ 1186.96
LDB: ============= START OF LOAD BALANCING ============== 1187.18
LDB: TIME 1187.18 LOAD: AVG 0.0256847 MAX 0.152541  PROXIES: TOTAL 56 MAXPE 7 MAXPATCH 7 None MEM: 0 MB
LDB: TIME 1187.18 LOAD: AVG 0.0256847 MAX 0.152541  PROXIES: TOTAL 56 MAXPE 7 MAXPATCH 7 RefineTorusLB MEM: 0 MB
LDB: TIME 1187.18 LOAD: AVG 0.0256847 MAX 0.152541  PROXIES: TOTAL 56 MAXPE 7 MAXPATCH 7 RefineTorusLB MEM: 0 MB
LDB: ============== END OF LOAD BALANCING =============== 1187.18
Info: useSync: 0 useProxySync: 0
LDB: =============== DONE WITH MIGRATION ================ 1187.18
WRITING COORDINATES TO DCD FILE MD.dcd AT STEP 340000
PRESSURE: 340000 -106.877 226.699 -355.126 -1.4079 -895.847 117.382 -550.696 226.827 1736
GPRESSURE: 340000 -108.686 278.503 8.94329 -242.488 -826.363 -356.979 -831.04 540.925 1689.22
PRESSAVG: 340000 -280.116 49.7153 -44.0475 -4.53313 -207.232 43.082 -93.9158 -19.7055 1368.26
GPRESSAVG: 340000 -280.212 49.9158 -44.0767 -4.53485 -207.099 42.5225 -93.5733 -19.569 1368.35
ENERGY:  340000         0.0000         0.0000         0.0000         0.0000          -5614.0203       379.7492         0.0000         0.0000       974.2440          -4260.0271       309.5088     -5234.2711     -4256.3433       302.9736            244.4245       251.3892     22548.0941       293.6391       293.6793

LDB: ============= START OF LOAD BALANCING ============== 1193.75
LDB: ============== END OF LOAD BALANCING =============== 1193.75
Info: useSync: 0 useProxySync: 0
LDB: =============== DONE WITH MIGRATION ================ 1193.76
LDB: ============= START OF LOAD BALANCING ============== 1193.94
LDB: TIME 1193.94 LOAD: AVG 0.0241794 MAX 0.147968  PROXIES: TOTAL 56 MAXPE 7 MAXPATCH 7 None MEM: 0 MB
LDB: TIME 1193.94 LOAD: AVG 0.0241794 MAX 0.147968  PROXIES: TOTAL 56 MAXPE 7 MAXPATCH 7 RefineTorusLB MEM: 0 MB
LDB: TIME 1193.94 LOAD: AVG 0.0241794 MAX 0.147968  PROXIES: TOTAL 56 MAXPE 7 MAXPATCH 7 RefineTorusLB MEM: 0 MB
LDB: Reverting to original mapping
LDB: ============== END OF LOAD BALANCING =============== 1193.94
Info: useSync: 0 useProxySync: 0
LDB: =============== DONE WITH MIGRATION ================ 1193.94
LDB: ============= START OF LOAD BALANCING ============== 1200.39
LDB: ============== END OF LOAD BALANCING =============== 1200.39
Info: useSync: 0 useProxySync: 0
LDB: =============== DONE WITH MIGRATION ================ 1200.39
LDB: ============= START OF LOAD BALANCING ============== 1200.55
LDB: TIME 1200.55 LOAD: AVG 0.0237263 MAX 0.145733  PROXIES: TOTAL 56 MAXPE 7 MAXPATCH 7 None MEM: 0 MB
LDB: TIME 1200.55 LOAD: AVG 0.0237263 MAX 0.145733  PROXIES: TOTAL 56 MAXPE 7 MAXPATCH 7 RefineTorusLB MEM: 0 MB
LDB: TIME 1200.55 LOAD: AVG 0.0237263 MAX 0.145733  PROXIES: TOTAL 56 MAXPE 7 MAXPATCH 7 RefineTorusLB MEM: 0 MB
LDB: Reverting to original mapping
LDB: ============== END OF LOAD BALANCING =============== 1200.55
Info: useSync: 0 useProxySync: 0
LDB: =============== DONE WITH MIGRATION ================ 1200.55
LDB: ============= START OF LOAD BALANCING ============== 1207.72
LDB: ============== END OF LOAD BALANCING =============== 1207.72
Info: useSync: 0 useProxySync: 0
LDB: =============== DONE WITH MIGRATION ================ 1207.72
LDB: ============= START OF LOAD BALANCING ============== 1207.88
LDB: TIME 1207.88 LOAD: AVG 0.0235237 MAX 0.146042  PROXIES: TOTAL 56 MAXPE 7 MAXPATCH 7 None MEM: 0 MB
LDB: TIME 1207.88 LOAD: AVG 0.0235237 MAX 0.146042  PROXIES: TOTAL 56 MAXPE 7 MAXPATCH 7 RefineTorusLB MEM: 0 MB
LDB: TIME 1207.88 LOAD: AVG 0.0235237 MAX 0.146042  PROXIES: TOTAL 56 MAXPE 7 MAXPATCH 7 RefineTorusLB MEM: 0 MB
LDB: Reverting to original mapping
LDB: ============== END OF LOAD BALANCING =============== 1207.88
Info: useSync: 0 useProxySync: 0
LDB: =============== DONE WITH MIGRATION ================ 1207.88
WRITING COORDINATES TO DCD FILE MD.dcd AT STEP 345000
PRESSURE: 345000 -622.957 291.725 -260.908 722.582 -643.092 -184.086 -691.281 -254.738 -251.391
GPRESSURE: 345000 -635.258 197.516 -312.148 557.809 -672.29 -201.896 -516.637 -250.679 -116.61
PRESSAVG: 345000 -220.173 -5.82809 -34.4913 -48.6265 -346.032 -101.114 -32.1215 -30.6667 1388.57
GPRESSAVG: 345000 -220.135 -6.07649 -34.2652 -48.7606 -346.066 -101.237 -32.645 -30.7465 1389.01
ENERGY:  345000         0.0000         0.0000         0.0000         0.0000          -5625.5864       366.7308         0.0000         0.0000       950.1986          -4308.6570       301.8698     -5258.8556     -4306.9339       300.7360           -505.8136      -474.7193     22548.0941       274.1204       274.2696

LDB: ============= START OF LOAD BALANCING ============== 1214.76
LDB: ============== END OF LOAD BALANCING =============== 1214.76
Info: useSync: 0 useProxySync: 0
LDB: =============== DONE WITH MIGRATION ================ 1214.76
LDB: ============= START OF LOAD BALANCING ============== 1214.93
LDB: TIME 1214.93 LOAD: AVG 0.0244941 MAX 0.145865  PROXIES: TOTAL 56 MAXPE 7 MAXPATCH 7 None MEM: 0 MB
LDB: TIME 1214.93 LOAD: AVG 0.0244941 MAX 0.145865  PROXIES: TOTAL 56 MAXPE 7 MAXPATCH 7 RefineTorusLB MEM: 0 MB
LDB: TIME 1214.93 LOAD: AVG 0.0244941 MAX 0.145865  PROXIES: TOTAL 56 MAXPE 7 MAXPATCH 7 RefineTorusLB MEM: 0 MB
LDB: ============== END OF LOAD BALANCING =============== 1214.93
Info: useSync: 0 useProxySync: 0
LDB: =============== DONE WITH MIGRATION ================ 1214.93
LDB: ============= START OF LOAD BALANCING ============== 1222.37
LDB: ============== END OF LOAD BALANCING =============== 1222.37
Info: useSync: 0 useProxySync: 0
LDB: =============== DONE WITH MIGRATION ================ 1222.37
LDB: ============= START OF LOAD BALANCING ============== 1222.53
LDB: TIME 1222.53 LOAD: AVG 0.0240043 MAX 0.14694  PROXIES: TOTAL 56 MAXPE 7 MAXPATCH 7 None MEM: 0 MB
LDB: TIME 1222.53 LOAD: AVG 0.0240043 MAX 0.14694  PROXIES: TOTAL 56 MAXPE 7 MAXPATCH 7 RefineTorusLB MEM: 0 MB
LDB: TIME 1222.53 LOAD: AVG 0.0240043 MAX 0.14694  PROXIES: TOTAL 56 MAXPE 7 MAXPATCH 7 RefineTorusLB MEM: 0 MB
LDB: Reverting to original mapping
LDB: ============== END OF LOAD BALANCING =============== 1222.53
Info: useSync: 0 useProxySync: 0
LDB: =============== DONE WITH MIGRATION ================ 1222.53
WRITING COORDINATES TO DCD FILE MD.dcd AT STEP 350000
WRITING COORDINATES TO RESTART FILE AT STEP 350000
FINISHED WRITING RESTART COORDINATES
WRITING VELOCITIES TO RESTART FILE AT STEP 350000
FINISHED WRITING RESTART VELOCITIES
PRESSURE: 350000 -1255.95 -61.0321 804.352 68.2558 -896.079 -577.824 507.619 -342.553 1173.74
GPRESSURE: 350000 -1263.87 -101.236 559.042 -124.091 -894.748 -482.795 583.379 -33.8139 1212.5
PRESSAVG: 350000 -178.006 88.6503 -2.39921 63.9008 -229.272 -44.7793 16.0713 -207.752 1403.43
GPRESSAVG: 350000 -178.03 88.6582 -2.33078 63.5255 -229.307 -44.7476 16.1648 -208.038 1403.18
TIMING: 350000  CPU: 1192.64, 0.00338203/step  Wall: 1228.67, 0.00349565/step, 0.145652 hours remaining, 0.000000 MB of memory in use.
PERFORMANCE: 350000  averaging 49.2249 ns/day, 0.00351042 sec/step with standard deviation 6.28388e-05
ETITLE:      TS           BOND          ANGLE          DIHED          IMPRP               ELECT            VDW       BOUNDARY           MISC        KINETIC               TOTAL           TEMP      POTENTIAL         TOTAL3        TEMPAVG            PRESSURE      GPRESSURE         VOLUME       PRESSAVG      GPRESSAVG

ENERGY:  350000         0.0000         0.0000         0.0000         0.0000          -5608.4979       350.4952         0.0000         0.0000       898.3323          -4359.6704       285.3923     -5258.0027     -4356.5670       296.6597           -326.0964      -315.3731     22548.0941       332.0501       331.9493

WRITING EXTENDED SYSTEM TO RESTART FILE AT STEP 350000
LDB: ============= START OF LOAD BALANCING ============== 1229.57
LDB: ============== END OF LOAD BALANCING =============== 1229.57
Info: useSync: 0 useProxySync: 0
LDB: =============== DONE WITH MIGRATION ================ 1229.57
LDB: ============= START OF LOAD BALANCING ============== 1229.83
LDB: TIME 1229.83 LOAD: AVG 0.0267491 MAX 0.157789  PROXIES: TOTAL 56 MAXPE 7 MAXPATCH 7 None MEM: 0 MB
LDB: TIME 1229.83 LOAD: AVG 0.0267491 MAX 0.157789  PROXIES: TOTAL 56 MAXPE 7 MAXPATCH 7 RefineTorusLB MEM: 0 MB
LDB: TIME 1229.83 LOAD: AVG 0.0267491 MAX 0.157789  PROXIES: TOTAL 56 MAXPE 7 MAXPATCH 7 RefineTorusLB MEM: 0 MB
LDB: ============== END OF LOAD BALANCING =============== 1229.83
Info: useSync: 0 useProxySync: 0
LDB: =============== DONE WITH MIGRATION ================ 1229.83
LDB: ============= START OF LOAD BALANCING ============== 1237.95
LDB: ============== END OF LOAD BALANCING =============== 1237.95
Info: useSync: 0 useProxySync: 0
LDB: =============== DONE WITH MIGRATION ================ 1237.95
LDB: ============= START OF LOAD BALANCING ============== 1238.24
LDB: TIME 1238.24 LOAD: AVG 0.0321903 MAX 0.210411  PROXIES: TOTAL 56 MAXPE 7 MAXPATCH 7 None MEM: 0 MB
LDB: TIME 1238.24 LOAD: AVG 0.0321903 MAX 0.210411  PROXIES: TOTAL 56 MAXPE 7 MAXPATCH 7 RefineTorusLB MEM: 0 MB
LDB: TIME 1238.24 LOAD: AVG 0.0321903 MAX 0.210411  PROXIES: TOTAL 56 MAXPE 7 MAXPATCH 7 RefineTorusLB MEM: 0 MB
LDB: ============== END OF LOAD BALANCING =============== 1238.24
Info: useSync: 0 useProxySync: 0
LDB: =============== DONE WITH MIGRATION ================ 1238.24
LDB: ============= START OF LOAD BALANCING ============== 1245.86
LDB: ============== END OF LOAD BALANCING =============== 1245.86
Info: useSync: 0 useProxySync: 0
LDB: =============== DONE WITH MIGRATION ================ 1245.86
LDB: ============= START OF LOAD BALANCING ============== 1246.02
LDB: TIME 1246.02 LOAD: AVG 0.0240694 MAX 0.148219  PROXIES: TOTAL 56 MAXPE 7 MAXPATCH 7 None MEM: 0 MB
LDB: TIME 1246.02 LOAD: AVG 0.0240694 MAX 0.148219  PROXIES: TOTAL 56 MAXPE 7 MAXPATCH 7 RefineTorusLB MEM: 0 MB
LDB: TIME 1246.02 LOAD: AVG 0.0240694 MAX 0.148219  PROXIES: TOTAL 56 MAXPE 7 MAXPATCH 7 RefineTorusLB MEM: 0 MB
LDB: ============== END OF LOAD BALANCING =============== 1246.02
Info: useSync: 0 useProxySync: 0
LDB: =============== DONE WITH MIGRATION ================ 1246.02
WRITING COORDINATES TO DCD FILE MD.dcd AT STEP 355000
PRESSURE: 355000 -249.699 363.47 363.936 430.244 -80.0945 189.229 272.142 -525.016 1907.74
GPRESSURE: 355000 -116.188 454.185 333.949 332.227 22.5351 397.882 -41.7406 -991.879 1788.14
PRESSAVG: 355000 -76.9368 -46.0439 -15.2818 -78.2436 -176.475 42.7488 93.4759 -104.526 1689.68
GPRESSAVG: 355000 -76.8886 -45.9051 -15.5192 -77.9789 -176.329 42.747 93.6294 -103.916 1689.45
ENERGY:  355000         0.0000         0.0000         0.0000         0.0000          -5563.4500       382.1850         0.0000         0.0000       962.9099          -4218.3551       305.9080     -5181.2650     -4215.5405       302.0190            525.9805       564.8294     22548.0941       478.7553       478.7445

LDB: ============= START OF LOAD BALANCING ============== 1252.54
LDB: ============== END OF LOAD BALANCING =============== 1252.54
Info: useSync: 0 useProxySync: 0
LDB: =============== DONE WITH MIGRATION ================ 1252.54
LDB: ============= START OF LOAD BALANCING ============== 1252.7
LDB: TIME 1252.7 LOAD: AVG 0.0239151 MAX 0.146137  PROXIES: TOTAL 56 MAXPE 7 MAXPATCH 7 None MEM: 0 MB
LDB: TIME 1252.7 LOAD: AVG 0.0239151 MAX 0.146137  PROXIES: TOTAL 56 MAXPE 7 MAXPATCH 7 RefineTorusLB MEM: 0 MB
LDB: TIME 1252.7 LOAD: AVG 0.0239151 MAX 0.146137  PROXIES: TOTAL 56 MAXPE 7 MAXPATCH 7 RefineTorusLB MEM: 0 MB
LDB: ============== END OF LOAD BALANCING =============== 1252.7
Info: useSync: 0 useProxySync: 0
LDB: =============== DONE WITH MIGRATION ================ 1252.7
LDB: ============= START OF LOAD BALANCING ============== 1259.64
LDB: ============== END OF LOAD BALANCING =============== 1259.64
Info: useSync: 0 useProxySync: 0
LDB: =============== DONE WITH MIGRATION ================ 1259.64
LDB: ============= START OF LOAD BALANCING ============== 1259.85
LDB: TIME 1259.85 LOAD: AVG 0.0278326 MAX 0.178104  PROXIES: TOTAL 56 MAXPE 7 MAXPATCH 7 None MEM: 0 MB
LDB: TIME 1259.85 LOAD: AVG 0.0278326 MAX 0.178104  PROXIES: TOTAL 56 MAXPE 7 MAXPATCH 7 RefineTorusLB MEM: 0 MB
LDB: TIME 1259.85 LOAD: AVG 0.0278326 MAX 0.178104  PROXIES: TOTAL 56 MAXPE 7 MAXPATCH 7 RefineTorusLB MEM: 0 MB
LDB: Reverting to original mapping
LDB: ============== END OF LOAD BALANCING =============== 1259.85
Info: useSync: 0 useProxySync: 0
LDB: =============== DONE WITH MIGRATION ================ 1259.85
WRITING COORDINATES TO DCD FILE MD.dcd AT STEP 360000
PRESSURE: 360000 -293.457 -138.183 37.958 224.687 -1323.09 55.3454 201.127 -422.286 2555.88
GPRESSURE: 360000 -190.816 265.799 70.2445 240.342 -1334.86 -167.29 246.548 -79.4503 2540.38
PRESSAVG: 360000 -231.486 -25.6634 -73.0358 -29.7047 -224.314 23.4636 57.549 -224.265 1598.72
GPRESSAVG: 360000 -231.496 -25.1954 -72.8486 -29.7899 -224.484 23.5667 57.8913 -224.561 1599.24
ENERGY:  360000         0.0000         0.0000         0.0000         0.0000          -5666.6944       397.0125         0.0000         0.0000       959.8731          -4309.8087       304.9433     -5269.6819     -4307.3364       300.8457            313.1117       338.2359     22548.0941       380.9743       381.0865

LDB: ============= START OF LOAD BALANCING ============== 1266.66
LDB: ============== END OF LOAD BALANCING =============== 1266.66
Info: useSync: 0 useProxySync: 0
LDB: =============== DONE WITH MIGRATION ================ 1266.66
LDB: ============= START OF LOAD BALANCING ============== 1266.86
LDB: TIME 1266.86 LOAD: AVG 0.0251212 MAX 0.146185  PROXIES: TOTAL 56 MAXPE 7 MAXPATCH 7 None MEM: 0 MB
LDB: TIME 1266.86 LOAD: AVG 0.0251212 MAX 0.146185  PROXIES: TOTAL 56 MAXPE 7 MAXPATCH 7 RefineTorusLB MEM: 0 MB
LDB: TIME 1266.86 LOAD: AVG 0.0251212 MAX 0.146185  PROXIES: TOTAL 56 MAXPE 7 MAXPATCH 7 RefineTorusLB MEM: 0 MB
LDB: Reverting to original mapping
LDB: ============== END OF LOAD BALANCING =============== 1266.86
Info: useSync: 0 useProxySync: 0
LDB: =============== DONE WITH MIGRATION ================ 1266.86
LDB: ============= START OF LOAD BALANCING ============== 1273.65
LDB: ============== END OF LOAD BALANCING =============== 1273.65
Info: useSync: 0 useProxySync: 0
LDB: =============== DONE WITH MIGRATION ================ 1273.65
LDB: ============= START OF LOAD BALANCING ============== 1273.81
LDB: TIME 1273.81 LOAD: AVG 0.0241711 MAX 0.145938  PROXIES: TOTAL 56 MAXPE 7 MAXPATCH 7 None MEM: 0 MB
LDB: TIME 1273.81 LOAD: AVG 0.0241711 MAX 0.145938  PROXIES: TOTAL 56 MAXPE 7 MAXPATCH 7 RefineTorusLB MEM: 0 MB
LDB: TIME 1273.81 LOAD: AVG 0.0241711 MAX 0.145938  PROXIES: TOTAL 56 MAXPE 7 MAXPATCH 7 RefineTorusLB MEM: 0 MB
LDB: Reverting to original mapping
LDB: ============== END OF LOAD BALANCING =============== 1273.81
Info: useSync: 0 useProxySync: 0
LDB: =============== DONE WITH MIGRATION ================ 1273.81
LDB: ============= START OF LOAD BALANCING ============== 1280.97
LDB: ============== END OF LOAD BALANCING =============== 1280.97
Info: useSync: 0 useProxySync: 0
LDB: =============== DONE WITH MIGRATION ================ 1280.97
LDB: ============= START OF LOAD BALANCING ============== 1281.13
LDB: TIME 1281.13 LOAD: AVG 0.023943 MAX 0.146628  PROXIES: TOTAL 56 MAXPE 7 MAXPATCH 7 None MEM: 0 MB
LDB: TIME 1281.13 LOAD: AVG 0.023943 MAX 0.146628  PROXIES: TOTAL 56 MAXPE 7 MAXPATCH 7 RefineTorusLB MEM: 0 MB
LDB: TIME 1281.13 LOAD: AVG 0.023943 MAX 0.146628  PROXIES: TOTAL 56 MAXPE 7 MAXPATCH 7 RefineTorusLB MEM: 0 MB
LDB: ============== END OF LOAD BALANCING =============== 1281.13
Info: useSync: 0 useProxySync: 0
LDB: =============== DONE WITH MIGRATION ================ 1281.13
WRITING COORDINATES TO DCD FILE MD.dcd AT STEP 365000
PRESSURE: 365000 1156.83 -220.695 -7.6729 -517.401 -856.098 20.7914 -106.615 266.337 2211.15
GPRESSURE: 365000 1146.21 -25.4153 127.949 -635.186 -779.109 5.29575 -187.814 96.274 2187.36
PRESSAVG: 365000 -172.672 38.9413 97.638 -7.63472 -204.424 -13.9486 41.6948 -218.697 1564.91
GPRESSAVG: 365000 -172.551 39.0159 97.3395 -7.68022 -204.321 -14.0297 40.9986 -218.731 1564.55
ENERGY:  365000         0.0000         0.0000         0.0000         0.0000          -5643.6957       428.5521         0.0000         0.0000       898.4375          -4316.7061       285.4257     -5215.1436     -4314.9715       300.4948            837.2932       851.4866     22548.0941       395.9368       395.8921

LDB: ============= START OF LOAD BALANCING ============== 1287.5
LDB: ============== END OF LOAD BALANCING =============== 1287.5
Info: useSync: 0 useProxySync: 0
LDB: =============== DONE WITH MIGRATION ================ 1287.5
LDB: ============= START OF LOAD BALANCING ============== 1287.66
LDB: TIME 1287.66 LOAD: AVG 0.0243106 MAX 0.147646  PROXIES: TOTAL 56 MAXPE 7 MAXPATCH 7 None MEM: 0 MB
LDB: TIME 1287.66 LOAD: AVG 0.0243106 MAX 0.147646  PROXIES: TOTAL 56 MAXPE 7 MAXPATCH 7 RefineTorusLB MEM: 0 MB
LDB: TIME 1287.66 LOAD: AVG 0.0243106 MAX 0.147646  PROXIES: TOTAL 56 MAXPE 7 MAXPATCH 7 RefineTorusLB MEM: 0 MB
LDB: Reverting to original mapping
LDB: ============== END OF LOAD BALANCING =============== 1287.66
Info: useSync: 0 useProxySync: 0
LDB: =============== DONE WITH MIGRATION ================ 1287.66
LDB: ============= START OF LOAD BALANCING ============== 1295.02
LDB: ============== END OF LOAD BALANCING =============== 1295.02
Info: useSync: 0 useProxySync: 0
LDB: =============== DONE WITH MIGRATION ================ 1295.02
LDB: ============= START OF LOAD BALANCING ============== 1295.23
LDB: TIME 1295.23 LOAD: AVG 0.0266481 MAX 0.168086  PROXIES: TOTAL 56 MAXPE 7 MAXPATCH 7 None MEM: 0 MB
LDB: TIME 1295.23 LOAD: AVG 0.0266481 MAX 0.168086  PROXIES: TOTAL 56 MAXPE 7 MAXPATCH 7 RefineTorusLB MEM: 0 MB
LDB: TIME 1295.23 LOAD: AVG 0.0266481 MAX 0.168086  PROXIES: TOTAL 56 MAXPE 7 MAXPATCH 7 RefineTorusLB MEM: 0 MB
LDB: ============== END OF LOAD BALANCING =============== 1295.23
Info: useSync: 0 useProxySync: 0
LDB: =============== DONE WITH MIGRATION ================ 1295.23
WRITING COORDINATES TO DCD FILE MD.dcd AT STEP 370000
PRESSURE: 370000 -299.577 -616.603 292.622 -400.754 152.234 404.474 336.779 185.449 1679.26
GPRESSURE: 370000 -357.879 -525.712 159.809 -556.773 141.468 436.715 323.486 -44.7822 1807.34
PRESSAVG: 370000 -203.737 39.026 9.20141 -14.7606 -275.012 -5.96396 -93.7363 -255.457 1374.56
GPRESSAVG: 370000 -203.814 39.4235 8.91267 -14.9059 -275.163 -5.73659 -93.1022 -255.886 1374.99
ENERGY:  370000         0.0000         0.0000         0.0000         0.0000          -5594.7743       384.9856         0.0000         0.0000       981.8521          -4227.9366       311.9258     -5209.7887     -4226.0262       299.3966            510.6391       530.3097     22548.0941       298.6048       298.6702

LDB: ============= START OF LOAD BALANCING ============== 1302.04
LDB: ============== END OF LOAD BALANCING =============== 1302.04
Info: useSync: 0 useProxySync: 0
LDB: =============== DONE WITH MIGRATION ================ 1302.04
LDB: ============= START OF LOAD BALANCING ============== 1302.27
LDB: TIME 1302.27 LOAD: AVG 0.0285228 MAX 0.158319  PROXIES: TOTAL 56 MAXPE 7 MAXPATCH 7 None MEM: 0 MB
LDB: TIME 1302.27 LOAD: AVG 0.0285228 MAX 0.158319  PROXIES: TOTAL 56 MAXPE 7 MAXPATCH 7 RefineTorusLB MEM: 0 MB
LDB: TIME 1302.27 LOAD: AVG 0.0285228 MAX 0.158319  PROXIES: TOTAL 56 MAXPE 7 MAXPATCH 7 RefineTorusLB MEM: 0 MB
LDB: ============== END OF LOAD BALANCING =============== 1302.28
Info: useSync: 0 useProxySync: 0
LDB: =============== DONE WITH MIGRATION ================ 1302.28
LDB: ============= START OF LOAD BALANCING ============== 1309.55
LDB: ============== END OF LOAD BALANCING =============== 1309.55
Info: useSync: 0 useProxySync: 0
LDB: =============== DONE WITH MIGRATION ================ 1309.55
LDB: ============= START OF LOAD BALANCING ============== 1309.71
LDB: TIME 1309.71 LOAD: AVG 0.0240554 MAX 0.147047  PROXIES: TOTAL 56 MAXPE 7 MAXPATCH 7 None MEM: 0 MB
LDB: TIME 1309.71 LOAD: AVG 0.0240554 MAX 0.147047  PROXIES: TOTAL 56 MAXPE 7 MAXPATCH 7 RefineTorusLB MEM: 0 MB
LDB: TIME 1309.71 LOAD: AVG 0.0240554 MAX 0.147047  PROXIES: TOTAL 56 MAXPE 7 MAXPATCH 7 RefineTorusLB MEM: 0 MB
LDB: ============== END OF LOAD BALANCING =============== 1309.71
Info: useSync: 0 useProxySync: 0
LDB: =============== DONE WITH MIGRATION ================ 1309.71
LDB: ============= START OF LOAD BALANCING ============== 1317.07
LDB: ============== END OF LOAD BALANCING =============== 1317.07
Info: useSync: 0 useProxySync: 0
LDB: =============== DONE WITH MIGRATION ================ 1317.07
LDB: ============= START OF LOAD BALANCING ============== 1317.23
LDB: TIME 1317.23 LOAD: AVG 0.0238779 MAX 0.145337  PROXIES: TOTAL 56 MAXPE 7 MAXPATCH 7 None MEM: 0 MB
LDB: TIME 1317.23 LOAD: AVG 0.0238779 MAX 0.145337  PROXIES: TOTAL 56 MAXPE 7 MAXPATCH 7 RefineTorusLB MEM: 0 MB
LDB: TIME 1317.23 LOAD: AVG 0.0238779 MAX 0.145337  PROXIES: TOTAL 56 MAXPE 7 MAXPATCH 7 RefineTorusLB MEM: 0 MB
LDB: ============== END OF LOAD BALANCING =============== 1317.23
Info: useSync: 0 useProxySync: 0
LDB: =============== DONE WITH MIGRATION ================ 1317.23
PRESSURE: 375000 -643.823 160.622 -592.438 138.165 -812.862 45.5595 -598.331 -547.415 440.468
GPRESSURE: 375000 -561.121 312.951 -576.323 -32.2466 -790.524 -373.543 -639.686 -460.058 420.178
PRESSAVG: 375000 -173.648 15.1754 -11.2379 60.7907 -289.206 -16.5652 -48.6048 -249.285 1547.02
GPRESSAVG: 375000 -173.812 14.8854 -11.3243 60.9025 -289.043 -16.7865 -48.8529 -249.661 1546.73
ENERGY:  375000         0.0000         0.0000         0.0000         0.0000          -5551.7892       358.4038         0.0000         0.0000       911.7700          -4281.6153       289.6613     -5193.3854     -4281.3338       302.5288           -338.7391      -310.4889     22548.0941       361.3879       361.2929

WRITING COORDINATES TO DCD FILE MD.dcd AT STEP 375000
LDB: ============= START OF LOAD BALANCING ============== 1324.74
LDB: ============== END OF LOAD BALANCING =============== 1324.74
Info: useSync: 0 useProxySync: 0
LDB: =============== DONE WITH MIGRATION ================ 1324.74
LDB: ============= START OF LOAD BALANCING ============== 1324.93
LDB: TIME 1324.93 LOAD: AVG 0.0273766 MAX 0.170332  PROXIES: TOTAL 56 MAXPE 7 MAXPATCH 7 None MEM: 0 MB
LDB: TIME 1324.93 LOAD: AVG 0.0273766 MAX 0.170332  PROXIES: TOTAL 56 MAXPE 7 MAXPATCH 7 RefineTorusLB MEM: 0 MB
LDB: TIME 1324.93 LOAD: AVG 0.0273766 MAX 0.170332  PROXIES: TOTAL 56 MAXPE 7 MAXPATCH 7 RefineTorusLB MEM: 0 MB
LDB: ============== END OF LOAD BALANCING =============== 1324.93
Info: useSync: 0 useProxySync: 0
LDB: =============== DONE WITH MIGRATION ================ 1324.93
LDB: ============= START OF LOAD BALANCING ============== 1332.38
LDB: ============== END OF LOAD BALANCING =============== 1332.38
Info: useSync: 0 useProxySync: 0
LDB: =============== DONE WITH MIGRATION ================ 1332.38
LDB: ============= START OF LOAD BALANCING ============== 1332.57
LDB: TIME 1332.57 LOAD: AVG 0.0271416 MAX 0.170527  PROXIES: TOTAL 56 MAXPE 7 MAXPATCH 7 None MEM: 0 MB
LDB: TIME 1332.57 LOAD: AVG 0.0271416 MAX 0.170527  PROXIES: TOTAL 56 MAXPE 7 MAXPATCH 7 RefineTorusLB MEM: 0 MB
LDB: TIME 1332.57 LOAD: AVG 0.0271416 MAX 0.170527  PROXIES: TOTAL 56 MAXPE 7 MAXPATCH 7 RefineTorusLB MEM: 0 MB
LDB: Reverting to original mapping
LDB: ============== END OF LOAD BALANCING =============== 1332.57
Info: useSync: 0 useProxySync: 0
LDB: =============== DONE WITH MIGRATION ================ 1332.57
PRESSURE: 380000 -1137.66 -648.133 220.399 -1022.52 -1326.92 270.262 658.224 254.582 1359.41
GPRESSURE: 380000 -1059.29 -339.909 591.054 -1262.46 -1119.62 56.2409 591.094 274.108 1156.73
PRESSAVG: 380000 -280.182 4.7468 18.9432 -7.17957 -336.056 16.4759 28.6063 -154.948 1411.24
GPRESSAVG: 380000 -280.417 4.65851 19.2835 -7.27519 -335.897 16.2308 28.6378 -154.508 1411.06
ENERGY:  380000         0.0000         0.0000         0.0000         0.0000          -5495.9886       320.3252         0.0000         0.0000       904.8647          -4270.7987       287.4676     -5175.6634     -4267.5650       294.7699           -368.3910      -340.7292     22548.0941       265.0010       264.9155

WRITING COORDINATES TO DCD FILE MD.dcd AT STEP 380000
LDB: ============= START OF LOAD BALANCING ============== 1339.84
LDB: ============== END OF LOAD BALANCING =============== 1339.84
Info: useSync: 0 useProxySync: 0
LDB: =============== DONE WITH MIGRATION ================ 1339.84
LDB: ============= START OF LOAD BALANCING ============== 1340
LDB: TIME 1340 LOAD: AVG 0.0242442 MAX 0.149081  PROXIES: TOTAL 56 MAXPE 7 MAXPATCH 7 None MEM: 0 MB
LDB: TIME 1340 LOAD: AVG 0.0242442 MAX 0.149081  PROXIES: TOTAL 56 MAXPE 7 MAXPATCH 7 RefineTorusLB MEM: 0 MB
LDB: TIME 1340 LOAD: AVG 0.0242442 MAX 0.149081  PROXIES: TOTAL 56 MAXPE 7 MAXPATCH 7 RefineTorusLB MEM: 0 MB
LDB: ============== END OF LOAD BALANCING =============== 1340
Info: useSync: 0 useProxySync: 0
LDB: =============== DONE WITH MIGRATION ================ 1340
LDB: ============= START OF LOAD BALANCING ============== 1346.92
LDB: ============== END OF LOAD BALANCING =============== 1346.92
Info: useSync: 0 useProxySync: 0
LDB: =============== DONE WITH MIGRATION ================ 1346.92
LDB: ============= START OF LOAD BALANCING ============== 1347.08
LDB: TIME 1347.09 LOAD: AVG 0.0238942 MAX 0.146436  PROXIES: TOTAL 56 MAXPE 7 MAXPATCH 7 None MEM: 0 MB
LDB: TIME 1347.09 LOAD: AVG 0.0238942 MAX 0.146436  PROXIES: TOTAL 56 MAXPE 7 MAXPATCH 7 RefineTorusLB MEM: 0 MB
LDB: TIME 1347.09 LOAD: AVG 0.0238942 MAX 0.146436  PROXIES: TOTAL 56 MAXPE 7 MAXPATCH 7 RefineTorusLB MEM: 0 MB
LDB: Reverting to original mapping
LDB: ============== END OF LOAD BALANCING =============== 1347.09
Info: useSync: 0 useProxySync: 0
LDB: =============== DONE WITH MIGRATION ================ 1347.09
LDB: ============= START OF LOAD BALANCING ============== 1354.24
LDB: ============== END OF LOAD BALANCING =============== 1354.24
Info: useSync: 0 useProxySync: 0
LDB: =============== DONE WITH MIGRATION ================ 1354.24
LDB: ============= START OF LOAD BALANCING ============== 1354.43
LDB: TIME 1354.43 LOAD: AVG 0.0271221 MAX 0.169161  PROXIES: TOTAL 56 MAXPE 7 MAXPATCH 7 None MEM: 0 MB
LDB: TIME 1354.43 LOAD: AVG 0.0271221 MAX 0.169161  PROXIES: TOTAL 56 MAXPE 7 MAXPATCH 7 RefineTorusLB MEM: 0 MB
LDB: TIME 1354.43 LOAD: AVG 0.0271221 MAX 0.169161  PROXIES: TOTAL 56 MAXPE 7 MAXPATCH 7 RefineTorusLB MEM: 0 MB
LDB: ============== END OF LOAD BALANCING =============== 1354.43
Info: useSync: 0 useProxySync: 0
LDB: =============== DONE WITH MIGRATION ================ 1354.43
PRESSURE: 385000 42.7641 305.788 2.72378 223.155 441.014 213.781 -4.87918 253.371 1463.7
GPRESSURE: 385000 81.2335 430.404 11.5285 224.893 446.802 -26.7895 -203.275 674.623 1433.56
PRESSAVG: 385000 -237.234 -14.3528 -66.88 7.8732 -288.869 -2.01342 -183.163 -143.033 1564.44
GPRESSAVG: 385000 -237.123 -14.4754 -66.9361 7.87772 -288.873 -1.98242 -183.278 -143.221 1564.9
ENERGY:  385000         0.0000         0.0000         0.0000         0.0000          -5543.5978       381.7248         0.0000         0.0000       965.0914          -4196.7817       306.6011     -5161.8730     -4195.2974       301.9286            649.1588       653.8649     22548.0941       346.1137       346.3016

WRITING COORDINATES TO DCD FILE MD.dcd AT STEP 385000
LDB: ============= START OF LOAD BALANCING ============== 1361.59
LDB: ============== END OF LOAD BALANCING =============== 1361.59
Info: useSync: 0 useProxySync: 0
LDB: =============== DONE WITH MIGRATION ================ 1361.59
LDB: ============= START OF LOAD BALANCING ============== 1361.78
LDB: TIME 1361.78 LOAD: AVG 0.0268469 MAX 0.168072  PROXIES: TOTAL 56 MAXPE 7 MAXPATCH 7 None MEM: 0 MB
LDB: TIME 1361.78 LOAD: AVG 0.0268469 MAX 0.168072  PROXIES: TOTAL 56 MAXPE 7 MAXPATCH 7 RefineTorusLB MEM: 0 MB
LDB: TIME 1361.78 LOAD: AVG 0.0268469 MAX 0.168072  PROXIES: TOTAL 56 MAXPE 7 MAXPATCH 7 RefineTorusLB MEM: 0 MB
LDB: ============== END OF LOAD BALANCING =============== 1361.78
Info: useSync: 0 useProxySync: 0
LDB: =============== DONE WITH MIGRATION ================ 1361.78
LDB: ============= START OF LOAD BALANCING ============== 1368.77
LDB: ============== END OF LOAD BALANCING =============== 1368.77
Info: useSync: 0 useProxySync: 0
LDB: =============== DONE WITH MIGRATION ================ 1368.77
LDB: ============= START OF LOAD BALANCING ============== 1368.94
LDB: TIME 1368.94 LOAD: AVG 0.0258581 MAX 0.162658  PROXIES: TOTAL 56 MAXPE 7 MAXPATCH 7 None MEM: 0 MB
LDB: TIME 1368.94 LOAD: AVG 0.0258581 MAX 0.162658  PROXIES: TOTAL 56 MAXPE 7 MAXPATCH 7 RefineTorusLB MEM: 0 MB
LDB: TIME 1368.94 LOAD: AVG 0.0258581 MAX 0.162658  PROXIES: TOTAL 56 MAXPE 7 MAXPATCH 7 RefineTorusLB MEM: 0 MB
LDB: ============== END OF LOAD BALANCING =============== 1368.94
Info: useSync: 0 useProxySync: 0
LDB: =============== DONE WITH MIGRATION ================ 1368.94
WRITING COORDINATES TO DCD FILE MD.dcd AT STEP 390000
PRESSURE: 390000 123.387 -613.836 131.954 -649.815 -600.552 121.554 147.032 -188.548 1275.94
GPRESSURE: 390000 21.4454 -60.1643 404.75 -1004.95 -442.941 316.256 -94.0684 -416.132 1265.43
PRESSAVG: 390000 -216.516 -37.0721 5.67207 -58.7871 -165.803 105.753 -207.465 -298.213 1724.7
GPRESSAVG: 390000 -216.479 -37.2605 5.31491 -58.6632 -166.112 105.556 -207.366 -298.131 1724.44
ENERGY:  390000         0.0000         0.0000         0.0000         0.0000          -5553.8213       369.6772         0.0000         0.0000       944.7626          -4239.3815       300.1428     -5184.1440     -4237.8422       303.7099            266.2581       281.3117     22548.0941       447.4619       447.2845

LDB: ============= START OF LOAD BALANCING ============== 1375.46
LDB: ============== END OF LOAD BALANCING =============== 1375.46
Info: useSync: 0 useProxySync: 0
LDB: =============== DONE WITH MIGRATION ================ 1375.46
LDB: ============= START OF LOAD BALANCING ============== 1375.62
LDB: TIME 1375.62 LOAD: AVG 0.0236928 MAX 0.145536  PROXIES: TOTAL 56 MAXPE 7 MAXPATCH 7 None MEM: 0 MB
LDB: TIME 1375.62 LOAD: AVG 0.0236928 MAX 0.145536  PROXIES: TOTAL 56 MAXPE 7 MAXPATCH 7 RefineTorusLB MEM: 0 MB
LDB: TIME 1375.62 LOAD: AVG 0.0236928 MAX 0.145536  PROXIES: TOTAL 56 MAXPE 7 MAXPATCH 7 RefineTorusLB MEM: 0 MB
LDB: Reverting to original mapping
LDB: ============== END OF LOAD BALANCING =============== 1375.62
Info: useSync: 0 useProxySync: 0
LDB: =============== DONE WITH MIGRATION ================ 1375.62
LDB: ============= START OF LOAD BALANCING ============== 1383.3
LDB: ============== END OF LOAD BALANCING =============== 1383.3
Info: useSync: 0 useProxySync: 0
LDB: =============== DONE WITH MIGRATION ================ 1383.3
LDB: ============= START OF LOAD BALANCING ============== 1383.54
LDB: TIME 1383.54 LOAD: AVG 0.026764 MAX 0.169168  PROXIES: TOTAL 56 MAXPE 7 MAXPATCH 7 None MEM: 0 MB
LDB: TIME 1383.54 LOAD: AVG 0.026764 MAX 0.169168  PROXIES: TOTAL 56 MAXPE 7 MAXPATCH 7 RefineTorusLB MEM: 0 MB
LDB: TIME 1383.54 LOAD: AVG 0.026764 MAX 0.169168  PROXIES: TOTAL 56 MAXPE 7 MAXPATCH 7 RefineTorusLB MEM: 0 MB
LDB: Reverting to original mapping
LDB: ============== END OF LOAD BALANCING =============== 1383.54
Info: useSync: 0 useProxySync: 0
LDB: =============== DONE WITH MIGRATION ================ 1383.54
LDB: ============= START OF LOAD BALANCING ============== 1390.23
LDB: ============== END OF LOAD BALANCING =============== 1390.23
Info: useSync: 0 useProxySync: 0
LDB: =============== DONE WITH MIGRATION ================ 1390.23
LDB: ============= START OF LOAD BALANCING ============== 1390.39
LDB: TIME 1390.39 LOAD: AVG 0.0234075 MAX 0.145491  PROXIES: TOTAL 56 MAXPE 7 MAXPATCH 7 None MEM: 0 MB
LDB: TIME 1390.39 LOAD: AVG 0.0234075 MAX 0.145491  PROXIES: TOTAL 56 MAXPE 7 MAXPATCH 7 RefineTorusLB MEM: 0 MB
LDB: TIME 1390.39 LOAD: AVG 0.0234075 MAX 0.145491  PROXIES: TOTAL 56 MAXPE 7 MAXPATCH 7 RefineTorusLB MEM: 0 MB
LDB: ============== END OF LOAD BALANCING =============== 1390.39
Info: useSync: 0 useProxySync: 0
LDB: =============== DONE WITH MIGRATION ================ 1390.39
WRITING COORDINATES TO DCD FILE MD.dcd AT STEP 395000
PRESSURE: 395000 -258.546 -375.208 27.1232 -368.081 -396.676 437.429 -279.591 106.2 1624.14
GPRESSURE: 395000 -320.855 -568.515 -166.379 -212.139 -384.258 680.319 -84.881 154.174 1760.15
PRESSAVG: 395000 -167.206 8.78645 4.7598 38.2334 -148.997 -54.9913 -184.797 -402.383 1625.22
GPRESSAVG: 395000 -167.393 8.67057 4.68977 38.2609 -148.811 -55.2114 -184.776 -402.148 1625.62
ENERGY:  395000         0.0000         0.0000         0.0000         0.0000          -5570.6503       377.9976         0.0000         0.0000       948.6173          -4244.0354       301.3674     -5192.6527     -4242.4307       305.5654            322.9712       351.6775     22548.0941       436.3383       436.4722

LDB: ============= START OF LOAD BALANCING ============== 1398.2
LDB: ============== END OF LOAD BALANCING =============== 1398.2
Info: useSync: 0 useProxySync: 0
LDB: =============== DONE WITH MIGRATION ================ 1398.2
LDB: ============= START OF LOAD BALANCING ============== 1398.36
LDB: TIME 1398.36 LOAD: AVG 0.0236738 MAX 0.146341  PROXIES: TOTAL 56 MAXPE 7 MAXPATCH 7 None MEM: 0 MB
LDB: TIME 1398.36 LOAD: AVG 0.0236738 MAX 0.146341  PROXIES: TOTAL 56 MAXPE 7 MAXPATCH 7 RefineTorusLB MEM: 0 MB
LDB: TIME 1398.36 LOAD: AVG 0.0236738 MAX 0.146341  PROXIES: TOTAL 56 MAXPE 7 MAXPATCH 7 RefineTorusLB MEM: 0 MB
LDB: ============== END OF LOAD BALANCING =============== 1398.36
Info: useSync: 0 useProxySync: 0
LDB: =============== DONE WITH MIGRATION ================ 1398.36
LDB: ============= START OF LOAD BALANCING ============== 1405.49
LDB: ============== END OF LOAD BALANCING =============== 1405.49
Info: useSync: 0 useProxySync: 0
LDB: =============== DONE WITH MIGRATION ================ 1405.49
LDB: ============= START OF LOAD BALANCING ============== 1405.68
LDB: TIME 1405.68 LOAD: AVG 0.0270453 MAX 0.170855  PROXIES: TOTAL 56 MAXPE 7 MAXPATCH 7 None MEM: 0 MB
LDB: TIME 1405.68 LOAD: AVG 0.0270453 MAX 0.170855  PROXIES: TOTAL 56 MAXPE 7 MAXPATCH 7 RefineTorusLB MEM: 0 MB
LDB: TIME 1405.68 LOAD: AVG 0.0270453 MAX 0.170855  PROXIES: TOTAL 56 MAXPE 7 MAXPATCH 7 RefineTorusLB MEM: 0 MB
LDB: Reverting to original mapping
LDB: ============== END OF LOAD BALANCING =============== 1405.68
Info: useSync: 0 useProxySync: 0
LDB: =============== DONE WITH MIGRATION ================ 1405.68
WRITING COORDINATES TO DCD FILE MD.dcd AT STEP 400000
WRITING COORDINATES TO RESTART FILE AT STEP 400000
FINISHED WRITING RESTART COORDINATES
WRITING VELOCITIES TO RESTART FILE AT STEP 400000
FINISHED WRITING RESTART VELOCITIES
PRESSURE: 400000 39.6551 -184.083 418.22 -434.228 395.916 593.007 16.2765 329.16 1580.65
GPRESSURE: 400000 -14.4504 91.7157 538.671 -700.89 304.084 342.058 -250.86 580.294 1736.79
PRESSAVG: 400000 -82.9618 17.8469 -25.4852 7.4351 -217.72 -45.7177 -209.611 -330.213 1694.49
GPRESSAVG: 400000 -83.0575 18.2749 -25.0643 7.03728 -217.704 -45.1575 -209.615 -329.684 1694.43
TIMING: 400000  CPU: 1368.86, 0.00352436/step  Wall: 1412.65, 0.00367957/step, 0.10221 hours remaining, 0.000000 MB of memory in use.
PERFORMANCE: 400000  averaging 48.9302 ns/day, 0.00353156 sec/step with standard deviation 8.34337e-05
ETITLE:      TS           BOND          ANGLE          DIHED          IMPRP               ELECT            VDW       BOUNDARY           MISC        KINETIC               TOTAL           TEMP      POTENTIAL         TOTAL3        TEMPAVG            PRESSURE      GPRESSURE         VOLUME       PRESSAVG      GPRESSAVG

ENERGY:  400000         0.0000         0.0000         0.0000         0.0000          -5536.5289       373.8675         0.0000         0.0000       967.0825          -4195.5789       307.2336     -5162.6614     -4193.7409       303.0848            672.0740       675.4738     22548.0941       464.6027       464.5576

WRITING EXTENDED SYSTEM TO RESTART FILE AT STEP 400000
LDB: ============= START OF LOAD BALANCING ============== 1413.47
LDB: ============== END OF LOAD BALANCING =============== 1413.47
Info: useSync: 0 useProxySync: 0
LDB: =============== DONE WITH MIGRATION ================ 1413.47
LDB: ============= START OF LOAD BALANCING ============== 1413.65
LDB: TIME 1413.65 LOAD: AVG 0.0262444 MAX 0.163646  PROXIES: TOTAL 56 MAXPE 7 MAXPATCH 7 None MEM: 0 MB
LDB: TIME 1413.65 LOAD: AVG 0.0262444 MAX 0.163646  PROXIES: TOTAL 56 MAXPE 7 MAXPATCH 7 RefineTorusLB MEM: 0 MB
LDB: TIME 1413.65 LOAD: AVG 0.0262444 MAX 0.163646  PROXIES: TOTAL 56 MAXPE 7 MAXPATCH 7 RefineTorusLB MEM: 0 MB
LDB: Reverting to original mapping
LDB: ============== END OF LOAD BALANCING =============== 1413.65
Info: useSync: 0 useProxySync: 0
LDB: =============== DONE WITH MIGRATION ================ 1413.65
LDB: ============= START OF LOAD BALANCING ============== 1421.75
LDB: ============== END OF LOAD BALANCING =============== 1421.75
Info: useSync: 0 useProxySync: 0
LDB: =============== DONE WITH MIGRATION ================ 1421.75
LDB: ============= START OF LOAD BALANCING ============== 1421.94
LDB: TIME 1421.94 LOAD: AVG 0.0269754 MAX 0.169527  PROXIES: TOTAL 56 MAXPE 7 MAXPATCH 7 None MEM: 0 MB
LDB: TIME 1421.94 LOAD: AVG 0.0269754 MAX 0.169527  PROXIES: TOTAL 56 MAXPE 7 MAXPATCH 7 RefineTorusLB MEM: 0 MB
LDB: TIME 1421.94 LOAD: AVG 0.0269754 MAX 0.169527  PROXIES: TOTAL 56 MAXPE 7 MAXPATCH 7 RefineTorusLB MEM: 0 MB
LDB: ============== END OF LOAD BALANCING =============== 1421.94
Info: useSync: 0 useProxySync: 0
LDB: =============== DONE WITH MIGRATION ================ 1421.94
LDB: ============= START OF LOAD BALANCING ============== 1428.86
LDB: ============== END OF LOAD BALANCING =============== 1428.86
Info: useSync: 0 useProxySync: 0
LDB: =============== DONE WITH MIGRATION ================ 1428.86
LDB: ============= START OF LOAD BALANCING ============== 1429.03
LDB: TIME 1429.03 LOAD: AVG 0.0242923 MAX 0.147035  PROXIES: TOTAL 56 MAXPE 7 MAXPATCH 7 None MEM: 0 MB
LDB: TIME 1429.03 LOAD: AVG 0.0242923 MAX 0.147035  PROXIES: TOTAL 56 MAXPE 7 MAXPATCH 7 RefineTorusLB MEM: 0 MB
LDB: TIME 1429.03 LOAD: AVG 0.0242923 MAX 0.147035  PROXIES: TOTAL 56 MAXPE 7 MAXPATCH 7 RefineTorusLB MEM: 0 MB
LDB: Reverting to original mapping
LDB: ============== END OF LOAD BALANCING =============== 1429.03
Info: useSync: 0 useProxySync: 0
LDB: =============== DONE WITH MIGRATION ================ 1429.03
PRESSURE: 405000 487.613 381.435 -370.054 154.404 -325.002 -261.925 83.4245 -456.875 1328.26
GPRESSURE: 405000 535.165 381.043 -432.65 253.743 -144.862 -323.071 423.988 -418.595 1149.11
PRESSAVG: 405000 -290.053 18.2254 -2.21826 10.3139 -268.154 -24.9465 -225.407 -292.957 1489.28
GPRESSAVG: 405000 -290.074 17.9977 -2.33822 10.5699 -268.157 -24.6093 -225.142 -293.412 1489.21
ENERGY:  405000         0.0000         0.0000         0.0000         0.0000          -5549.0386       382.8372         0.0000         0.0000       942.6183          -4223.5831       299.4616     -5166.2014     -4221.7106       306.7120            496.9579       513.1361     22548.0941       310.3582       310.3262

WRITING COORDINATES TO DCD FILE MD.dcd AT STEP 405000
LDB: ============= START OF LOAD BALANCING ============== 1436.13
LDB: ============== END OF LOAD BALANCING =============== 1436.13
Info: useSync: 0 useProxySync: 0
LDB: =============== DONE WITH MIGRATION ================ 1436.13
LDB: ============= START OF LOAD BALANCING ============== 1436.31
LDB: TIME 1436.31 LOAD: AVG 0.0258882 MAX 0.145475  PROXIES: TOTAL 56 MAXPE 7 MAXPATCH 7 None MEM: 0 MB
LDB: TIME 1436.31 LOAD: AVG 0.0258882 MAX 0.145475  PROXIES: TOTAL 56 MAXPE 7 MAXPATCH 7 RefineTorusLB MEM: 0 MB
LDB: TIME 1436.31 LOAD: AVG 0.0258882 MAX 0.145475  PROXIES: TOTAL 56 MAXPE 7 MAXPATCH 7 RefineTorusLB MEM: 0 MB
LDB: ============== END OF LOAD BALANCING =============== 1436.31
Info: useSync: 0 useProxySync: 0
LDB: =============== DONE WITH MIGRATION ================ 1436.31
LDB: ============= START OF LOAD BALANCING ============== 1443.59
LDB: ============== END OF LOAD BALANCING =============== 1443.59
Info: useSync: 0 useProxySync: 0
LDB: =============== DONE WITH MIGRATION ================ 1443.59
LDB: ============= START OF LOAD BALANCING ============== 1443.78
LDB: TIME 1443.78 LOAD: AVG 0.0271859 MAX 0.170943  PROXIES: TOTAL 56 MAXPE 7 MAXPATCH 7 None MEM: 0 MB
LDB: TIME 1443.78 LOAD: AVG 0.0271859 MAX 0.170943  PROXIES: TOTAL 56 MAXPE 7 MAXPATCH 7 RefineTorusLB MEM: 0 MB
LDB: TIME 1443.78 LOAD: AVG 0.0271859 MAX 0.170943  PROXIES: TOTAL 56 MAXPE 7 MAXPATCH 7 RefineTorusLB MEM: 0 MB
LDB: ============== END OF LOAD BALANCING =============== 1443.78
Info: useSync: 0 useProxySync: 0
LDB: =============== DONE WITH MIGRATION ================ 1443.78
WRITING COORDINATES TO DCD FILE MD.dcd AT STEP 410000
PRESSURE: 410000 781.782 1012.08 -103.635 -41.4014 -520.646 -528.42 -850.158 -1010.14 2352.84
GPRESSURE: 410000 934.129 903.863 248.724 -229.718 -739.76 -441.391 -880.621 -784.389 2524.04
PRESSAVG: 410000 -220.207 -23.4075 -102.95 -38.9152 -126.135 60.9736 -270.967 -234.641 1605.61
GPRESSAVG: 410000 -220.239 -23.8393 -103.423 -38.8625 -126.426 60.5249 -271.268 -234.488 1605.66
ENERGY:  410000         0.0000         0.0000         0.0000         0.0000          -5748.1939       449.6423         0.0000         0.0000       966.6785          -4331.8731       307.1053     -5298.5515     -4329.3774       298.4000            871.3269       906.1350     22548.0941       419.7576       419.6663

LDB: ============= START OF LOAD BALANCING ============== 1451.16
LDB: ============== END OF LOAD BALANCING =============== 1451.16
Info: useSync: 0 useProxySync: 0
LDB: =============== DONE WITH MIGRATION ================ 1451.16
LDB: ============= START OF LOAD BALANCING ============== 1451.35
LDB: TIME 1451.35 LOAD: AVG 0.0269453 MAX 0.147386  PROXIES: TOTAL 56 MAXPE 7 MAXPATCH 7 None MEM: 0 MB
LDB: TIME 1451.35 LOAD: AVG 0.0269453 MAX 0.147386  PROXIES: TOTAL 56 MAXPE 7 MAXPATCH 7 RefineTorusLB MEM: 0 MB
LDB: TIME 1451.35 LOAD: AVG 0.0269453 MAX 0.147386  PROXIES: TOTAL 56 MAXPE 7 MAXPATCH 7 RefineTorusLB MEM: 0 MB
LDB: ============== END OF LOAD BALANCING =============== 1451.35
Info: useSync: 0 useProxySync: 0
LDB: =============== DONE WITH MIGRATION ================ 1451.35
LDB: ============= START OF LOAD BALANCING ============== 1458.7
LDB: ============== END OF LOAD BALANCING =============== 1458.7
Info: useSync: 0 useProxySync: 0
LDB: =============== DONE WITH MIGRATION ================ 1458.7
LDB: ============= START OF LOAD BALANCING ============== 1458.89
LDB: TIME 1458.89 LOAD: AVG 0.0275631 MAX 0.17185  PROXIES: TOTAL 56 MAXPE 7 MAXPATCH 7 None MEM: 0 MB
LDB: TIME 1458.89 LOAD: AVG 0.0275631 MAX 0.17185  PROXIES: TOTAL 56 MAXPE 7 MAXPATCH 7 RefineTorusLB MEM: 0 MB
LDB: TIME 1458.89 LOAD: AVG 0.0275631 MAX 0.17185  PROXIES: TOTAL 56 MAXPE 7 MAXPATCH 7 RefineTorusLB MEM: 0 MB
LDB: Reverting to original mapping
LDB: ============== END OF LOAD BALANCING =============== 1458.89
Info: useSync: 0 useProxySync: 0
LDB: =============== DONE WITH MIGRATION ================ 1458.89
LDB: ============= START OF LOAD BALANCING ============== 1466.47
LDB: ============== END OF LOAD BALANCING =============== 1466.47
Info: useSync: 0 useProxySync: 0
LDB: =============== DONE WITH MIGRATION ================ 1466.47
LDB: ============= START OF LOAD BALANCING ============== 1466.64
LDB: TIME 1466.64 LOAD: AVG 0.0244909 MAX 0.146763  PROXIES: TOTAL 56 MAXPE 7 MAXPATCH 7 None MEM: 0 MB
LDB: TIME 1466.64 LOAD: AVG 0.0244909 MAX 0.146763  PROXIES: TOTAL 56 MAXPE 7 MAXPATCH 7 RefineTorusLB MEM: 0 MB
LDB: TIME 1466.64 LOAD: AVG 0.0244909 MAX 0.146763  PROXIES: TOTAL 56 MAXPE 7 MAXPATCH 7 RefineTorusLB MEM: 0 MB
LDB: Reverting to original mapping
LDB: ============== END OF LOAD BALANCING =============== 1466.64
Info: useSync: 0 useProxySync: 0
LDB: =============== DONE WITH MIGRATION ================ 1466.64
WRITING COORDINATES TO DCD FILE MD.dcd AT STEP 415000
PRESSURE: 415000 -199.236 -211.52 -558.968 -728.44 -264.579 195.923 -830.259 275.842 2346.06
GPRESSURE: 415000 -127.238 -47.6969 -348.369 -767.937 -444.857 159.073 -917.412 321.676 2452.39
PRESSAVG: 415000 -318.536 7.09817 -29.576 39.1519 -284.845 100.616 -241.016 -109.429 1537.19
GPRESSAVG: 415000 -318.814 7.31701 -29.0382 39.1672 -284.833 101.223 -240.95 -109.683 1537.39
ENERGY:  415000         0.0000         0.0000         0.0000         0.0000          -5625.7372       410.1921         0.0000         0.0000       918.5276          -4297.0175       291.8082     -5215.5451     -4295.5200       296.9435            627.4139       626.7663     22548.0941       311.2682       311.2463

LDB: ============= START OF LOAD BALANCING ============== 1473.81
LDB: ============== END OF LOAD BALANCING =============== 1473.81
Info: useSync: 0 useProxySync: 0
LDB: =============== DONE WITH MIGRATION ================ 1473.81
LDB: ============= START OF LOAD BALANCING ============== 1473.98
LDB: TIME 1473.98 LOAD: AVG 0.0247523 MAX 0.148467  PROXIES: TOTAL 56 MAXPE 7 MAXPATCH 7 None MEM: 0 MB
LDB: TIME 1473.98 LOAD: AVG 0.0247523 MAX 0.148467  PROXIES: TOTAL 56 MAXPE 7 MAXPATCH 7 RefineTorusLB MEM: 0 MB
LDB: TIME 1473.98 LOAD: AVG 0.0247523 MAX 0.148467  PROXIES: TOTAL 56 MAXPE 7 MAXPATCH 7 RefineTorusLB MEM: 0 MB
LDB: Reverting to original mapping
LDB: ============== END OF LOAD BALANCING =============== 1473.98
Info: useSync: 0 useProxySync: 0
LDB: =============== DONE WITH MIGRATION ================ 1473.98
LDB: ============= START OF LOAD BALANCING ============== 1481.2
LDB: ============== END OF LOAD BALANCING =============== 1481.2
Info: useSync: 0 useProxySync: 0
LDB: =============== DONE WITH MIGRATION ================ 1481.21
LDB: ============= START OF LOAD BALANCING ============== 1481.39
LDB: TIME 1481.39 LOAD: AVG 0.0264889 MAX 0.168119  PROXIES: TOTAL 56 MAXPE 7 MAXPATCH 7 None MEM: 0 MB
LDB: TIME 1481.39 LOAD: AVG 0.0264889 MAX 0.168119  PROXIES: TOTAL 56 MAXPE 7 MAXPATCH 7 RefineTorusLB MEM: 0 MB
LDB: TIME 1481.39 LOAD: AVG 0.0264889 MAX 0.168119  PROXIES: TOTAL 56 MAXPE 7 MAXPATCH 7 RefineTorusLB MEM: 0 MB
LDB: ============== END OF LOAD BALANCING =============== 1481.39
Info: useSync: 0 useProxySync: 0
LDB: =============== DONE WITH MIGRATION ================ 1481.39
WRITING COORDINATES TO DCD FILE MD.dcd AT STEP 420000
PRESSURE: 420000 341.549 -421.31 222.305 41.3875 -876.244 -465.749 159.717 -865.652 1037.37
GPRESSURE: 420000 418.571 -201.531 376.254 56.5733 -870.973 -337.056 201.667 -996.474 1005.7
PRESSAVG: 420000 -184.969 -10.1415 -114.771 -7.54217 -288.888 5.20287 -243.639 -266.977 1596.66
GPRESSAVG: 420000 -184.804 -10.3014 -115.064 -7.99099 -288.525 4.78848 -243.695 -266.842 1596.81
ENERGY:  420000         0.0000         0.0000         0.0000         0.0000          -5628.2811       384.3122         0.0000         0.0000       906.0560          -4337.9128       287.8460     -5243.9688     -4335.7546       302.1472            167.5594       184.4315     22548.0941       374.2670       374.4934

LDB: ============= START OF LOAD BALANCING ============== 1488.89
LDB: ============== END OF LOAD BALANCING =============== 1488.89
Info: useSync: 0 useProxySync: 0
LDB: =============== DONE WITH MIGRATION ================ 1488.89
LDB: ============= START OF LOAD BALANCING ============== 1489.07
LDB: TIME 1489.07 LOAD: AVG 0.027001 MAX 0.170649  PROXIES: TOTAL 56 MAXPE 7 MAXPATCH 7 None MEM: 0 MB
LDB: TIME 1489.07 LOAD: AVG 0.027001 MAX 0.170649  PROXIES: TOTAL 56 MAXPE 7 MAXPATCH 7 RefineTorusLB MEM: 0 MB
LDB: TIME 1489.07 LOAD: AVG 0.027001 MAX 0.170649  PROXIES: TOTAL 56 MAXPE 7 MAXPATCH 7 RefineTorusLB MEM: 0 MB
LDB: Reverting to original mapping
LDB: ============== END OF LOAD BALANCING =============== 1489.07
Info: useSync: 0 useProxySync: 0
LDB: =============== DONE WITH MIGRATION ================ 1489.07
LDB: ============= START OF LOAD BALANCING ============== 1496.65
LDB: ============== END OF LOAD BALANCING =============== 1496.65
Info: useSync: 0 useProxySync: 0
LDB: =============== DONE WITH MIGRATION ================ 1496.66
LDB: ============= START OF LOAD BALANCING ============== 1496.82
LDB: TIME 1496.82 LOAD: AVG 0.0240138 MAX 0.147228  PROXIES: TOTAL 56 MAXPE 7 MAXPATCH 7 None MEM: 0 MB
LDB: TIME 1496.82 LOAD: AVG 0.0240138 MAX 0.147228  PROXIES: TOTAL 56 MAXPE 7 MAXPATCH 7 RefineTorusLB MEM: 0 MB
LDB: TIME 1496.82 LOAD: AVG 0.0240138 MAX 0.147228  PROXIES: TOTAL 56 MAXPE 7 MAXPATCH 7 RefineTorusLB MEM: 0 MB
LDB: ============== END OF LOAD BALANCING =============== 1496.82
Info: useSync: 0 useProxySync: 0
LDB: =============== DONE WITH MIGRATION ================ 1496.82
LDB: ============= START OF LOAD BALANCING ============== 1504.71
LDB: ============== END OF LOAD BALANCING =============== 1504.71
Info: useSync: 0 useProxySync: 0
LDB: =============== DONE WITH MIGRATION ================ 1504.71
LDB: ============= START OF LOAD BALANCING ============== 1504.89
LDB: TIME 1504.89 LOAD: AVG 0.0269944 MAX 0.16927  PROXIES: TOTAL 56 MAXPE 7 MAXPATCH 7 None MEM: 0 MB
LDB: TIME 1504.89 LOAD: AVG 0.0269944 MAX 0.16927  PROXIES: TOTAL 56 MAXPE 7 MAXPATCH 7 RefineTorusLB MEM: 0 MB
LDB: TIME 1504.89 LOAD: AVG 0.0269944 MAX 0.16927  PROXIES: TOTAL 56 MAXPE 7 MAXPATCH 7 RefineTorusLB MEM: 0 MB
LDB: Reverting to original mapping
LDB: ============== END OF LOAD BALANCING =============== 1504.89
Info: useSync: 0 useProxySync: 0
LDB: =============== DONE WITH MIGRATION ================ 1504.89
PRESSURE: 425000 -831.262 722.84 -386.409 529.386 354.501 77.7413 -1196.83 -303.865 1191.91
GPRESSURE: 425000 -726.139 705.667 -386.665 476.976 257.214 -36.929 -1393.65 -587.266 1258.51
PRESSAVG: 425000 -183.03 41.3833 -50.9127 3.45135 -157.457 -12.7408 -178.723 -289.993 1722.57
GPRESSAVG: 425000 -183.009 41.6163 -51.0298 3.50921 -157.624 -12.3643 -178.902 -290.108 1722.43
ENERGY:  425000         0.0000         0.0000         0.0000         0.0000          -5638.3792       387.8439         0.0000         0.0000       936.9983          -4313.5370       297.6761     -5250.5353     -4311.1065       294.6607            238.3840       263.1939     22548.0941       460.6945       460.5988

WRITING COORDINATES TO DCD FILE MD.dcd AT STEP 425000
LDB: ============= START OF LOAD BALANCING ============== 1512.36
LDB: ============== END OF LOAD BALANCING =============== 1512.36
Info: useSync: 0 useProxySync: 0
LDB: =============== DONE WITH MIGRATION ================ 1512.36
LDB: ============= START OF LOAD BALANCING ============== 1512.54
LDB: TIME 1512.54 LOAD: AVG 0.0271095 MAX 0.170016  PROXIES: TOTAL 56 MAXPE 7 MAXPATCH 7 None MEM: 0 MB
LDB: TIME 1512.54 LOAD: AVG 0.0271095 MAX 0.170016  PROXIES: TOTAL 56 MAXPE 7 MAXPATCH 7 RefineTorusLB MEM: 0 MB
LDB: TIME 1512.54 LOAD: AVG 0.0271095 MAX 0.170016  PROXIES: TOTAL 56 MAXPE 7 MAXPATCH 7 RefineTorusLB MEM: 0 MB
LDB: ============== END OF LOAD BALANCING =============== 1512.54
Info: useSync: 0 useProxySync: 0
LDB: =============== DONE WITH MIGRATION ================ 1512.54
LDB: ============= START OF LOAD BALANCING ============== 1520.16
LDB: ============== END OF LOAD BALANCING =============== 1520.16
Info: useSync: 0 useProxySync: 0
LDB: =============== DONE WITH MIGRATION ================ 1520.16
LDB: ============= START OF LOAD BALANCING ============== 1520.35
LDB: TIME 1520.35 LOAD: AVG 0.0271274 MAX 0.16992  PROXIES: TOTAL 56 MAXPE 7 MAXPATCH 7 None MEM: 0 MB
LDB: TIME 1520.35 LOAD: AVG 0.0271274 MAX 0.16992  PROXIES: TOTAL 56 MAXPE 7 MAXPATCH 7 RefineTorusLB MEM: 0 MB
LDB: TIME 1520.35 LOAD: AVG 0.0271274 MAX 0.16992  PROXIES: TOTAL 56 MAXPE 7 MAXPATCH 7 RefineTorusLB MEM: 0 MB
LDB: ============== END OF LOAD BALANCING =============== 1520.35
Info: useSync: 0 useProxySync: 0
LDB: =============== DONE WITH MIGRATION ================ 1520.35
WRITING COORDINATES TO DCD FILE MD.dcd AT STEP 430000
PRESSURE: 430000 -216.686 -90.1384 187.543 4.04115 908.081 -436.77 468.483 -300.388 2118.76
GPRESSURE: 430000 -263.403 -209.647 -152.39 -106.89 939.661 -238.627 816.672 -405.035 2127.84
PRESSAVG: 430000 -411.533 -0.855925 -11.2945 35.9202 -186.227 -21.9933 -67.6593 -254.522 1441.41
GPRESSAVG: 430000 -411.544 -1.07077 -11.7492 35.8648 -186.311 -22.2779 -67.2594 -254.578 1441.47
ENERGY:  430000         0.0000         0.0000         0.0000         0.0000          -5694.2298       457.2875         0.0000         0.0000       946.7451          -4290.1972       300.7726     -5236.9423     -4286.8279       298.0276            936.7167       934.7007     22548.0941       281.2166       281.2046

LDB: ============= START OF LOAD BALANCING ============== 1528.08
LDB: ============== END OF LOAD BALANCING =============== 1528.08
Info: useSync: 0 useProxySync: 0
LDB: =============== DONE WITH MIGRATION ================ 1528.08
LDB: ============= START OF LOAD BALANCING ============== 1528.27
LDB: TIME 1528.27 LOAD: AVG 0.0271176 MAX 0.171604  PROXIES: TOTAL 56 MAXPE 7 MAXPATCH 7 None MEM: 0 MB
LDB: TIME 1528.27 LOAD: AVG 0.0271176 MAX 0.171604  PROXIES: TOTAL 56 MAXPE 7 MAXPATCH 7 RefineTorusLB MEM: 0 MB
LDB: TIME 1528.27 LOAD: AVG 0.0271176 MAX 0.171604  PROXIES: TOTAL 56 MAXPE 7 MAXPATCH 7 RefineTorusLB MEM: 0 MB
LDB: Reverting to original mapping
LDB: ============== END OF LOAD BALANCING =============== 1528.27
Info: useSync: 0 useProxySync: 0
LDB: =============== DONE WITH MIGRATION ================ 1528.27
LDB: ============= START OF LOAD BALANCING ============== 1535.17
LDB: ============== END OF LOAD BALANCING =============== 1535.17
Info: useSync: 0 useProxySync: 0
LDB: =============== DONE WITH MIGRATION ================ 1535.17
LDB: ============= START OF LOAD BALANCING ============== 1535.34
LDB: TIME 1535.34 LOAD: AVG 0.0239622 MAX 0.146271  PROXIES: TOTAL 56 MAXPE 7 MAXPATCH 7 None MEM: 0 MB
LDB: TIME 1535.34 LOAD: AVG 0.0239622 MAX 0.146271  PROXIES: TOTAL 56 MAXPE 7 MAXPATCH 7 RefineTorusLB MEM: 0 MB
LDB: TIME 1535.34 LOAD: AVG 0.0239622 MAX 0.146271  PROXIES: TOTAL 56 MAXPE 7 MAXPATCH 7 RefineTorusLB MEM: 0 MB
LDB: Reverting to original mapping
LDB: ============== END OF LOAD BALANCING =============== 1535.34
Info: useSync: 0 useProxySync: 0
LDB: =============== DONE WITH MIGRATION ================ 1535.34
LDB: ============= START OF LOAD BALANCING ============== 1542.07
LDB: ============== END OF LOAD BALANCING =============== 1542.07
Info: useSync: 0 useProxySync: 0
LDB: =============== DONE WITH MIGRATION ================ 1542.07
LDB: ============= START OF LOAD BALANCING ============== 1542.23
LDB: TIME 1542.23 LOAD: AVG 0.023542 MAX 0.146045  PROXIES: TOTAL 56 MAXPE 7 MAXPATCH 7 None MEM: 0 MB
LDB: TIME 1542.23 LOAD: AVG 0.023542 MAX 0.146045  PROXIES: TOTAL 56 MAXPE 7 MAXPATCH 7 RefineTorusLB MEM: 0 MB
LDB: TIME 1542.23 LOAD: AVG 0.023542 MAX 0.146045  PROXIES: TOTAL 56 MAXPE 7 MAXPATCH 7 RefineTorusLB MEM: 0 MB
LDB: ============== END OF LOAD BALANCING =============== 1542.23
Info: useSync: 0 useProxySync: 0
LDB: =============== DONE WITH MIGRATION ================ 1542.23
WRITING COORDINATES TO DCD FILE MD.dcd AT STEP 435000
PRESSURE: 435000 -1397.01 -7.64047 -101.417 177.089 -555.642 -823.264 62.162 -1040.07 1826.53
GPRESSURE: 435000 -1414.29 203.763 -320.593 63.9396 -678.58 -945.966 418.898 -1077.42 2006.65
PRESSAVG: 435000 -180.937 -21.8033 -60.5573 -39.1958 -200.27 -30.4703 50.9958 -239.338 1717.26
GPRESSAVG: 435000 -180.924 -21.3358 -60.1923 -39.4167 -200.171 -30.3646 50.6108 -239.826 1717.06
ENERGY:  435000         0.0000         0.0000         0.0000         0.0000          -5679.9646       414.5672         0.0000         0.0000       910.2214          -4355.1759       289.1694     -5265.3973     -4353.5527       299.0814            -42.0416       -28.7384     22548.0941       445.3498       445.3225

LDB: ============= START OF LOAD BALANCING ============== 1549.37
LDB: ============== END OF LOAD BALANCING =============== 1549.37
Info: useSync: 0 useProxySync: 0
LDB: =============== DONE WITH MIGRATION ================ 1549.37
LDB: ============= START OF LOAD BALANCING ============== 1549.53
LDB: TIME 1549.54 LOAD: AVG 0.0238321 MAX 0.146334  PROXIES: TOTAL 56 MAXPE 7 MAXPATCH 7 None MEM: 0 MB
LDB: TIME 1549.54 LOAD: AVG 0.0238321 MAX 0.146334  PROXIES: TOTAL 56 MAXPE 7 MAXPATCH 7 RefineTorusLB MEM: 0 MB
LDB: TIME 1549.54 LOAD: AVG 0.0238321 MAX 0.146334  PROXIES: TOTAL 56 MAXPE 7 MAXPATCH 7 RefineTorusLB MEM: 0 MB
LDB: ============== END OF LOAD BALANCING =============== 1549.54
Info: useSync: 0 useProxySync: 0
LDB: =============== DONE WITH MIGRATION ================ 1549.54
LDB: ============= START OF LOAD BALANCING ============== 1556.05
LDB: ============== END OF LOAD BALANCING =============== 1556.05
Info: useSync: 0 useProxySync: 0
LDB: =============== DONE WITH MIGRATION ================ 1556.05
LDB: ============= START OF LOAD BALANCING ============== 1556.26
LDB: TIME 1556.26 LOAD: AVG 0.0251531 MAX 0.153474  PROXIES: TOTAL 56 MAXPE 7 MAXPATCH 7 None MEM: 0 MB
LDB: TIME 1556.26 LOAD: AVG 0.0251531 MAX 0.153474  PROXIES: TOTAL 56 MAXPE 7 MAXPATCH 7 RefineTorusLB MEM: 0 MB
LDB: TIME 1556.26 LOAD: AVG 0.0251531 MAX 0.153474  PROXIES: TOTAL 56 MAXPE 7 MAXPATCH 7 RefineTorusLB MEM: 0 MB
LDB: ============== END OF LOAD BALANCING =============== 1556.26
Info: useSync: 0 useProxySync: 0
LDB: =============== DONE WITH MIGRATION ================ 1556.26
PRESSURE: 440000 -1147.16 225.288 457.197 241.699 82.7184 397.86 235.574 427.151 1729.76
GPRESSURE: 440000 -1022.6 208.483 644.917 211.406 85.8103 568.307 192.85 188.278 1697.59
PRESSAVG: 440000 -251.016 -17.0212 -41.6627 -30.7544 -293.528 32.0507 -78.5459 -240.87 1580.52
GPRESSAVG: 440000 -250.877 -17.383 -41.555 -30.3659 -293.68 31.5009 -78.8685 -240.465 1580.63
ENERGY:  440000         0.0000         0.0000         0.0000         0.0000          -5626.6225       390.8323         0.0000         0.0000       912.3061          -4323.4842       289.8316     -5235.7903     -4321.5440       293.4982            221.7723       253.5992     22548.0941       345.3250       345.3566

WRITING COORDINATES TO DCD FILE MD.dcd AT STEP 440000
LDB: ============= START OF LOAD BALANCING ============== 1563.94
LDB: ============== END OF LOAD BALANCING =============== 1563.94
Info: useSync: 0 useProxySync: 0
LDB: =============== DONE WITH MIGRATION ================ 1563.94
LDB: ============= START OF LOAD BALANCING ============== 1564.12
LDB: TIME 1564.12 LOAD: AVG 0.0270443 MAX 0.168162  PROXIES: TOTAL 56 MAXPE 7 MAXPATCH 7 None MEM: 0 MB
LDB: TIME 1564.12 LOAD: AVG 0.0270443 MAX 0.168162  PROXIES: TOTAL 56 MAXPE 7 MAXPATCH 7 RefineTorusLB MEM: 0 MB
LDB: TIME 1564.12 LOAD: AVG 0.0270443 MAX 0.168162  PROXIES: TOTAL 56 MAXPE 7 MAXPATCH 7 RefineTorusLB MEM: 0 MB
LDB: ============== END OF LOAD BALANCING =============== 1564.12
Info: useSync: 0 useProxySync: 0
LDB: =============== DONE WITH MIGRATION ================ 1564.12
LDB: ============= START OF LOAD BALANCING ============== 1571.73
LDB: ============== END OF LOAD BALANCING =============== 1571.74
Info: useSync: 0 useProxySync: 0
LDB: =============== DONE WITH MIGRATION ================ 1571.74
LDB: ============= START OF LOAD BALANCING ============== 1571.91
LDB: TIME 1571.91 LOAD: AVG 0.0248448 MAX 0.15107  PROXIES: TOTAL 56 MAXPE 7 MAXPATCH 7 None MEM: 0 MB
LDB: TIME 1571.91 LOAD: AVG 0.0248448 MAX 0.15107  PROXIES: TOTAL 56 MAXPE 7 MAXPATCH 7 RefineTorusLB MEM: 0 MB
LDB: TIME 1571.91 LOAD: AVG 0.0248448 MAX 0.15107  PROXIES: TOTAL 56 MAXPE 7 MAXPATCH 7 RefineTorusLB MEM: 0 MB
LDB: ============== END OF LOAD BALANCING =============== 1571.91
Info: useSync: 0 useProxySync: 0
LDB: =============== DONE WITH MIGRATION ================ 1571.91
LDB: ============= START OF LOAD BALANCING ============== 1578.85
LDB: ============== END OF LOAD BALANCING =============== 1578.85
Info: useSync: 0 useProxySync: 0
LDB: =============== DONE WITH MIGRATION ================ 1578.85
LDB: ============= START OF LOAD BALANCING ============== 1579.01
LDB: TIME 1579.01 LOAD: AVG 0.0241801 MAX 0.14554  PROXIES: TOTAL 56 MAXPE 7 MAXPATCH 7 None MEM: 0 MB
LDB: TIME 1579.01 LOAD: AVG 0.0241801 MAX 0.14554  PROXIES: TOTAL 56 MAXPE 7 MAXPATCH 7 RefineTorusLB MEM: 0 MB
LDB: TIME 1579.01 LOAD: AVG 0.0241801 MAX 0.14554  PROXIES: TOTAL 56 MAXPE 7 MAXPATCH 7 RefineTorusLB MEM: 0 MB
LDB: ============== END OF LOAD BALANCING =============== 1579.01
Info: useSync: 0 useProxySync: 0
LDB: =============== DONE WITH MIGRATION ================ 1579.01
WRITING COORDINATES TO DCD FILE MD.dcd AT STEP 445000
PRESSURE: 445000 -717.892 -55.2969 -919.148 165.005 -554.657 -303.74 -289.174 -549.114 1371.08
GPRESSURE: 445000 -603.788 81.5262 -580.304 169.099 -561.331 -319.613 -407.731 -480.696 1276.42
PRESSAVG: 445000 -322.089 38.6347 -95.0053 -30.6232 -301.132 -21.5303 -67.7274 -312.315 1529.54
GPRESSAVG: 445000 -322.591 38.9032 -94.9617 -30.5938 -301.066 -21.4182 -67.8371 -312.301 1529.88
ENERGY:  445000         0.0000         0.0000         0.0000         0.0000          -5577.6591       369.0295         0.0000         0.0000       937.5766          -4271.0530       297.8599     -5208.6296     -4268.9159       295.8911             32.8427        37.0997     22548.0941       302.1072       302.0730

LDB: ============= START OF LOAD BALANCING ============== 1585.65
LDB: ============== END OF LOAD BALANCING =============== 1585.65
Info: useSync: 0 useProxySync: 0
LDB: =============== DONE WITH MIGRATION ================ 1585.65
LDB: ============= START OF LOAD BALANCING ============== 1585.81
LDB: TIME 1585.81 LOAD: AVG 0.0242145 MAX 0.146099  PROXIES: TOTAL 56 MAXPE 7 MAXPATCH 7 None MEM: 0 MB
LDB: TIME 1585.81 LOAD: AVG 0.0242145 MAX 0.146099  PROXIES: TOTAL 56 MAXPE 7 MAXPATCH 7 RefineTorusLB MEM: 0 MB
LDB: TIME 1585.81 LOAD: AVG 0.0242145 MAX 0.146099  PROXIES: TOTAL 56 MAXPE 7 MAXPATCH 7 RefineTorusLB MEM: 0 MB
LDB: ============== END OF LOAD BALANCING =============== 1585.81
Info: useSync: 0 useProxySync: 0
LDB: =============== DONE WITH MIGRATION ================ 1585.81
LDB: ============= START OF LOAD BALANCING ============== 1593.06
LDB: ============== END OF LOAD BALANCING =============== 1593.06
Info: useSync: 0 useProxySync: 0
LDB: =============== DONE WITH MIGRATION ================ 1593.06
LDB: ============= START OF LOAD BALANCING ============== 1593.21
LDB: TIME 1593.21 LOAD: AVG 0.0237835 MAX 0.145712  PROXIES: TOTAL 56 MAXPE 7 MAXPATCH 7 None MEM: 0 MB
LDB: TIME 1593.21 LOAD: AVG 0.0237835 MAX 0.145712  PROXIES: TOTAL 56 MAXPE 7 MAXPATCH 7 RefineTorusLB MEM: 0 MB
LDB: TIME 1593.21 LOAD: AVG 0.0237835 MAX 0.145712  PROXIES: TOTAL 56 MAXPE 7 MAXPATCH 7 RefineTorusLB MEM: 0 MB
LDB: ============== END OF LOAD BALANCING =============== 1593.21
Info: useSync: 0 useProxySync: 0
LDB: =============== DONE WITH MIGRATION ================ 1593.21
WRITING COORDINATES TO DCD FILE MD.dcd AT STEP 450000
WRITING COORDINATES TO RESTART FILE AT STEP 450000
FINISHED WRITING RESTART COORDINATES
WRITING VELOCITIES TO RESTART FILE AT STEP 450000
FINISHED WRITING RESTART VELOCITIES
PRESSURE: 450000 388.907 28.7594 125.588 -514.571 -1210.5 525.32 -519.289 62.1949 3052.69
GPRESSURE: 450000 509.59 23.6564 84.5394 -359.165 -1102.64 488.492 -407.744 -215.157 2892.76
PRESSAVG: 450000 -266.486 -29.8823 53.1843 -25.0998 -146.391 -30.4709 39.2133 -193.427 1579.53
GPRESSAVG: 450000 -266.121 -30.1652 53.4175 -24.9885 -146.6 -30.7744 39.2193 -193.199 1579.47
TIMING: 450000  CPU: 1547.61, 0.003575/step  Wall: 1598.62, 0.00371949/step, 0.0516595 hours remaining, 0.000000 MB of memory in use.
PERFORMANCE: 450000  averaging 48.6426 ns/day, 0.00355244 sec/step with standard deviation 0.000100074
ETITLE:      TS           BOND          ANGLE          DIHED          IMPRP               ELECT            VDW       BOUNDARY           MISC        KINETIC               TOTAL           TEMP      POTENTIAL         TOTAL3        TEMPAVG            PRESSURE      GPRESSURE         VOLUME       PRESSAVG      GPRESSAVG

ENERGY:  450000         0.0000         0.0000         0.0000         0.0000          -5596.1901       405.2896         0.0000         0.0000       949.0738          -4241.8267       301.5124     -5190.9005     -4240.2056       297.7700            743.6989       766.5730     22548.0941       388.8848       388.9155

WRITING EXTENDED SYSTEM TO RESTART FILE AT STEP 450000
LDB: ============= START OF LOAD BALANCING ============== 1599.38
LDB: ============== END OF LOAD BALANCING =============== 1599.38
Info: useSync: 0 useProxySync: 0
LDB: =============== DONE WITH MIGRATION ================ 1599.38
LDB: ============= START OF LOAD BALANCING ============== 1599.53
LDB: TIME 1599.53 LOAD: AVG 0.0238363 MAX 0.14478  PROXIES: TOTAL 56 MAXPE 7 MAXPATCH 7 None MEM: 0 MB
LDB: TIME 1599.53 LOAD: AVG 0.0238363 MAX 0.14478  PROXIES: TOTAL 56 MAXPE 7 MAXPATCH 7 RefineTorusLB MEM: 0 MB
LDB: TIME 1599.53 LOAD: AVG 0.0238363 MAX 0.14478  PROXIES: TOTAL 56 MAXPE 7 MAXPATCH 7 RefineTorusLB MEM: 0 MB
LDB: Reverting to original mapping
LDB: ============== END OF LOAD BALANCING =============== 1599.53
Info: useSync: 0 useProxySync: 0
LDB: =============== DONE WITH MIGRATION ================ 1599.53
LDB: ============= START OF LOAD BALANCING ============== 1606.31
LDB: ============== END OF LOAD BALANCING =============== 1606.31
Info: useSync: 0 useProxySync: 0
LDB: =============== DONE WITH MIGRATION ================ 1606.31
LDB: ============= START OF LOAD BALANCING ============== 1606.47
LDB: TIME 1606.47 LOAD: AVG 0.0238013 MAX 0.147066  PROXIES: TOTAL 56 MAXPE 7 MAXPATCH 7 None MEM: 0 MB
LDB: TIME 1606.47 LOAD: AVG 0.0238013 MAX 0.147066  PROXIES: TOTAL 56 MAXPE 7 MAXPATCH 7 RefineTorusLB MEM: 0 MB
LDB: TIME 1606.47 LOAD: AVG 0.0238013 MAX 0.147066  PROXIES: TOTAL 56 MAXPE 7 MAXPATCH 7 RefineTorusLB MEM: 0 MB
LDB: ============== END OF LOAD BALANCING =============== 1606.47
Info: useSync: 0 useProxySync: 0
LDB: =============== DONE WITH MIGRATION ================ 1606.47
LDB: ============= START OF LOAD BALANCING ============== 1613.04
LDB: ============== END OF LOAD BALANCING =============== 1613.04
Info: useSync: 0 useProxySync: 0
LDB: =============== DONE WITH MIGRATION ================ 1613.04
LDB: ============= START OF LOAD BALANCING ============== 1613.22
LDB: TIME 1613.22 LOAD: AVG 0.0236153 MAX 0.146043  PROXIES: TOTAL 56 MAXPE 7 MAXPATCH 7 None MEM: 0 MB
LDB: TIME 1613.22 LOAD: AVG 0.0236153 MAX 0.146043  PROXIES: TOTAL 56 MAXPE 7 MAXPATCH 7 RefineTorusLB MEM: 0 MB
LDB: TIME 1613.22 LOAD: AVG 0.0236153 MAX 0.146043  PROXIES: TOTAL 56 MAXPE 7 MAXPATCH 7 RefineTorusLB MEM: 0 MB
LDB: Reverting to original mapping
LDB: ============== END OF LOAD BALANCING =============== 1613.22
Info: useSync: 0 useProxySync: 0
LDB: =============== DONE WITH MIGRATION ================ 1613.22
PRESSURE: 455000 920.204 -11.8977 506.706 538.245 -666.273 -1019.92 305.414 -1212.78 2238.5
GPRESSURE: 455000 789.621 -273.928 488.192 868.622 -482.538 -851.424 352.336 -1139.4 2242.31
PRESSAVG: 455000 -207.724 44.4008 -22.7861 17.4792 -138.827 46.2484 -0.565192 -117.855 1620.75
GPRESSAVG: 455000 -207.943 44.8196 -23.0482 17.4499 -138.563 46.3153 -0.859669 -117.49 1620.9
ENERGY:  455000         0.0000         0.0000         0.0000         0.0000          -5726.7701       459.3354         0.0000         0.0000       951.3452          -4316.0895       302.2340     -5267.4347     -4313.4517       298.4444            830.8100       849.7983     22548.0941       424.7343       424.7973

WRITING COORDINATES TO DCD FILE MD.dcd AT STEP 455000
LDB: ============= START OF LOAD BALANCING ============== 1619.76
LDB: ============== END OF LOAD BALANCING =============== 1619.76
Info: useSync: 0 useProxySync: 0
LDB: =============== DONE WITH MIGRATION ================ 1619.76
LDB: ============= START OF LOAD BALANCING ============== 1619.92
LDB: TIME 1619.92 LOAD: AVG 0.0236222 MAX 0.145549  PROXIES: TOTAL 56 MAXPE 7 MAXPATCH 7 None MEM: 0 MB
LDB: TIME 1619.92 LOAD: AVG 0.0236222 MAX 0.145549  PROXIES: TOTAL 56 MAXPE 7 MAXPATCH 7 RefineTorusLB MEM: 0 MB
LDB: TIME 1619.92 LOAD: AVG 0.0236222 MAX 0.145549  PROXIES: TOTAL 56 MAXPE 7 MAXPATCH 7 RefineTorusLB MEM: 0 MB
LDB: ============== END OF LOAD BALANCING =============== 1619.92
Info: useSync: 0 useProxySync: 0
LDB: =============== DONE WITH MIGRATION ================ 1619.92
LDB: ============= START OF LOAD BALANCING ============== 1626.43
LDB: ============== END OF LOAD BALANCING =============== 1626.43
Info: useSync: 0 useProxySync: 0
LDB: =============== DONE WITH MIGRATION ================ 1626.43
LDB: ============= START OF LOAD BALANCING ============== 1626.62
LDB: TIME 1626.62 LOAD: AVG 0.0271511 MAX 0.169321  PROXIES: TOTAL 56 MAXPE 7 MAXPATCH 7 None MEM: 0 MB
LDB: TIME 1626.62 LOAD: AVG 0.0271511 MAX 0.169321  PROXIES: TOTAL 56 MAXPE 7 MAXPATCH 7 RefineTorusLB MEM: 0 MB
LDB: TIME 1626.62 LOAD: AVG 0.0271511 MAX 0.169321  PROXIES: TOTAL 56 MAXPE 7 MAXPATCH 7 RefineTorusLB MEM: 0 MB
LDB: ============== END OF LOAD BALANCING =============== 1626.62
Info: useSync: 0 useProxySync: 0
LDB: =============== DONE WITH MIGRATION ================ 1626.62
WRITING COORDINATES TO DCD FILE MD.dcd AT STEP 460000
PRESSURE: 460000 -322.707 50.976 245.996 197.098 46.1874 -159.587 125.319 -324.564 1018.4
GPRESSURE: 460000 -425.178 363.857 201.018 -86.5321 155.947 37.4092 194.322 -232.253 1076.16
PRESSAVG: 460000 -133.887 55.2266 -14.7383 17.8187 -115.502 -19.7075 -21.4522 -185.017 1723.18
GPRESSAVG: 460000 -134.006 54.9147 -14.6691 17.681 -115.241 -20.0627 -21.4093 -184.944 1722.95
ENERGY:  460000         0.0000         0.0000         0.0000         0.0000          -5613.2916       387.2687         0.0000         0.0000       945.2791          -4280.7438       300.3069     -5226.0229     -4279.1265       302.0249            247.2932       268.9757     22548.0941       491.2636       491.2329

LDB: ============= START OF LOAD BALANCING ============== 1634.34
LDB: ============== END OF LOAD BALANCING =============== 1634.34
Info: useSync: 0 useProxySync: 0
LDB: =============== DONE WITH MIGRATION ================ 1634.34
LDB: ============= START OF LOAD BALANCING ============== 1634.51
LDB: TIME 1634.51 LOAD: AVG 0.023934 MAX 0.146349  PROXIES: TOTAL 56 MAXPE 7 MAXPATCH 7 None MEM: 0 MB
LDB: TIME 1634.51 LOAD: AVG 0.023934 MAX 0.146349  PROXIES: TOTAL 56 MAXPE 7 MAXPATCH 7 RefineTorusLB MEM: 0 MB
LDB: TIME 1634.51 LOAD: AVG 0.023934 MAX 0.146349  PROXIES: TOTAL 56 MAXPE 7 MAXPATCH 7 RefineTorusLB MEM: 0 MB
LDB: ============== END OF LOAD BALANCING =============== 1634.51
Info: useSync: 0 useProxySync: 0
LDB: =============== DONE WITH MIGRATION ================ 1634.51
LDB: ============= START OF LOAD BALANCING ============== 1641.14
LDB: ============== END OF LOAD BALANCING =============== 1641.14
Info: useSync: 0 useProxySync: 0
LDB: =============== DONE WITH MIGRATION ================ 1641.14
LDB: ============= START OF LOAD BALANCING ============== 1641.3
LDB: TIME 1641.3 LOAD: AVG 0.0241848 MAX 0.144971  PROXIES: TOTAL 56 MAXPE 7 MAXPATCH 7 None MEM: 0 MB
LDB: TIME 1641.3 LOAD: AVG 0.0241848 MAX 0.144971  PROXIES: TOTAL 56 MAXPE 7 MAXPATCH 7 RefineTorusLB MEM: 0 MB
LDB: TIME 1641.3 LOAD: AVG 0.0241848 MAX 0.144971  PROXIES: TOTAL 56 MAXPE 7 MAXPATCH 7 RefineTorusLB MEM: 0 MB
LDB: Reverting to original mapping
LDB: ============== END OF LOAD BALANCING =============== 1641.3
Info: useSync: 0 useProxySync: 0
LDB: =============== DONE WITH MIGRATION ================ 1641.3
LDB: ============= START OF LOAD BALANCING ============== 1647.81
LDB: ============== END OF LOAD BALANCING =============== 1647.81
Info: useSync: 0 useProxySync: 0
LDB: =============== DONE WITH MIGRATION ================ 1647.81
LDB: ============= START OF LOAD BALANCING ============== 1647.97
LDB: TIME 1647.97 LOAD: AVG 0.024297 MAX 0.146571  PROXIES: TOTAL 56 MAXPE 7 MAXPATCH 7 None MEM: 0 MB
LDB: TIME 1647.97 LOAD: AVG 0.024297 MAX 0.146571  PROXIES: TOTAL 56 MAXPE 7 MAXPATCH 7 RefineTorusLB MEM: 0 MB
LDB: TIME 1647.97 LOAD: AVG 0.024297 MAX 0.146571  PROXIES: TOTAL 56 MAXPE 7 MAXPATCH 7 RefineTorusLB MEM: 0 MB
LDB: ============== END OF LOAD BALANCING =============== 1647.97
Info: useSync: 0 useProxySync: 0
LDB: =============== DONE WITH MIGRATION ================ 1647.97
WRITING COORDINATES TO DCD FILE MD.dcd AT STEP 465000
PRESSURE: 465000 -283.181 147.657 133.017 70.9523 55.2338 -850.833 -39.8099 -920.34 3253.88
GPRESSURE: 465000 -293.539 86.0429 56.5358 99.3204 45.2757 -650.934 -131.153 -896.364 3352.35
PRESSAVG: 465000 -339.222 -40.4971 49.238 -20.5128 -240.905 -3.37577 -127.589 -192.426 1647.29
GPRESSAVG: 465000 -339.35 -40.8392 49.0631 -20.5052 -241.144 -2.81678 -127.336 -192.812 1647.57
ENERGY:  465000         0.0000         0.0000         0.0000         0.0000          -5733.2953       467.5054         0.0000         0.0000       976.5891          -4289.2008       310.2538     -5265.7899     -4288.5909       297.3134           1008.6458      1034.6972     22548.0941       355.7193       355.6913

LDB: ============= START OF LOAD BALANCING ============== 1654.87
LDB: ============== END OF LOAD BALANCING =============== 1654.87
Info: useSync: 0 useProxySync: 0
LDB: =============== DONE WITH MIGRATION ================ 1654.87
LDB: ============= START OF LOAD BALANCING ============== 1655.03
LDB: TIME 1655.03 LOAD: AVG 0.0240351 MAX 0.147501  PROXIES: TOTAL 56 MAXPE 7 MAXPATCH 7 None MEM: 0 MB
LDB: TIME 1655.03 LOAD: AVG 0.0240351 MAX 0.147501  PROXIES: TOTAL 56 MAXPE 7 MAXPATCH 7 RefineTorusLB MEM: 0 MB
LDB: TIME 1655.03 LOAD: AVG 0.0240351 MAX 0.147501  PROXIES: TOTAL 56 MAXPE 7 MAXPATCH 7 RefineTorusLB MEM: 0 MB
LDB: ============== END OF LOAD BALANCING =============== 1655.03
Info: useSync: 0 useProxySync: 0
LDB: =============== DONE WITH MIGRATION ================ 1655.03
LDB: ============= START OF LOAD BALANCING ============== 1662.38
LDB: ============== END OF LOAD BALANCING =============== 1662.38
Info: useSync: 0 useProxySync: 0
LDB: =============== DONE WITH MIGRATION ================ 1662.38
LDB: ============= START OF LOAD BALANCING ============== 1662.57
LDB: TIME 1662.57 LOAD: AVG 0.0268585 MAX 0.169865  PROXIES: TOTAL 56 MAXPE 7 MAXPATCH 7 None MEM: 0 MB
LDB: TIME 1662.57 LOAD: AVG 0.0268585 MAX 0.169865  PROXIES: TOTAL 56 MAXPE 7 MAXPATCH 7 RefineTorusLB MEM: 0 MB
LDB: TIME 1662.57 LOAD: AVG 0.0268585 MAX 0.169865  PROXIES: TOTAL 56 MAXPE 7 MAXPATCH 7 RefineTorusLB MEM: 0 MB
LDB: ============== END OF LOAD BALANCING =============== 1662.57
Info: useSync: 0 useProxySync: 0
LDB: =============== DONE WITH MIGRATION ================ 1662.57
WRITING COORDINATES TO DCD FILE MD.dcd AT STEP 470000
PRESSURE: 470000 461.576 66.816 507.205 -67.1733 -1304.5 -338.287 427.686 -554.727 2200.21
GPRESSURE: 470000 431.615 148.69 459.451 -62.1228 -1231.58 -380.039 310.187 -548.857 2209.25
PRESSAVG: 470000 -99.5216 13.1551 24.9971 7.70367 -135.006 22.6009 -140.565 -218.724 1785.24
GPRESSAVG: 470000 -99.4153 13.4604 24.7365 7.43446 -134.644 22.3326 -140.221 -218.948 1784.81
ENERGY:  470000         0.0000         0.0000         0.0000         0.0000          -5675.1695       412.1200         0.0000         0.0000       983.6616          -4279.3879       312.5006     -5263.0495     -4277.5017       300.9968            452.4265       469.7631     22548.0941       516.9050       516.9159

LDB: ============= START OF LOAD BALANCING ============== 1670.29
LDB: ============== END OF LOAD BALANCING =============== 1670.29
Info: useSync: 0 useProxySync: 0
LDB: =============== DONE WITH MIGRATION ================ 1670.29
LDB: ============= START OF LOAD BALANCING ============== 1670.46
LDB: TIME 1670.46 LOAD: AVG 0.0241674 MAX 0.147506  PROXIES: TOTAL 56 MAXPE 7 MAXPATCH 7 None MEM: 0 MB
LDB: TIME 1670.46 LOAD: AVG 0.0241674 MAX 0.147506  PROXIES: TOTAL 56 MAXPE 7 MAXPATCH 7 RefineTorusLB MEM: 0 MB
LDB: TIME 1670.46 LOAD: AVG 0.0241674 MAX 0.147506  PROXIES: TOTAL 56 MAXPE 7 MAXPATCH 7 RefineTorusLB MEM: 0 MB
LDB: ============== END OF LOAD BALANCING =============== 1670.46
Info: useSync: 0 useProxySync: 0
LDB: =============== DONE WITH MIGRATION ================ 1670.46
LDB: ============= START OF LOAD BALANCING ============== 1676.82
LDB: ============== END OF LOAD BALANCING =============== 1676.82
Info: useSync: 0 useProxySync: 0
LDB: =============== DONE WITH MIGRATION ================ 1676.82
LDB: ============= START OF LOAD BALANCING ============== 1676.98
LDB: TIME 1676.98 LOAD: AVG 0.0236794 MAX 0.145251  PROXIES: TOTAL 56 MAXPE 7 MAXPATCH 7 None MEM: 0 MB
LDB: TIME 1676.98 LOAD: AVG 0.0236794 MAX 0.145251  PROXIES: TOTAL 56 MAXPE 7 MAXPATCH 7 RefineTorusLB MEM: 0 MB
LDB: TIME 1676.98 LOAD: AVG 0.0236794 MAX 0.145251  PROXIES: TOTAL 56 MAXPE 7 MAXPATCH 7 RefineTorusLB MEM: 0 MB
LDB: ============== END OF LOAD BALANCING =============== 1676.98
Info: useSync: 0 useProxySync: 0
LDB: =============== DONE WITH MIGRATION ================ 1676.98
LDB: ============= START OF LOAD BALANCING ============== 1683.86
LDB: ============== END OF LOAD BALANCING =============== 1683.86
Info: useSync: 0 useProxySync: 0
LDB: =============== DONE WITH MIGRATION ================ 1683.86
LDB: ============= START OF LOAD BALANCING ============== 1684.02
LDB: TIME 1684.02 LOAD: AVG 0.0236781 MAX 0.145593  PROXIES: TOTAL 56 MAXPE 7 MAXPATCH 7 None MEM: 0 MB
LDB: TIME 1684.02 LOAD: AVG 0.0236781 MAX 0.145593  PROXIES: TOTAL 56 MAXPE 7 MAXPATCH 7 RefineTorusLB MEM: 0 MB
LDB: TIME 1684.02 LOAD: AVG 0.0236781 MAX 0.145593  PROXIES: TOTAL 56 MAXPE 7 MAXPATCH 7 RefineTorusLB MEM: 0 MB
LDB: ============== END OF LOAD BALANCING =============== 1684.02
Info: useSync: 0 useProxySync: 0
LDB: =============== DONE WITH MIGRATION ================ 1684.02
WRITING COORDINATES TO DCD FILE MD.dcd AT STEP 475000
PRESSURE: 475000 -30.4864 66.1029 118.428 449.015 117.014 225.46 278.158 209.252 2040.03
GPRESSURE: 475000 217.211 -123.523 231.852 584.828 -70.4662 329.684 34.1826 161.886 2038.9
PRESSAVG: 475000 -52.6859 41.4143 -96.7195 13.4557 -230.779 -9.99659 -209.596 -281.128 1657.96
GPRESSAVG: 475000 -52.4639 41.3325 -96.552 13.7304 -230.752 -10.2261 -209.88 -281.219 1658.16
ENERGY:  475000         0.0000         0.0000         0.0000         0.0000          -5577.1374       397.8216         0.0000         0.0000       919.8142          -4259.5016       292.2169     -5179.3158     -4257.7937       299.6106            708.8509       728.5470     22548.0941       458.1653       458.3155

LDB: ============= START OF LOAD BALANCING ============== 1691.26
LDB: ============== END OF LOAD BALANCING =============== 1691.26
Info: useSync: 0 useProxySync: 0
LDB: =============== DONE WITH MIGRATION ================ 1691.26
LDB: ============= START OF LOAD BALANCING ============== 1691.46
LDB: TIME 1691.46 LOAD: AVG 0.0245395 MAX 0.149496  PROXIES: TOTAL 56 MAXPE 7 MAXPATCH 7 None MEM: 0 MB
LDB: TIME 1691.46 LOAD: AVG 0.0245395 MAX 0.149496  PROXIES: TOTAL 56 MAXPE 7 MAXPATCH 7 RefineTorusLB MEM: 0 MB
LDB: TIME 1691.46 LOAD: AVG 0.0245395 MAX 0.149496  PROXIES: TOTAL 56 MAXPE 7 MAXPATCH 7 RefineTorusLB MEM: 0 MB
LDB: ============== END OF LOAD BALANCING =============== 1691.46
Info: useSync: 0 useProxySync: 0
LDB: =============== DONE WITH MIGRATION ================ 1691.46
LDB: ============= START OF LOAD BALANCING ============== 1698.83
LDB: ============== END OF LOAD BALANCING =============== 1698.83
Info: useSync: 0 useProxySync: 0
LDB: =============== DONE WITH MIGRATION ================ 1698.83
LDB: ============= START OF LOAD BALANCING ============== 1698.99
LDB: TIME 1698.99 LOAD: AVG 0.0239067 MAX 0.146421  PROXIES: TOTAL 56 MAXPE 7 MAXPATCH 7 None MEM: 0 MB
LDB: TIME 1698.99 LOAD: AVG 0.0239067 MAX 0.146421  PROXIES: TOTAL 56 MAXPE 7 MAXPATCH 7 RefineTorusLB MEM: 0 MB
LDB: TIME 1698.99 LOAD: AVG 0.0239067 MAX 0.146421  PROXIES: TOTAL 56 MAXPE 7 MAXPATCH 7 RefineTorusLB MEM: 0 MB
LDB: ============== END OF LOAD BALANCING =============== 1698.99
Info: useSync: 0 useProxySync: 0
LDB: =============== DONE WITH MIGRATION ================ 1698.99
WRITING COORDINATES TO DCD FILE MD.dcd AT STEP 480000
PRESSURE: 480000 -156.536 -30.4003 261.73 9.4987 168.012 -106.487 -211.78 -189.214 2071.93
GPRESSURE: 480000 -105.582 424.156 119.425 -216.346 383.927 -481.325 -21.2995 136.612 1916.75
PRESSAVG: 480000 -213.768 -4.69833 22.4111 -18.1245 -183.359 -71.5703 -118.251 -171.873 1658.27
GPRESSAVG: 480000 -213.973 -3.83354 22.3902 -18.5008 -183.251 -71.4936 -118.232 -171.74 1658.08
ENERGY:  480000         0.0000         0.0000         0.0000         0.0000          -5614.4045       398.5635         0.0000         0.0000       958.5883          -4257.2527       304.5351     -5215.8410     -4254.8631       299.6124            694.4674       731.6978     22548.0941       420.3793       420.2845

LDB: ============= START OF LOAD BALANCING ============== 1705.36
LDB: ============== END OF LOAD BALANCING =============== 1705.36
Info: useSync: 0 useProxySync: 0
LDB: =============== DONE WITH MIGRATION ================ 1705.36
LDB: ============= START OF LOAD BALANCING ============== 1705.52
LDB: TIME 1705.52 LOAD: AVG 0.0239041 MAX 0.146976  PROXIES: TOTAL 56 MAXPE 7 MAXPATCH 7 None MEM: 0 MB
LDB: TIME 1705.52 LOAD: AVG 0.0239041 MAX 0.146976  PROXIES: TOTAL 56 MAXPE 7 MAXPATCH 7 RefineTorusLB MEM: 0 MB
LDB: TIME 1705.52 LOAD: AVG 0.0239041 MAX 0.146976  PROXIES: TOTAL 56 MAXPE 7 MAXPATCH 7 RefineTorusLB MEM: 0 MB
LDB: Reverting to original mapping
LDB: ============== END OF LOAD BALANCING =============== 1705.52
Info: useSync: 0 useProxySync: 0
LDB: =============== DONE WITH MIGRATION ================ 1705.52
LDB: ============= START OF LOAD BALANCING ============== 1712.16
LDB: ============== END OF LOAD BALANCING =============== 1712.16
Info: useSync: 0 useProxySync: 0
LDB: =============== DONE WITH MIGRATION ================ 1712.16
LDB: ============= START OF LOAD BALANCING ============== 1712.36
LDB: TIME 1712.36 LOAD: AVG 0.0272889 MAX 0.176211  PROXIES: TOTAL 56 MAXPE 7 MAXPATCH 7 None MEM: 0 MB
LDB: TIME 1712.36 LOAD: AVG 0.0272889 MAX 0.176211  PROXIES: TOTAL 56 MAXPE 7 MAXPATCH 7 RefineTorusLB MEM: 0 MB
LDB: TIME 1712.36 LOAD: AVG 0.0272889 MAX 0.176211  PROXIES: TOTAL 56 MAXPE 7 MAXPATCH 7 RefineTorusLB MEM: 0 MB
LDB: ============== END OF LOAD BALANCING =============== 1712.36
Info: useSync: 0 useProxySync: 0
LDB: =============== DONE WITH MIGRATION ================ 1712.36
LDB: ============= START OF LOAD BALANCING ============== 1718.75
LDB: ============== END OF LOAD BALANCING =============== 1718.75
Info: useSync: 0 useProxySync: 0
LDB: =============== DONE WITH MIGRATION ================ 1718.75
LDB: ============= START OF LOAD BALANCING ============== 1718.91
LDB: TIME 1718.91 LOAD: AVG 0.0237285 MAX 0.145975  PROXIES: TOTAL 56 MAXPE 7 MAXPATCH 7 None MEM: 0 MB
LDB: TIME 1718.91 LOAD: AVG 0.0237285 MAX 0.145975  PROXIES: TOTAL 56 MAXPE 7 MAXPATCH 7 RefineTorusLB MEM: 0 MB
LDB: TIME 1718.91 LOAD: AVG 0.0237285 MAX 0.145975  PROXIES: TOTAL 56 MAXPE 7 MAXPATCH 7 RefineTorusLB MEM: 0 MB
LDB: Reverting to original mapping
LDB: ============== END OF LOAD BALANCING =============== 1718.91
Info: useSync: 0 useProxySync: 0
LDB: =============== DONE WITH MIGRATION ================ 1718.91
WRITING COORDINATES TO DCD FILE MD.dcd AT STEP 485000
PRESSURE: 485000 630.38 455.212 -169.157 585.893 -346.236 -73.7905 -326.435 80.9534 1013.21
GPRESSURE: 485000 392.477 130.962 -448.319 535.765 -223.925 -255.512 4.33604 83.5952 1162.72
PRESSAVG: 485000 -138.171 -46.7258 68.2195 0.357483 -188.389 -46.1573 -274.512 -240.181 1783.84
GPRESSAVG: 485000 -138.19 -47.1945 68.3548 0.933341 -188.365 -46.1439 -274.435 -240.108 1783.97
ENERGY:  485000         0.0000         0.0000         0.0000         0.0000          -5593.1363       390.0000         0.0000         0.0000       953.5268          -4249.6095       302.9271     -5203.1363     -4247.5776       302.3619            432.4508       443.7581     22548.0941       485.7616       485.8062

LDB: ============= START OF LOAD BALANCING ============== 1725.2
LDB: ============== END OF LOAD BALANCING =============== 1725.2
Info: useSync: 0 useProxySync: 0
LDB: =============== DONE WITH MIGRATION ================ 1725.2
LDB: ============= START OF LOAD BALANCING ============== 1725.36
LDB: TIME 1725.36 LOAD: AVG 0.023908 MAX 0.146246  PROXIES: TOTAL 56 MAXPE 7 MAXPATCH 7 None MEM: 0 MB
LDB: TIME 1725.36 LOAD: AVG 0.023908 MAX 0.146246  PROXIES: TOTAL 56 MAXPE 7 MAXPATCH 7 RefineTorusLB MEM: 0 MB
LDB: TIME 1725.36 LOAD: AVG 0.023908 MAX 0.146246  PROXIES: TOTAL 56 MAXPE 7 MAXPATCH 7 RefineTorusLB MEM: 0 MB
LDB: Reverting to original mapping
LDB: ============== END OF LOAD BALANCING =============== 1725.36
Info: useSync: 0 useProxySync: 0
LDB: =============== DONE WITH MIGRATION ================ 1725.36
LDB: ============= START OF LOAD BALANCING ============== 1732.55
LDB: ============== END OF LOAD BALANCING =============== 1732.56
Info: useSync: 0 useProxySync: 0
LDB: =============== DONE WITH MIGRATION ================ 1732.58
LDB: ============= START OF LOAD BALANCING ============== 1732.77
LDB: TIME 1732.77 LOAD: AVG 0.0273721 MAX 0.173023  PROXIES: TOTAL 56 MAXPE 7 MAXPATCH 7 None MEM: 0 MB
LDB: TIME 1732.77 LOAD: AVG 0.0273721 MAX 0.173023  PROXIES: TOTAL 56 MAXPE 7 MAXPATCH 7 RefineTorusLB MEM: 0 MB
LDB: TIME 1732.77 LOAD: AVG 0.0273721 MAX 0.173023  PROXIES: TOTAL 56 MAXPE 7 MAXPATCH 7 RefineTorusLB MEM: 0 MB
LDB: ============== END OF LOAD BALANCING =============== 1732.77
Info: useSync: 0 useProxySync: 0
LDB: =============== DONE WITH MIGRATION ================ 1732.77
WRITING COORDINATES TO DCD FILE MD.dcd AT STEP 490000
PRESSURE: 490000 -1097.01 47.5853 -226.787 117.939 -625.684 649.768 159.349 237.142 2263.79
GPRESSURE: 490000 -1126.59 -84.1075 -433.359 38.9314 -725.048 566.979 143.351 584.952 2464.99
PRESSAVG: 490000 -172.858 87.8467 34.2509 97.5538 -225.998 64.269 -132.765 -137.191 1811.65
GPRESSAVG: 490000 -173.21 88.0058 34.3594 97.5138 -226.571 64.0017 -132.646 -137.213 1812
ENERGY:  490000         0.0000         0.0000         0.0000         0.0000          -5578.9534       371.9012         0.0000         0.0000       982.5672          -4224.4850       312.1530     -5207.0523     -4222.7531       302.2339            180.3672       204.4481     22548.0941       470.9322       470.7387

LDB: ============= START OF LOAD BALANCING ============== 1740.78
LDB: ============== END OF LOAD BALANCING =============== 1740.78
Info: useSync: 0 useProxySync: 0
LDB: =============== DONE WITH MIGRATION ================ 1740.78
LDB: ============= START OF LOAD BALANCING ============== 1740.94
LDB: TIME 1740.94 LOAD: AVG 0.0234482 MAX 0.146317  PROXIES: TOTAL 56 MAXPE 7 MAXPATCH 7 None MEM: 0 MB
LDB: TIME 1740.94 LOAD: AVG 0.0234482 MAX 0.146317  PROXIES: TOTAL 56 MAXPE 7 MAXPATCH 7 RefineTorusLB MEM: 0 MB
LDB: TIME 1740.94 LOAD: AVG 0.0234482 MAX 0.146317  PROXIES: TOTAL 56 MAXPE 7 MAXPATCH 7 RefineTorusLB MEM: 0 MB
LDB: Reverting to original mapping
LDB: ============== END OF LOAD BALANCING =============== 1740.94
Info: useSync: 0 useProxySync: 0
LDB: =============== DONE WITH MIGRATION ================ 1740.94
LDB: ============= START OF LOAD BALANCING ============== 1748.35
LDB: ============== END OF LOAD BALANCING =============== 1748.35
Info: useSync: 0 useProxySync: 0
LDB: =============== DONE WITH MIGRATION ================ 1748.35
LDB: ============= START OF LOAD BALANCING ============== 1748.66
LDB: TIME 1748.66 LOAD: AVG 0.0291011 MAX 0.174145  PROXIES: TOTAL 56 MAXPE 7 MAXPATCH 7 None MEM: 0 MB
LDB: TIME 1748.66 LOAD: AVG 0.0291011 MAX 0.174145  PROXIES: TOTAL 56 MAXPE 7 MAXPATCH 7 RefineTorusLB MEM: 0 MB
LDB: TIME 1748.66 LOAD: AVG 0.0291011 MAX 0.174145  PROXIES: TOTAL 56 MAXPE 7 MAXPATCH 7 RefineTorusLB MEM: 0 MB
LDB: ============== END OF LOAD BALANCING =============== 1748.67
Info: useSync: 0 useProxySync: 0
LDB: =============== DONE WITH MIGRATION ================ 1748.67
LDB: ============= START OF LOAD BALANCING ============== 1755.5
LDB: ============== END OF LOAD BALANCING =============== 1755.5
Info: useSync: 0 useProxySync: 0
LDB: =============== DONE WITH MIGRATION ================ 1755.5
LDB: ============= START OF LOAD BALANCING ============== 1755.66
LDB: TIME 1755.66 LOAD: AVG 0.0238454 MAX 0.146397  PROXIES: TOTAL 56 MAXPE 7 MAXPATCH 7 None MEM: 0 MB
LDB: TIME 1755.66 LOAD: AVG 0.0238454 MAX 0.146397  PROXIES: TOTAL 56 MAXPE 7 MAXPATCH 7 RefineTorusLB MEM: 0 MB
LDB: TIME 1755.66 LOAD: AVG 0.0238454 MAX 0.146397  PROXIES: TOTAL 56 MAXPE 7 MAXPATCH 7 RefineTorusLB MEM: 0 MB
LDB: Reverting to original mapping
LDB: ============== END OF LOAD BALANCING =============== 1755.66
Info: useSync: 0 useProxySync: 0
LDB: =============== DONE WITH MIGRATION ================ 1755.66
WRITING COORDINATES TO DCD FILE MD.dcd AT STEP 495000
PRESSURE: 495000 -678.929 -145.397 -276.842 -199.364 -773.392 -421.26 -92.5184 -697.366 1437.72
GPRESSURE: 495000 -665.549 -228.652 -123.863 -214.869 -832.034 -629.236 -263.651 -837.921 1525.41
PRESSAVG: 495000 -387.457 -14.891 30.1289 6.45852 -297.34 -27.1276 -217.107 -208.114 1706.6
GPRESSAVG: 495000 -387.067 -14.9006 29.8705 6.10816 -296.977 -26.7807 -217.476 -208.013 1705.96
ENERGY:  495000         0.0000         0.0000         0.0000         0.0000          -5570.5473       363.3784         0.0000         0.0000       980.3856          -4226.7833       311.4599     -5207.1689     -4224.6488       300.9443             -4.8669         9.2761     22548.0941       340.6015       340.6371

LDB: ============= START OF LOAD BALANCING ============== 1762.21
LDB: ============== END OF LOAD BALANCING =============== 1762.21
Info: useSync: 0 useProxySync: 0
LDB: =============== DONE WITH MIGRATION ================ 1762.21
LDB: ============= START OF LOAD BALANCING ============== 1762.37
LDB: TIME 1762.37 LOAD: AVG 0.0238435 MAX 0.145051  PROXIES: TOTAL 56 MAXPE 7 MAXPATCH 7 None MEM: 0 MB
LDB: TIME 1762.37 LOAD: AVG 0.0238435 MAX 0.145051  PROXIES: TOTAL 56 MAXPE 7 MAXPATCH 7 RefineTorusLB MEM: 0 MB
LDB: TIME 1762.37 LOAD: AVG 0.0238435 MAX 0.145051  PROXIES: TOTAL 56 MAXPE 7 MAXPATCH 7 RefineTorusLB MEM: 0 MB
LDB: Reverting to original mapping
LDB: ============== END OF LOAD BALANCING =============== 1762.37
Info: useSync: 0 useProxySync: 0
LDB: =============== DONE WITH MIGRATION ================ 1762.37
LDB: ============= START OF LOAD BALANCING ============== 1768.72
LDB: ============== END OF LOAD BALANCING =============== 1768.72
Info: useSync: 0 useProxySync: 0
LDB: =============== DONE WITH MIGRATION ================ 1768.72
LDB: ============= START OF LOAD BALANCING ============== 1768.88
LDB: TIME 1768.88 LOAD: AVG 0.0242722 MAX 0.145506  PROXIES: TOTAL 56 MAXPE 7 MAXPATCH 7 None MEM: 0 MB
LDB: TIME 1768.88 LOAD: AVG 0.0242722 MAX 0.145506  PROXIES: TOTAL 56 MAXPE 7 MAXPATCH 7 RefineTorusLB MEM: 0 MB
LDB: TIME 1768.88 LOAD: AVG 0.0242722 MAX 0.145506  PROXIES: TOTAL 56 MAXPE 7 MAXPATCH 7 RefineTorusLB MEM: 0 MB
LDB: Reverting to original mapping
LDB: ============== END OF LOAD BALANCING =============== 1768.88
Info: useSync: 0 useProxySync: 0
LDB: =============== DONE WITH MIGRATION ================ 1768.88
WRITING COORDINATES TO DCD FILE MD.dcd AT STEP 500000
WRITING COORDINATES TO RESTART FILE AT STEP 500000
FINISHED WRITING RESTART COORDINATES
WRITING VELOCITIES TO RESTART FILE AT STEP 500000
FINISHED WRITING RESTART VELOCITIES
PRESSURE: 500000 556.81 909.345 165.93 926.795 -1105.35 -338.236 -515.008 -278.38 1804.78
GPRESSURE: 500000 480.933 1003.54 198.799 659.426 -1077.66 -139.627 -833.335 -612.585 1906.45
PRESSAVG: 500000 -207.872 -12.2997 -3.09038 -5.39336 -205.936 -24.1068 -179.73 -182.849 1870.28
GPRESSAVG: 500000 -208.556 -12.2038 -3.2585 -5.63923 -205.988 -24.0715 -180.128 -183.325 1870.25
TIMING: 500000  CPU: 1717.43, 0.00339636/step  Wall: 1774.48, 0.00351719/step, 0 hours remaining, 0.000000 MB of memory in use.
PERFORMANCE: 500000  averaging 48.6909 ns/day, 0.00354892 sec/step with standard deviation 9.50071e-05
ETITLE:      TS           BOND          ANGLE          DIHED          IMPRP               ELECT            VDW       BOUNDARY           MISC        KINETIC               TOTAL           TEMP      POTENTIAL         TOTAL3        TEMPAVG            PRESSURE      GPRESSURE         VOLUME       PRESSAVG      GPRESSAVG

ENERGY:  500000         0.0000         0.0000         0.0000         0.0000          -5551.7671       372.2835         0.0000         0.0000       952.1357          -4227.3478       302.4852     -5179.4835     -4224.5261       303.5111            418.7463       436.5745     22548.0941       485.4890       485.2336

WRITING EXTENDED SYSTEM TO RESTART FILE AT STEP 500000
WRITING EXTENDED SYSTEM TO OUTPUT FILE AT STEP 500000
CLOSING EXTENDED SYSTEM TRAJECTORY FILE
WRITING COORDINATES TO OUTPUT FILE AT STEP 500000
CLOSING COORDINATE DCD FILE MD.dcd
WRITING VELOCITIES TO OUTPUT FILE AT STEP 500000
====================================================

WallClock: 1774.773682  CPUTime: 1717.689331  Memory: 0.000000 MB
[Partition 0][Node 0] End of program
