Charm++: standalone mode (not using charmrun)
Charm++> Running in Multicore mode: 16 threads (PEs)
Charm++> Using recursive bisection (scheme 3) for topology aware partitions
Converse/Charm++ Commit ID: 
CharmLB> Load balancer assumes all CPUs are same.
Charm++> Running on 1 hosts (1 sockets x 24 cores x 2 PUs = 48-way SMP)
Charm++> cpu topology info is gathered in 0.004 seconds.
Info: Built with CUDA version 11080
Did not find +devices i,j,k,... argument, using all
Pe 0 physical rank 0 will use CUDA device of pe 4
Pe 14 physical rank 14 will use CUDA device of pe 8
Pe 2 physical rank 2 will use CUDA device of pe 4
Pe 13 physical rank 13 will use CUDA device of pe 8
Pe 3 physical rank 3 will use CUDA device of pe 4
Pe 6 physical rank 6 will use CUDA device of pe 4
Pe 12 physical rank 12 will use CUDA device of pe 8
Pe 15 physical rank 15 will use CUDA device of pe 8
Pe 11 physical rank 11 will use CUDA device of pe 8
Pe 10 physical rank 10 will use CUDA device of pe 8
Pe 1 physical rank 1 will use CUDA device of pe 4
Pe 4 physical rank 4 binding to CUDA device 0 on pcd31c.icmab-csic.icmab.es: 'NVIDIA RTX A4500'  Mem: 20042MB  Rev: 8.6  PCI: 0:41:0
Pe 5 physical rank 5 will use CUDA device of pe 4
Pe 7 physical rank 7 will use CUDA device of pe 4
Pe 9 physical rank 9 will use CUDA device of pe 8
Pe 8 physical rank 8 binding to CUDA device 1 on pcd31c.icmab-csic.icmab.es: 'NVIDIA RTX A4500'  Mem: 20042MB  Rev: 8.6  PCI: 0:42:0
CharmLB> Load balancing instrumentation for communication is off.
Info: NAMD 3.0.2 for Linux-x86_64-multicore-CUDA
Info: 
Info: Please visit http://www.ks.uiuc.edu/Research/namd/
Info: for updates, documentation, and support information.
Info: 
Info: Please cite Phillips et al., J. Chem. Phys. 153:044130 (2020) doi:10.1063/5.0014475
Info: in all publications reporting results obtained with NAMD.
Info: 
Info: Based on Charm++/Converse 80000 for multicore-linux-x86_64-gcc
Info: Built Wed Aug 27 15:48:11 CDT 2025 by dhardy on athine.ks.uiuc.edu
Info: 1 NAMD  3.0.2  Linux-x86_64-multicore-CUDA  16    pcd31c.icmab-csic.icmab.es  jfaraudo
Info: Running on 16 processors, 1 nodes, 1 physical nodes.
Info: CPU topology information available.
Info: Charm++/Converse parallel runtime startup completed at 0.368264 s
CkLoopLib is used in SMP with simple dynamic scheduling (converse-level notification)
Info: 0 MB of memory in use based on /proc/self/stat
Info: Configuration file is Forcez_NVT.namd
Info: Working in the current directory /home/jfaraudo/Teaching/tutorial_membrana_nanotubs_modificat/versio_2026/simulation/nonequilibrium3
TCL: Suspending until startup complete.
Warning: Option "1-4scaling" has been deprecated. Instead use "oneFourScaling".
Info: EXTENDED SYSTEM FILE   ../equilibration/MDequil.restart.xsc
Warning: The Langevin gamma parameters differ over the particles,
Warning: requiring extra work per step to constrain rigid bonds.
Info: SIMULATION PARAMETERS:
Info: TIMESTEP               2
Info: NUMBER OF STEPS        0
Info: STEPS PER CYCLE        10
Info: PERIODIC CELL BASIS 1  23 0 0
Info: PERIODIC CELL BASIS 2  0 19.919 0
Info: PERIODIC CELL BASIS 3  0 0 49.2169
Info: PERIODIC CELL CENTER   0 0 0
Info: WRAPPING WATERS AROUND PERIODIC BOUNDARIES ON OUTPUT.
Info: WRAPPING ALL CLUSTERS AROUND PERIODIC BOUNDARIES ON OUTPUT.
Info: LOAD BALANCER  Centralized
Info: LOAD BALANCING STRATEGY  New Load Balancers -- DEFAULT
Info: LDB PERIOD             2000 steps
Info: FIRST LDB TIMESTEP     50
Info: LAST LDB TIMESTEP     -1
Info: LDB BACKGROUND SCALING 1
Info: HOM BACKGROUND SCALING 1
Info: PME BACKGROUND SCALING 1
Info: MIN ATOMS PER PATCH    40
Info: EMPTY PATCH LOAD       40 ATOMS
Info: VELOCITY FILE          ../equilibration/MDequil.restart.vel
Info: CENTER OF MASS MOVING INITIALLY? NO
Info: DIELECTRIC             1
Info: EXCLUDE                SCALED ONE-FOUR
Info: 1-4 ELECTROSTATICS SCALED BY 1
Info: MODIFIED 1-4 VDW PARAMETERS WILL BE USED
Info: DCD FILENAME           MD.dcd
Info: DCD FREQUENCY          5000
Info: DCD FIRST STEP         5000
Info: DCD FILE WILL CONTAIN UNIT CELL DATA
Info: XST FILENAME           MD.xst
Info: XST FREQUENCY          5000
Info: NO VELOCITY DCD OUTPUT
Info: NO FORCE DCD OUTPUT
Info: OUTPUT FILENAME        MD
Info: BINARY OUTPUT FILES WILL BE USED
Info: RESTART FILENAME       MD.restart
Info: RESTART FREQUENCY      50000
Info: BINARY RESTART FILES WILL BE USED
Info: SWITCHING ACTIVE
Info: SWITCHING ON           10
Info: SWITCHING OFF          12
Info: PAIRLIST DISTANCE      14
Info: PAIRLIST SHRINK RATE   0.01
Info: PAIRLIST GROW RATE     0.01
Info: PAIRLIST TRIGGER       0.3
Info: PAIRLISTS PER CYCLE    2
Info: PAIRLISTS ENABLED
Info: MARGIN                 0
Info: HYDROGEN GROUP CUTOFF  2.5
Info: PATCH DIMENSION        16.5
Info: ENERGY OUTPUT STEPS    5000
Info: ENERGY EVALUATION STEPS    5000
Info: OUTPUT ENERGY PRECISION 4
Info: CROSSTERM ENERGY INCLUDED IN DIHEDRAL
Info: TIMING OUTPUT STEPS    50000
Info: PRESSURE OUTPUT STEPS  5000
Info: FIXED ATOMS ACTIVE
Info: TCL GLOBAL FORCES ACTIVE
Info: TCL GLOBAL FORCES SCRIPT INLINED IN CONFIG FILE
Info: LANGEVIN DYNAMICS ACTIVE
Info: LANGEVIN TEMPERATURE   300
Info: LANGEVIN USING BBK INTEGRATOR
Info: LANGEVIN DAMPING COEFFICIENT IS 1 INVERSE PS
Info: LANGEVIN DYNAMICS NOT APPLIED TO HYDROGENS
Info: PARTICLE MESH EWALD (PME) ACTIVE
Info: PME TOLERANCE               1e-06
Info: PME EWALD COEFFICIENT       0.257952
Info: PME INTERPOLATION ORDER     4
Info: PME GRID DIMENSIONS         24 20 54
Info: PME MAXIMUM GRID SPACING    1
Info: PME CALCULATION WILL BE PERFORMED ON GPU
Info: FULL ELECTROSTATIC EVALUATION FREQUENCY      2
Info: USING VERLET I (r-RESPA) MTS SCHEME.
Info: C1 SPLITTING OF LONG RANGE ELECTROSTATICS
Info: PLACING ATOMS IN PATCHES BY HYDROGEN GROUPS
Info: RIGID BONDS TO HYDROGEN : ALL
Info:         ERROR TOLERANCE : 1e-08
Info:          MAX ITERATIONS : 100
Info: RIGID WATER USING SETTLE ALGORITHM
Info: RANDOM NUMBER SEED     1777746204
Info: USE HYDROGEN BONDS?    NO
Info: COORDINATE PDB         ../input/system.pdb
Info: STRUCTURE FILE         ../input/system.psf
Info: PARAMETER file: CHARMM format! 
Info: PARAMETERS             ../input/par_nanotubes.inp
Info: PARAMETERS             ../input/par_water_ions.inp
Info: USING ARITHMETIC MEAN TO COMBINE L-J SIGMA PARAMETERS
Info: BINARY COORDINATES     ../equilibration/MDequil.restart.coor
Info: SUMMARY OF PARAMETERS:
Info: 4 BONDS
Info: 2 ANGLES
Info: 1 DIHEDRAL
Info: 0 IMPROPER
Info: 0 CROSSTERM
Info: 16 VDW
Info: 2 VDW_PAIRS
Info: 0 NBTHOLE_PAIRS
Info: TIME FOR READING PSF FILE: 0.00589477
Info: Reading pdb file ../input/system.pdb
Info: TIME FOR READING PDB FILE: 0.00306896
Info: 
Info: ****************************
Info: STRUCTURE SUMMARY:
Info: 2160 ATOMS
Info: 1872 BONDS
Info: 2064 ANGLES
Info: 2928 DIHEDRALS
Info: 0 IMPROPERS
Info: 0 CROSSTERMS
Info: 0 EXCLUSIONS
Info: 576 FIXED ATOMS
Info: 1584 RIGID BONDS
Info: 0 RIGID BONDS BETWEEN FIXED ATOMS
Info: 3168 DEGREES OF FREEDOM
Info: 1104 HYDROGEN GROUPS
Info: 3 ATOMS IN LARGEST HYDROGEN GROUP
Info: 1104 MIGRATION GROUPS
Info: 3 ATOMS IN LARGEST MIGRATION GROUP
Info: 576 HYDROGEN GROUPS WITH ALL ATOMS FIXED
Info: TOTAL MASS = 16430.5 amu
Info: TOTAL CHARGE = 0 e
Info: MASS DENSITY = 1.21004 g/cm^3
Info: ATOM DENSITY = 0.0957952 atoms/A^3
Info: *****************************
Info: Reading from binary file ../equilibration/MDequil.restart.coor
Info: 
Info: Entering startup at 0.402127 s, 0 MB of memory in use
Info: Startup phase 0 took 0.00499781 s, 0 MB of memory in use
Info: ADDED 6144 IMPLICIT EXCLUSIONS
Info: Startup phase 1 took 0.000929111 s, 0 MB of memory in use
Info: NONBONDED TABLE R-SQUARED SPACING: 0.0625
Info: NONBONDED TABLE SIZE: 769 POINTS
Info: INCONSISTENCY IN FAST TABLE ENERGY VS FORCE: 0.000325096 AT 11.9556
Info: INCONSISTENCY IN SCOR TABLE ENERGY VS FORCE: 0.000324844 AT 11.9556
Info: INCONSISTENCY IN VDWA TABLE ENERGY VS FORCE: 0.0040507 AT 0.251946
Info: INCONSISTENCY IN VDWB TABLE ENERGY VS FORCE: 0.00150189 AT 0.251946
Info: Startup phase 2 took 0.00308594 s, 0 MB of memory in use
Info: Startup phase 3 took 9.4665e-05 s, 0 MB of memory in use
Info: Startup phase 4 took 0.000114733 s, 0 MB of memory in use
Info: Startup phase 5 took 9.5416e-05 s, 0 MB of memory in use
Info: REDUCING NUMBER OF PATCHES TO IMPROVE LOAD BALANCE
Info: PATCH GRID IS 2 (PERIODIC) BY 2 (PERIODIC) BY 4 (PERIODIC)
Info: PATCH GRID IS 2-AWAY BY 2-AWAY BY 2-AWAY
Info: Reading from binary file ../equilibration/MDequil.restart.vel
Info: REMOVING COM VELOCITY 0.0869811 0.0846564 -0.120092
Info: LARGEST PATCH (13) HAS 162 ATOMS
Info: TORUS A SIZE 1 USING 0
Info: TORUS B SIZE 1 USING 0
Info: TORUS C SIZE 1 USING 0
Info: TORUS MINIMAL MESH SIZE IS 1 BY 1 BY 1
Info: Placed 100% of base nodes on same physical node as patch
Info: Startup phase 6 took 0.00108359 s, 0 MB of memory in use
Info: Use 3D box decompostion in PME FFT.
Info: PME using 1 x 1 x 1 pencil grid for FFT and reciprocal sum.
Info: Startup phase 7 took 0.000191755 s, 0 MB of memory in use
Info: Updated CUDA force table with 4096 elements.
Info: Updated CUDA LJ table with 16 x 16 elements.
Info: Updated CUDA force table with 4096 elements.
Info: Updated CUDA LJ table with 16 x 16 elements.
Info: Startup phase 8 took 0.00276996 s, 0 MB of memory in use
Info: Startup phase 9 took 0.000103512 s, 0 MB of memory in use
Info: Startup phase 10 took 7.9548e-05 s, 0 MB of memory in use
Info: Startup phase 11 took 0.000304103 s, 0 MB of memory in use
LDB: Central LB being created...
Info: Startup phase 12 took 0.00386728 s, 0 MB of memory in use
Info: CREATING 1264 COMPUTE OBJECTS
Info: Found 4 unique exclusion lists needing 4 bytes
Info: Found 4 unique exclusion lists needing 4 bytes
Info: useSync: 0 useProxySync: 0
Info: Startup phase 13 took 0.0193897 s, 0 MB of memory in use
Info: Startup phase 14 took 0.000112268 s, 0 MB of memory in use
Info: Startup phase 15 took 9.6309e-05 s, 0 MB of memory in use
Info: Finished startup at 0.439442 s, 0 MB of memory in use

TCL: Running for 500000 steps
PRESSURE: 0 -491.892 335.617 193.625 184.572 -897.265 -65.3047 76.5074 26.5333 109.635
GPRESSURE: 0 -623.794 299.075 217.939 263.914 -792.503 -39.8046 -78.2085 -71.4804 180.758
ETITLE:      TS           BOND          ANGLE          DIHED          IMPRP               ELECT            VDW       BOUNDARY           MISC        KINETIC               TOTAL           TEMP      POTENTIAL         TOTAL3        TEMPAVG            PRESSURE      GPRESSURE         VOLUME       PRESSAVG      GPRESSAVG

ENERGY:       0         0.0000         0.0000         0.0000         0.0000          -5640.6502       400.2064         0.0000         0.0000       915.3194          -4325.1244       290.7889     -5240.4438     -4323.2140       290.7889           -426.5073      -411.8465     22548.0941      -426.5073      -411.8465

OPENING EXTENDED SYSTEM TRAJECTORY FILE
LDB: ============= START OF LOAD BALANCING ============== 0.480313
LDB: ============== END OF LOAD BALANCING =============== 0.480375
Info: useSync: 0 useProxySync: 0
LDB: =============== DONE WITH MIGRATION ================ 0.480461
LDB: ============= START OF LOAD BALANCING ============== 0.613918
LDB: Partitioning computes with target load 0.000000
LDB: Increased migratable compute count from 0 to 0
LDB: Largest unpartitionable compute is 0.000000
LDB: ============== END OF LOAD BALANCING =============== 0.614103
Info: useSync: 0 useProxySync: 0
LDB: =============== DONE WITH MIGRATION ================ 0.614558
Info: Initial time: 16 CPUs 0.00339725 s/step 0.01966 days/ns 0 MB memory
LDB: ============= START OF LOAD BALANCING ============== 0.646776
LDB: ============== END OF LOAD BALANCING =============== 0.646838
Info: useSync: 0 useProxySync: 0
LDB: =============== DONE WITH MIGRATION ================ 0.646914
LDB: ============= START OF LOAD BALANCING ============== 0.788538
LDB: TIME 0.788664 LOAD: AVG 0.0111046 MAX 0.118852  PROXIES: TOTAL 112 MAXPE 7 MAXPATCH 7 None MEM: 0 MB
LDB: TIME 0.788706 LOAD: AVG 0.0111046 MAX 0.118852  PROXIES: TOTAL 112 MAXPE 7 MAXPATCH 7 TorusLB MEM: 0 MB
LDB: Reverting to original mapping
LDB: ============== END OF LOAD BALANCING =============== 0.7888
Info: useSync: 0 useProxySync: 0
LDB: =============== DONE WITH MIGRATION ================ 0.789197
Info: Initial time: 16 CPUs 0.00348191 s/step 0.02015 days/ns 0 MB memory
LDB: ============= START OF LOAD BALANCING ============== 0.952709
LDB: TIME 0.952823 LOAD: AVG 0.0138154 MAX 0.148804  PROXIES: TOTAL 112 MAXPE 7 MAXPATCH 7 None MEM: 0 MB
LDB: TIME 0.952859 LOAD: AVG 0.0138154 MAX 0.148804  PROXIES: TOTAL 112 MAXPE 7 MAXPATCH 7 RefineTorusLB MEM: 0 MB
LDB: TIME 0.952885 LOAD: AVG 0.0138154 MAX 0.148804  PROXIES: TOTAL 112 MAXPE 7 MAXPATCH 7 RefineTorusLB MEM: 0 MB
LDB: Reverting to original mapping
LDB: ============== END OF LOAD BALANCING =============== 0.95297
Info: useSync: 0 useProxySync: 0
LDB: =============== DONE WITH MIGRATION ================ 0.953366
Info: Initial time: 16 CPUs 0.00320743 s/step 0.0185615 days/ns 0 MB memory
LDB: ============= START OF LOAD BALANCING ============== 1.11692
LDB: TIME 1.11702 LOAD: AVG 0.0137315 MAX 0.148368  PROXIES: TOTAL 112 MAXPE 7 MAXPATCH 7 None MEM: 0 MB
LDB: TIME 1.11706 LOAD: AVG 0.0137315 MAX 0.148368  PROXIES: TOTAL 112 MAXPE 7 MAXPATCH 7 RefineTorusLB MEM: 0 MB
LDB: TIME 1.11708 LOAD: AVG 0.0137315 MAX 0.148368  PROXIES: TOTAL 112 MAXPE 7 MAXPATCH 7 RefineTorusLB MEM: 0 MB
LDB: Reverting to original mapping
LDB: ============== END OF LOAD BALANCING =============== 1.11718
Info: useSync: 0 useProxySync: 0
LDB: =============== DONE WITH MIGRATION ================ 1.11757
Info: Benchmark time: 16 CPUs 0.00327482 s/step 0.0189515 days/ns 0 MB memory
Info: Benchmark time: 16 CPUs 0.00326348 s/step 0.0188859 days/ns 0 MB memory
Info: Benchmark time: 16 CPUs 0.0034038 s/step 0.0196979 days/ns 0 MB memory
Info: Benchmark time: 16 CPUs 0.00328307 s/step 0.0189993 days/ns 0 MB memory
Info: Benchmark time: 16 CPUs 0.00355212 s/step 0.0205563 days/ns 0 MB memory
Info: Benchmark time: 16 CPUs 0.00433086 s/step 0.0250628 days/ns 0 MB memory
LDB: ============= START OF LOAD BALANCING ============== 9.19651
LDB: ============== END OF LOAD BALANCING =============== 9.19658
Info: useSync: 0 useProxySync: 0
LDB: =============== DONE WITH MIGRATION ================ 9.1967
LDB: ============= START OF LOAD BALANCING ============== 9.42469
LDB: TIME 9.42481 LOAD: AVG 0.0139547 MAX 0.146583  PROXIES: TOTAL 112 MAXPE 7 MAXPATCH 7 None MEM: 0 MB
LDB: TIME 9.42486 LOAD: AVG 0.0139547 MAX 0.146583  PROXIES: TOTAL 112 MAXPE 7 MAXPATCH 7 RefineTorusLB MEM: 0 MB
LDB: TIME 9.42489 LOAD: AVG 0.0139547 MAX 0.146583  PROXIES: TOTAL 112 MAXPE 7 MAXPATCH 7 RefineTorusLB MEM: 0 MB
LDB: ============== END OF LOAD BALANCING =============== 9.42497
Info: useSync: 0 useProxySync: 0
LDB: =============== DONE WITH MIGRATION ================ 9.42538
LDB: ============= START OF LOAD BALANCING ============== 17.6223
LDB: ============== END OF LOAD BALANCING =============== 17.6224
Info: useSync: 0 useProxySync: 0
LDB: =============== DONE WITH MIGRATION ================ 17.6225
LDB: ============= START OF LOAD BALANCING ============== 17.808
LDB: TIME 17.8082 LOAD: AVG 0.0150064 MAX 0.169897  PROXIES: TOTAL 112 MAXPE 7 MAXPATCH 7 None MEM: 0 MB
LDB: TIME 17.8082 LOAD: AVG 0.0150064 MAX 0.169897  PROXIES: TOTAL 112 MAXPE 7 MAXPATCH 7 RefineTorusLB MEM: 0 MB
LDB: TIME 17.8083 LOAD: AVG 0.0150064 MAX 0.169897  PROXIES: TOTAL 112 MAXPE 7 MAXPATCH 7 RefineTorusLB MEM: 0 MB
LDB: ============== END OF LOAD BALANCING =============== 17.8083
Info: useSync: 0 useProxySync: 0
LDB: =============== DONE WITH MIGRATION ================ 17.8087
PRESSURE: 5000 293.241 -73.7646 -24.2088 -88.4038 470.353 -56.0211 149.855 -237.418 -645.957
GPRESSURE: 5000 208.658 41.287 -200.645 486.668 428.377 -19.8941 293.007 -401.415 -529.822
PRESSAVG: 5000 -228.478 -29.5013 -28.8353 -37.4713 -287.511 4.98364 -77.2838 44.2232 96.5661
GPRESSAVG: 5000 -228.607 -29.2167 -29.4221 -37.5758 -287.564 4.62249 -77.0733 44.5278 96.6009
ENERGY:    5000         0.0000         0.0000         0.0000         0.0000          -5634.4175       421.6788         0.0000         0.0000       974.2109          -4238.5278       309.4983     -5212.7388     -4236.6482       298.5684             39.2124        35.7377     22548.0941      -139.8077      -139.8566

OPENING COORDINATE DCD FILE
WRITING COORDINATES TO DCD FILE MD.dcd AT STEP 5000
The last position output (seq=5000) takes 0.001 seconds, 0.000 MB of memory in use
LDB: ============= START OF LOAD BALANCING ============== 25.9254
LDB: ============== END OF LOAD BALANCING =============== 25.9255
Info: useSync: 0 useProxySync: 0
LDB: =============== DONE WITH MIGRATION ================ 25.9256
LDB: ============= START OF LOAD BALANCING ============== 26.1275
LDB: TIME 26.1277 LOAD: AVG 0.0151496 MAX 0.171813  PROXIES: TOTAL 112 MAXPE 7 MAXPATCH 7 None MEM: 0 MB
LDB: TIME 26.1277 LOAD: AVG 0.0151496 MAX 0.171813  PROXIES: TOTAL 112 MAXPE 7 MAXPATCH 7 RefineTorusLB MEM: 0 MB
LDB: TIME 26.1278 LOAD: AVG 0.0151496 MAX 0.171813  PROXIES: TOTAL 112 MAXPE 7 MAXPATCH 7 RefineTorusLB MEM: 0 MB
LDB: ============== END OF LOAD BALANCING =============== 26.1279
Info: useSync: 0 useProxySync: 0
LDB: =============== DONE WITH MIGRATION ================ 26.1282
LDB: ============= START OF LOAD BALANCING ============== 33.8931
LDB: ============== END OF LOAD BALANCING =============== 33.8932
Info: useSync: 0 useProxySync: 0
LDB: =============== DONE WITH MIGRATION ================ 33.8933
LDB: ============= START OF LOAD BALANCING ============== 34.0784
LDB: TIME 34.0786 LOAD: AVG 0.0151099 MAX 0.170833  PROXIES: TOTAL 112 MAXPE 7 MAXPATCH 7 None MEM: 0 MB
LDB: TIME 34.0786 LOAD: AVG 0.0151099 MAX 0.170833  PROXIES: TOTAL 112 MAXPE 7 MAXPATCH 7 RefineTorusLB MEM: 0 MB
LDB: TIME 34.0786 LOAD: AVG 0.0151099 MAX 0.170833  PROXIES: TOTAL 112 MAXPE 7 MAXPATCH 7 RefineTorusLB MEM: 0 MB
LDB: ============== END OF LOAD BALANCING =============== 34.0787
Info: useSync: 0 useProxySync: 0
LDB: =============== DONE WITH MIGRATION ================ 34.0792
WRITING COORDINATES TO DCD FILE MD.dcd AT STEP 10000
The last position output (seq=10000) takes 0.000 seconds, 0.000 MB of memory in use
PRESSURE: 10000 -144.283 -566.743 -802.694 -107.361 126.129 -46.4949 3.16434 215.982 492.06
GPRESSURE: 10000 -196.804 -267.89 -910.967 76.1903 144.014 81.9475 -33.3301 255.745 550.601
PRESSAVG: 10000 -178.835 -1.99164 -6.80853 -49.6603 -183.474 92.3094 -84.3271 33.3569 176.451
GPRESSAVG: 10000 -178.744 -2.30919 -6.8907 -49.387 -183.456 92.5846 -84.1274 33.2368 176.556
ENERGY:   10000         0.0000         0.0000         0.0000         0.0000          -5686.4650       440.3796         0.0000         0.0000       939.6217          -4306.4638       298.5096     -5246.0855     -4304.3295       302.2150            157.9684       165.9371     22548.0941       -61.9527       -61.8813

LDB: ============= START OF LOAD BALANCING ============== 41.9923
LDB: ============== END OF LOAD BALANCING =============== 41.9924
Info: useSync: 0 useProxySync: 0
LDB: =============== DONE WITH MIGRATION ================ 41.9925
LDB: ============= START OF LOAD BALANCING ============== 42.2451
LDB: TIME 42.2453 LOAD: AVG 0.0156369 MAX 0.149266  PROXIES: TOTAL 112 MAXPE 7 MAXPATCH 7 None MEM: 0 MB
LDB: TIME 42.2453 LOAD: AVG 0.0156369 MAX 0.149266  PROXIES: TOTAL 112 MAXPE 7 MAXPATCH 7 RefineTorusLB MEM: 0 MB
LDB: TIME 42.2453 LOAD: AVG 0.0156369 MAX 0.149266  PROXIES: TOTAL 112 MAXPE 7 MAXPATCH 7 RefineTorusLB MEM: 0 MB
LDB: Reverting to original mapping
LDB: ============== END OF LOAD BALANCING =============== 42.2454
Info: useSync: 0 useProxySync: 0
LDB: =============== DONE WITH MIGRATION ================ 42.2464
LDB: ============= START OF LOAD BALANCING ============== 51.2661
LDB: ============== END OF LOAD BALANCING =============== 51.2662
Info: useSync: 0 useProxySync: 0
LDB: =============== DONE WITH MIGRATION ================ 51.2663
LDB: ============= START OF LOAD BALANCING ============== 51.6211
LDB: TIME 51.6213 LOAD: AVG 0.0171163 MAX 0.18018  PROXIES: TOTAL 112 MAXPE 7 MAXPATCH 7 None MEM: 0 MB
LDB: TIME 51.6213 LOAD: AVG 0.0171163 MAX 0.18018  PROXIES: TOTAL 112 MAXPE 7 MAXPATCH 7 RefineTorusLB MEM: 0 MB
LDB: TIME 51.6214 LOAD: AVG 0.0171163 MAX 0.18018  PROXIES: TOTAL 112 MAXPE 7 MAXPATCH 7 RefineTorusLB MEM: 0 MB
LDB: ============== END OF LOAD BALANCING =============== 51.6214
Info: useSync: 0 useProxySync: 0
LDB: =============== DONE WITH MIGRATION ================ 51.6218
LDB: ============= START OF LOAD BALANCING ============== 58.9251
LDB: ============== END OF LOAD BALANCING =============== 58.9281
Info: useSync: 0 useProxySync: 0
LDB: =============== DONE WITH MIGRATION ================ 58.9401
LDB: ============= START OF LOAD BALANCING ============== 59.1731
LDB: TIME 59.1733 LOAD: AVG 0.0146467 MAX 0.153817  PROXIES: TOTAL 112 MAXPE 7 MAXPATCH 7 None MEM: 0 MB
LDB: TIME 59.1733 LOAD: AVG 0.0146467 MAX 0.153817  PROXIES: TOTAL 112 MAXPE 7 MAXPATCH 7 RefineTorusLB MEM: 0 MB
LDB: TIME 59.1733 LOAD: AVG 0.0146467 MAX 0.153817  PROXIES: TOTAL 112 MAXPE 7 MAXPATCH 7 RefineTorusLB MEM: 0 MB
LDB: Reverting to original mapping
LDB: ============== END OF LOAD BALANCING =============== 59.1734
Info: useSync: 0 useProxySync: 0
LDB: =============== DONE WITH MIGRATION ================ 59.1738
WRITING COORDINATES TO DCD FILE MD.dcd AT STEP 15000
The last position output (seq=15000) takes 0.000 seconds, 0.000 MB of memory in use
PRESSURE: 15000 -766.948 319.98 61.928 317.057 -337.623 126.557 123.246 19.3183 544.145
GPRESSURE: 15000 -764.738 527.874 85.9591 -17.404 -283.847 333.539 52.2322 -387.834 570.973
PRESSAVG: 15000 -236.737 -12.8526 62.1994 -16.6868 -148.565 0.155326 15.9848 46.9229 224.883
GPRESSAVG: 15000 -236.712 -12.1659 62.5647 -17.3766 -148.224 -0.19342 16.2326 47.222 224.525
ENERGY:   15000         0.0000         0.0000         0.0000         0.0000          -5609.1642       382.2935         0.0000         0.0000       945.2018          -4281.6689       300.2823     -5226.8707     -4280.5681       298.6688           -186.8088      -159.2039     22548.0941       -53.4731       -53.4703

LDB: ============= START OF LOAD BALANCING ============== 65.9366
LDB: ============== END OF LOAD BALANCING =============== 65.9367
Info: useSync: 0 useProxySync: 0
LDB: =============== DONE WITH MIGRATION ================ 65.9368
LDB: ============= START OF LOAD BALANCING ============== 66.0976
LDB: TIME 66.0977 LOAD: AVG 0.0134791 MAX 0.14649  PROXIES: TOTAL 112 MAXPE 7 MAXPATCH 7 None MEM: 0 MB
LDB: TIME 66.0978 LOAD: AVG 0.0134791 MAX 0.14649  PROXIES: TOTAL 112 MAXPE 7 MAXPATCH 7 RefineTorusLB MEM: 0 MB
LDB: TIME 66.0978 LOAD: AVG 0.0134791 MAX 0.14649  PROXIES: TOTAL 112 MAXPE 7 MAXPATCH 7 RefineTorusLB MEM: 0 MB
LDB: ============== END OF LOAD BALANCING =============== 66.0979
Info: useSync: 0 useProxySync: 0
LDB: =============== DONE WITH MIGRATION ================ 66.0983
LDB: ============= START OF LOAD BALANCING ============== 74.5551
LDB: ============== END OF LOAD BALANCING =============== 74.5552
Info: useSync: 0 useProxySync: 0
LDB: =============== DONE WITH MIGRATION ================ 74.5553
LDB: ============= START OF LOAD BALANCING ============== 74.7147
LDB: TIME 74.7148 LOAD: AVG 0.0133516 MAX 0.145403  PROXIES: TOTAL 112 MAXPE 7 MAXPATCH 7 None MEM: 0 MB
LDB: TIME 74.7149 LOAD: AVG 0.0133516 MAX 0.145403  PROXIES: TOTAL 112 MAXPE 7 MAXPATCH 7 RefineTorusLB MEM: 0 MB
LDB: TIME 74.7149 LOAD: AVG 0.0133516 MAX 0.145403  PROXIES: TOTAL 112 MAXPE 7 MAXPATCH 7 RefineTorusLB MEM: 0 MB
LDB: ============== END OF LOAD BALANCING =============== 74.715
Info: useSync: 0 useProxySync: 0
LDB: =============== DONE WITH MIGRATION ================ 74.7154
WRITING COORDINATES TO DCD FILE MD.dcd AT STEP 20000
The last position output (seq=20000) takes 0.000 seconds, 0.000 MB of memory in use
PRESSURE: 20000 455.741 -114.402 -115.563 -437.049 715.584 255.932 -314.255 226.611 -6.58405
GPRESSURE: 20000 555.117 8.16477 -93.967 -200.192 705.348 95.5813 -266.582 372.991 -81.7358
PRESSAVG: 20000 -279.199 -16.9412 -9.06733 4.5764 -118.131 -7.28351 -0.810301 9.62856 75.6619
GPRESSAVG: 20000 -278.872 -17.6589 -8.96421 4.96665 -117.953 -7.51344 -1.22885 9.71812 75.8599
ENERGY:   20000         0.0000         0.0000         0.0000         0.0000          -5637.7490       423.2870         0.0000         0.0000       895.4169          -4319.0451       284.4661     -5214.4620     -4317.4341       294.9144            388.2472       392.9096     22548.0941      -107.2227      -106.9883

LDB: ============= START OF LOAD BALANCING ============== 81.981
LDB: ============== END OF LOAD BALANCING =============== 81.981
Info: useSync: 0 useProxySync: 0
LDB: =============== DONE WITH MIGRATION ================ 81.9812
LDB: ============= START OF LOAD BALANCING ============== 82.141
LDB: TIME 82.1412 LOAD: AVG 0.0133311 MAX 0.14592  PROXIES: TOTAL 112 MAXPE 7 MAXPATCH 7 None MEM: 0 MB
LDB: TIME 82.1412 LOAD: AVG 0.0133311 MAX 0.14592  PROXIES: TOTAL 112 MAXPE 7 MAXPATCH 7 RefineTorusLB MEM: 0 MB
LDB: TIME 82.1412 LOAD: AVG 0.0133311 MAX 0.14592  PROXIES: TOTAL 112 MAXPE 7 MAXPATCH 7 RefineTorusLB MEM: 0 MB
LDB: Reverting to original mapping
LDB: ============== END OF LOAD BALANCING =============== 82.1413
Info: useSync: 0 useProxySync: 0
LDB: =============== DONE WITH MIGRATION ================ 82.1417
LDB: ============= START OF LOAD BALANCING ============== 89.7013
LDB: ============== END OF LOAD BALANCING =============== 89.7021
Info: useSync: 0 useProxySync: 0
LDB: =============== DONE WITH MIGRATION ================ 89.7022
LDB: ============= START OF LOAD BALANCING ============== 89.9521
LDB: TIME 89.9641 LOAD: AVG 0.0161526 MAX 0.178284  PROXIES: TOTAL 112 MAXPE 7 MAXPATCH 7 None MEM: 0 MB
LDB: TIME 89.9642 LOAD: AVG 0.0161526 MAX 0.178284  PROXIES: TOTAL 112 MAXPE 7 MAXPATCH 7 RefineTorusLB MEM: 0 MB
LDB: TIME 89.9642 LOAD: AVG 0.0161526 MAX 0.178284  PROXIES: TOTAL 112 MAXPE 7 MAXPATCH 7 RefineTorusLB MEM: 0 MB
LDB: ============== END OF LOAD BALANCING =============== 89.9761
Info: useSync: 0 useProxySync: 0
LDB: =============== DONE WITH MIGRATION ================ 90.0561
LDB: ============= START OF LOAD BALANCING ============== 98.8291
LDB: ============== END OF LOAD BALANCING =============== 98.8292
Info: useSync: 0 useProxySync: 0
LDB: =============== DONE WITH MIGRATION ================ 98.8293
LDB: ============= START OF LOAD BALANCING ============== 99.0149
LDB: TIME 99.0151 LOAD: AVG 0.0150573 MAX 0.1703  PROXIES: TOTAL 112 MAXPE 7 MAXPATCH 7 None MEM: 0 MB
LDB: TIME 99.0151 LOAD: AVG 0.0150573 MAX 0.1703  PROXIES: TOTAL 112 MAXPE 7 MAXPATCH 7 RefineTorusLB MEM: 0 MB
LDB: TIME 99.0152 LOAD: AVG 0.0150573 MAX 0.1703  PROXIES: TOTAL 112 MAXPE 7 MAXPATCH 7 RefineTorusLB MEM: 0 MB
LDB: Reverting to original mapping
LDB: ============== END OF LOAD BALANCING =============== 99.0152
Info: useSync: 0 useProxySync: 0
LDB: =============== DONE WITH MIGRATION ================ 99.0157
WRITING COORDINATES TO DCD FILE MD.dcd AT STEP 25000
The last position output (seq=25000) takes 0.000 seconds, 0.000 MB of memory in use
PRESSURE: 25000 -98.333 434.169 172.244 392.3 -138.831 -515.188 359.514 56.489 672.862
GPRESSURE: 25000 -274.457 297.921 -258.906 294.907 114.58 -559.321 695.183 131.148 640.193
PRESSAVG: 25000 -240.534 -6.28746 19.3463 7.6867 -307.382 -28.0054 128.135 -7.96659 176.404
GPRESSAVG: 25000 -240.469 -6.47805 18.9513 7.95311 -307.294 -27.9579 128.376 -7.91339 176.825
ENERGY:   25000         0.0000         0.0000         0.0000         0.0000          -5649.8261       413.9383         0.0000         0.0000       953.0601          -4282.8277       302.7788     -5235.8878     -4281.3881       295.2688            145.2324       160.1055     22548.0941      -123.8372      -123.6459

LDB: ============= START OF LOAD BALANCING ============== 106.799
LDB: ============== END OF LOAD BALANCING =============== 106.799
Info: useSync: 0 useProxySync: 0
LDB: =============== DONE WITH MIGRATION ================ 106.799
LDB: ============= START OF LOAD BALANCING ============== 106.975
LDB: TIME 106.975 LOAD: AVG 0.0137927 MAX 0.146103  PROXIES: TOTAL 112 MAXPE 7 MAXPATCH 7 None MEM: 0 MB
LDB: TIME 106.975 LOAD: AVG 0.0137927 MAX 0.146103  PROXIES: TOTAL 112 MAXPE 7 MAXPATCH 7 RefineTorusLB MEM: 0 MB
LDB: TIME 106.975 LOAD: AVG 0.0137927 MAX 0.146103  PROXIES: TOTAL 112 MAXPE 7 MAXPATCH 7 RefineTorusLB MEM: 0 MB
LDB: Reverting to original mapping
LDB: ============== END OF LOAD BALANCING =============== 106.976
Info: useSync: 0 useProxySync: 0
LDB: =============== DONE WITH MIGRATION ================ 106.976
LDB: ============= START OF LOAD BALANCING ============== 115.006
LDB: ============== END OF LOAD BALANCING =============== 115.006
Info: useSync: 0 useProxySync: 0
LDB: =============== DONE WITH MIGRATION ================ 115.006
LDB: ============= START OF LOAD BALANCING ============== 115.166
LDB: TIME 115.166 LOAD: AVG 0.0135025 MAX 0.145512  PROXIES: TOTAL 112 MAXPE 7 MAXPATCH 7 None MEM: 0 MB
LDB: TIME 115.166 LOAD: AVG 0.0135025 MAX 0.145512  PROXIES: TOTAL 112 MAXPE 7 MAXPATCH 7 RefineTorusLB MEM: 0 MB
LDB: TIME 115.166 LOAD: AVG 0.0135025 MAX 0.145512  PROXIES: TOTAL 112 MAXPE 7 MAXPATCH 7 RefineTorusLB MEM: 0 MB
LDB: ============== END OF LOAD BALANCING =============== 115.166
Info: useSync: 0 useProxySync: 0
LDB: =============== DONE WITH MIGRATION ================ 115.167
WRITING COORDINATES TO DCD FILE MD.dcd AT STEP 30000
The last position output (seq=30000) takes 0.000 seconds, 0.000 MB of memory in use
PRESSURE: 30000 -761.934 153.522 -151.096 48.0812 -1237.4 126.508 14.1155 308.744 613.548
GPRESSURE: 30000 -723.447 255.389 -543.173 116.759 -1166.39 322.311 582.159 59.1009 577.167
PRESSAVG: 30000 -152.785 -15.6161 -19.1741 -23.0237 -211.669 35.9745 -53.3172 16.5483 197.975
GPRESSAVG: 30000 -153.24 -15.3541 -18.8773 -23.5209 -211.726 35.5243 -53.669 16.4594 198.038
ENERGY:   30000         0.0000         0.0000         0.0000         0.0000          -5575.5387       361.1657         0.0000         0.0000       967.8365          -4246.5365       307.4732     -5214.3730     -4244.0048       301.7378           -461.9276      -437.5567     22548.0941       -55.4933       -55.6425

LDB: ============= START OF LOAD BALANCING ============== 123.68
LDB: ============== END OF LOAD BALANCING =============== 123.68
Info: useSync: 0 useProxySync: 0
LDB: =============== DONE WITH MIGRATION ================ 123.68
LDB: ============= START OF LOAD BALANCING ============== 123.866
LDB: TIME 123.866 LOAD: AVG 0.015102 MAX 0.170023  PROXIES: TOTAL 112 MAXPE 7 MAXPATCH 7 None MEM: 0 MB
LDB: TIME 123.866 LOAD: AVG 0.015102 MAX 0.170023  PROXIES: TOTAL 112 MAXPE 7 MAXPATCH 7 RefineTorusLB MEM: 0 MB
LDB: TIME 123.866 LOAD: AVG 0.015102 MAX 0.170023  PROXIES: TOTAL 112 MAXPE 7 MAXPATCH 7 RefineTorusLB MEM: 0 MB
LDB: Reverting to original mapping
LDB: ============== END OF LOAD BALANCING =============== 123.866
Info: useSync: 0 useProxySync: 0
LDB: =============== DONE WITH MIGRATION ================ 123.867
LDB: ============= START OF LOAD BALANCING ============== 131.937
LDB: ============== END OF LOAD BALANCING =============== 131.943
Info: useSync: 0 useProxySync: 0
LDB: =============== DONE WITH MIGRATION ================ 131.961
LDB: ============= START OF LOAD BALANCING ============== 132.251
LDB: TIME 132.251 LOAD: AVG 0.0153667 MAX 0.145065  PROXIES: TOTAL 112 MAXPE 7 MAXPATCH 7 None MEM: 0 MB
LDB: TIME 132.251 LOAD: AVG 0.0153667 MAX 0.145065  PROXIES: TOTAL 112 MAXPE 7 MAXPATCH 7 RefineTorusLB MEM: 0 MB
LDB: TIME 132.251 LOAD: AVG 0.0153667 MAX 0.145065  PROXIES: TOTAL 112 MAXPE 7 MAXPATCH 7 RefineTorusLB MEM: 0 MB
LDB: ============== END OF LOAD BALANCING =============== 132.251
Info: useSync: 0 useProxySync: 0
LDB: =============== DONE WITH MIGRATION ================ 132.252
LDB: ============= START OF LOAD BALANCING ============== 139.708
LDB: ============== END OF LOAD BALANCING =============== 139.708
Info: useSync: 0 useProxySync: 0
LDB: =============== DONE WITH MIGRATION ================ 139.708
LDB: ============= START OF LOAD BALANCING ============== 139.872
LDB: TIME 139.872 LOAD: AVG 0.0134733 MAX 0.147142  PROXIES: TOTAL 112 MAXPE 7 MAXPATCH 7 None MEM: 0 MB
LDB: TIME 139.872 LOAD: AVG 0.0134733 MAX 0.147142  PROXIES: TOTAL 112 MAXPE 7 MAXPATCH 7 RefineTorusLB MEM: 0 MB
LDB: TIME 139.872 LOAD: AVG 0.0134733 MAX 0.147142  PROXIES: TOTAL 112 MAXPE 7 MAXPATCH 7 RefineTorusLB MEM: 0 MB
LDB: Reverting to original mapping
LDB: ============== END OF LOAD BALANCING =============== 139.872
Info: useSync: 0 useProxySync: 0
LDB: =============== DONE WITH MIGRATION ================ 139.873
WRITING COORDINATES TO DCD FILE MD.dcd AT STEP 35000
The last position output (seq=35000) takes 0.000 seconds, 0.000 MB of memory in use
PRESSURE: 35000 -836.706 212.887 288.108 513.271 -423.322 -290.618 416.134 -211.207 -35.5019
GPRESSURE: 35000 -880.278 78.669 233.929 481.359 -337.652 -285.082 150.529 -362.72 15.1133
PRESSAVG: 35000 -253.025 7.023 47.0759 13.546 -141.841 -15.1769 64.5012 82.146 277.595
GPRESSAVG: 35000 -253.18 6.52081 46.6867 14.0712 -141.788 -15.4117 63.9383 82.3215 277.608
ENERGY:   35000         0.0000         0.0000         0.0000         0.0000          -5529.7116       349.5643         0.0000         0.0000       935.8186          -4244.3288       297.3013     -5180.1474     -4243.6089       303.1194           -431.8434      -400.9391     22548.0941       -39.0901       -39.1199

LDB: ============= START OF LOAD BALANCING ============== 147.586
LDB: ============== END OF LOAD BALANCING =============== 147.586
Info: useSync: 0 useProxySync: 0
LDB: =============== DONE WITH MIGRATION ================ 147.586
LDB: ============= START OF LOAD BALANCING ============== 147.77
LDB: TIME 147.77 LOAD: AVG 0.0150045 MAX 0.170539  PROXIES: TOTAL 112 MAXPE 7 MAXPATCH 7 None MEM: 0 MB
LDB: TIME 147.77 LOAD: AVG 0.0150045 MAX 0.170539  PROXIES: TOTAL 112 MAXPE 7 MAXPATCH 7 RefineTorusLB MEM: 0 MB
LDB: TIME 147.771 LOAD: AVG 0.0150045 MAX 0.170539  PROXIES: TOTAL 112 MAXPE 7 MAXPATCH 7 RefineTorusLB MEM: 0 MB
LDB: Reverting to original mapping
LDB: ============== END OF LOAD BALANCING =============== 147.771
Info: useSync: 0 useProxySync: 0
LDB: =============== DONE WITH MIGRATION ================ 147.771
LDB: ============= START OF LOAD BALANCING ============== 155.417
LDB: ============== END OF LOAD BALANCING =============== 155.417
Info: useSync: 0 useProxySync: 0
LDB: =============== DONE WITH MIGRATION ================ 155.417
LDB: ============= START OF LOAD BALANCING ============== 155.578
LDB: TIME 155.578 LOAD: AVG 0.0135014 MAX 0.146779  PROXIES: TOTAL 112 MAXPE 7 MAXPATCH 7 None MEM: 0 MB
LDB: TIME 155.578 LOAD: AVG 0.0135014 MAX 0.146779  PROXIES: TOTAL 112 MAXPE 7 MAXPATCH 7 RefineTorusLB MEM: 0 MB
LDB: TIME 155.578 LOAD: AVG 0.0135014 MAX 0.146779  PROXIES: TOTAL 112 MAXPE 7 MAXPATCH 7 RefineTorusLB MEM: 0 MB
LDB: ============== END OF LOAD BALANCING =============== 155.578
Info: useSync: 0 useProxySync: 0
LDB: =============== DONE WITH MIGRATION ================ 155.579
WRITING COORDINATES TO DCD FILE MD.dcd AT STEP 40000
The last position output (seq=40000) takes 0.000 seconds, 0.000 MB of memory in use
PRESSURE: 40000 -698.561 254.602 86.0063 76.6866 -576.832 197.308 -202.046 268.916 80.5876
GPRESSURE: 40000 -840.461 406.975 308.775 125.351 -576.21 117.902 -526.75 437.669 261.063
PRESSAVG: 40000 -166.163 -70.3099 -42.8995 -33.3726 -125.497 73.0618 -9.38845 24.4054 209.407
GPRESSAVG: 40000 -166.34 -70.2082 -43.0986 -33.4211 -125.435 73.0313 -9.47095 24.2166 209.92
ENERGY:   40000         0.0000         0.0000         0.0000         0.0000          -5587.6576       369.1713         0.0000         0.0000       963.1286          -4255.3577       305.9775     -5218.4863     -4253.7892       304.8529           -398.2686      -385.2024     22548.0941       -27.4177       -27.2850

LDB: ============= START OF LOAD BALANCING ============== 164.319
LDB: ============== END OF LOAD BALANCING =============== 164.319
Info: useSync: 0 useProxySync: 0
LDB: =============== DONE WITH MIGRATION ================ 164.319
LDB: ============= START OF LOAD BALANCING ============== 164.507
LDB: TIME 164.508 LOAD: AVG 0.0142119 MAX 0.146262  PROXIES: TOTAL 112 MAXPE 7 MAXPATCH 7 None MEM: 0 MB
LDB: TIME 164.508 LOAD: AVG 0.0142119 MAX 0.146262  PROXIES: TOTAL 112 MAXPE 7 MAXPATCH 7 RefineTorusLB MEM: 0 MB
LDB: TIME 164.508 LOAD: AVG 0.0142119 MAX 0.146262  PROXIES: TOTAL 112 MAXPE 7 MAXPATCH 7 RefineTorusLB MEM: 0 MB
LDB: Reverting to original mapping
LDB: ============== END OF LOAD BALANCING =============== 164.508
Info: useSync: 0 useProxySync: 0
LDB: =============== DONE WITH MIGRATION ================ 164.509
LDB: ============= START OF LOAD BALANCING ============== 171.252
LDB: ============== END OF LOAD BALANCING =============== 171.252
Info: useSync: 0 useProxySync: 0
LDB: =============== DONE WITH MIGRATION ================ 171.252
LDB: ============= START OF LOAD BALANCING ============== 171.412
LDB: TIME 171.412 LOAD: AVG 0.0134455 MAX 0.145215  PROXIES: TOTAL 112 MAXPE 7 MAXPATCH 7 None MEM: 0 MB
LDB: TIME 171.412 LOAD: AVG 0.0134455 MAX 0.145215  PROXIES: TOTAL 112 MAXPE 7 MAXPATCH 7 RefineTorusLB MEM: 0 MB
LDB: TIME 171.412 LOAD: AVG 0.0134455 MAX 0.145215  PROXIES: TOTAL 112 MAXPE 7 MAXPATCH 7 RefineTorusLB MEM: 0 MB
LDB: Reverting to original mapping
LDB: ============== END OF LOAD BALANCING =============== 171.412
Info: useSync: 0 useProxySync: 0
LDB: =============== DONE WITH MIGRATION ================ 171.412
LDB: ============= START OF LOAD BALANCING ============== 179.345
LDB: ============== END OF LOAD BALANCING =============== 179.345
Info: useSync: 0 useProxySync: 0
LDB: =============== DONE WITH MIGRATION ================ 179.345
LDB: ============= START OF LOAD BALANCING ============== 179.654
LDB: TIME 179.655 LOAD: AVG 0.0158284 MAX 0.172359  PROXIES: TOTAL 112 MAXPE 7 MAXPATCH 7 None MEM: 0 MB
LDB: TIME 179.655 LOAD: AVG 0.0158284 MAX 0.172359  PROXIES: TOTAL 112 MAXPE 7 MAXPATCH 7 RefineTorusLB MEM: 0 MB
LDB: TIME 179.655 LOAD: AVG 0.0158284 MAX 0.172359  PROXIES: TOTAL 112 MAXPE 7 MAXPATCH 7 RefineTorusLB MEM: 0 MB
LDB: ============== END OF LOAD BALANCING =============== 179.655
Info: useSync: 0 useProxySync: 0
LDB: =============== DONE WITH MIGRATION ================ 179.655
WRITING COORDINATES TO DCD FILE MD.dcd AT STEP 45000
The last position output (seq=45000) takes 0.000 seconds, 0.000 MB of memory in use
PRESSURE: 45000 408.201 -69.4239 -566.913 113.102 540.724 770.378 -349.653 703.801 -76.3837
GPRESSURE: 45000 374.182 -113.003 -1005.06 171.716 614.611 480.211 140.707 997.185 -50.5004
PRESSAVG: 45000 -144.533 -10.5065 67.1876 17.1645 -201.302 -13.9153 74.7019 -10.5251 166.421
GPRESSAVG: 45000 -144.55 -10.3894 67.6812 17.3025 -200.907 -13.914 74.7153 -10.4196 166.007
ENERGY:   45000         0.0000         0.0000         0.0000         0.0000          -5649.5326       436.4377         0.0000         0.0000       955.7055          -4257.3894       303.6192     -5213.0948     -4255.8289       302.5868            290.8471       312.7643     22548.0941       -59.8044       -59.8164

LDB: ============= START OF LOAD BALANCING ============== 188.646
LDB: ============== END OF LOAD BALANCING =============== 188.646
Info: useSync: 0 useProxySync: 0
LDB: =============== DONE WITH MIGRATION ================ 188.646
LDB: ============= START OF LOAD BALANCING ============== 189.051
LDB: TIME 189.051 LOAD: AVG 0.0187645 MAX 0.214258  PROXIES: TOTAL 112 MAXPE 7 MAXPATCH 7 None MEM: 0 MB
LDB: TIME 189.051 LOAD: AVG 0.0187645 MAX 0.214258  PROXIES: TOTAL 112 MAXPE 7 MAXPATCH 7 RefineTorusLB MEM: 0 MB
LDB: TIME 189.051 LOAD: AVG 0.0187645 MAX 0.214258  PROXIES: TOTAL 112 MAXPE 7 MAXPATCH 7 RefineTorusLB MEM: 0 MB
LDB: Reverting to original mapping
LDB: ============== END OF LOAD BALANCING =============== 189.051
Info: useSync: 0 useProxySync: 0
LDB: =============== DONE WITH MIGRATION ================ 189.052
LDB: ============= START OF LOAD BALANCING ============== 196.843
LDB: ============== END OF LOAD BALANCING =============== 196.843
Info: useSync: 0 useProxySync: 0
LDB: =============== DONE WITH MIGRATION ================ 196.843
LDB: ============= START OF LOAD BALANCING ============== 197.013
LDB: TIME 197.013 LOAD: AVG 0.0141612 MAX 0.147029  PROXIES: TOTAL 112 MAXPE 7 MAXPATCH 7 None MEM: 0 MB
LDB: TIME 197.014 LOAD: AVG 0.0141612 MAX 0.147029  PROXIES: TOTAL 112 MAXPE 7 MAXPATCH 7 RefineTorusLB MEM: 0 MB
LDB: TIME 197.014 LOAD: AVG 0.0141612 MAX 0.147029  PROXIES: TOTAL 112 MAXPE 7 MAXPATCH 7 RefineTorusLB MEM: 0 MB
LDB: ============== END OF LOAD BALANCING =============== 197.014
Info: useSync: 0 useProxySync: 0
LDB: =============== DONE WITH MIGRATION ================ 197.014
WRITING COORDINATES TO DCD FILE MD.dcd AT STEP 50000
WRITING COORDINATES TO RESTART FILE AT STEP 50000
FINISHED WRITING RESTART COORDINATES
The last position output (seq=50000) takes 0.002 seconds, 0.000 MB of memory in use
WRITING VELOCITIES TO RESTART FILE AT STEP 50000
FINISHED WRITING RESTART VELOCITIES
The last velocity output (seq=50000) takes 0.002 seconds, 0.000 MB of memory in use
PRESSURE: 50000 -1.18322 54.1554 394.052 446.368 -473.106 98.6117 1022.02 265.311 -65.8649
GPRESSURE: 50000 -96.8202 -11.9412 593.939 414.143 -456.173 338.081 1009.3 139.221 39.3998
PRESSAVG: 50000 -175.895 6.47513 3.66767 4.97579 -178.424 -59.5481 -20.1829 1.02496 74.7765
GPRESSAVG: 50000 -175.834 6.28326 3.7588 4.92438 -178.33 -59.602 -20.3181 0.867666 74.7898
TIMING: 50000  CPU: 190.299, 0.00380542/step  Wall: 203.322, 0.00406586/step, 0.508233 hours remaining, 0.000000 MB of memory in use.
PERFORMANCE: 50000  averaging 42.5002 ns/day, 0.00406586 sec/step with standard deviation 0
ETITLE:      TS           BOND          ANGLE          DIHED          IMPRP               ELECT            VDW       BOUNDARY           MISC        KINETIC               TOTAL           TEMP      POTENTIAL         TOTAL3        TEMPAVG            PRESSURE      GPRESSURE         VOLUME       PRESSAVG      GPRESSAVG

ENERGY:   50000         0.0000         0.0000         0.0000         0.0000          -5556.0107       364.0974         0.0000         0.0000       933.7796          -4258.1336       296.6536     -5191.9132     -4255.1965       301.3751           -180.0515      -171.1978     22548.0941       -93.1811       -93.1247

WRITING EXTENDED SYSTEM TO RESTART FILE AT STEP 50000
LDB: ============= START OF LOAD BALANCING ============== 204.459
LDB: ============== END OF LOAD BALANCING =============== 204.465
Info: useSync: 0 useProxySync: 0
LDB: =============== DONE WITH MIGRATION ================ 204.483
LDB: ============= START OF LOAD BALANCING ============== 204.726
LDB: TIME 204.726 LOAD: AVG 0.0150436 MAX 0.159288  PROXIES: TOTAL 112 MAXPE 7 MAXPATCH 7 None MEM: 0 MB
LDB: TIME 204.726 LOAD: AVG 0.0150436 MAX 0.159288  PROXIES: TOTAL 112 MAXPE 7 MAXPATCH 7 RefineTorusLB MEM: 0 MB
LDB: TIME 204.726 LOAD: AVG 0.0150436 MAX 0.159288  PROXIES: TOTAL 112 MAXPE 7 MAXPATCH 7 RefineTorusLB MEM: 0 MB
LDB: Reverting to original mapping
LDB: ============== END OF LOAD BALANCING =============== 204.726
Info: useSync: 0 useProxySync: 0
LDB: =============== DONE WITH MIGRATION ================ 204.727
LDB: ============= START OF LOAD BALANCING ============== 213.077
LDB: ============== END OF LOAD BALANCING =============== 213.077
Info: useSync: 0 useProxySync: 0
LDB: =============== DONE WITH MIGRATION ================ 213.078
LDB: ============= START OF LOAD BALANCING ============== 213.263
LDB: TIME 213.263 LOAD: AVG 0.0150649 MAX 0.171392  PROXIES: TOTAL 112 MAXPE 7 MAXPATCH 7 None MEM: 0 MB
LDB: TIME 213.263 LOAD: AVG 0.0150649 MAX 0.171392  PROXIES: TOTAL 112 MAXPE 7 MAXPATCH 7 RefineTorusLB MEM: 0 MB
LDB: TIME 213.263 LOAD: AVG 0.0150649 MAX 0.171392  PROXIES: TOTAL 112 MAXPE 7 MAXPATCH 7 RefineTorusLB MEM: 0 MB
LDB: Reverting to original mapping
LDB: ============== END OF LOAD BALANCING =============== 213.263
Info: useSync: 0 useProxySync: 0
LDB: =============== DONE WITH MIGRATION ================ 213.264
LDB: ============= START OF LOAD BALANCING ============== 221.043
LDB: ============== END OF LOAD BALANCING =============== 221.043
Info: useSync: 0 useProxySync: 0
LDB: =============== DONE WITH MIGRATION ================ 221.043
LDB: ============= START OF LOAD BALANCING ============== 221.301
LDB: TIME 221.301 LOAD: AVG 0.0166881 MAX 0.147236  PROXIES: TOTAL 112 MAXPE 7 MAXPATCH 7 None MEM: 0 MB
LDB: TIME 221.301 LOAD: AVG 0.0166881 MAX 0.147236  PROXIES: TOTAL 112 MAXPE 7 MAXPATCH 7 RefineTorusLB MEM: 0 MB
LDB: TIME 221.301 LOAD: AVG 0.0166881 MAX 0.147236  PROXIES: TOTAL 112 MAXPE 7 MAXPATCH 7 RefineTorusLB MEM: 0 MB
LDB: Reverting to original mapping
LDB: ============== END OF LOAD BALANCING =============== 221.302
Info: useSync: 0 useProxySync: 0
LDB: =============== DONE WITH MIGRATION ================ 221.305
PRESSURE: 55000 -296.686 -227.554 -192.556 -212.461 -256.649 -465.934 92.0639 -360.101 433.525
GPRESSURE: 55000 -359.625 -248.339 -359.306 -102.051 -123.582 -164.097 -32.3109 -841.409 419.208
PRESSAVG: 55000 -263.067 13.8474 78.7374 33.9643 -220.159 -20.0567 113.318 24.9813 153.056
GPRESSAVG: 55000 -262.749 13.3767 78.9734 33.4745 -220.183 -19.7215 113.481 24.5839 152.958
ENERGY:   55000         0.0000         0.0000         0.0000         0.0000          -5639.3996       430.7986         0.0000         0.0000       913.0699          -4295.5311       290.0743     -5208.6010     -4293.3153       300.2631            -39.9369       -21.3327     22548.0941      -110.0564      -109.9912

WRITING COORDINATES TO DCD FILE MD.dcd AT STEP 55000
LDB: ============= START OF LOAD BALANCING ============== 229.946
LDB: ============== END OF LOAD BALANCING =============== 229.946
Info: useSync: 0 useProxySync: 0
LDB: =============== DONE WITH MIGRATION ================ 229.946
LDB: ============= START OF LOAD BALANCING ============== 230.251
LDB: TIME 230.254 LOAD: AVG 0.0177807 MAX 0.172954  PROXIES: TOTAL 112 MAXPE 7 MAXPATCH 7 None MEM: 0 MB
LDB: TIME 230.254 LOAD: AVG 0.0177807 MAX 0.172954  PROXIES: TOTAL 112 MAXPE 7 MAXPATCH 7 RefineTorusLB MEM: 0 MB
LDB: TIME 230.254 LOAD: AVG 0.0177807 MAX 0.172954  PROXIES: TOTAL 112 MAXPE 7 MAXPATCH 7 RefineTorusLB MEM: 0 MB
LDB: ============== END OF LOAD BALANCING =============== 230.255
Info: useSync: 0 useProxySync: 0
LDB: =============== DONE WITH MIGRATION ================ 230.255
LDB: ============= START OF LOAD BALANCING ============== 240.066
LDB: ============== END OF LOAD BALANCING =============== 240.066
Info: useSync: 0 useProxySync: 0
LDB: =============== DONE WITH MIGRATION ================ 240.066
LDB: ============= START OF LOAD BALANCING ============== 240.259
LDB: TIME 240.259 LOAD: AVG 0.0149846 MAX 0.169471  PROXIES: TOTAL 112 MAXPE 7 MAXPATCH 7 None MEM: 0 MB
LDB: TIME 240.259 LOAD: AVG 0.0149846 MAX 0.169471  PROXIES: TOTAL 112 MAXPE 7 MAXPATCH 7 RefineTorusLB MEM: 0 MB
LDB: TIME 240.259 LOAD: AVG 0.0149846 MAX 0.169471  PROXIES: TOTAL 112 MAXPE 7 MAXPATCH 7 RefineTorusLB MEM: 0 MB
LDB: Reverting to original mapping
LDB: ============== END OF LOAD BALANCING =============== 240.259
Info: useSync: 0 useProxySync: 0
LDB: =============== DONE WITH MIGRATION ================ 240.26
WRITING COORDINATES TO DCD FILE MD.dcd AT STEP 60000
PRESSURE: 60000 -697.711 142.129 -370.221 16.673 -539.403 30.6983 -837.681 92.891 1299.78
GPRESSURE: 60000 -613.263 212.544 -423.285 -64.6776 -574.534 -360.408 -773.733 289.574 1298.4
PRESSAVG: 60000 -378.843 -55.8753 54.5526 -68.9003 -308.472 -20.0803 13.6349 19.8819 170.279
GPRESSAVG: 60000 -378.719 -55.776 53.8786 -68.7171 -308.479 -20.4996 13.7304 20.4406 170.242
ENERGY:   60000         0.0000         0.0000         0.0000         0.0000          -5649.8837       419.1254         0.0000         0.0000       948.0706          -4282.6877       301.1937     -5230.7583     -4280.7137       296.7599             20.8873        36.8676     22548.0941      -172.3452      -172.3187

LDB: ============= START OF LOAD BALANCING ============== 248.299
LDB: ============== END OF LOAD BALANCING =============== 248.299
Info: useSync: 0 useProxySync: 0
LDB: =============== DONE WITH MIGRATION ================ 248.299
LDB: ============= START OF LOAD BALANCING ============== 248.497
LDB: TIME 248.497 LOAD: AVG 0.0148233 MAX 0.147814  PROXIES: TOTAL 112 MAXPE 7 MAXPATCH 7 None MEM: 0 MB
LDB: TIME 248.497 LOAD: AVG 0.0148233 MAX 0.147814  PROXIES: TOTAL 112 MAXPE 7 MAXPATCH 7 RefineTorusLB MEM: 0 MB
LDB: TIME 248.497 LOAD: AVG 0.0148233 MAX 0.147814  PROXIES: TOTAL 112 MAXPE 7 MAXPATCH 7 RefineTorusLB MEM: 0 MB
LDB: Reverting to original mapping
LDB: ============== END OF LOAD BALANCING =============== 248.497
Info: useSync: 0 useProxySync: 0
LDB: =============== DONE WITH MIGRATION ================ 248.498
LDB: ============= START OF LOAD BALANCING ============== 257.579
LDB: ============== END OF LOAD BALANCING =============== 257.579
Info: useSync: 0 useProxySync: 0
LDB: =============== DONE WITH MIGRATION ================ 257.58
LDB: ============= START OF LOAD BALANCING ============== 257.869
LDB: TIME 257.869 LOAD: AVG 0.0164014 MAX 0.169765  PROXIES: TOTAL 112 MAXPE 7 MAXPATCH 7 None MEM: 0 MB
LDB: TIME 257.869 LOAD: AVG 0.0164014 MAX 0.169765  PROXIES: TOTAL 112 MAXPE 7 MAXPATCH 7 RefineTorusLB MEM: 0 MB
LDB: TIME 257.869 LOAD: AVG 0.0164014 MAX 0.169765  PROXIES: TOTAL 112 MAXPE 7 MAXPATCH 7 RefineTorusLB MEM: 0 MB
LDB: Reverting to original mapping
LDB: ============== END OF LOAD BALANCING =============== 257.869
Info: useSync: 0 useProxySync: 0
LDB: =============== DONE WITH MIGRATION ================ 257.87
LDB: ============= START OF LOAD BALANCING ============== 265.935
LDB: ============== END OF LOAD BALANCING =============== 265.935
Info: useSync: 0 useProxySync: 0
LDB: =============== DONE WITH MIGRATION ================ 265.936
LDB: ============= START OF LOAD BALANCING ============== 266.251
LDB: TIME 266.257 LOAD: AVG 0.018262 MAX 0.210378  PROXIES: TOTAL 112 MAXPE 7 MAXPATCH 7 None MEM: 0 MB
LDB: TIME 266.257 LOAD: AVG 0.018262 MAX 0.210378  PROXIES: TOTAL 112 MAXPE 7 MAXPATCH 7 RefineTorusLB MEM: 0 MB
LDB: TIME 266.257 LOAD: AVG 0.018262 MAX 0.210378  PROXIES: TOTAL 112 MAXPE 7 MAXPATCH 7 RefineTorusLB MEM: 0 MB
LDB: ============== END OF LOAD BALANCING =============== 266.258
Info: useSync: 0 useProxySync: 0
LDB: =============== DONE WITH MIGRATION ================ 266.275
PRESSURE: 65000 -271.779 232.485 253.507 407.97 -227.293 330.175 142.009 436.856 -234.009
GPRESSURE: 65000 -137.934 557.086 399.276 48.835 -290.029 284.061 139.902 401.01 -278.311
PRESSAVG: 65000 -295.236 29.6884 24.405 41.5761 -209.032 -11.3808 -15.1796 42.8772 173.464
GPRESSAVG: 65000 -295.305 29.8581 24.1591 41.0622 -209.44 -11.1385 -14.9995 42.6109 174.073
ENERGY:   65000         0.0000         0.0000         0.0000         0.0000          -5619.0284       397.6588         0.0000         0.0000       896.7560          -4324.6136       284.8915     -5221.3696     -4322.4597       297.0973           -244.3604      -235.4248     22548.0941      -110.2680      -110.2242

WRITING COORDINATES TO DCD FILE MD.dcd AT STEP 65000
LDB: ============= START OF LOAD BALANCING ============== 274.628
LDB: ============== END OF LOAD BALANCING =============== 274.628
Info: useSync: 0 useProxySync: 0
LDB: =============== DONE WITH MIGRATION ================ 274.628
LDB: ============= START OF LOAD BALANCING ============== 274.922
LDB: TIME 274.926 LOAD: AVG 0.014845 MAX 0.150226  PROXIES: TOTAL 112 MAXPE 7 MAXPATCH 7 None MEM: 0 MB
LDB: TIME 274.926 LOAD: AVG 0.014845 MAX 0.150226  PROXIES: TOTAL 112 MAXPE 7 MAXPATCH 7 RefineTorusLB MEM: 0 MB
LDB: TIME 274.926 LOAD: AVG 0.014845 MAX 0.150226  PROXIES: TOTAL 112 MAXPE 7 MAXPATCH 7 RefineTorusLB MEM: 0 MB
LDB: ============== END OF LOAD BALANCING =============== 274.926
Info: useSync: 0 useProxySync: 0
LDB: =============== DONE WITH MIGRATION ================ 274.929
LDB: ============= START OF LOAD BALANCING ============== 282.566
LDB: ============== END OF LOAD BALANCING =============== 282.566
Info: useSync: 0 useProxySync: 0
LDB: =============== DONE WITH MIGRATION ================ 282.566
LDB: ============= START OF LOAD BALANCING ============== 282.73
LDB: TIME 282.73 LOAD: AVG 0.0135286 MAX 0.146442  PROXIES: TOTAL 112 MAXPE 7 MAXPATCH 7 None MEM: 0 MB
LDB: TIME 282.73 LOAD: AVG 0.0135286 MAX 0.146442  PROXIES: TOTAL 112 MAXPE 7 MAXPATCH 7 RefineTorusLB MEM: 0 MB
LDB: TIME 282.73 LOAD: AVG 0.0135286 MAX 0.146442  PROXIES: TOTAL 112 MAXPE 7 MAXPATCH 7 RefineTorusLB MEM: 0 MB
LDB: Reverting to original mapping
LDB: ============== END OF LOAD BALANCING =============== 282.73
Info: useSync: 0 useProxySync: 0
LDB: =============== DONE WITH MIGRATION ================ 282.73
PRESSURE: 70000 -261.447 -30.2022 314.033 176.923 80.3093 -198.306 455.875 -69.8644 390.397
GPRESSURE: 70000 -168.098 182.778 157.67 234.993 -85.9215 72.4801 680.199 -184.46 458.76
PRESSAVG: 70000 -289.215 -67.6948 2.83056 -65.5545 -289.581 -55.4488 19.8197 19.6385 227.686
GPRESSAVG: 70000 -288.996 -67.7728 3.14487 -65.2099 -289.868 -55.8735 19.9769 19.2913 227.487
ENERGY:   70000         0.0000         0.0000         0.0000         0.0000          -5592.9741       410.4446         0.0000         0.0000       939.2333          -4243.2962       298.3862     -5182.5295     -4240.8305       300.7675             69.7532        68.2466     22548.0941      -117.0364      -117.1255

WRITING COORDINATES TO DCD FILE MD.dcd AT STEP 70000
LDB: ============= START OF LOAD BALANCING ============== 290.78
LDB: ============== END OF LOAD BALANCING =============== 290.783
Info: useSync: 0 useProxySync: 0
LDB: =============== DONE WITH MIGRATION ================ 290.785
LDB: ============= START OF LOAD BALANCING ============== 291.031
LDB: TIME 291.031 LOAD: AVG 0.0157039 MAX 0.168643  PROXIES: TOTAL 112 MAXPE 7 MAXPATCH 7 None MEM: 0 MB
LDB: TIME 291.031 LOAD: AVG 0.0157039 MAX 0.168643  PROXIES: TOTAL 112 MAXPE 7 MAXPATCH 7 RefineTorusLB MEM: 0 MB
LDB: TIME 291.031 LOAD: AVG 0.0157039 MAX 0.168643  PROXIES: TOTAL 112 MAXPE 7 MAXPATCH 7 RefineTorusLB MEM: 0 MB
LDB: Reverting to original mapping
LDB: ============== END OF LOAD BALANCING =============== 291.031
Info: useSync: 0 useProxySync: 0
LDB: =============== DONE WITH MIGRATION ================ 291.031
LDB: ============= START OF LOAD BALANCING ============== 299.345
LDB: ============== END OF LOAD BALANCING =============== 299.345
Info: useSync: 0 useProxySync: 0
LDB: =============== DONE WITH MIGRATION ================ 299.345
LDB: ============= START OF LOAD BALANCING ============== 299.565
LDB: TIME 299.565 LOAD: AVG 0.0147331 MAX 0.162188  PROXIES: TOTAL 112 MAXPE 7 MAXPATCH 7 None MEM: 0 MB
LDB: TIME 299.565 LOAD: AVG 0.0147331 MAX 0.162188  PROXIES: TOTAL 112 MAXPE 7 MAXPATCH 7 RefineTorusLB MEM: 0 MB
LDB: TIME 299.565 LOAD: AVG 0.0147331 MAX 0.162188  PROXIES: TOTAL 112 MAXPE 7 MAXPATCH 7 RefineTorusLB MEM: 0 MB
LDB: ============== END OF LOAD BALANCING =============== 299.565
Info: useSync: 0 useProxySync: 0
LDB: =============== DONE WITH MIGRATION ================ 299.566
LDB: ============= START OF LOAD BALANCING ============== 307.2
LDB: ============== END OF LOAD BALANCING =============== 307.2
Info: useSync: 0 useProxySync: 0
LDB: =============== DONE WITH MIGRATION ================ 307.201
LDB: ============= START OF LOAD BALANCING ============== 307.363
LDB: TIME 307.363 LOAD: AVG 0.0136098 MAX 0.146165  PROXIES: TOTAL 112 MAXPE 7 MAXPATCH 7 None MEM: 0 MB
LDB: TIME 307.363 LOAD: AVG 0.0136098 MAX 0.146165  PROXIES: TOTAL 112 MAXPE 7 MAXPATCH 7 RefineTorusLB MEM: 0 MB
LDB: TIME 307.363 LOAD: AVG 0.0136098 MAX 0.146165  PROXIES: TOTAL 112 MAXPE 7 MAXPATCH 7 RefineTorusLB MEM: 0 MB
LDB: ============== END OF LOAD BALANCING =============== 307.363
Info: useSync: 0 useProxySync: 0
LDB: =============== DONE WITH MIGRATION ================ 307.364
WRITING COORDINATES TO DCD FILE MD.dcd AT STEP 75000
PRESSURE: 75000 -612.917 25.0153 -514.039 106.782 -383.818 12.4394 -542.754 -98.4028 -778.698
GPRESSURE: 75000 -549.046 -12.8795 -200.103 10.5517 -555.689 107.795 -805.424 -19.432 -542.149
PRESSAVG: 75000 -224.264 57.9951 55.588 36.6928 -322.076 -77.287 132.877 -34.394 179.194
GPRESSAVG: 75000 -224.241 58.5426 55.3978 36.569 -322.033 -76.8437 132.979 -34.1003 179.105
ENERGY:   75000         0.0000         0.0000         0.0000         0.0000          -5535.2854       346.2923         0.0000         0.0000       898.7665          -4290.2266       285.5302     -5188.9931     -4289.0093       294.5271           -591.8112      -548.9612     22548.0941      -122.3816      -122.3895

LDB: ============= START OF LOAD BALANCING ============== 315.346
LDB: ============== END OF LOAD BALANCING =============== 315.346
Info: useSync: 0 useProxySync: 0
LDB: =============== DONE WITH MIGRATION ================ 315.346
LDB: ============= START OF LOAD BALANCING ============== 315.506
LDB: TIME 315.506 LOAD: AVG 0.0133934 MAX 0.145052  PROXIES: TOTAL 112 MAXPE 7 MAXPATCH 7 None MEM: 0 MB
LDB: TIME 315.506 LOAD: AVG 0.0133934 MAX 0.145052  PROXIES: TOTAL 112 MAXPE 7 MAXPATCH 7 RefineTorusLB MEM: 0 MB
LDB: TIME 315.506 LOAD: AVG 0.0133934 MAX 0.145052  PROXIES: TOTAL 112 MAXPE 7 MAXPATCH 7 RefineTorusLB MEM: 0 MB
LDB: ============== END OF LOAD BALANCING =============== 315.506
Info: useSync: 0 useProxySync: 0
LDB: =============== DONE WITH MIGRATION ================ 315.507
LDB: ============= START OF LOAD BALANCING ============== 323.432
LDB: ============== END OF LOAD BALANCING =============== 323.433
Info: useSync: 0 useProxySync: 0
LDB: =============== DONE WITH MIGRATION ================ 323.433
LDB: ============= START OF LOAD BALANCING ============== 323.643
LDB: TIME 323.649 LOAD: AVG 0.0145568 MAX 0.146037  PROXIES: TOTAL 112 MAXPE 7 MAXPATCH 7 None MEM: 0 MB
LDB: TIME 323.649 LOAD: AVG 0.0145568 MAX 0.146037  PROXIES: TOTAL 112 MAXPE 7 MAXPATCH 7 RefineTorusLB MEM: 0 MB
LDB: TIME 323.649 LOAD: AVG 0.0145568 MAX 0.146037  PROXIES: TOTAL 112 MAXPE 7 MAXPATCH 7 RefineTorusLB MEM: 0 MB
LDB: ============== END OF LOAD BALANCING =============== 323.653
Info: useSync: 0 useProxySync: 0
LDB: =============== DONE WITH MIGRATION ================ 323.69
WRITING COORDINATES TO DCD FILE MD.dcd AT STEP 80000
PRESSURE: 80000 384.338 -251.699 -83.0267 -135.253 -231.472 -387.118 -411.051 -716.127 769.748
GPRESSURE: 80000 206.613 -208.258 -376.466 -8.22406 -2.23147 -414.165 -504.124 -424.455 794.295
PRESSAVG: 80000 -139.848 2.24431 -37.8016 -8.80192 -284.725 59.3259 -4.79135 2.46237 184.422
GPRESSAVG: 80000 -140.043 1.90502 -37.7792 -8.76134 -284.605 59.237 -4.47139 2.41409 183.853
ENERGY:   80000         0.0000         0.0000         0.0000         0.0000          -5632.8286       428.2941         0.0000         0.0000       943.4164          -4261.1181       299.7151     -5204.5345     -4259.8005       301.2158            307.5380       332.8922     22548.0941       -80.0503       -80.2649

LDB: ============= START OF LOAD BALANCING ============== 332.517
LDB: ============== END OF LOAD BALANCING =============== 332.517
Info: useSync: 0 useProxySync: 0
LDB: =============== DONE WITH MIGRATION ================ 332.517
LDB: ============= START OF LOAD BALANCING ============== 332.705
LDB: TIME 332.705 LOAD: AVG 0.0151724 MAX 0.169923  PROXIES: TOTAL 112 MAXPE 7 MAXPATCH 7 None MEM: 0 MB
LDB: TIME 332.705 LOAD: AVG 0.0151724 MAX 0.169923  PROXIES: TOTAL 112 MAXPE 7 MAXPATCH 7 RefineTorusLB MEM: 0 MB
LDB: TIME 332.705 LOAD: AVG 0.0151724 MAX 0.169923  PROXIES: TOTAL 112 MAXPE 7 MAXPATCH 7 RefineTorusLB MEM: 0 MB
LDB: ============== END OF LOAD BALANCING =============== 332.705
Info: useSync: 0 useProxySync: 0
LDB: =============== DONE WITH MIGRATION ================ 332.705
LDB: ============= START OF LOAD BALANCING ============== 341.279
LDB: ============== END OF LOAD BALANCING =============== 341.279
Info: useSync: 0 useProxySync: 0
LDB: =============== DONE WITH MIGRATION ================ 341.279
LDB: ============= START OF LOAD BALANCING ============== 341.443
LDB: TIME 341.443 LOAD: AVG 0.0136988 MAX 0.146213  PROXIES: TOTAL 112 MAXPE 7 MAXPATCH 7 None MEM: 0 MB
LDB: TIME 341.443 LOAD: AVG 0.0136988 MAX 0.146213  PROXIES: TOTAL 112 MAXPE 7 MAXPATCH 7 RefineTorusLB MEM: 0 MB
LDB: TIME 341.443 LOAD: AVG 0.0136988 MAX 0.146213  PROXIES: TOTAL 112 MAXPE 7 MAXPATCH 7 RefineTorusLB MEM: 0 MB
LDB: Reverting to original mapping
LDB: ============== END OF LOAD BALANCING =============== 341.443
Info: useSync: 0 useProxySync: 0
LDB: =============== DONE WITH MIGRATION ================ 341.444
LDB: ============= START OF LOAD BALANCING ============== 348.96
LDB: ============== END OF LOAD BALANCING =============== 348.96
Info: useSync: 0 useProxySync: 0
LDB: =============== DONE WITH MIGRATION ================ 348.96
LDB: ============= START OF LOAD BALANCING ============== 349.145
LDB: TIME 349.145 LOAD: AVG 0.0148369 MAX 0.168679  PROXIES: TOTAL 112 MAXPE 7 MAXPATCH 7 None MEM: 0 MB
LDB: TIME 349.145 LOAD: AVG 0.0148369 MAX 0.168679  PROXIES: TOTAL 112 MAXPE 7 MAXPATCH 7 RefineTorusLB MEM: 0 MB
LDB: TIME 349.145 LOAD: AVG 0.0148369 MAX 0.168679  PROXIES: TOTAL 112 MAXPE 7 MAXPATCH 7 RefineTorusLB MEM: 0 MB
LDB: Reverting to original mapping
LDB: ============== END OF LOAD BALANCING =============== 349.145
Info: useSync: 0 useProxySync: 0
LDB: =============== DONE WITH MIGRATION ================ 349.145
WRITING COORDINATES TO DCD FILE MD.dcd AT STEP 85000
PRESSURE: 85000 -499.826 514.654 529.288 594.668 -671.501 -20.5579 40.1268 342.287 448.778
GPRESSURE: 85000 -546.833 494.878 401.238 579.63 -712.857 72.421 -68.9445 189.972 618.054
PRESSAVG: 85000 -248.395 -23.1064 -19.367 -2.34674 -290.941 64.7446 -32.4249 28.7253 10.104
GPRESSAVG: 85000 -248.618 -23.7969 -19.6155 -2.12831 -291.153 64.874 -33.06 28.5389 10.0368
ENERGY:   85000         0.0000         0.0000         0.0000         0.0000          -5570.2331       373.2079         0.0000         0.0000       933.7017          -4263.3234       296.6288     -5197.0252     -4260.5249       294.7207           -240.8498      -213.8784     22548.0941      -176.4108      -176.5782

LDB: ============= START OF LOAD BALANCING ============== 357.784
LDB: ============== END OF LOAD BALANCING =============== 357.784
Info: useSync: 0 useProxySync: 0
LDB: =============== DONE WITH MIGRATION ================ 357.784
LDB: ============= START OF LOAD BALANCING ============== 357.946
LDB: TIME 357.947 LOAD: AVG 0.013586 MAX 0.148409  PROXIES: TOTAL 112 MAXPE 7 MAXPATCH 7 None MEM: 0 MB
LDB: TIME 357.947 LOAD: AVG 0.013586 MAX 0.148409  PROXIES: TOTAL 112 MAXPE 7 MAXPATCH 7 RefineTorusLB MEM: 0 MB
LDB: TIME 357.947 LOAD: AVG 0.013586 MAX 0.148409  PROXIES: TOTAL 112 MAXPE 7 MAXPATCH 7 RefineTorusLB MEM: 0 MB
LDB: ============== END OF LOAD BALANCING =============== 357.947
Info: useSync: 0 useProxySync: 0
LDB: =============== DONE WITH MIGRATION ================ 357.947
LDB: ============= START OF LOAD BALANCING ============== 365.447
LDB: ============== END OF LOAD BALANCING =============== 365.447
Info: useSync: 0 useProxySync: 0
LDB: =============== DONE WITH MIGRATION ================ 365.447
LDB: ============= START OF LOAD BALANCING ============== 365.669
LDB: TIME 365.669 LOAD: AVG 0.0144651 MAX 0.150152  PROXIES: TOTAL 112 MAXPE 7 MAXPATCH 7 None MEM: 0 MB
LDB: TIME 365.669 LOAD: AVG 0.0144651 MAX 0.150152  PROXIES: TOTAL 112 MAXPE 7 MAXPATCH 7 RefineTorusLB MEM: 0 MB
LDB: TIME 365.669 LOAD: AVG 0.0144651 MAX 0.150152  PROXIES: TOTAL 112 MAXPE 7 MAXPATCH 7 RefineTorusLB MEM: 0 MB
LDB: ============== END OF LOAD BALANCING =============== 365.669
Info: useSync: 0 useProxySync: 0
LDB: =============== DONE WITH MIGRATION ================ 365.669
PRESSURE: 90000 -46.0813 26.524 515.162 -193.638 -479.568 130.404 386.491 271.659 -61.4714
GPRESSURE: 90000 39.8223 -84.0589 272.621 347.814 -402.187 306.468 256.792 20.2591 -158.81
PRESSAVG: 90000 -200.974 15.6988 98.3527 -13.5764 -221.322 13.3138 0.532698 18.2356 370.94
GPRESSAVG: 90000 -200.766 15.7116 98.7363 -13.0984 -221.45 13.2724 0.453333 18.3109 371.204
ENERGY:   90000         0.0000         0.0000         0.0000         0.0000          -5626.9393       403.5248         0.0000         0.0000       913.1836          -4310.2309       290.1104     -5223.4145     -4309.2591       296.4556           -195.7068      -173.7249     22548.0941       -17.1186       -17.0038

WRITING COORDINATES TO DCD FILE MD.dcd AT STEP 90000
LDB: ============= START OF LOAD BALANCING ============== 372.862
LDB: ============== END OF LOAD BALANCING =============== 372.862
Info: useSync: 0 useProxySync: 0
LDB: =============== DONE WITH MIGRATION ================ 372.862
LDB: ============= START OF LOAD BALANCING ============== 373.025
LDB: TIME 373.025 LOAD: AVG 0.0135086 MAX 0.145354  PROXIES: TOTAL 112 MAXPE 7 MAXPATCH 7 None MEM: 0 MB
LDB: TIME 373.025 LOAD: AVG 0.0135086 MAX 0.145354  PROXIES: TOTAL 112 MAXPE 7 MAXPATCH 7 RefineTorusLB MEM: 0 MB
LDB: TIME 373.025 LOAD: AVG 0.0135086 MAX 0.145354  PROXIES: TOTAL 112 MAXPE 7 MAXPATCH 7 RefineTorusLB MEM: 0 MB
LDB: ============== END OF LOAD BALANCING =============== 373.025
Info: useSync: 0 useProxySync: 0
LDB: =============== DONE WITH MIGRATION ================ 373.025
LDB: ============= START OF LOAD BALANCING ============== 380.746
LDB: ============== END OF LOAD BALANCING =============== 380.75
Info: useSync: 0 useProxySync: 0
LDB: =============== DONE WITH MIGRATION ================ 380.75
LDB: ============= START OF LOAD BALANCING ============== 381.093
LDB: TIME 381.097 LOAD: AVG 0.0179885 MAX 0.191638  PROXIES: TOTAL 112 MAXPE 7 MAXPATCH 7 None MEM: 0 MB
LDB: TIME 381.097 LOAD: AVG 0.0179885 MAX 0.191638  PROXIES: TOTAL 112 MAXPE 7 MAXPATCH 7 RefineTorusLB MEM: 0 MB
LDB: TIME 381.097 LOAD: AVG 0.0179885 MAX 0.191638  PROXIES: TOTAL 112 MAXPE 7 MAXPATCH 7 RefineTorusLB MEM: 0 MB
LDB: Reverting to original mapping
LDB: ============== END OF LOAD BALANCING =============== 381.097
Info: useSync: 0 useProxySync: 0
LDB: =============== DONE WITH MIGRATION ================ 381.098
LDB: ============= START OF LOAD BALANCING ============== 389.282
LDB: ============== END OF LOAD BALANCING =============== 389.282
Info: useSync: 0 useProxySync: 0
LDB: =============== DONE WITH MIGRATION ================ 389.282
LDB: ============= START OF LOAD BALANCING ============== 389.574
LDB: TIME 389.574 LOAD: AVG 0.0152184 MAX 0.172568  PROXIES: TOTAL 112 MAXPE 7 MAXPATCH 7 None MEM: 0 MB
LDB: TIME 389.574 LOAD: AVG 0.0152184 MAX 0.172568  PROXIES: TOTAL 112 MAXPE 7 MAXPATCH 7 RefineTorusLB MEM: 0 MB
LDB: TIME 389.574 LOAD: AVG 0.0152184 MAX 0.172568  PROXIES: TOTAL 112 MAXPE 7 MAXPATCH 7 RefineTorusLB MEM: 0 MB
LDB: ============== END OF LOAD BALANCING =============== 389.574
Info: useSync: 0 useProxySync: 0
LDB: =============== DONE WITH MIGRATION ================ 389.575
WRITING COORDINATES TO DCD FILE MD.dcd AT STEP 95000
PRESSURE: 95000 243.542 -682.293 -366.871 -471.445 657.062 -477.782 108.662 -863.989 436.002
GPRESSURE: 95000 372.908 -909.762 -281.884 -513.411 438.934 -177.193 185.691 -809.942 555.742
PRESSAVG: 95000 -134.276 36.0581 60.7404 9.81943 -168.32 -53.6534 16.6178 -14.4702 311.284
GPRESSAVG: 95000 -134.409 36.1947 60.7452 9.38871 -168.521 -53.7022 16.6039 -14.4908 310.892
ENERGY:   95000         0.0000         0.0000         0.0000         0.0000          -5674.2074       449.7685         0.0000         0.0000       956.4725          -4267.9665       303.8629     -5224.4389     -4265.7656       299.1388            445.5355       455.8611     22548.0941         2.8962         2.6542

LDB: ============= START OF LOAD BALANCING ============== 397.285
LDB: ============== END OF LOAD BALANCING =============== 397.285
Info: useSync: 0 useProxySync: 0
LDB: =============== DONE WITH MIGRATION ================ 397.285
LDB: ============= START OF LOAD BALANCING ============== 397.445
LDB: TIME 397.446 LOAD: AVG 0.0134904 MAX 0.145954  PROXIES: TOTAL 112 MAXPE 7 MAXPATCH 7 None MEM: 0 MB
LDB: TIME 397.446 LOAD: AVG 0.0134904 MAX 0.145954  PROXIES: TOTAL 112 MAXPE 7 MAXPATCH 7 RefineTorusLB MEM: 0 MB
LDB: TIME 397.446 LOAD: AVG 0.0134904 MAX 0.145954  PROXIES: TOTAL 112 MAXPE 7 MAXPATCH 7 RefineTorusLB MEM: 0 MB
LDB: ============== END OF LOAD BALANCING =============== 397.446
Info: useSync: 0 useProxySync: 0
LDB: =============== DONE WITH MIGRATION ================ 397.446
LDB: ============= START OF LOAD BALANCING ============== 405.192
LDB: ============== END OF LOAD BALANCING =============== 405.192
Info: useSync: 0 useProxySync: 0
LDB: =============== DONE WITH MIGRATION ================ 405.192
LDB: ============= START OF LOAD BALANCING ============== 405.378
LDB: TIME 405.378 LOAD: AVG 0.0139963 MAX 0.145484  PROXIES: TOTAL 112 MAXPE 7 MAXPATCH 7 None MEM: 0 MB
LDB: TIME 405.378 LOAD: AVG 0.0139963 MAX 0.145484  PROXIES: TOTAL 112 MAXPE 7 MAXPATCH 7 RefineTorusLB MEM: 0 MB
LDB: TIME 405.378 LOAD: AVG 0.0139963 MAX 0.145484  PROXIES: TOTAL 112 MAXPE 7 MAXPATCH 7 RefineTorusLB MEM: 0 MB
LDB: Reverting to original mapping
LDB: ============== END OF LOAD BALANCING =============== 405.378
Info: useSync: 0 useProxySync: 0
LDB: =============== DONE WITH MIGRATION ================ 405.378
WRITING COORDINATES TO DCD FILE MD.dcd AT STEP 100000
WRITING COORDINATES TO RESTART FILE AT STEP 100000
FINISHED WRITING RESTART COORDINATES
PRESSURE: 100000 -44.8712 -416.569 -53.0246 -589.349 -1410.85 -50.6588 -599.363 -534.173 499.503
GPRESSURE: 100000 -31.7195 -786.725 79.5339 -290.206 -1469.82 27.0637 -519.37 -702.725 678.655
PRESSAVG: 100000 -261.065 52.5696 -32.9854 41.7221 -247.115 -91.4545 -70.454 -74.9201 137.696
GPRESSAVG: 100000 -261.334 52.3589 -32.7563 41.549 -247.203 -91.3552 -70.5805 -74.9929 137.935
TIMING: 100000  CPU: 386.208, 0.00391818/step  Wall: 412.158, 0.00417672/step, 0.46408 hours remaining, 0.000000 MB of memory in use.
PERFORMANCE: 100000  averaging 41.9286 ns/day, 0.00412129 sec/step with standard deviation 7.83883e-05
ETITLE:      TS           BOND          ANGLE          DIHED          IMPRP               ELECT            VDW       BOUNDARY           MISC        KINETIC               TOTAL           TEMP      POTENTIAL         TOTAL3        TEMPAVG            PRESSURE      GPRESSURE         VOLUME       PRESSAVG      GPRESSAVG

ENERGY:  100000         0.0000         0.0000         0.0000         0.0000          -5575.9764       391.4112         0.0000         0.0000       978.8850          -4205.6802       310.9832     -5184.5652     -4203.5267       301.6029           -318.7401      -274.2944     22548.0941      -123.4944      -123.5339

WRITING EXTENDED SYSTEM TO RESTART FILE AT STEP 100000
WRITING VELOCITIES TO RESTART FILE AT STEP 100000
FINISHED WRITING RESTART VELOCITIES
The last velocity output (seq=100000) takes 0.000 seconds, 0.000 MB of memory in use
LDB: ============= START OF LOAD BALANCING ============== 413.398
LDB: ============== END OF LOAD BALANCING =============== 413.398
Info: useSync: 0 useProxySync: 0
LDB: =============== DONE WITH MIGRATION ================ 413.409
LDB: ============= START OF LOAD BALANCING ============== 413.636
LDB: TIME 413.636 LOAD: AVG 0.0138136 MAX 0.148918  PROXIES: TOTAL 112 MAXPE 7 MAXPATCH 7 None MEM: 0 MB
LDB: TIME 413.636 LOAD: AVG 0.0138136 MAX 0.148918  PROXIES: TOTAL 112 MAXPE 7 MAXPATCH 7 RefineTorusLB MEM: 0 MB
LDB: TIME 413.636 LOAD: AVG 0.0138136 MAX 0.148918  PROXIES: TOTAL 112 MAXPE 7 MAXPATCH 7 RefineTorusLB MEM: 0 MB
LDB: Reverting to original mapping
LDB: ============== END OF LOAD BALANCING =============== 413.636
Info: useSync: 0 useProxySync: 0
LDB: =============== DONE WITH MIGRATION ================ 413.637
LDB: ============= START OF LOAD BALANCING ============== 420.777
LDB: ============== END OF LOAD BALANCING =============== 420.777
Info: useSync: 0 useProxySync: 0
LDB: =============== DONE WITH MIGRATION ================ 420.778
LDB: ============= START OF LOAD BALANCING ============== 421.036
LDB: TIME 421.042 LOAD: AVG 0.0150338 MAX 0.154368  PROXIES: TOTAL 112 MAXPE 7 MAXPATCH 7 None MEM: 0 MB
LDB: TIME 421.042 LOAD: AVG 0.0150338 MAX 0.154368  PROXIES: TOTAL 112 MAXPE 7 MAXPATCH 7 RefineTorusLB MEM: 0 MB
LDB: TIME 421.042 LOAD: AVG 0.0150338 MAX 0.154368  PROXIES: TOTAL 112 MAXPE 7 MAXPATCH 7 RefineTorusLB MEM: 0 MB
LDB: ============== END OF LOAD BALANCING =============== 421.048
Info: useSync: 0 useProxySync: 0
LDB: =============== DONE WITH MIGRATION ================ 421.147
LDB: ============= START OF LOAD BALANCING ============== 429.091
LDB: ============== END OF LOAD BALANCING =============== 429.091
Info: useSync: 0 useProxySync: 0
LDB: =============== DONE WITH MIGRATION ================ 429.092
LDB: ============= START OF LOAD BALANCING ============== 429.343
LDB: TIME 429.343 LOAD: AVG 0.0140306 MAX 0.146244  PROXIES: TOTAL 112 MAXPE 7 MAXPATCH 7 None MEM: 0 MB
LDB: TIME 429.343 LOAD: AVG 0.0140306 MAX 0.146244  PROXIES: TOTAL 112 MAXPE 7 MAXPATCH 7 RefineTorusLB MEM: 0 MB
LDB: TIME 429.343 LOAD: AVG 0.0140306 MAX 0.146244  PROXIES: TOTAL 112 MAXPE 7 MAXPATCH 7 RefineTorusLB MEM: 0 MB
LDB: Reverting to original mapping
LDB: ============== END OF LOAD BALANCING =============== 429.343
Info: useSync: 0 useProxySync: 0
LDB: =============== DONE WITH MIGRATION ================ 429.343
PRESSURE: 105000 -827.227 -1.8282 -351.023 218.403 -857.096 -173.216 -31.2005 84.6874 -348.192
GPRESSURE: 105000 -721.315 107.174 -184.184 240.542 -846.06 81.4712 -429.486 -447.187 -407.088
PRESSAVG: 105000 -225.286 96.4731 -18.0463 50.9994 -170.868 -36.4125 -54.3256 -14.5339 249.672
GPRESSAVG: 105000 -225.386 96.4197 -18.0525 51.0109 -170.742 -36.1469 -54.3079 -15.0579 249.662
ENERGY:  105000         0.0000         0.0000         0.0000         0.0000          -5551.8452       360.5235         0.0000         0.0000       918.9804          -4272.3414       291.9520     -5191.3217     -4269.9574       304.8766           -677.5054      -658.1545     22548.0941       -48.8273       -48.8218

WRITING COORDINATES TO DCD FILE MD.dcd AT STEP 105000
LDB: ============= START OF LOAD BALANCING ============== 437.606
LDB: ============== END OF LOAD BALANCING =============== 437.606
Info: useSync: 0 useProxySync: 0
LDB: =============== DONE WITH MIGRATION ================ 437.606
LDB: ============= START OF LOAD BALANCING ============== 437.773
LDB: TIME 437.773 LOAD: AVG 0.0135358 MAX 0.14645  PROXIES: TOTAL 112 MAXPE 7 MAXPATCH 7 None MEM: 0 MB
LDB: TIME 437.773 LOAD: AVG 0.0135358 MAX 0.14645  PROXIES: TOTAL 112 MAXPE 7 MAXPATCH 7 RefineTorusLB MEM: 0 MB
LDB: TIME 437.773 LOAD: AVG 0.0135358 MAX 0.14645  PROXIES: TOTAL 112 MAXPE 7 MAXPATCH 7 RefineTorusLB MEM: 0 MB
LDB: Reverting to original mapping
LDB: ============== END OF LOAD BALANCING =============== 437.773
Info: useSync: 0 useProxySync: 0
LDB: =============== DONE WITH MIGRATION ================ 437.774
LDB: ============= START OF LOAD BALANCING ============== 445.412
LDB: ============== END OF LOAD BALANCING =============== 445.412
Info: useSync: 0 useProxySync: 0
LDB: =============== DONE WITH MIGRATION ================ 445.412
LDB: ============= START OF LOAD BALANCING ============== 445.576
LDB: TIME 445.576 LOAD: AVG 0.0137725 MAX 0.146115  PROXIES: TOTAL 112 MAXPE 7 MAXPATCH 7 None MEM: 0 MB
LDB: TIME 445.576 LOAD: AVG 0.0137725 MAX 0.146115  PROXIES: TOTAL 112 MAXPE 7 MAXPATCH 7 RefineTorusLB MEM: 0 MB
LDB: TIME 445.576 LOAD: AVG 0.0137725 MAX 0.146115  PROXIES: TOTAL 112 MAXPE 7 MAXPATCH 7 RefineTorusLB MEM: 0 MB
LDB: ============== END OF LOAD BALANCING =============== 445.576
Info: useSync: 0 useProxySync: 0
LDB: =============== DONE WITH MIGRATION ================ 445.577
WRITING COORDINATES TO DCD FILE MD.dcd AT STEP 110000
PRESSURE: 110000 -612.484 -28.494 185.708 -534.923 -833.06 -642.157 452.286 -187.528 415.563
GPRESSURE: 110000 -682.371 -91.8278 182.413 -612.676 -842.741 -749.85 381.355 1.56237 523.554
PRESSAVG: 110000 -262.903 54.9203 27.5975 34.7709 -182.563 14.201 10.4583 26.0667 106.856
GPRESSAVG: 110000 -263.029 55.2307 27.1178 35.0168 -182.568 14.5427 10.2842 25.9486 106.727
ENERGY:  110000         0.0000         0.0000         0.0000         0.0000          -5634.6113       376.9347         0.0000         0.0000       944.5880          -4313.0885       300.0873     -5257.6765     -4310.4642       297.5807           -343.3268      -333.8526     22548.0941      -112.8701      -112.9565

LDB: ============= START OF LOAD BALANCING ============== 452.264
LDB: ============== END OF LOAD BALANCING =============== 452.264
Info: useSync: 0 useProxySync: 0
LDB: =============== DONE WITH MIGRATION ================ 452.264
LDB: ============= START OF LOAD BALANCING ============== 452.567
LDB: TIME 452.567 LOAD: AVG 0.0150856 MAX 0.15384  PROXIES: TOTAL 112 MAXPE 7 MAXPATCH 7 None MEM: 0 MB
LDB: TIME 452.567 LOAD: AVG 0.0150856 MAX 0.15384  PROXIES: TOTAL 112 MAXPE 7 MAXPATCH 7 RefineTorusLB MEM: 0 MB
LDB: TIME 452.567 LOAD: AVG 0.0150856 MAX 0.15384  PROXIES: TOTAL 112 MAXPE 7 MAXPATCH 7 RefineTorusLB MEM: 0 MB
LDB: ============== END OF LOAD BALANCING =============== 452.567
Info: useSync: 0 useProxySync: 0
LDB: =============== DONE WITH MIGRATION ================ 452.568
LDB: ============= START OF LOAD BALANCING ============== 460.509
LDB: ============== END OF LOAD BALANCING =============== 460.509
Info: useSync: 0 useProxySync: 0
LDB: =============== DONE WITH MIGRATION ================ 460.509
LDB: ============= START OF LOAD BALANCING ============== 460.689
LDB: TIME 460.689 LOAD: AVG 0.0147169 MAX 0.163455  PROXIES: TOTAL 112 MAXPE 7 MAXPATCH 7 None MEM: 0 MB
LDB: TIME 460.689 LOAD: AVG 0.0147169 MAX 0.163455  PROXIES: TOTAL 112 MAXPE 7 MAXPATCH 7 RefineTorusLB MEM: 0 MB
LDB: TIME 460.69 LOAD: AVG 0.0147169 MAX 0.163455  PROXIES: TOTAL 112 MAXPE 7 MAXPATCH 7 RefineTorusLB MEM: 0 MB
LDB: Reverting to original mapping
LDB: ============== END OF LOAD BALANCING =============== 460.69
Info: useSync: 0 useProxySync: 0
LDB: =============== DONE WITH MIGRATION ================ 460.69
LDB: ============= START OF LOAD BALANCING ============== 468.054
LDB: ============== END OF LOAD BALANCING =============== 468.054
Info: useSync: 0 useProxySync: 0
LDB: =============== DONE WITH MIGRATION ================ 468.055
LDB: ============= START OF LOAD BALANCING ============== 468.335
LDB: TIME 468.336 LOAD: AVG 0.015257 MAX 0.145845  PROXIES: TOTAL 112 MAXPE 7 MAXPATCH 7 None MEM: 0 MB
LDB: TIME 468.336 LOAD: AVG 0.015257 MAX 0.145845  PROXIES: TOTAL 112 MAXPE 7 MAXPATCH 7 RefineTorusLB MEM: 0 MB
LDB: TIME 468.336 LOAD: AVG 0.015257 MAX 0.145845  PROXIES: TOTAL 112 MAXPE 7 MAXPATCH 7 RefineTorusLB MEM: 0 MB
LDB: Reverting to original mapping
LDB: ============== END OF LOAD BALANCING =============== 468.336
Info: useSync: 0 useProxySync: 0
LDB: =============== DONE WITH MIGRATION ================ 468.336
WRITING COORDINATES TO DCD FILE MD.dcd AT STEP 115000
PRESSURE: 115000 -494.043 443.624 209.373 303.085 376.291 -203.06 25.5511 -95.9055 -869.093
GPRESSURE: 115000 -552.826 569.125 180.426 148.29 271.19 -370.393 8.08056 294.483 -682.922
PRESSAVG: 115000 -177.205 27.3909 -71.1786 46.5878 -250.303 20.9365 -64.8865 80.669 227.314
GPRESSAVG: 115000 -177.405 27.2793 -71.2049 47.3784 -250.41 20.6623 -64.7997 80.3175 227.294
ENERGY:  115000         0.0000         0.0000         0.0000         0.0000          -5629.3783       384.2540         0.0000         0.0000      1004.4369          -4240.6873       319.1008     -5245.1243     -4239.8390       300.4457           -328.9486      -321.5193     22548.0941       -66.7310       -66.8405

LDB: ============= START OF LOAD BALANCING ============== 477.01
LDB: ============== END OF LOAD BALANCING =============== 477.01
Info: useSync: 0 useProxySync: 0
LDB: =============== DONE WITH MIGRATION ================ 477.01
LDB: ============= START OF LOAD BALANCING ============== 477.321
LDB: TIME 477.321 LOAD: AVG 0.0175319 MAX 0.203025  PROXIES: TOTAL 112 MAXPE 7 MAXPATCH 7 None MEM: 0 MB
LDB: TIME 477.321 LOAD: AVG 0.0175319 MAX 0.203025  PROXIES: TOTAL 112 MAXPE 7 MAXPATCH 7 RefineTorusLB MEM: 0 MB
LDB: TIME 477.321 LOAD: AVG 0.0175319 MAX 0.203025  PROXIES: TOTAL 112 MAXPE 7 MAXPATCH 7 RefineTorusLB MEM: 0 MB
LDB: Reverting to original mapping
LDB: ============== END OF LOAD BALANCING =============== 477.321
Info: useSync: 0 useProxySync: 0
LDB: =============== DONE WITH MIGRATION ================ 477.321
LDB: ============= START OF LOAD BALANCING ============== 485.371
LDB: ============== END OF LOAD BALANCING =============== 485.371
Info: useSync: 0 useProxySync: 0
LDB: =============== DONE WITH MIGRATION ================ 485.371
LDB: ============= START OF LOAD BALANCING ============== 485.574
LDB: TIME 485.574 LOAD: AVG 0.0143863 MAX 0.151314  PROXIES: TOTAL 112 MAXPE 7 MAXPATCH 7 None MEM: 0 MB
LDB: TIME 485.574 LOAD: AVG 0.0143863 MAX 0.151314  PROXIES: TOTAL 112 MAXPE 7 MAXPATCH 7 RefineTorusLB MEM: 0 MB
LDB: TIME 485.574 LOAD: AVG 0.0143863 MAX 0.151314  PROXIES: TOTAL 112 MAXPE 7 MAXPATCH 7 RefineTorusLB MEM: 0 MB
LDB: ============== END OF LOAD BALANCING =============== 485.574
Info: useSync: 0 useProxySync: 0
LDB: =============== DONE WITH MIGRATION ================ 485.575
PRESSURE: 120000 -895.478 -157.04 258.363 -290.502 -471.85 -519.358 439.097 -168.721 664.077
GPRESSURE: 120000 -967.389 -135.009 330.454 -309.398 -492.961 -617.814 375.168 -139.07 819.017
PRESSAVG: 120000 -265.946 -4.59762 -25.2037 22.2379 -232.475 -25.4216 -99.3694 -48.5631 204.144
GPRESSAVG: 120000 -266.415 -4.37958 -24.8406 22.2243 -232.722 -25.6306 -99.0938 -47.9386 203.992
ENERGY:  120000         0.0000         0.0000         0.0000         0.0000          -5626.5656       390.8942         0.0000         0.0000       943.2562          -4292.4152       299.6642     -5235.6714     -4289.8268       298.2831           -234.4169      -213.7777     22548.0941       -98.0925       -98.3816

WRITING COORDINATES TO DCD FILE MD.dcd AT STEP 120000
LDB: ============= START OF LOAD BALANCING ============== 493.418
LDB: ============== END OF LOAD BALANCING =============== 493.418
Info: useSync: 0 useProxySync: 0
LDB: =============== DONE WITH MIGRATION ================ 493.418
LDB: ============= START OF LOAD BALANCING ============== 493.606
LDB: TIME 493.606 LOAD: AVG 0.0152259 MAX 0.170129  PROXIES: TOTAL 112 MAXPE 7 MAXPATCH 7 None MEM: 0 MB
LDB: TIME 493.606 LOAD: AVG 0.0152259 MAX 0.170129  PROXIES: TOTAL 112 MAXPE 7 MAXPATCH 7 RefineTorusLB MEM: 0 MB
LDB: TIME 493.606 LOAD: AVG 0.0152259 MAX 0.170129  PROXIES: TOTAL 112 MAXPE 7 MAXPATCH 7 RefineTorusLB MEM: 0 MB
LDB: ============== END OF LOAD BALANCING =============== 493.607
Info: useSync: 0 useProxySync: 0
LDB: =============== DONE WITH MIGRATION ================ 493.607
LDB: ============= START OF LOAD BALANCING ============== 501.825
LDB: ============== END OF LOAD BALANCING =============== 501.825
Info: useSync: 0 useProxySync: 0
LDB: =============== DONE WITH MIGRATION ================ 501.825
LDB: ============= START OF LOAD BALANCING ============== 501.986
LDB: TIME 501.986 LOAD: AVG 0.0135248 MAX 0.147284  PROXIES: TOTAL 112 MAXPE 7 MAXPATCH 7 None MEM: 0 MB
LDB: TIME 501.986 LOAD: AVG 0.0135248 MAX 0.147284  PROXIES: TOTAL 112 MAXPE 7 MAXPATCH 7 RefineTorusLB MEM: 0 MB
LDB: TIME 501.986 LOAD: AVG 0.0135248 MAX 0.147284  PROXIES: TOTAL 112 MAXPE 7 MAXPATCH 7 RefineTorusLB MEM: 0 MB
LDB: ============== END OF LOAD BALANCING =============== 501.986
Info: useSync: 0 useProxySync: 0
LDB: =============== DONE WITH MIGRATION ================ 501.987
LDB: ============= START OF LOAD BALANCING ============== 509.492
LDB: ============== END OF LOAD BALANCING =============== 509.492
Info: useSync: 0 useProxySync: 0
LDB: =============== DONE WITH MIGRATION ================ 509.492
LDB: ============= START OF LOAD BALANCING ============== 509.651
LDB: TIME 509.651 LOAD: AVG 0.0132925 MAX 0.145859  PROXIES: TOTAL 112 MAXPE 7 MAXPATCH 7 None MEM: 0 MB
LDB: TIME 509.651 LOAD: AVG 0.0132925 MAX 0.145859  PROXIES: TOTAL 112 MAXPE 7 MAXPATCH 7 RefineTorusLB MEM: 0 MB
LDB: TIME 509.651 LOAD: AVG 0.0132925 MAX 0.145859  PROXIES: TOTAL 112 MAXPE 7 MAXPATCH 7 RefineTorusLB MEM: 0 MB
LDB: Reverting to original mapping
LDB: ============== END OF LOAD BALANCING =============== 509.651
Info: useSync: 0 useProxySync: 0
LDB: =============== DONE WITH MIGRATION ================ 509.651
PRESSURE: 125000 175.27 -54.8841 -238.034 253.39 -11.8607 16.5235 -189.134 -56.6864 -259.265
GPRESSURE: 125000 90.4413 -95.0959 -302.19 49.1828 159.99 125.075 -246.935 12.9287 -246.668
PRESSAVG: 125000 -126.217 -5.50005 -13.5457 -21.716 -193.244 110.828 -43.4398 123.789 209.065
GPRESSAVG: 125000 -126.335 -5.67012 -14.2661 -21.797 -193.112 111.178 -43.4206 123.054 209.012
ENERGY:  125000         0.0000         0.0000         0.0000         0.0000          -5589.0738       379.3533         0.0000         0.0000       922.0670          -4287.6536       292.9326     -5209.7206     -4285.2341       299.2211            -31.9519         1.2543     22548.0941       -36.7987       -36.8114

WRITING COORDINATES TO DCD FILE MD.dcd AT STEP 125000
LDB: ============= START OF LOAD BALANCING ============== 516.373
LDB: ============== END OF LOAD BALANCING =============== 516.373
Info: useSync: 0 useProxySync: 0
LDB: =============== DONE WITH MIGRATION ================ 516.373
LDB: ============= START OF LOAD BALANCING ============== 516.533
LDB: TIME 516.533 LOAD: AVG 0.0132771 MAX 0.145853  PROXIES: TOTAL 112 MAXPE 7 MAXPATCH 7 None MEM: 0 MB
LDB: TIME 516.534 LOAD: AVG 0.0132771 MAX 0.145853  PROXIES: TOTAL 112 MAXPE 7 MAXPATCH 7 RefineTorusLB MEM: 0 MB
LDB: TIME 516.534 LOAD: AVG 0.0132771 MAX 0.145853  PROXIES: TOTAL 112 MAXPE 7 MAXPATCH 7 RefineTorusLB MEM: 0 MB
LDB: Reverting to original mapping
LDB: ============== END OF LOAD BALANCING =============== 516.534
Info: useSync: 0 useProxySync: 0
LDB: =============== DONE WITH MIGRATION ================ 516.534
LDB: ============= START OF LOAD BALANCING ============== 524.825
LDB: ============== END OF LOAD BALANCING =============== 524.828
Info: useSync: 0 useProxySync: 0
LDB: =============== DONE WITH MIGRATION ================ 524.84
LDB: ============= START OF LOAD BALANCING ============== 525.117
LDB: TIME 525.117 LOAD: AVG 0.0157756 MAX 0.145267  PROXIES: TOTAL 112 MAXPE 7 MAXPATCH 7 None MEM: 0 MB
LDB: TIME 525.117 LOAD: AVG 0.0157756 MAX 0.145267  PROXIES: TOTAL 112 MAXPE 7 MAXPATCH 7 RefineTorusLB MEM: 0 MB
LDB: TIME 525.117 LOAD: AVG 0.0157756 MAX 0.145267  PROXIES: TOTAL 112 MAXPE 7 MAXPATCH 7 RefineTorusLB MEM: 0 MB
LDB: ============== END OF LOAD BALANCING =============== 525.117
Info: useSync: 0 useProxySync: 0
LDB: =============== DONE WITH MIGRATION ================ 525.121
WRITING COORDINATES TO DCD FILE MD.dcd AT STEP 130000
PRESSURE: 130000 -481.97 581.143 2.8541 179.206 -461.534 443.706 393.713 876.161 1112.19
GPRESSURE: 130000 -414.977 740.196 -214.209 160.814 -522.435 515.785 870.155 341.001 1163.91
PRESSAVG: 130000 -152.34 21.7146 44.1952 6.30251 -234.848 57.213 35.1178 83.1618 296.994
GPRESSAVG: 130000 -152.322 21.7663 44.545 6.2778 -234.876 57.1438 35.018 83.3833 297.343
ENERGY:  130000         0.0000         0.0000         0.0000         0.0000          -5612.1508       392.6580         0.0000         0.0000       950.0932          -4269.3996       301.8363     -5219.4928     -4266.0519       303.9842             56.2277        75.5003     22548.0941       -30.0643       -29.9514

LDB: ============= START OF LOAD BALANCING ============== 532.613
LDB: ============== END OF LOAD BALANCING =============== 532.613
Info: useSync: 0 useProxySync: 0
LDB: =============== DONE WITH MIGRATION ================ 532.613
LDB: ============= START OF LOAD BALANCING ============== 532.867
LDB: TIME 532.867 LOAD: AVG 0.0150742 MAX 0.159482  PROXIES: TOTAL 112 MAXPE 7 MAXPATCH 7 None MEM: 0 MB
LDB: TIME 532.867 LOAD: AVG 0.0150742 MAX 0.159482  PROXIES: TOTAL 112 MAXPE 7 MAXPATCH 7 RefineTorusLB MEM: 0 MB
LDB: TIME 532.867 LOAD: AVG 0.0150742 MAX 0.159482  PROXIES: TOTAL 112 MAXPE 7 MAXPATCH 7 RefineTorusLB MEM: 0 MB
LDB: Reverting to original mapping
LDB: ============== END OF LOAD BALANCING =============== 532.868
Info: useSync: 0 useProxySync: 0
LDB: =============== DONE WITH MIGRATION ================ 532.869
LDB: ============= START OF LOAD BALANCING ============== 540.556
LDB: ============== END OF LOAD BALANCING =============== 540.557
Info: useSync: 0 useProxySync: 0
LDB: =============== DONE WITH MIGRATION ================ 540.557
LDB: ============= START OF LOAD BALANCING ============== 540.719
LDB: TIME 540.719 LOAD: AVG 0.013437 MAX 0.147194  PROXIES: TOTAL 112 MAXPE 7 MAXPATCH 7 None MEM: 0 MB
LDB: TIME 540.72 LOAD: AVG 0.013437 MAX 0.147194  PROXIES: TOTAL 112 MAXPE 7 MAXPATCH 7 RefineTorusLB MEM: 0 MB
LDB: TIME 540.72 LOAD: AVG 0.013437 MAX 0.147194  PROXIES: TOTAL 112 MAXPE 7 MAXPATCH 7 RefineTorusLB MEM: 0 MB
LDB: Reverting to original mapping
LDB: ============== END OF LOAD BALANCING =============== 540.72
Info: useSync: 0 useProxySync: 0
LDB: =============== DONE WITH MIGRATION ================ 540.72
LDB: ============= START OF LOAD BALANCING ============== 548.45
LDB: ============== END OF LOAD BALANCING =============== 548.45
Info: useSync: 0 useProxySync: 0
LDB: =============== DONE WITH MIGRATION ================ 548.451
LDB: ============= START OF LOAD BALANCING ============== 548.736
LDB: TIME 548.736 LOAD: AVG 0.0153557 MAX 0.153254  PROXIES: TOTAL 112 MAXPE 7 MAXPATCH 7 None MEM: 0 MB
LDB: TIME 548.736 LOAD: AVG 0.0153557 MAX 0.153254  PROXIES: TOTAL 112 MAXPE 7 MAXPATCH 7 RefineTorusLB MEM: 0 MB
LDB: TIME 548.736 LOAD: AVG 0.0153557 MAX 0.153254  PROXIES: TOTAL 112 MAXPE 7 MAXPATCH 7 RefineTorusLB MEM: 0 MB
LDB: Reverting to original mapping
LDB: ============== END OF LOAD BALANCING =============== 548.737
Info: useSync: 0 useProxySync: 0
LDB: =============== DONE WITH MIGRATION ================ 548.737
WRITING COORDINATES TO DCD FILE MD.dcd AT STEP 135000
PRESSURE: 135000 -539.218 -92.9622 144.651 19.8909 -298.485 -12.4044 364.404 379.916 -20.9112
GPRESSURE: 135000 -326.081 -252.182 306.146 -36.2263 -415.807 -210.765 199.603 661.332 -5.25779
PRESSAVG: 135000 -367.333 -4.33097 -19.9584 -23.1629 -325.391 35.2089 8.35485 150.284 90.9161
GPRESSAVG: 135000 -367.318 -4.18144 -20.2406 -23.0278 -325.526 34.8821 8.02432 150.206 90.8719
ENERGY:  135000         0.0000         0.0000         0.0000         0.0000          -5571.8609       371.3546         0.0000         0.0000       941.1786          -4259.3276       299.0042     -5200.5062     -4256.2813       297.5129           -286.2047      -249.0488     22548.0941      -200.6024      -200.6573

LDB: ============= START OF LOAD BALANCING ============== 556.705
LDB: ============== END OF LOAD BALANCING =============== 556.705
Info: useSync: 0 useProxySync: 0
LDB: =============== DONE WITH MIGRATION ================ 556.705
LDB: ============= START OF LOAD BALANCING ============== 556.899
LDB: TIME 556.899 LOAD: AVG 0.0153935 MAX 0.177181  PROXIES: TOTAL 112 MAXPE 7 MAXPATCH 7 None MEM: 0 MB
LDB: TIME 556.899 LOAD: AVG 0.0153935 MAX 0.177181  PROXIES: TOTAL 112 MAXPE 7 MAXPATCH 7 RefineTorusLB MEM: 0 MB
LDB: TIME 556.899 LOAD: AVG 0.0153935 MAX 0.177181  PROXIES: TOTAL 112 MAXPE 7 MAXPATCH 7 RefineTorusLB MEM: 0 MB
LDB: Reverting to original mapping
LDB: ============== END OF LOAD BALANCING =============== 556.899
Info: useSync: 0 useProxySync: 0
LDB: =============== DONE WITH MIGRATION ================ 556.899
LDB: ============= START OF LOAD BALANCING ============== 565.271
LDB: ============== END OF LOAD BALANCING =============== 565.271
Info: useSync: 0 useProxySync: 0
LDB: =============== DONE WITH MIGRATION ================ 565.271
LDB: ============= START OF LOAD BALANCING ============== 565.46
LDB: TIME 565.46 LOAD: AVG 0.0152119 MAX 0.172285  PROXIES: TOTAL 112 MAXPE 7 MAXPATCH 7 None MEM: 0 MB
LDB: TIME 565.46 LOAD: AVG 0.0152119 MAX 0.172285  PROXIES: TOTAL 112 MAXPE 7 MAXPATCH 7 RefineTorusLB MEM: 0 MB
LDB: TIME 565.46 LOAD: AVG 0.0152119 MAX 0.172285  PROXIES: TOTAL 112 MAXPE 7 MAXPATCH 7 RefineTorusLB MEM: 0 MB
LDB: Reverting to original mapping
LDB: ============== END OF LOAD BALANCING =============== 565.46
Info: useSync: 0 useProxySync: 0
LDB: =============== DONE WITH MIGRATION ================ 565.461
WRITING COORDINATES TO DCD FILE MD.dcd AT STEP 140000
PRESSURE: 140000 -1179.02 404.585 -45.1796 431.852 -519.378 -534.32 40.455 -381.332 848.474
GPRESSURE: 140000 -1014.44 452.644 -44.0916 281.629 -548.825 -309.536 32.7879 -269.104 702.718
PRESSAVG: 140000 -188.463 -25.606 88.9861 4.74723 -187.469 87.3018 67.7925 63.9928 381.108
GPRESSAVG: 140000 -188.443 -26.0823 89.2135 5.1064 -187.431 87.3918 67.9539 63.7018 381.19
ENERGY:  140000         0.0000         0.0000         0.0000         0.0000          -5544.5351       368.3649         0.0000         0.0000       957.0196          -4219.1505       304.0367     -5176.1702     -4217.9465       306.4454           -283.3079      -286.8483     22548.0941         1.7252         1.7720

LDB: ============= START OF LOAD BALANCING ============== 573.186
LDB: ============== END OF LOAD BALANCING =============== 573.186
Info: useSync: 0 useProxySync: 0
LDB: =============== DONE WITH MIGRATION ================ 573.186
LDB: ============= START OF LOAD BALANCING ============== 573.347
LDB: TIME 573.347 LOAD: AVG 0.0135962 MAX 0.147381  PROXIES: TOTAL 112 MAXPE 7 MAXPATCH 7 None MEM: 0 MB
LDB: TIME 573.347 LOAD: AVG 0.0135962 MAX 0.147381  PROXIES: TOTAL 112 MAXPE 7 MAXPATCH 7 RefineTorusLB MEM: 0 MB
LDB: TIME 573.347 LOAD: AVG 0.0135962 MAX 0.147381  PROXIES: TOTAL 112 MAXPE 7 MAXPATCH 7 RefineTorusLB MEM: 0 MB
LDB: Reverting to original mapping
LDB: ============== END OF LOAD BALANCING =============== 573.347
Info: useSync: 0 useProxySync: 0
LDB: =============== DONE WITH MIGRATION ================ 573.348
LDB: ============= START OF LOAD BALANCING ============== 580.832
LDB: ============== END OF LOAD BALANCING =============== 580.833
Info: useSync: 0 useProxySync: 0
LDB: =============== DONE WITH MIGRATION ================ 580.833
LDB: ============= START OF LOAD BALANCING ============== 581.087
LDB: TIME 581.087 LOAD: AVG 0.0162314 MAX 0.18335  PROXIES: TOTAL 112 MAXPE 7 MAXPATCH 7 None MEM: 0 MB
LDB: TIME 581.087 LOAD: AVG 0.0162314 MAX 0.18335  PROXIES: TOTAL 112 MAXPE 7 MAXPATCH 7 RefineTorusLB MEM: 0 MB
LDB: TIME 581.087 LOAD: AVG 0.0162314 MAX 0.18335  PROXIES: TOTAL 112 MAXPE 7 MAXPATCH 7 RefineTorusLB MEM: 0 MB
LDB: ============== END OF LOAD BALANCING =============== 581.087
Info: useSync: 0 useProxySync: 0
LDB: =============== DONE WITH MIGRATION ================ 581.087
LDB: ============= START OF LOAD BALANCING ============== 588.845
LDB: ============== END OF LOAD BALANCING =============== 588.845
Info: useSync: 0 useProxySync: 0
LDB: =============== DONE WITH MIGRATION ================ 588.845
LDB: ============= START OF LOAD BALANCING ============== 589.008
LDB: TIME 589.008 LOAD: AVG 0.0135379 MAX 0.145398  PROXIES: TOTAL 112 MAXPE 7 MAXPATCH 7 None MEM: 0 MB
LDB: TIME 589.008 LOAD: AVG 0.0135379 MAX 0.145398  PROXIES: TOTAL 112 MAXPE 7 MAXPATCH 7 RefineTorusLB MEM: 0 MB
LDB: TIME 589.008 LOAD: AVG 0.0135379 MAX 0.145398  PROXIES: TOTAL 112 MAXPE 7 MAXPATCH 7 RefineTorusLB MEM: 0 MB
LDB: Reverting to original mapping
LDB: ============== END OF LOAD BALANCING =============== 589.008
Info: useSync: 0 useProxySync: 0
LDB: =============== DONE WITH MIGRATION ================ 589.008
WRITING COORDINATES TO DCD FILE MD.dcd AT STEP 145000
PRESSURE: 145000 668.317 46.8132 21.1773 -292.554 131.462 -151.443 41.6313 -254.556 891.269
GPRESSURE: 145000 653.916 110.107 181.18 -209.27 222.47 -343.093 166.652 42.8496 873.708
PRESSAVG: 145000 -227.539 7.14667 49.66 21.9623 -208.495 5.42971 105.829 1.76566 192.656
GPRESSAVG: 145000 -227.64 7.38215 49.5597 21.6457 -208.602 5.73648 105.575 1.67935 192.802
ENERGY:  145000         0.0000         0.0000         0.0000         0.0000          -5652.0521       448.2770         0.0000         0.0000       947.4578          -4256.3173       300.9990     -5203.7751     -4254.4204       303.6534            563.6828       583.3646     22548.0941       -81.1260       -81.1465

LDB: ============= START OF LOAD BALANCING ============== 597.429
LDB: ============== END OF LOAD BALANCING =============== 597.429
Info: useSync: 0 useProxySync: 0
LDB: =============== DONE WITH MIGRATION ================ 597.429
LDB: ============= START OF LOAD BALANCING ============== 597.589
LDB: TIME 597.589 LOAD: AVG 0.013447 MAX 0.146063  PROXIES: TOTAL 112 MAXPE 7 MAXPATCH 7 None MEM: 0 MB
LDB: TIME 597.59 LOAD: AVG 0.013447 MAX 0.146063  PROXIES: TOTAL 112 MAXPE 7 MAXPATCH 7 RefineTorusLB MEM: 0 MB
LDB: TIME 597.59 LOAD: AVG 0.013447 MAX 0.146063  PROXIES: TOTAL 112 MAXPE 7 MAXPATCH 7 RefineTorusLB MEM: 0 MB
LDB: Reverting to original mapping
LDB: ============== END OF LOAD BALANCING =============== 597.59
Info: useSync: 0 useProxySync: 0
LDB: =============== DONE WITH MIGRATION ================ 597.59
LDB: ============= START OF LOAD BALANCING ============== 605.112
LDB: ============== END OF LOAD BALANCING =============== 605.112
Info: useSync: 0 useProxySync: 0
LDB: =============== DONE WITH MIGRATION ================ 605.112
LDB: ============= START OF LOAD BALANCING ============== 605.273
LDB: TIME 605.273 LOAD: AVG 0.0135071 MAX 0.145807  PROXIES: TOTAL 112 MAXPE 7 MAXPATCH 7 None MEM: 0 MB
LDB: TIME 605.273 LOAD: AVG 0.0135071 MAX 0.145807  PROXIES: TOTAL 112 MAXPE 7 MAXPATCH 7 RefineTorusLB MEM: 0 MB
LDB: TIME 605.273 LOAD: AVG 0.0135071 MAX 0.145807  PROXIES: TOTAL 112 MAXPE 7 MAXPATCH 7 RefineTorusLB MEM: 0 MB
LDB: Reverting to original mapping
LDB: ============== END OF LOAD BALANCING =============== 605.273
Info: useSync: 0 useProxySync: 0
LDB: =============== DONE WITH MIGRATION ================ 605.274
WRITING COORDINATES TO DCD FILE MD.dcd AT STEP 150000
WRITING COORDINATES TO RESTART FILE AT STEP 150000
FINISHED WRITING RESTART COORDINATES
WRITING VELOCITIES TO RESTART FILE AT STEP 150000
FINISHED WRITING RESTART VELOCITIES
The last velocity output (seq=150000) takes 0.000 seconds, 0.000 MB of memory in use
PRESSURE: 150000 -721.711 90.8409 -126.978 -158.392 33.7365 275.001 -386.826 217.463 835.532
GPRESSURE: 150000 -854.558 -27.9403 -122.721 -249.778 263.07 96.8887 -231.885 407.192 772.53
PRESSAVG: 150000 -205.957 22.534 -14.9048 35.3515 -142.212 51.8162 -60.4773 27.454 74.6262
GPRESSAVG: 150000 -205.916 22.5743 -14.7597 35.3821 -141.967 51.9771 -60.3241 27.2227 74.546
TIMING: 150000  CPU: 576.067, 0.00379718/step  Wall: 612.098, 0.00399881/step, 0.388773 hours remaining, 0.000000 MB of memory in use.
PERFORMANCE: 150000  averaging 42.3481 ns/day, 0.00408046 sec/step with standard deviation 8.98506e-05
ETITLE:      TS           BOND          ANGLE          DIHED          IMPRP               ELECT            VDW       BOUNDARY           MISC        KINETIC               TOTAL           TEMP      POTENTIAL         TOTAL3        TEMPAVG            PRESSURE      GPRESSURE         VOLUME       PRESSAVG      GPRESSAVG

ENERGY:  150000         0.0000         0.0000         0.0000         0.0000          -5615.9926       405.3311         0.0000         0.0000       960.2027          -4250.4588       305.0480     -5210.6615     -4247.1584       300.8752             49.1858        60.3473     22548.0941       -91.1807       -91.1123

WRITING EXTENDED SYSTEM TO RESTART FILE AT STEP 150000
LDB: ============= START OF LOAD BALANCING ============== 613.072
LDB: ============== END OF LOAD BALANCING =============== 613.073
Info: useSync: 0 useProxySync: 0
LDB: =============== DONE WITH MIGRATION ================ 613.073
LDB: ============= START OF LOAD BALANCING ============== 613.236
LDB: TIME 613.236 LOAD: AVG 0.0137531 MAX 0.146545  PROXIES: TOTAL 112 MAXPE 7 MAXPATCH 7 None MEM: 0 MB
LDB: TIME 613.236 LOAD: AVG 0.0137531 MAX 0.146545  PROXIES: TOTAL 112 MAXPE 7 MAXPATCH 7 RefineTorusLB MEM: 0 MB
LDB: TIME 613.236 LOAD: AVG 0.0137531 MAX 0.146545  PROXIES: TOTAL 112 MAXPE 7 MAXPATCH 7 RefineTorusLB MEM: 0 MB
LDB: Reverting to original mapping
LDB: ============== END OF LOAD BALANCING =============== 613.236
Info: useSync: 0 useProxySync: 0
LDB: =============== DONE WITH MIGRATION ================ 613.236
LDB: ============= START OF LOAD BALANCING ============== 620.929
LDB: ============== END OF LOAD BALANCING =============== 620.929
Info: useSync: 0 useProxySync: 0
LDB: =============== DONE WITH MIGRATION ================ 620.929
LDB: ============= START OF LOAD BALANCING ============== 621.094
LDB: TIME 621.094 LOAD: AVG 0.0138833 MAX 0.148389  PROXIES: TOTAL 112 MAXPE 7 MAXPATCH 7 None MEM: 0 MB
LDB: TIME 621.094 LOAD: AVG 0.0138833 MAX 0.148389  PROXIES: TOTAL 112 MAXPE 7 MAXPATCH 7 RefineTorusLB MEM: 0 MB
LDB: TIME 621.094 LOAD: AVG 0.0138833 MAX 0.148389  PROXIES: TOTAL 112 MAXPE 7 MAXPATCH 7 RefineTorusLB MEM: 0 MB
LDB: Reverting to original mapping
LDB: ============== END OF LOAD BALANCING =============== 621.094
Info: useSync: 0 useProxySync: 0
LDB: =============== DONE WITH MIGRATION ================ 621.095
LDB: ============= START OF LOAD BALANCING ============== 628.893
LDB: ============== END OF LOAD BALANCING =============== 628.896
Info: useSync: 0 useProxySync: 0
LDB: =============== DONE WITH MIGRATION ================ 628.906
LDB: ============= START OF LOAD BALANCING ============== 629.146
LDB: TIME 629.147 LOAD: AVG 0.0153095 MAX 0.16999  PROXIES: TOTAL 112 MAXPE 7 MAXPATCH 7 None MEM: 0 MB
LDB: TIME 629.147 LOAD: AVG 0.0153095 MAX 0.16999  PROXIES: TOTAL 112 MAXPE 7 MAXPATCH 7 RefineTorusLB MEM: 0 MB
LDB: TIME 629.147 LOAD: AVG 0.0153095 MAX 0.16999  PROXIES: TOTAL 112 MAXPE 7 MAXPATCH 7 RefineTorusLB MEM: 0 MB
LDB: ============== END OF LOAD BALANCING =============== 629.147
Info: useSync: 0 useProxySync: 0
LDB: =============== DONE WITH MIGRATION ================ 629.147
WRITING COORDINATES TO DCD FILE MD.dcd AT STEP 155000
PRESSURE: 155000 -794.973 -130.968 800.869 -380.622 -554.052 307.031 501.694 145.51 -977.285
GPRESSURE: 155000 -840.866 -52.2764 833.38 -343.679 -581.322 500.1 292.79 16.8649 -893.039
PRESSAVG: 155000 -301.836 -8.0342 -51.3438 49.6331 -273.003 64.2314 -68.3935 94.1651 243.888
GPRESSAVG: 155000 -301.705 -8.40916 -51.5595 49.9968 -273.229 64.0691 -68.5986 94.5889 244.058
ENERGY:  155000         0.0000         0.0000         0.0000         0.0000          -5489.3839       319.6223         0.0000         0.0000       946.4481          -4223.3134       300.6783     -5169.7616     -4220.6753       301.9936           -775.4367      -771.7424     22548.0941      -110.3171      -110.2921

LDB: ============= START OF LOAD BALANCING ============== 637.219
LDB: ============== END OF LOAD BALANCING =============== 637.22
Info: useSync: 0 useProxySync: 0
LDB: =============== DONE WITH MIGRATION ================ 637.237
LDB: ============= START OF LOAD BALANCING ============== 637.441
LDB: TIME 637.441 LOAD: AVG 0.0143349 MAX 0.136874  PROXIES: TOTAL 112 MAXPE 7 MAXPATCH 7 None MEM: 0 MB
LDB: TIME 637.441 LOAD: AVG 0.0143349 MAX 0.136874  PROXIES: TOTAL 112 MAXPE 7 MAXPATCH 7 RefineTorusLB MEM: 0 MB
LDB: TIME 637.441 LOAD: AVG 0.0143349 MAX 0.136874  PROXIES: TOTAL 112 MAXPE 7 MAXPATCH 7 RefineTorusLB MEM: 0 MB
LDB: Reverting to original mapping
LDB: ============== END OF LOAD BALANCING =============== 637.441
Info: useSync: 0 useProxySync: 0
LDB: =============== DONE WITH MIGRATION ================ 637.442
LDB: ============= START OF LOAD BALANCING ============== 645.342
LDB: ============== END OF LOAD BALANCING =============== 645.345
Info: useSync: 0 useProxySync: 0
LDB: =============== DONE WITH MIGRATION ================ 645.357
LDB: ============= START OF LOAD BALANCING ============== 645.682
LDB: TIME 645.683 LOAD: AVG 0.0171135 MAX 0.155407  PROXIES: TOTAL 112 MAXPE 7 MAXPATCH 7 None MEM: 0 MB
LDB: TIME 645.683 LOAD: AVG 0.0171135 MAX 0.155407  PROXIES: TOTAL 112 MAXPE 7 MAXPATCH 7 RefineTorusLB MEM: 0 MB
LDB: TIME 645.683 LOAD: AVG 0.0171135 MAX 0.155407  PROXIES: TOTAL 112 MAXPE 7 MAXPATCH 7 RefineTorusLB MEM: 0 MB
LDB: ============== END OF LOAD BALANCING =============== 645.683
Info: useSync: 0 useProxySync: 0
LDB: =============== DONE WITH MIGRATION ================ 645.684
WRITING COORDINATES TO DCD FILE MD.dcd AT STEP 160000
PRESSURE: 160000 -563.84 49.8485 331.382 -91.9274 -280.276 -107.577 -136.611 -65.4442 -1193.15
GPRESSURE: 160000 -418.055 175.165 262.388 -159.354 -509.133 7.64622 -66.8993 -336.61 -1059.65
PRESSAVG: 160000 -283.468 -31.883 -57.677 -48.857 -241.887 -59.4235 -91.5611 -34.9372 4.7586
GPRESSAVG: 160000 -283.249 -31.8721 -57.8151 -48.362 -241.731 -59.6298 -90.9175 -35.0987 4.74718
ENERGY:  160000         0.0000         0.0000         0.0000         0.0000          -5525.6908       330.8731         0.0000         0.0000       939.2593          -4255.5583       298.3944     -5194.8177     -4254.0843       300.7689           -679.0889      -662.2796     22548.0941      -173.5319      -173.4112

LDB: ============= START OF LOAD BALANCING ============== 654.478
LDB: ============== END OF LOAD BALANCING =============== 654.478
Info: useSync: 0 useProxySync: 0
LDB: =============== DONE WITH MIGRATION ================ 654.478
LDB: ============= START OF LOAD BALANCING ============== 654.664
LDB: TIME 654.664 LOAD: AVG 0.0150787 MAX 0.170138  PROXIES: TOTAL 112 MAXPE 7 MAXPATCH 7 None MEM: 0 MB
LDB: TIME 654.664 LOAD: AVG 0.0150787 MAX 0.170138  PROXIES: TOTAL 112 MAXPE 7 MAXPATCH 7 RefineTorusLB MEM: 0 MB
LDB: TIME 654.664 LOAD: AVG 0.0150787 MAX 0.170138  PROXIES: TOTAL 112 MAXPE 7 MAXPATCH 7 RefineTorusLB MEM: 0 MB
LDB: Reverting to original mapping
LDB: ============== END OF LOAD BALANCING =============== 654.665
Info: useSync: 0 useProxySync: 0
LDB: =============== DONE WITH MIGRATION ================ 654.665
LDB: ============= START OF LOAD BALANCING ============== 662.606
LDB: ============== END OF LOAD BALANCING =============== 662.606
Info: useSync: 0 useProxySync: 0
LDB: =============== DONE WITH MIGRATION ================ 662.606
LDB: ============= START OF LOAD BALANCING ============== 662.771
LDB: TIME 662.771 LOAD: AVG 0.0135086 MAX 0.145923  PROXIES: TOTAL 112 MAXPE 7 MAXPATCH 7 None MEM: 0 MB
LDB: TIME 662.772 LOAD: AVG 0.0135086 MAX 0.145923  PROXIES: TOTAL 112 MAXPE 7 MAXPATCH 7 RefineTorusLB MEM: 0 MB
LDB: TIME 662.772 LOAD: AVG 0.0135086 MAX 0.145923  PROXIES: TOTAL 112 MAXPE 7 MAXPATCH 7 RefineTorusLB MEM: 0 MB
LDB: Reverting to original mapping
LDB: ============== END OF LOAD BALANCING =============== 662.772
Info: useSync: 0 useProxySync: 0
LDB: =============== DONE WITH MIGRATION ================ 662.772
LDB: ============= START OF LOAD BALANCING ============== 671.013
LDB: ============== END OF LOAD BALANCING =============== 671.017
Info: useSync: 0 useProxySync: 0
LDB: =============== DONE WITH MIGRATION ================ 671.025
LDB: ============= START OF LOAD BALANCING ============== 671.255
LDB: TIME 671.255 LOAD: AVG 0.0143385 MAX 0.160767  PROXIES: TOTAL 112 MAXPE 7 MAXPATCH 7 None MEM: 0 MB
LDB: TIME 671.255 LOAD: AVG 0.0143385 MAX 0.160767  PROXIES: TOTAL 112 MAXPE 7 MAXPATCH 7 RefineTorusLB MEM: 0 MB
LDB: TIME 671.255 LOAD: AVG 0.0143385 MAX 0.160767  PROXIES: TOTAL 112 MAXPE 7 MAXPATCH 7 RefineTorusLB MEM: 0 MB
LDB: ============== END OF LOAD BALANCING =============== 671.255
Info: useSync: 0 useProxySync: 0
LDB: =============== DONE WITH MIGRATION ================ 671.256
PRESSURE: 165000 -952.616 19.1985 614.05 323.263 -531.027 334.416 770.563 412.308 757.753
GPRESSURE: 165000 -926.063 291.251 605.861 -44.2659 -459.261 359.216 615.95 291.704 708.583
PRESSAVG: 165000 -318.865 -23.2811 31.2754 -37.6405 -242.871 -58.7028 14.7083 -116.959 168.26
GPRESSAVG: 165000 -318.924 -23.3549 31.6744 -37.8281 -243.207 -58.4031 14.0762 -117.175 168.494
ENERGY:  165000         0.0000         0.0000         0.0000         0.0000          -5620.3511       374.0203         0.0000         0.0000       942.1585          -4304.1723       299.3155     -5246.3307     -4302.9079       297.6484           -241.9634      -225.5805     22548.0941      -131.1586      -131.2122

WRITING COORDINATES TO DCD FILE MD.dcd AT STEP 165000
LDB: ============= START OF LOAD BALANCING ============== 678.587
LDB: ============== END OF LOAD BALANCING =============== 678.587
Info: useSync: 0 useProxySync: 0
LDB: =============== DONE WITH MIGRATION ================ 678.588
LDB: ============= START OF LOAD BALANCING ============== 678.797
LDB: TIME 678.797 LOAD: AVG 0.0142284 MAX 0.145866  PROXIES: TOTAL 112 MAXPE 7 MAXPATCH 7 None MEM: 0 MB
LDB: TIME 678.797 LOAD: AVG 0.0142284 MAX 0.145866  PROXIES: TOTAL 112 MAXPE 7 MAXPATCH 7 RefineTorusLB MEM: 0 MB
LDB: TIME 678.797 LOAD: AVG 0.0142284 MAX 0.145866  PROXIES: TOTAL 112 MAXPE 7 MAXPATCH 7 RefineTorusLB MEM: 0 MB
LDB: Reverting to original mapping
LDB: ============== END OF LOAD BALANCING =============== 678.801
Info: useSync: 0 useProxySync: 0
LDB: =============== DONE WITH MIGRATION ================ 678.802
LDB: ============= START OF LOAD BALANCING ============== 687.869
LDB: ============== END OF LOAD BALANCING =============== 687.869
Info: useSync: 0 useProxySync: 0
LDB: =============== DONE WITH MIGRATION ================ 687.869
LDB: ============= START OF LOAD BALANCING ============== 688.057
LDB: TIME 688.057 LOAD: AVG 0.0151408 MAX 0.173094  PROXIES: TOTAL 112 MAXPE 7 MAXPATCH 7 None MEM: 0 MB
LDB: TIME 688.057 LOAD: AVG 0.0151408 MAX 0.173094  PROXIES: TOTAL 112 MAXPE 7 MAXPATCH 7 RefineTorusLB MEM: 0 MB
LDB: TIME 688.057 LOAD: AVG 0.0151408 MAX 0.173094  PROXIES: TOTAL 112 MAXPE 7 MAXPATCH 7 RefineTorusLB MEM: 0 MB
LDB: Reverting to original mapping
LDB: ============== END OF LOAD BALANCING =============== 688.057
Info: useSync: 0 useProxySync: 0
LDB: =============== DONE WITH MIGRATION ================ 688.058
PRESSURE: 170000 233.163 -94.8847 389.773 -388.026 -740.891 5.83223 21.092 -385.432 1463.87
GPRESSURE: 170000 392.934 -242.434 339.963 -274.64 -672.864 -113.837 210.225 -326.584 1310.91
PRESSAVG: 170000 -255.823 -6.05825 12.1413 6.36621 -265.007 -7.9642 -76.8484 10.0895 112.341
GPRESSAVG: 170000 -255.675 -6.58918 12.26 6.40602 -265.102 -7.95905 -76.9677 9.91088 112.472
ENERGY:  170000         0.0000         0.0000         0.0000         0.0000          -5637.0046       440.8991         0.0000         0.0000       924.3295          -4271.7760       293.6514     -5196.1055     -4270.2345       297.6154            318.7147       343.6596     22548.0941      -136.1632      -136.1018

WRITING COORDINATES TO DCD FILE MD.dcd AT STEP 170000
LDB: ============= START OF LOAD BALANCING ============== 696.802
LDB: ============== END OF LOAD BALANCING =============== 696.802
Info: useSync: 0 useProxySync: 0
LDB: =============== DONE WITH MIGRATION ================ 696.802
LDB: ============= START OF LOAD BALANCING ============== 696.961
LDB: TIME 696.961 LOAD: AVG 0.0133361 MAX 0.145207  PROXIES: TOTAL 112 MAXPE 7 MAXPATCH 7 None MEM: 0 MB
LDB: TIME 696.962 LOAD: AVG 0.0133361 MAX 0.145207  PROXIES: TOTAL 112 MAXPE 7 MAXPATCH 7 RefineTorusLB MEM: 0 MB
LDB: TIME 696.962 LOAD: AVG 0.0133361 MAX 0.145207  PROXIES: TOTAL 112 MAXPE 7 MAXPATCH 7 RefineTorusLB MEM: 0 MB
LDB: ============== END OF LOAD BALANCING =============== 696.962
Info: useSync: 0 useProxySync: 0
LDB: =============== DONE WITH MIGRATION ================ 696.962
LDB: ============= START OF LOAD BALANCING ============== 704.913
LDB: ============== END OF LOAD BALANCING =============== 704.913
Info: useSync: 0 useProxySync: 0
LDB: =============== DONE WITH MIGRATION ================ 704.913
LDB: ============= START OF LOAD BALANCING ============== 705.078
LDB: TIME 705.078 LOAD: AVG 0.0133333 MAX 0.145286  PROXIES: TOTAL 112 MAXPE 7 MAXPATCH 7 None MEM: 0 MB
LDB: TIME 705.078 LOAD: AVG 0.0133333 MAX 0.145286  PROXIES: TOTAL 112 MAXPE 7 MAXPATCH 7 RefineTorusLB MEM: 0 MB
LDB: TIME 705.078 LOAD: AVG 0.0133333 MAX 0.145286  PROXIES: TOTAL 112 MAXPE 7 MAXPATCH 7 RefineTorusLB MEM: 0 MB
LDB: Reverting to original mapping
LDB: ============== END OF LOAD BALANCING =============== 705.078
Info: useSync: 0 useProxySync: 0
LDB: =============== DONE WITH MIGRATION ================ 705.079
LDB: ============= START OF LOAD BALANCING ============== 712.336
LDB: ============== END OF LOAD BALANCING =============== 712.336
Info: useSync: 0 useProxySync: 0
LDB: =============== DONE WITH MIGRATION ================ 712.336
LDB: ============= START OF LOAD BALANCING ============== 712.496
LDB: TIME 712.496 LOAD: AVG 0.0133534 MAX 0.145646  PROXIES: TOTAL 112 MAXPE 7 MAXPATCH 7 None MEM: 0 MB
LDB: TIME 712.496 LOAD: AVG 0.0133534 MAX 0.145646  PROXIES: TOTAL 112 MAXPE 7 MAXPATCH 7 RefineTorusLB MEM: 0 MB
LDB: TIME 712.496 LOAD: AVG 0.0133534 MAX 0.145646  PROXIES: TOTAL 112 MAXPE 7 MAXPATCH 7 RefineTorusLB MEM: 0 MB
LDB: Reverting to original mapping
LDB: ============== END OF LOAD BALANCING =============== 712.496
Info: useSync: 0 useProxySync: 0
LDB: =============== DONE WITH MIGRATION ================ 712.497
WRITING COORDINATES TO DCD FILE MD.dcd AT STEP 175000
PRESSURE: 175000 -342.475 302.59 -203.935 357.012 -779.949 -688.724 -589.575 -220.887 0.110938
GPRESSURE: 175000 -278.009 485.19 -334.24 526.007 -732.975 -552.413 -284.649 172.53 -63.4739
PRESSAVG: 175000 -253.501 18.3323 -25.2279 40.3829 -218.227 -66.149 -32.3303 51.0606 106.09
GPRESSAVG: 175000 -253.141 18.2339 -25.0883 41.0749 -218.186 -65.5886 -31.5676 50.6479 105.964
ENERGY:  175000         0.0000         0.0000         0.0000         0.0000          -5587.3550       370.1817         0.0000         0.0000       916.4470          -4300.7263       291.1472     -5217.1733     -4297.7677       299.0144           -374.1044      -358.1525     22548.0941      -121.8789      -121.7878

LDB: ============= START OF LOAD BALANCING ============== 719.652
LDB: ============== END OF LOAD BALANCING =============== 719.652
Info: useSync: 0 useProxySync: 0
LDB: =============== DONE WITH MIGRATION ================ 719.652
LDB: ============= START OF LOAD BALANCING ============== 719.848
LDB: TIME 719.848 LOAD: AVG 0.0148965 MAX 0.158463  PROXIES: TOTAL 112 MAXPE 7 MAXPATCH 7 None MEM: 0 MB
LDB: TIME 719.848 LOAD: AVG 0.0148965 MAX 0.158463  PROXIES: TOTAL 112 MAXPE 7 MAXPATCH 7 RefineTorusLB MEM: 0 MB
LDB: TIME 719.849 LOAD: AVG 0.0148965 MAX 0.158463  PROXIES: TOTAL 112 MAXPE 7 MAXPATCH 7 RefineTorusLB MEM: 0 MB
LDB: ============== END OF LOAD BALANCING =============== 719.849
Info: useSync: 0 useProxySync: 0
LDB: =============== DONE WITH MIGRATION ================ 719.849
LDB: ============= START OF LOAD BALANCING ============== 726.767
LDB: ============== END OF LOAD BALANCING =============== 726.767
Info: useSync: 0 useProxySync: 0
LDB: =============== DONE WITH MIGRATION ================ 726.767
LDB: ============= START OF LOAD BALANCING ============== 726.93
LDB: TIME 726.93 LOAD: AVG 0.0136327 MAX 0.145258  PROXIES: TOTAL 112 MAXPE 7 MAXPATCH 7 None MEM: 0 MB
LDB: TIME 726.93 LOAD: AVG 0.0136327 MAX 0.145258  PROXIES: TOTAL 112 MAXPE 7 MAXPATCH 7 RefineTorusLB MEM: 0 MB
LDB: TIME 726.93 LOAD: AVG 0.0136327 MAX 0.145258  PROXIES: TOTAL 112 MAXPE 7 MAXPATCH 7 RefineTorusLB MEM: 0 MB
LDB: Reverting to original mapping
LDB: ============== END OF LOAD BALANCING =============== 726.93
Info: useSync: 0 useProxySync: 0
LDB: =============== DONE WITH MIGRATION ================ 726.93
WRITING COORDINATES TO DCD FILE MD.dcd AT STEP 180000
PRESSURE: 180000 -368.529 -248.556 402.634 -390.545 -224.468 -660.409 307.442 -525.974 1311.04
GPRESSURE: 180000 -332.037 -322.523 718.926 -313.771 -198.301 -853.969 -115.573 -203.376 1311.34
PRESSAVG: 180000 -396.975 -6.15155 -36.0522 -7.31033 -327.353 -5.3874 44.521 23.5142 59.8792
GPRESSAVG: 180000 -397.566 -5.92219 -36.1074 -7.67954 -327.331 -5.63514 44.1368 23.8835 60.0226
ENERGY:  180000         0.0000         0.0000         0.0000         0.0000          -5632.7012       419.1548         0.0000         0.0000       931.9283          -4281.6181       296.0654     -5213.5464     -4279.6263       296.4579            239.3476       260.3344     22548.0941      -221.4827      -221.6250

LDB: ============= START OF LOAD BALANCING ============== 733.992
LDB: ============== END OF LOAD BALANCING =============== 733.995
Info: useSync: 0 useProxySync: 0
LDB: =============== DONE WITH MIGRATION ================ 734.017
LDB: ============= START OF LOAD BALANCING ============== 734.323
LDB: TIME 734.323 LOAD: AVG 0.0164943 MAX 0.145823  PROXIES: TOTAL 112 MAXPE 7 MAXPATCH 7 None MEM: 0 MB
LDB: TIME 734.323 LOAD: AVG 0.0164943 MAX 0.145823  PROXIES: TOTAL 112 MAXPE 7 MAXPATCH 7 RefineTorusLB MEM: 0 MB
LDB: TIME 734.323 LOAD: AVG 0.0164943 MAX 0.145823  PROXIES: TOTAL 112 MAXPE 7 MAXPATCH 7 RefineTorusLB MEM: 0 MB
LDB: Reverting to original mapping
LDB: ============== END OF LOAD BALANCING =============== 734.323
Info: useSync: 0 useProxySync: 0
LDB: =============== DONE WITH MIGRATION ================ 734.324
LDB: ============= START OF LOAD BALANCING ============== 742.597
LDB: ============== END OF LOAD BALANCING =============== 742.597
Info: useSync: 0 useProxySync: 0
LDB: =============== DONE WITH MIGRATION ================ 742.598
LDB: ============= START OF LOAD BALANCING ============== 742.923
LDB: TIME 742.932 LOAD: AVG 0.0171261 MAX 0.193535  PROXIES: TOTAL 112 MAXPE 7 MAXPATCH 7 None MEM: 0 MB
LDB: TIME 742.932 LOAD: AVG 0.0171261 MAX 0.193535  PROXIES: TOTAL 112 MAXPE 7 MAXPATCH 7 RefineTorusLB MEM: 0 MB
LDB: TIME 742.932 LOAD: AVG 0.0171261 MAX 0.193535  PROXIES: TOTAL 112 MAXPE 7 MAXPATCH 7 RefineTorusLB MEM: 0 MB
LDB: ============== END OF LOAD BALANCING =============== 742.938
Info: useSync: 0 useProxySync: 0
LDB: =============== DONE WITH MIGRATION ================ 742.976
LDB: ============= START OF LOAD BALANCING ============== 750.065
LDB: ============== END OF LOAD BALANCING =============== 750.065
Info: useSync: 0 useProxySync: 0
LDB: =============== DONE WITH MIGRATION ================ 750.066
LDB: ============= START OF LOAD BALANCING ============== 750.238
LDB: TIME 750.238 LOAD: AVG 0.0133395 MAX 0.144801  PROXIES: TOTAL 112 MAXPE 7 MAXPATCH 7 None MEM: 0 MB
LDB: TIME 750.238 LOAD: AVG 0.0133395 MAX 0.144801  PROXIES: TOTAL 112 MAXPE 7 MAXPATCH 7 RefineTorusLB MEM: 0 MB
LDB: TIME 750.238 LOAD: AVG 0.0133395 MAX 0.144801  PROXIES: TOTAL 112 MAXPE 7 MAXPATCH 7 RefineTorusLB MEM: 0 MB
LDB: Reverting to original mapping
LDB: ============== END OF LOAD BALANCING =============== 750.238
Info: useSync: 0 useProxySync: 0
LDB: =============== DONE WITH MIGRATION ================ 750.239
WRITING COORDINATES TO DCD FILE MD.dcd AT STEP 185000
PRESSURE: 185000 -542.157 436.16 100.011 -115.263 -30.9921 427.603 -224.173 146.22 -58.0477
GPRESSURE: 185000 -460.34 239.088 51.3058 -78.5041 -129.301 544.701 -261.101 123.768 24.8648
PRESSAVG: 185000 -191.78 12.4756 -60.3603 -52.8742 -306.324 43.7214 -114.473 -16.3193 124.542
GPRESSAVG: 185000 -191.665 12.0931 -60.0862 -52.871 -306.077 43.2988 -114.303 -16.6508 124.577
ENERGY:  185000         0.0000         0.0000         0.0000         0.0000          -5587.7741       372.2114         0.0000         0.0000       956.6445          -4258.9182       303.9175     -5215.5627     -4257.0426       298.8049           -210.3988      -188.2589     22548.0941      -124.5209      -124.3882

LDB: ============= START OF LOAD BALANCING ============== 758.501
LDB: ============== END OF LOAD BALANCING =============== 758.504
Info: useSync: 0 useProxySync: 0
LDB: =============== DONE WITH MIGRATION ================ 758.513
LDB: ============= START OF LOAD BALANCING ============== 758.874
LDB: TIME 758.877 LOAD: AVG 0.0192421 MAX 0.167981  PROXIES: TOTAL 112 MAXPE 7 MAXPATCH 7 None MEM: 0 MB
LDB: TIME 758.877 LOAD: AVG 0.0192421 MAX 0.167981  PROXIES: TOTAL 112 MAXPE 7 MAXPATCH 7 RefineTorusLB MEM: 0 MB
LDB: TIME 758.877 LOAD: AVG 0.0192421 MAX 0.167981  PROXIES: TOTAL 112 MAXPE 7 MAXPATCH 7 RefineTorusLB MEM: 0 MB
LDB: Reverting to original mapping
LDB: ============== END OF LOAD BALANCING =============== 758.882
Info: useSync: 0 useProxySync: 0
LDB: =============== DONE WITH MIGRATION ================ 758.92
LDB: ============= START OF LOAD BALANCING ============== 766.954
LDB: ============== END OF LOAD BALANCING =============== 766.954
Info: useSync: 0 useProxySync: 0
LDB: =============== DONE WITH MIGRATION ================ 766.954
LDB: ============= START OF LOAD BALANCING ============== 767.121
LDB: TIME 767.122 LOAD: AVG 0.0135949 MAX 0.145776  PROXIES: TOTAL 112 MAXPE 7 MAXPATCH 7 None MEM: 0 MB
LDB: TIME 767.122 LOAD: AVG 0.0135949 MAX 0.145776  PROXIES: TOTAL 112 MAXPE 7 MAXPATCH 7 RefineTorusLB MEM: 0 MB
LDB: TIME 767.122 LOAD: AVG 0.0135949 MAX 0.145776  PROXIES: TOTAL 112 MAXPE 7 MAXPATCH 7 RefineTorusLB MEM: 0 MB
LDB: Reverting to original mapping
LDB: ============== END OF LOAD BALANCING =============== 767.122
Info: useSync: 0 useProxySync: 0
LDB: =============== DONE WITH MIGRATION ================ 767.122
WRITING COORDINATES TO DCD FILE MD.dcd AT STEP 190000
PRESSURE: 190000 -616.604 355.06 205.618 -16.356 -3.42064 -661.953 -37.3354 -177.062 697.595
GPRESSURE: 190000 -387.903 415.316 508.833 -143.881 -219.687 -472.571 -262.997 -302.441 768.033
PRESSAVG: 190000 -242.138 -33.9548 7.11268 -42.6771 -298.072 -37.925 -36.8673 -85.5721 113.7
GPRESSAVG: 190000 -241.842 -33.5052 6.93403 -42.484 -298.296 -37.7015 -36.8487 -85.5835 113.969
ENERGY:  190000         0.0000         0.0000         0.0000         0.0000          -5615.2246       399.7973         0.0000         0.0000       914.4179          -4301.0094       290.5025     -5215.4273     -4299.2745       296.9252             25.8569        53.4810     22548.0941      -142.1699      -142.0565

LDB: ============= START OF LOAD BALANCING ============== 773.979
LDB: ============== END OF LOAD BALANCING =============== 773.979
Info: useSync: 0 useProxySync: 0
LDB: =============== DONE WITH MIGRATION ================ 773.979
LDB: ============= START OF LOAD BALANCING ============== 774.144
LDB: TIME 774.144 LOAD: AVG 0.0136853 MAX 0.144901  PROXIES: TOTAL 112 MAXPE 7 MAXPATCH 7 None MEM: 0 MB
LDB: TIME 774.144 LOAD: AVG 0.0136853 MAX 0.144901  PROXIES: TOTAL 112 MAXPE 7 MAXPATCH 7 RefineTorusLB MEM: 0 MB
LDB: TIME 774.144 LOAD: AVG 0.0136853 MAX 0.144901  PROXIES: TOTAL 112 MAXPE 7 MAXPATCH 7 RefineTorusLB MEM: 0 MB
LDB: Reverting to original mapping
LDB: ============== END OF LOAD BALANCING =============== 774.144
Info: useSync: 0 useProxySync: 0
LDB: =============== DONE WITH MIGRATION ================ 774.144
LDB: ============= START OF LOAD BALANCING ============== 781.13
LDB: ============== END OF LOAD BALANCING =============== 781.13
Info: useSync: 0 useProxySync: 0
LDB: =============== DONE WITH MIGRATION ================ 781.13
LDB: ============= START OF LOAD BALANCING ============== 781.29
LDB: TIME 781.29 LOAD: AVG 0.0133524 MAX 0.145216  PROXIES: TOTAL 112 MAXPE 7 MAXPATCH 7 None MEM: 0 MB
LDB: TIME 781.29 LOAD: AVG 0.0133524 MAX 0.145216  PROXIES: TOTAL 112 MAXPE 7 MAXPATCH 7 RefineTorusLB MEM: 0 MB
LDB: TIME 781.29 LOAD: AVG 0.0133524 MAX 0.145216  PROXIES: TOTAL 112 MAXPE 7 MAXPATCH 7 RefineTorusLB MEM: 0 MB
LDB: ============== END OF LOAD BALANCING =============== 781.29
Info: useSync: 0 useProxySync: 0
LDB: =============== DONE WITH MIGRATION ================ 781.291
LDB: ============= START OF LOAD BALANCING ============== 789.781
LDB: ============== END OF LOAD BALANCING =============== 789.781
Info: useSync: 0 useProxySync: 0
LDB: =============== DONE WITH MIGRATION ================ 789.781
LDB: ============= START OF LOAD BALANCING ============== 789.945
LDB: TIME 789.946 LOAD: AVG 0.0135279 MAX 0.148258  PROXIES: TOTAL 112 MAXPE 7 MAXPATCH 7 None MEM: 0 MB
LDB: TIME 789.946 LOAD: AVG 0.0135279 MAX 0.148258  PROXIES: TOTAL 112 MAXPE 7 MAXPATCH 7 RefineTorusLB MEM: 0 MB
LDB: TIME 789.946 LOAD: AVG 0.0135279 MAX 0.148258  PROXIES: TOTAL 112 MAXPE 7 MAXPATCH 7 RefineTorusLB MEM: 0 MB
LDB: ============== END OF LOAD BALANCING =============== 789.946
Info: useSync: 0 useProxySync: 0
LDB: =============== DONE WITH MIGRATION ================ 789.946
WRITING COORDINATES TO DCD FILE MD.dcd AT STEP 195000
PRESSURE: 195000 453.501 -77.5776 184.519 -214.701 -512.294 408.791 135.903 24.3516 1012.38
GPRESSURE: 195000 494.424 -136.827 -184.212 -174.488 -561.079 506.452 294.995 -17.7188 1047.09
PRESSAVG: 195000 -266.273 -7.40368 21.3785 7.61831 -291.939 41.0352 5.05989 -21.7516 287.171
GPRESSAVG: 195000 -266.71 -7.2341 20.8398 7.23495 -291.659 41.4148 5.52459 -21.7748 287.202
ENERGY:  195000         0.0000         0.0000         0.0000         0.0000          -5622.9232       411.8638         0.0000         0.0000       983.9080          -4227.1513       312.5789     -5211.0594     -4225.0409       301.3226            317.8616       326.8116     22548.0941       -90.3469       -90.3889

LDB: ============= START OF LOAD BALANCING ============== 798.181
LDB: ============== END OF LOAD BALANCING =============== 798.181
Info: useSync: 0 useProxySync: 0
LDB: =============== DONE WITH MIGRATION ================ 798.181
LDB: ============= START OF LOAD BALANCING ============== 798.369
LDB: TIME 798.369 LOAD: AVG 0.0148775 MAX 0.169037  PROXIES: TOTAL 112 MAXPE 7 MAXPATCH 7 None MEM: 0 MB
LDB: TIME 798.369 LOAD: AVG 0.0148775 MAX 0.169037  PROXIES: TOTAL 112 MAXPE 7 MAXPATCH 7 RefineTorusLB MEM: 0 MB
LDB: TIME 798.369 LOAD: AVG 0.0148775 MAX 0.169037  PROXIES: TOTAL 112 MAXPE 7 MAXPATCH 7 RefineTorusLB MEM: 0 MB
LDB: Reverting to original mapping
LDB: ============== END OF LOAD BALANCING =============== 798.369
Info: useSync: 0 useProxySync: 0
LDB: =============== DONE WITH MIGRATION ================ 798.37
LDB: ============= START OF LOAD BALANCING ============== 806.208
LDB: ============== END OF LOAD BALANCING =============== 806.21
Info: useSync: 0 useProxySync: 0
LDB: =============== DONE WITH MIGRATION ================ 806.219
LDB: ============= START OF LOAD BALANCING ============== 806.492
LDB: TIME 806.497 LOAD: AVG 0.016484 MAX 0.16911  PROXIES: TOTAL 112 MAXPE 7 MAXPATCH 7 None MEM: 0 MB
LDB: TIME 806.497 LOAD: AVG 0.016484 MAX 0.16911  PROXIES: TOTAL 112 MAXPE 7 MAXPATCH 7 RefineTorusLB MEM: 0 MB
LDB: TIME 806.497 LOAD: AVG 0.016484 MAX 0.16911  PROXIES: TOTAL 112 MAXPE 7 MAXPATCH 7 RefineTorusLB MEM: 0 MB
LDB: Reverting to original mapping
LDB: ============== END OF LOAD BALANCING =============== 806.503
Info: useSync: 0 useProxySync: 0
LDB: =============== DONE WITH MIGRATION ================ 806.519
WRITING COORDINATES TO DCD FILE MD.dcd AT STEP 200000
WRITING COORDINATES TO RESTART FILE AT STEP 200000
FINISHED WRITING RESTART COORDINATES
WRITING VELOCITIES TO RESTART FILE AT STEP 200000
FINISHED WRITING RESTART VELOCITIES
The last velocity output (seq=200000) takes 0.000 seconds, 0.000 MB of memory in use
PRESSURE: 200000 -603.807 -619.321 331.747 -575.268 -688.784 138.041 431.804 430.916 313.241
GPRESSURE: 200000 -612.742 -500.406 74.1976 -912.64 -683.523 89.5304 474.735 487.522 341.56
PRESSAVG: 200000 -239.267 -35.4286 -27.1248 -23.1852 -352.976 -2.19191 -2.49487 14.7947 70.0951
GPRESSAVG: 200000 -239.549 -35.481 -27.1757 -23.463 -353.111 -2.48096 -2.94924 14.8528 69.9888
TIMING: 200000  CPU: 766.455, 0.00380777/step  Wall: 814.356, 0.00404516/step, 0.337097 hours remaining, 0.000000 MB of memory in use.
PERFORMANCE: 200000  averaging 42.4399 ns/day, 0.00407164 sec/step with standard deviation 7.54567e-05
ETITLE:      TS           BOND          ANGLE          DIHED          IMPRP               ELECT            VDW       BOUNDARY           MISC        KINETIC               TOTAL           TEMP      POTENTIAL         TOTAL3        TEMPAVG            PRESSURE      GPRESSURE         VOLUME       PRESSAVG      GPRESSAVG

ENERGY:  200000         0.0000         0.0000         0.0000         0.0000          -5580.5368       368.3308         0.0000         0.0000       953.0591          -4259.1469       302.7785     -5212.2060     -4257.1001       298.6645           -326.4499      -318.2348     22548.0941      -174.0493      -174.2240

WRITING EXTENDED SYSTEM TO RESTART FILE AT STEP 200000
LDB: ============= START OF LOAD BALANCING ============== 815.427
LDB: ============== END OF LOAD BALANCING =============== 815.427
Info: useSync: 0 useProxySync: 0
LDB: =============== DONE WITH MIGRATION ================ 815.427
LDB: ============= START OF LOAD BALANCING ============== 815.587
LDB: TIME 815.587 LOAD: AVG 0.0133992 MAX 0.14527  PROXIES: TOTAL 112 MAXPE 7 MAXPATCH 7 None MEM: 0 MB
LDB: TIME 815.587 LOAD: AVG 0.0133992 MAX 0.14527  PROXIES: TOTAL 112 MAXPE 7 MAXPATCH 7 RefineTorusLB MEM: 0 MB
LDB: TIME 815.587 LOAD: AVG 0.0133992 MAX 0.14527  PROXIES: TOTAL 112 MAXPE 7 MAXPATCH 7 RefineTorusLB MEM: 0 MB
LDB: Reverting to original mapping
LDB: ============== END OF LOAD BALANCING =============== 815.588
Info: useSync: 0 useProxySync: 0
LDB: =============== DONE WITH MIGRATION ================ 815.588
LDB: ============= START OF LOAD BALANCING ============== 822.761
LDB: ============== END OF LOAD BALANCING =============== 822.761
Info: useSync: 0 useProxySync: 0
LDB: =============== DONE WITH MIGRATION ================ 822.762
LDB: ============= START OF LOAD BALANCING ============== 822.903
LDB: TIME 822.903 LOAD: AVG 0.0122926 MAX 0.126908  PROXIES: TOTAL 112 MAXPE 7 MAXPATCH 7 None MEM: 0 MB
LDB: TIME 822.903 LOAD: AVG 0.0122926 MAX 0.126908  PROXIES: TOTAL 112 MAXPE 7 MAXPATCH 7 RefineTorusLB MEM: 0 MB
LDB: TIME 822.903 LOAD: AVG 0.0122926 MAX 0.126908  PROXIES: TOTAL 112 MAXPE 7 MAXPATCH 7 RefineTorusLB MEM: 0 MB
LDB: Reverting to original mapping
LDB: ============== END OF LOAD BALANCING =============== 822.903
Info: useSync: 0 useProxySync: 0
LDB: =============== DONE WITH MIGRATION ================ 822.904
LDB: ============= START OF LOAD BALANCING ============== 830.019
LDB: ============== END OF LOAD BALANCING =============== 830.022
Info: useSync: 0 useProxySync: 0
LDB: =============== DONE WITH MIGRATION ================ 830.034
LDB: ============= START OF LOAD BALANCING ============== 830.491
LDB: TIME 830.494 LOAD: AVG 0.0199323 MAX 0.240975  PROXIES: TOTAL 112 MAXPE 7 MAXPATCH 7 None MEM: 0 MB
LDB: TIME 830.494 LOAD: AVG 0.0199323 MAX 0.240975  PROXIES: TOTAL 112 MAXPE 7 MAXPATCH 7 RefineTorusLB MEM: 0 MB
LDB: TIME 830.494 LOAD: AVG 0.0199323 MAX 0.240975  PROXIES: TOTAL 112 MAXPE 7 MAXPATCH 7 RefineTorusLB MEM: 0 MB
LDB: Reverting to original mapping
LDB: ============== END OF LOAD BALANCING =============== 830.5
Info: useSync: 0 useProxySync: 0
LDB: =============== DONE WITH MIGRATION ================ 830.501
WRITING COORDINATES TO DCD FILE MD.dcd AT STEP 205000
PRESSURE: 205000 -722.847 -236.491 56.8371 47.5063 -272.646 137.232 -37.2139 33.8051 -48.4624
GPRESSURE: 205000 -599.621 -196.063 23.6757 198.885 -178.252 45.5798 -290.677 -193.662 -220.25
PRESSAVG: 205000 -459.834 -8.24308 -20.1956 -34.2993 -347.999 1.59611 -67.4923 56.6271 -48.4296
GPRESSAVG: 205000 -459.792 -8.13726 -19.6698 -34.1543 -348.245 1.60508 -67.9995 56.1931 -48.1375
ENERGY:  205000         0.0000         0.0000         0.0000         0.0000          -5665.3728       406.6266         0.0000         0.0000       896.0988          -4362.6475       284.6827     -5258.7463     -4361.0595       291.1626           -347.9852      -332.7077     22548.0941      -285.4210      -285.3917

LDB: ============= START OF LOAD BALANCING ============== 838.09
LDB: ============== END OF LOAD BALANCING =============== 838.09
Info: useSync: 0 useProxySync: 0
LDB: =============== DONE WITH MIGRATION ================ 838.09
LDB: ============= START OF LOAD BALANCING ============== 838.249
LDB: TIME 838.249 LOAD: AVG 0.0134364 MAX 0.145365  PROXIES: TOTAL 112 MAXPE 7 MAXPATCH 7 None MEM: 0 MB
LDB: TIME 838.249 LOAD: AVG 0.0134364 MAX 0.145365  PROXIES: TOTAL 112 MAXPE 7 MAXPATCH 7 RefineTorusLB MEM: 0 MB
LDB: TIME 838.249 LOAD: AVG 0.0134364 MAX 0.145365  PROXIES: TOTAL 112 MAXPE 7 MAXPATCH 7 RefineTorusLB MEM: 0 MB
LDB: Reverting to original mapping
LDB: ============== END OF LOAD BALANCING =============== 838.249
Info: useSync: 0 useProxySync: 0
LDB: =============== DONE WITH MIGRATION ================ 838.249
LDB: ============= START OF LOAD BALANCING ============== 846.513
LDB: ============== END OF LOAD BALANCING =============== 846.513
Info: useSync: 0 useProxySync: 0
LDB: =============== DONE WITH MIGRATION ================ 846.513
LDB: ============= START OF LOAD BALANCING ============== 846.674
LDB: TIME 846.674 LOAD: AVG 0.0133668 MAX 0.145506  PROXIES: TOTAL 112 MAXPE 7 MAXPATCH 7 None MEM: 0 MB
LDB: TIME 846.674 LOAD: AVG 0.0133668 MAX 0.145506  PROXIES: TOTAL 112 MAXPE 7 MAXPATCH 7 RefineTorusLB MEM: 0 MB
LDB: TIME 846.674 LOAD: AVG 0.0133668 MAX 0.145506  PROXIES: TOTAL 112 MAXPE 7 MAXPATCH 7 RefineTorusLB MEM: 0 MB
LDB: Reverting to original mapping
LDB: ============== END OF LOAD BALANCING =============== 846.674
Info: useSync: 0 useProxySync: 0
LDB: =============== DONE WITH MIGRATION ================ 846.674
PRESSURE: 210000 -101.222 -584.028 56.1599 -1051.09 -1255.36 -129.597 -103.906 41.0716 -1228.52
GPRESSURE: 210000 -78.6229 -490.762 67.2174 -1120.93 -1218.12 -184.203 -260.948 368.488 -1210.4
PRESSAVG: 210000 -199.668 -15.0517 -52.8224 -49.9187 -161.407 28.4594 -142.835 -12.8994 175.49
GPRESSAVG: 210000 -199.443 -14.929 -52.7771 -49.9605 -161.585 28.161 -142.757 -12.8967 175.521
ENERGY:  210000         0.0000         0.0000         0.0000         0.0000          -5501.1274       334.6602         0.0000         0.0000       965.7541          -4200.7131       306.8116     -5166.4672     -4198.9842       303.3941           -861.7034      -835.7123     22548.0941       -61.8618       -61.8356

WRITING COORDINATES TO DCD FILE MD.dcd AT STEP 210000
LDB: ============= START OF LOAD BALANCING ============== 854.561
LDB: ============== END OF LOAD BALANCING =============== 854.561
Info: useSync: 0 useProxySync: 0
LDB: =============== DONE WITH MIGRATION ================ 854.561
LDB: ============= START OF LOAD BALANCING ============== 854.72
LDB: TIME 854.721 LOAD: AVG 0.0134131 MAX 0.146134  PROXIES: TOTAL 112 MAXPE 7 MAXPATCH 7 None MEM: 0 MB
LDB: TIME 854.721 LOAD: AVG 0.0134131 MAX 0.146134  PROXIES: TOTAL 112 MAXPE 7 MAXPATCH 7 RefineTorusLB MEM: 0 MB
LDB: TIME 854.721 LOAD: AVG 0.0134131 MAX 0.146134  PROXIES: TOTAL 112 MAXPE 7 MAXPATCH 7 RefineTorusLB MEM: 0 MB
LDB: ============== END OF LOAD BALANCING =============== 854.721
Info: useSync: 0 useProxySync: 0
LDB: =============== DONE WITH MIGRATION ================ 854.721
LDB: ============= START OF LOAD BALANCING ============== 862.646
LDB: ============== END OF LOAD BALANCING =============== 862.646
Info: useSync: 0 useProxySync: 0
LDB: =============== DONE WITH MIGRATION ================ 862.646
LDB: ============= START OF LOAD BALANCING ============== 862.832
LDB: TIME 862.832 LOAD: AVG 0.0138645 MAX 0.150876  PROXIES: TOTAL 112 MAXPE 7 MAXPATCH 7 None MEM: 0 MB
LDB: TIME 862.833 LOAD: AVG 0.0138645 MAX 0.150876  PROXIES: TOTAL 112 MAXPE 7 MAXPATCH 7 RefineTorusLB MEM: 0 MB
LDB: TIME 862.833 LOAD: AVG 0.0138645 MAX 0.150876  PROXIES: TOTAL 112 MAXPE 7 MAXPATCH 7 RefineTorusLB MEM: 0 MB
LDB: Reverting to original mapping
LDB: ============== END OF LOAD BALANCING =============== 862.833
Info: useSync: 0 useProxySync: 0
LDB: =============== DONE WITH MIGRATION ================ 862.833
LDB: ============= START OF LOAD BALANCING ============== 870.637
LDB: ============== END OF LOAD BALANCING =============== 870.637
Info: useSync: 0 useProxySync: 0
LDB: =============== DONE WITH MIGRATION ================ 870.637
LDB: ============= START OF LOAD BALANCING ============== 870.796
LDB: TIME 870.796 LOAD: AVG 0.0133605 MAX 0.14482  PROXIES: TOTAL 112 MAXPE 7 MAXPATCH 7 None MEM: 0 MB
LDB: TIME 870.796 LOAD: AVG 0.0133605 MAX 0.14482  PROXIES: TOTAL 112 MAXPE 7 MAXPATCH 7 RefineTorusLB MEM: 0 MB
LDB: TIME 870.796 LOAD: AVG 0.0133605 MAX 0.14482  PROXIES: TOTAL 112 MAXPE 7 MAXPATCH 7 RefineTorusLB MEM: 0 MB
LDB: ============== END OF LOAD BALANCING =============== 870.796
Info: useSync: 0 useProxySync: 0
LDB: =============== DONE WITH MIGRATION ================ 870.797
WRITING COORDINATES TO DCD FILE MD.dcd AT STEP 215000
PRESSURE: 215000 -1176.87 203.796 -181.973 439.242 -1523.96 120.868 83.1312 5.91564 -1017.03
GPRESSURE: 215000 -1222.05 74.4134 -151.544 319.503 -1273.86 22.0117 80.0537 227.115 -1163.61
PRESSAVG: 215000 -189.855 36.9093 31.3259 70.16 -131.923 3.70161 71.0212 -29.4184 235.72
GPRESSAVG: 215000 -189.782 37.004 30.8933 69.8702 -131.595 3.73609 70.9754 -29.8583 235.816
ENERGY:  215000         0.0000         0.0000         0.0000         0.0000          -5445.8005       278.6888         0.0000         0.0000       949.9026          -4217.2091       301.7757     -5167.1117     -4214.5691       303.6474          -1239.2889     -1219.8384     22548.0941       -28.6860       -28.5202

LDB: ============= START OF LOAD BALANCING ============== 878.27
LDB: ============== END OF LOAD BALANCING =============== 878.27
Info: useSync: 0 useProxySync: 0
LDB: =============== DONE WITH MIGRATION ================ 878.27
LDB: ============= START OF LOAD BALANCING ============== 878.591
LDB: TIME 878.592 LOAD: AVG 0.0159517 MAX 0.165955  PROXIES: TOTAL 112 MAXPE 7 MAXPATCH 7 None MEM: 0 MB
LDB: TIME 878.592 LOAD: AVG 0.0159517 MAX 0.165955  PROXIES: TOTAL 112 MAXPE 7 MAXPATCH 7 RefineTorusLB MEM: 0 MB
LDB: TIME 878.592 LOAD: AVG 0.0159517 MAX 0.165955  PROXIES: TOTAL 112 MAXPE 7 MAXPATCH 7 RefineTorusLB MEM: 0 MB
LDB: ============== END OF LOAD BALANCING =============== 878.592
Info: useSync: 0 useProxySync: 0
LDB: =============== DONE WITH MIGRATION ================ 878.592
LDB: ============= START OF LOAD BALANCING ============== 885.714
LDB: ============== END OF LOAD BALANCING =============== 885.715
Info: useSync: 0 useProxySync: 0
LDB: =============== DONE WITH MIGRATION ================ 885.715
LDB: ============= START OF LOAD BALANCING ============== 885.877
LDB: TIME 885.877 LOAD: AVG 0.0134962 MAX 0.146626  PROXIES: TOTAL 112 MAXPE 7 MAXPATCH 7 None MEM: 0 MB
LDB: TIME 885.877 LOAD: AVG 0.0134962 MAX 0.146626  PROXIES: TOTAL 112 MAXPE 7 MAXPATCH 7 RefineTorusLB MEM: 0 MB
LDB: TIME 885.877 LOAD: AVG 0.0134962 MAX 0.146626  PROXIES: TOTAL 112 MAXPE 7 MAXPATCH 7 RefineTorusLB MEM: 0 MB
LDB: Reverting to original mapping
LDB: ============== END OF LOAD BALANCING =============== 885.877
Info: useSync: 0 useProxySync: 0
LDB: =============== DONE WITH MIGRATION ================ 885.878
PRESSURE: 220000 -262.659 -435.057 -72.394 -555.651 178.058 6.63472 -188.179 -21.1103 492.253
GPRESSURE: 220000 -400.397 -208.836 -102.58 -782.328 207.277 -425.715 300.152 377.909 660.516
PRESSAVG: 220000 -270.129 -20.5291 33.5659 1.55256 -307.238 -0.916976 -39.4078 -41.6677 175.67
GPRESSAVG: 220000 -270.113 -20.9599 33.433 1.96798 -307.188 -1.39233 -39.5258 -41.6229 175.576
ENERGY:  220000         0.0000         0.0000         0.0000         0.0000          -5689.4143       438.0589         0.0000         0.0000       911.8971          -4339.4583       289.7017     -5251.3554     -4337.2911       295.3873            135.8842       155.7987     22548.0941      -133.8987      -133.9083

WRITING COORDINATES TO DCD FILE MD.dcd AT STEP 220000
LDB: ============= START OF LOAD BALANCING ============== 892.608
LDB: ============== END OF LOAD BALANCING =============== 892.608
Info: useSync: 0 useProxySync: 0
LDB: =============== DONE WITH MIGRATION ================ 892.608
LDB: ============= START OF LOAD BALANCING ============== 892.777
LDB: TIME 892.778 LOAD: AVG 0.0135732 MAX 0.14648  PROXIES: TOTAL 112 MAXPE 7 MAXPATCH 7 None MEM: 0 MB
LDB: TIME 892.778 LOAD: AVG 0.0135732 MAX 0.14648  PROXIES: TOTAL 112 MAXPE 7 MAXPATCH 7 RefineTorusLB MEM: 0 MB
LDB: TIME 892.778 LOAD: AVG 0.0135732 MAX 0.14648  PROXIES: TOTAL 112 MAXPE 7 MAXPATCH 7 RefineTorusLB MEM: 0 MB
LDB: Reverting to original mapping
LDB: ============== END OF LOAD BALANCING =============== 892.778
Info: useSync: 0 useProxySync: 0
LDB: =============== DONE WITH MIGRATION ================ 892.778
LDB: ============= START OF LOAD BALANCING ============== 901.13
LDB: ============== END OF LOAD BALANCING =============== 901.13
Info: useSync: 0 useProxySync: 0
LDB: =============== DONE WITH MIGRATION ================ 901.13
LDB: ============= START OF LOAD BALANCING ============== 901.307
LDB: TIME 901.307 LOAD: AVG 0.0135112 MAX 0.145759  PROXIES: TOTAL 112 MAXPE 7 MAXPATCH 7 None MEM: 0 MB
LDB: TIME 901.307 LOAD: AVG 0.0135112 MAX 0.145759  PROXIES: TOTAL 112 MAXPE 7 MAXPATCH 7 RefineTorusLB MEM: 0 MB
LDB: TIME 901.307 LOAD: AVG 0.0135112 MAX 0.145759  PROXIES: TOTAL 112 MAXPE 7 MAXPATCH 7 RefineTorusLB MEM: 0 MB
LDB: ============== END OF LOAD BALANCING =============== 901.307
Info: useSync: 0 useProxySync: 0
LDB: =============== DONE WITH MIGRATION ================ 901.308
LDB: ============= START OF LOAD BALANCING ============== 908.504
LDB: ============== END OF LOAD BALANCING =============== 908.504
Info: useSync: 0 useProxySync: 0
LDB: =============== DONE WITH MIGRATION ================ 908.505
LDB: ============= START OF LOAD BALANCING ============== 908.664
LDB: TIME 908.665 LOAD: AVG 0.0134639 MAX 0.146151  PROXIES: TOTAL 112 MAXPE 7 MAXPATCH 7 None MEM: 0 MB
LDB: TIME 908.665 LOAD: AVG 0.0134639 MAX 0.146151  PROXIES: TOTAL 112 MAXPE 7 MAXPATCH 7 RefineTorusLB MEM: 0 MB
LDB: TIME 908.665 LOAD: AVG 0.0134639 MAX 0.146151  PROXIES: TOTAL 112 MAXPE 7 MAXPATCH 7 RefineTorusLB MEM: 0 MB
LDB: Reverting to original mapping
LDB: ============== END OF LOAD BALANCING =============== 908.665
Info: useSync: 0 useProxySync: 0
LDB: =============== DONE WITH MIGRATION ================ 908.665
PRESSURE: 225000 -1128.63 -8.82953 -24.5692 -27.2064 -596.202 -28.5597 -287.109 -179.07 -854.841
GPRESSURE: 225000 -950.128 -319.842 -157.409 171.777 -666.07 -117.07 -49.1555 -134.996 -919.18
PRESSAVG: 225000 -259.223 20.0695 -76.9163 31.6289 -253.152 -21.6077 -66.7167 -17.8127 217.467
GPRESSAVG: 225000 -259.108 19.7251 -76.5463 31.1105 -253.553 -21.1018 -66.7801 -17.8855 217.486
ENERGY:  225000         0.0000         0.0000         0.0000         0.0000          -5588.6087       342.0125         0.0000         0.0000       942.8512          -4303.7450       299.5355     -5246.5962     -4302.0703       293.5640           -859.8908      -845.1259     22548.0941       -98.3026       -98.3915

WRITING COORDINATES TO DCD FILE MD.dcd AT STEP 225000
LDB: ============= START OF LOAD BALANCING ============== 916.405
LDB: ============== END OF LOAD BALANCING =============== 916.405
Info: useSync: 0 useProxySync: 0
LDB: =============== DONE WITH MIGRATION ================ 916.405
LDB: ============= START OF LOAD BALANCING ============== 916.596
LDB: TIME 916.596 LOAD: AVG 0.0153364 MAX 0.16961  PROXIES: TOTAL 112 MAXPE 7 MAXPATCH 7 None MEM: 0 MB
LDB: TIME 916.596 LOAD: AVG 0.0153364 MAX 0.16961  PROXIES: TOTAL 112 MAXPE 7 MAXPATCH 7 RefineTorusLB MEM: 0 MB
LDB: TIME 916.596 LOAD: AVG 0.0153364 MAX 0.16961  PROXIES: TOTAL 112 MAXPE 7 MAXPATCH 7 RefineTorusLB MEM: 0 MB
LDB: Reverting to original mapping
LDB: ============== END OF LOAD BALANCING =============== 916.596
Info: useSync: 0 useProxySync: 0
LDB: =============== DONE WITH MIGRATION ================ 916.596
LDB: ============= START OF LOAD BALANCING ============== 925.393
LDB: ============== END OF LOAD BALANCING =============== 925.393
Info: useSync: 0 useProxySync: 0
LDB: =============== DONE WITH MIGRATION ================ 925.393
LDB: ============= START OF LOAD BALANCING ============== 925.561
LDB: TIME 925.561 LOAD: AVG 0.0138119 MAX 0.14943  PROXIES: TOTAL 112 MAXPE 7 MAXPATCH 7 None MEM: 0 MB
LDB: TIME 925.561 LOAD: AVG 0.0138119 MAX 0.14943  PROXIES: TOTAL 112 MAXPE 7 MAXPATCH 7 RefineTorusLB MEM: 0 MB
LDB: TIME 925.561 LOAD: AVG 0.0138119 MAX 0.14943  PROXIES: TOTAL 112 MAXPE 7 MAXPATCH 7 RefineTorusLB MEM: 0 MB
LDB: Reverting to original mapping
LDB: ============== END OF LOAD BALANCING =============== 925.561
Info: useSync: 0 useProxySync: 0
LDB: =============== DONE WITH MIGRATION ================ 925.562
PRESSURE: 230000 -802.513 -197.105 139.704 -14.892 101.437 334.125 393.939 407.803 2117.86
GPRESSURE: 230000 -772.198 -99.7782 213.486 -92.3332 -79.1179 381.783 302.504 495.562 2315.18
PRESSAVG: 230000 -316.708 -9.46004 -63.706 2.22055 -254.01 -6.59493 -39.6307 -11.6818 188.788
GPRESSAVG: 230000 -316.877 -9.4775 -64.0218 2.61515 -253.718 -6.48804 -39.2063 -11.693 188.592
ENERGY:  230000         0.0000         0.0000         0.0000         0.0000          -5633.8920       438.2815         0.0000         0.0000       897.1521          -4298.4584       285.0173     -5195.6105     -4297.3057       297.4235            472.2600       487.9564     22548.0941      -127.3103      -127.3342

WRITING COORDINATES TO DCD FILE MD.dcd AT STEP 230000
LDB: ============= START OF LOAD BALANCING ============== 933.634
LDB: ============== END OF LOAD BALANCING =============== 933.634
Info: useSync: 0 useProxySync: 0
LDB: =============== DONE WITH MIGRATION ================ 933.634
LDB: ============= START OF LOAD BALANCING ============== 933.822
LDB: TIME 933.822 LOAD: AVG 0.0152559 MAX 0.170862  PROXIES: TOTAL 112 MAXPE 7 MAXPATCH 7 None MEM: 0 MB
LDB: TIME 933.823 LOAD: AVG 0.0152559 MAX 0.170862  PROXIES: TOTAL 112 MAXPE 7 MAXPATCH 7 RefineTorusLB MEM: 0 MB
LDB: TIME 933.823 LOAD: AVG 0.0152559 MAX 0.170862  PROXIES: TOTAL 112 MAXPE 7 MAXPATCH 7 RefineTorusLB MEM: 0 MB
LDB: Reverting to original mapping
LDB: ============== END OF LOAD BALANCING =============== 933.823
Info: useSync: 0 useProxySync: 0
LDB: =============== DONE WITH MIGRATION ================ 933.823
LDB: ============= START OF LOAD BALANCING ============== 941.788
LDB: ============== END OF LOAD BALANCING =============== 941.791
Info: useSync: 0 useProxySync: 0
LDB: =============== DONE WITH MIGRATION ================ 941.802
LDB: ============= START OF LOAD BALANCING ============== 942.131
LDB: TIME 942.137 LOAD: AVG 0.0173537 MAX 0.162034  PROXIES: TOTAL 112 MAXPE 7 MAXPATCH 7 None MEM: 0 MB
LDB: TIME 942.137 LOAD: AVG 0.0173537 MAX 0.162034  PROXIES: TOTAL 112 MAXPE 7 MAXPATCH 7 RefineTorusLB MEM: 0 MB
LDB: TIME 942.137 LOAD: AVG 0.0173537 MAX 0.162034  PROXIES: TOTAL 112 MAXPE 7 MAXPATCH 7 RefineTorusLB MEM: 0 MB
LDB: Reverting to original mapping
LDB: ============== END OF LOAD BALANCING =============== 942.141
Info: useSync: 0 useProxySync: 0
LDB: =============== DONE WITH MIGRATION ================ 942.215
LDB: ============= START OF LOAD BALANCING ============== 951.344
LDB: ============== END OF LOAD BALANCING =============== 951.344
Info: useSync: 0 useProxySync: 0
LDB: =============== DONE WITH MIGRATION ================ 951.344
LDB: ============= START OF LOAD BALANCING ============== 951.551
LDB: TIME 951.551 LOAD: AVG 0.0153382 MAX 0.169295  PROXIES: TOTAL 112 MAXPE 7 MAXPATCH 7 None MEM: 0 MB
LDB: TIME 951.551 LOAD: AVG 0.0153382 MAX 0.169295  PROXIES: TOTAL 112 MAXPE 7 MAXPATCH 7 RefineTorusLB MEM: 0 MB
LDB: TIME 951.551 LOAD: AVG 0.0153382 MAX 0.169295  PROXIES: TOTAL 112 MAXPE 7 MAXPATCH 7 RefineTorusLB MEM: 0 MB
LDB: Reverting to original mapping
LDB: ============== END OF LOAD BALANCING =============== 951.552
Info: useSync: 0 useProxySync: 0
LDB: =============== DONE WITH MIGRATION ================ 951.552
PRESSURE: 235000 328 -264.492 -46.6603 -338.717 -392.527 393.218 -173.903 269.371 774.91
GPRESSURE: 235000 344.576 -283.646 -202.842 -158.398 -261.367 400.027 204.489 153.013 705.672
PRESSAVG: 235000 -175.952 19.3705 -37.6417 -30.4999 -161.797 43.5011 -27.0181 78.2711 289.054
GPRESSAVG: 235000 -176.199 18.9878 -37.8392 -30.2361 -161.719 42.9665 -26.6064 78.3074 289.245
ENERGY:  235000         0.0000         0.0000         0.0000         0.0000          -5633.5096       415.4490         0.0000         0.0000       925.5252          -4292.5354       294.0312     -5218.0606     -4289.6958       299.7600            236.7942       262.9602     22548.0941       -16.2315       -16.2244

WRITING COORDINATES TO DCD FILE MD.dcd AT STEP 235000
LDB: ============= START OF LOAD BALANCING ============== 959.513
LDB: ============== END OF LOAD BALANCING =============== 959.513
Info: useSync: 0 useProxySync: 0
LDB: =============== DONE WITH MIGRATION ================ 959.513
LDB: ============= START OF LOAD BALANCING ============== 959.716
LDB: TIME 959.717 LOAD: AVG 0.0156002 MAX 0.168046  PROXIES: TOTAL 112 MAXPE 7 MAXPATCH 7 None MEM: 0 MB
LDB: TIME 959.717 LOAD: AVG 0.0156002 MAX 0.168046  PROXIES: TOTAL 112 MAXPE 7 MAXPATCH 7 RefineTorusLB MEM: 0 MB
LDB: TIME 959.717 LOAD: AVG 0.0156002 MAX 0.168046  PROXIES: TOTAL 112 MAXPE 7 MAXPATCH 7 RefineTorusLB MEM: 0 MB
LDB: Reverting to original mapping
LDB: ============== END OF LOAD BALANCING =============== 959.717
Info: useSync: 0 useProxySync: 0
LDB: =============== DONE WITH MIGRATION ================ 959.72
LDB: ============= START OF LOAD BALANCING ============== 967.237
LDB: ============== END OF LOAD BALANCING =============== 967.237
Info: useSync: 0 useProxySync: 0
LDB: =============== DONE WITH MIGRATION ================ 967.237
LDB: ============= START OF LOAD BALANCING ============== 967.406
LDB: TIME 967.407 LOAD: AVG 0.0141427 MAX 0.146502  PROXIES: TOTAL 112 MAXPE 7 MAXPATCH 7 None MEM: 0 MB
LDB: TIME 967.407 LOAD: AVG 0.0141427 MAX 0.146502  PROXIES: TOTAL 112 MAXPE 7 MAXPATCH 7 RefineTorusLB MEM: 0 MB
LDB: TIME 967.407 LOAD: AVG 0.0141427 MAX 0.146502  PROXIES: TOTAL 112 MAXPE 7 MAXPATCH 7 RefineTorusLB MEM: 0 MB
LDB: ============== END OF LOAD BALANCING =============== 967.407
Info: useSync: 0 useProxySync: 0
LDB: =============== DONE WITH MIGRATION ================ 967.408
WRITING COORDINATES TO DCD FILE MD.dcd AT STEP 240000
PRESSURE: 240000 -40.5605 353.015 -992.555 88.7656 77.2932 -337.448 -816.394 -114.825 -620.8
GPRESSURE: 240000 -94.5849 205.04 -905.158 -137.903 108.263 -175.027 -700.449 -52.2291 -560.776
PRESSAVG: 240000 -131.032 -1.79857 29.6127 7.0232 -168.281 97.3469 36.9581 70.694 334.005
GPRESSAVG: 240000 -131.287 -1.50891 29.3801 6.727 -168.193 97.7171 36.7799 70.3662 334.113
ENERGY:  240000         0.0000         0.0000         0.0000         0.0000          -5571.5625       380.5617         0.0000         0.0000       958.0486          -4232.9522       304.3636     -5191.0008     -4229.7336       299.9944           -194.6891      -182.3658     22548.0941        11.5640        11.5443

LDB: ============= START OF LOAD BALANCING ============== 974.216
LDB: ============== END OF LOAD BALANCING =============== 974.216
Info: useSync: 0 useProxySync: 0
LDB: =============== DONE WITH MIGRATION ================ 974.216
LDB: ============= START OF LOAD BALANCING ============== 974.467
LDB: TIME 974.472 LOAD: AVG 0.0153311 MAX 0.148723  PROXIES: TOTAL 112 MAXPE 7 MAXPATCH 7 None MEM: 0 MB
LDB: TIME 974.472 LOAD: AVG 0.0153311 MAX 0.148723  PROXIES: TOTAL 112 MAXPE 7 MAXPATCH 7 RefineTorusLB MEM: 0 MB
LDB: TIME 974.472 LOAD: AVG 0.0153311 MAX 0.148723  PROXIES: TOTAL 112 MAXPE 7 MAXPATCH 7 RefineTorusLB MEM: 0 MB
LDB: Reverting to original mapping
LDB: ============== END OF LOAD BALANCING =============== 974.478
Info: useSync: 0 useProxySync: 0
LDB: =============== DONE WITH MIGRATION ================ 974.513
LDB: ============= START OF LOAD BALANCING ============== 982.922
LDB: ============== END OF LOAD BALANCING =============== 982.922
Info: useSync: 0 useProxySync: 0
LDB: =============== DONE WITH MIGRATION ================ 982.922
LDB: ============= START OF LOAD BALANCING ============== 983.108
LDB: TIME 983.108 LOAD: AVG 0.0149211 MAX 0.169523  PROXIES: TOTAL 112 MAXPE 7 MAXPATCH 7 None MEM: 0 MB
LDB: TIME 983.108 LOAD: AVG 0.0149211 MAX 0.169523  PROXIES: TOTAL 112 MAXPE 7 MAXPATCH 7 RefineTorusLB MEM: 0 MB
LDB: TIME 983.108 LOAD: AVG 0.0149211 MAX 0.169523  PROXIES: TOTAL 112 MAXPE 7 MAXPATCH 7 RefineTorusLB MEM: 0 MB
LDB: ============== END OF LOAD BALANCING =============== 983.109
Info: useSync: 0 useProxySync: 0
LDB: =============== DONE WITH MIGRATION ================ 983.109
LDB: ============= START OF LOAD BALANCING ============== 990.805
LDB: ============== END OF LOAD BALANCING =============== 990.805
Info: useSync: 0 useProxySync: 0
LDB: =============== DONE WITH MIGRATION ================ 990.805
LDB: ============= START OF LOAD BALANCING ============== 990.967
LDB: TIME 990.967 LOAD: AVG 0.0134727 MAX 0.145175  PROXIES: TOTAL 112 MAXPE 7 MAXPATCH 7 None MEM: 0 MB
LDB: TIME 990.967 LOAD: AVG 0.0134727 MAX 0.145175  PROXIES: TOTAL 112 MAXPE 7 MAXPATCH 7 RefineTorusLB MEM: 0 MB
LDB: TIME 990.967 LOAD: AVG 0.0134727 MAX 0.145175  PROXIES: TOTAL 112 MAXPE 7 MAXPATCH 7 RefineTorusLB MEM: 0 MB
LDB: ============== END OF LOAD BALANCING =============== 990.967
Info: useSync: 0 useProxySync: 0
LDB: =============== DONE WITH MIGRATION ================ 990.967
PRESSURE: 245000 -1501.27 219.552 -518.619 139.282 -254.555 583.509 -147.873 260.328 364.213
GPRESSURE: 245000 -1166.6 242.459 -720.675 41.3886 -392.161 282.663 -54.125 675.961 241.964
PRESSAVG: 245000 -228.713 8.75928 -28.0558 47.8781 -360.666 -23.1702 9.05893 44.9703 247.262
GPRESSAVG: 245000 -228.331 8.57708 -27.3184 48.441 -360.449 -23.6811 8.43875 45.585 247.102
ENERGY:  245000         0.0000         0.0000         0.0000         0.0000          -5557.1975       351.7084         0.0000         0.0000       965.0979          -4240.3911       306.6031     -5205.4891     -4239.0347       300.7834           -463.8718      -438.9313     22548.0941      -114.0391      -113.8930

WRITING COORDINATES TO DCD FILE MD.dcd AT STEP 245000
LDB: ============= START OF LOAD BALANCING ============== 997.657
LDB: ============== END OF LOAD BALANCING =============== 997.657
Info: useSync: 0 useProxySync: 0
LDB: =============== DONE WITH MIGRATION ================ 997.657
LDB: ============= START OF LOAD BALANCING ============== 997.894
LDB: TIME 997.904 LOAD: AVG 0.0149383 MAX 0.146923  PROXIES: TOTAL 112 MAXPE 7 MAXPATCH 7 None MEM: 0 MB
LDB: TIME 997.904 LOAD: AVG 0.0149383 MAX 0.146923  PROXIES: TOTAL 112 MAXPE 7 MAXPATCH 7 RefineTorusLB MEM: 0 MB
LDB: TIME 997.904 LOAD: AVG 0.0149383 MAX 0.146923  PROXIES: TOTAL 112 MAXPE 7 MAXPATCH 7 RefineTorusLB MEM: 0 MB
LDB: Reverting to original mapping
LDB: ============== END OF LOAD BALANCING =============== 997.904
Info: useSync: 0 useProxySync: 0
LDB: =============== DONE WITH MIGRATION ================ 997.905
LDB: ============= START OF LOAD BALANCING ============== 1005.25
LDB: ============== END OF LOAD BALANCING =============== 1005.25
Info: useSync: 0 useProxySync: 0
LDB: =============== DONE WITH MIGRATION ================ 1005.25
LDB: ============= START OF LOAD BALANCING ============== 1005.41
LDB: TIME 1005.41 LOAD: AVG 0.0134628 MAX 0.145568  PROXIES: TOTAL 112 MAXPE 7 MAXPATCH 7 None MEM: 0 MB
LDB: TIME 1005.41 LOAD: AVG 0.0134628 MAX 0.145568  PROXIES: TOTAL 112 MAXPE 7 MAXPATCH 7 RefineTorusLB MEM: 0 MB
LDB: TIME 1005.41 LOAD: AVG 0.0134628 MAX 0.145568  PROXIES: TOTAL 112 MAXPE 7 MAXPATCH 7 RefineTorusLB MEM: 0 MB
LDB: Reverting to original mapping
LDB: ============== END OF LOAD BALANCING =============== 1005.41
Info: useSync: 0 useProxySync: 0
LDB: =============== DONE WITH MIGRATION ================ 1005.41
PRESSURE: 250000 533.851 -150.747 243.37 -1.52408 -1295.48 -107.985 381.791 -212.169 -427.089
GPRESSURE: 250000 587.084 119.44 235.222 -143.797 -1201.19 -198.447 388.039 -210.969 -505.138
PRESSAVG: 250000 -258.38 47.0788 48.3614 34.9632 -248.419 33.3349 15.8154 21.8657 133.4
GPRESSAVG: 250000 -258.397 47.2088 47.9268 35.2699 -248.186 33.1395 15.8263 22.0776 133.379
TIMING: 250000  CPU: 954.714, 0.00376518/step  Wall: 1012.9, 0.00397094/step, 0.275759 hours remaining, 0.000000 MB of memory in use.
PERFORMANCE: 250000  averaging 42.6509 ns/day, 0.0040515 sec/step with standard deviation 7.93629e-05
ETITLE:      TS           BOND          ANGLE          DIHED          IMPRP               ELECT            VDW       BOUNDARY           MISC        KINETIC               TOTAL           TEMP      POTENTIAL         TOTAL3        TEMPAVG            PRESSURE      GPRESSURE         VOLUME       PRESSAVG      GPRESSAVG

ENERGY:  250000         0.0000         0.0000         0.0000         0.0000          -5601.3791       378.2423         0.0000         0.0000       921.8912          -4301.2456       292.8767     -5223.1368     -4298.6310       299.3339           -396.2409      -373.0825     22548.0941      -124.4661      -124.4014

WRITING EXTENDED SYSTEM TO RESTART FILE AT STEP 250000
WRITING COORDINATES TO DCD FILE MD.dcd AT STEP 250000
WRITING COORDINATES TO RESTART FILE AT STEP 250000
FINISHED WRITING RESTART COORDINATES
WRITING VELOCITIES TO RESTART FILE AT STEP 250000
FINISHED WRITING RESTART VELOCITIES
The last velocity output (seq=250000) takes 0.000 seconds, 0.000 MB of memory in use
LDB: ============= START OF LOAD BALANCING ============== 1013.93
LDB: ============== END OF LOAD BALANCING =============== 1013.93
Info: useSync: 0 useProxySync: 0
LDB: =============== DONE WITH MIGRATION ================ 1013.93
LDB: ============= START OF LOAD BALANCING ============== 1014.25
LDB: TIME 1014.26 LOAD: AVG 0.0161957 MAX 0.169216  PROXIES: TOTAL 112 MAXPE 7 MAXPATCH 7 None MEM: 0 MB
LDB: TIME 1014.26 LOAD: AVG 0.0161957 MAX 0.169216  PROXIES: TOTAL 112 MAXPE 7 MAXPATCH 7 RefineTorusLB MEM: 0 MB
LDB: TIME 1014.26 LOAD: AVG 0.0161957 MAX 0.169216  PROXIES: TOTAL 112 MAXPE 7 MAXPATCH 7 RefineTorusLB MEM: 0 MB
LDB: ============== END OF LOAD BALANCING =============== 1014.27
Info: useSync: 0 useProxySync: 0
LDB: =============== DONE WITH MIGRATION ================ 1014.28
LDB: ============= START OF LOAD BALANCING ============== 1022.39
LDB: ============== END OF LOAD BALANCING =============== 1022.39
Info: useSync: 0 useProxySync: 0
LDB: =============== DONE WITH MIGRATION ================ 1022.39
LDB: ============= START OF LOAD BALANCING ============== 1022.57
LDB: TIME 1022.57 LOAD: AVG 0.0141867 MAX 0.145593  PROXIES: TOTAL 112 MAXPE 7 MAXPATCH 7 None MEM: 0 MB
LDB: TIME 1022.57 LOAD: AVG 0.0141867 MAX 0.145593  PROXIES: TOTAL 112 MAXPE 7 MAXPATCH 7 RefineTorusLB MEM: 0 MB
LDB: TIME 1022.57 LOAD: AVG 0.0141867 MAX 0.145593  PROXIES: TOTAL 112 MAXPE 7 MAXPATCH 7 RefineTorusLB MEM: 0 MB
LDB: Reverting to original mapping
LDB: ============== END OF LOAD BALANCING =============== 1022.57
Info: useSync: 0 useProxySync: 0
LDB: =============== DONE WITH MIGRATION ================ 1022.57
LDB: ============= START OF LOAD BALANCING ============== 1029.92
LDB: ============== END OF LOAD BALANCING =============== 1029.92
Info: useSync: 0 useProxySync: 0
LDB: =============== DONE WITH MIGRATION ================ 1029.92
LDB: ============= START OF LOAD BALANCING ============== 1030.09
LDB: TIME 1030.09 LOAD: AVG 0.0136989 MAX 0.14628  PROXIES: TOTAL 112 MAXPE 7 MAXPATCH 7 None MEM: 0 MB
LDB: TIME 1030.09 LOAD: AVG 0.0136989 MAX 0.14628  PROXIES: TOTAL 112 MAXPE 7 MAXPATCH 7 RefineTorusLB MEM: 0 MB
LDB: TIME 1030.09 LOAD: AVG 0.0136989 MAX 0.14628  PROXIES: TOTAL 112 MAXPE 7 MAXPATCH 7 RefineTorusLB MEM: 0 MB
LDB: ============== END OF LOAD BALANCING =============== 1030.09
Info: useSync: 0 useProxySync: 0
LDB: =============== DONE WITH MIGRATION ================ 1030.09
PRESSURE: 255000 -655.119 -67.2968 97.1646 46.0503 -456.955 -551.79 286.025 -538.536 -672.079
GPRESSURE: 255000 -643.413 13.5538 205.027 -252.609 -405.273 -668.009 272.098 -473.597 -638.909
PRESSAVG: 255000 -296.656 46.6378 -15.6818 74.9483 -258.761 -53.3466 -47.7332 19.7229 129.693
GPRESSAVG: 255000 -296.586 46.2564 -15.5227 74.8139 -258.785 -53.0144 -48.0634 18.9301 129.847
ENERGY:  255000         0.0000         0.0000         0.0000         0.0000          -5612.4157       378.2289         0.0000         0.0000       951.8308          -4282.3560       302.3883     -5234.1868     -4280.9594       300.6163           -594.7176      -562.5317     22548.0941      -141.9081      -141.8416

WRITING COORDINATES TO DCD FILE MD.dcd AT STEP 255000
LDB: ============= START OF LOAD BALANCING ============== 1038.19
LDB: ============== END OF LOAD BALANCING =============== 1038.19
Info: useSync: 0 useProxySync: 0
LDB: =============== DONE WITH MIGRATION ================ 1038.19
LDB: ============= START OF LOAD BALANCING ============== 1038.39
LDB: TIME 1038.39 LOAD: AVG 0.0156285 MAX 0.168603  PROXIES: TOTAL 112 MAXPE 7 MAXPATCH 7 None MEM: 0 MB
LDB: TIME 1038.39 LOAD: AVG 0.0156285 MAX 0.168603  PROXIES: TOTAL 112 MAXPE 7 MAXPATCH 7 RefineTorusLB MEM: 0 MB
LDB: TIME 1038.39 LOAD: AVG 0.0156285 MAX 0.168603  PROXIES: TOTAL 112 MAXPE 7 MAXPATCH 7 RefineTorusLB MEM: 0 MB
LDB: ============== END OF LOAD BALANCING =============== 1038.39
Info: useSync: 0 useProxySync: 0
LDB: =============== DONE WITH MIGRATION ================ 1038.39
LDB: ============= START OF LOAD BALANCING ============== 1046.09
LDB: ============== END OF LOAD BALANCING =============== 1046.09
Info: useSync: 0 useProxySync: 0
LDB: =============== DONE WITH MIGRATION ================ 1046.09
LDB: ============= START OF LOAD BALANCING ============== 1046.25
LDB: TIME 1046.25 LOAD: AVG 0.0135708 MAX 0.145562  PROXIES: TOTAL 112 MAXPE 7 MAXPATCH 7 None MEM: 0 MB
LDB: TIME 1046.25 LOAD: AVG 0.0135708 MAX 0.145562  PROXIES: TOTAL 112 MAXPE 7 MAXPATCH 7 RefineTorusLB MEM: 0 MB
LDB: TIME 1046.25 LOAD: AVG 0.0135708 MAX 0.145562  PROXIES: TOTAL 112 MAXPE 7 MAXPATCH 7 RefineTorusLB MEM: 0 MB
LDB: ============== END OF LOAD BALANCING =============== 1046.25
Info: useSync: 0 useProxySync: 0
LDB: =============== DONE WITH MIGRATION ================ 1046.25
PRESSURE: 260000 -697.217 589.716 301.797 588.551 -1147.73 -262.913 -142.839 -589.937 -908.419
GPRESSURE: 260000 -633.599 750.162 384.13 567.44 -1109.4 -98.9973 -84.138 -482.978 -920.594
PRESSAVG: 260000 -233.415 -29.6745 -65.064 -9.46906 -353.822 -3.47773 -36.0578 86.2858 139.255
GPRESSAVG: 260000 -233.583 -29.4106 -64.7942 -9.09893 -353.489 -3.86605 -35.6406 86.6635 139.024
ENERGY:  260000         0.0000         0.0000         0.0000         0.0000          -5538.2750       318.8170         0.0000         0.0000       964.5482          -4254.9098       306.4285     -5219.4580     -4252.7105       301.6285           -917.7898      -887.8630     22548.0941      -149.3274      -149.3493

WRITING COORDINATES TO DCD FILE MD.dcd AT STEP 260000
LDB: ============= START OF LOAD BALANCING ============== 1054.05
LDB: ============== END OF LOAD BALANCING =============== 1054.05
Info: useSync: 0 useProxySync: 0
LDB: =============== DONE WITH MIGRATION ================ 1054.05
LDB: ============= START OF LOAD BALANCING ============== 1054.21
LDB: TIME 1054.21 LOAD: AVG 0.0137009 MAX 0.149081  PROXIES: TOTAL 112 MAXPE 7 MAXPATCH 7 None MEM: 0 MB
LDB: TIME 1054.21 LOAD: AVG 0.0137009 MAX 0.149081  PROXIES: TOTAL 112 MAXPE 7 MAXPATCH 7 RefineTorusLB MEM: 0 MB
LDB: TIME 1054.21 LOAD: AVG 0.0137009 MAX 0.149081  PROXIES: TOTAL 112 MAXPE 7 MAXPATCH 7 RefineTorusLB MEM: 0 MB
LDB: ============== END OF LOAD BALANCING =============== 1054.21
Info: useSync: 0 useProxySync: 0
LDB: =============== DONE WITH MIGRATION ================ 1054.21
LDB: ============= START OF LOAD BALANCING ============== 1062.52
LDB: ============== END OF LOAD BALANCING =============== 1062.52
Info: useSync: 0 useProxySync: 0
LDB: =============== DONE WITH MIGRATION ================ 1062.52
LDB: ============= START OF LOAD BALANCING ============== 1062.71
LDB: TIME 1062.71 LOAD: AVG 0.0150409 MAX 0.17038  PROXIES: TOTAL 112 MAXPE 7 MAXPATCH 7 None MEM: 0 MB
LDB: TIME 1062.71 LOAD: AVG 0.0150409 MAX 0.17038  PROXIES: TOTAL 112 MAXPE 7 MAXPATCH 7 RefineTorusLB MEM: 0 MB
LDB: TIME 1062.71 LOAD: AVG 0.0150409 MAX 0.17038  PROXIES: TOTAL 112 MAXPE 7 MAXPATCH 7 RefineTorusLB MEM: 0 MB
LDB: Reverting to original mapping
LDB: ============== END OF LOAD BALANCING =============== 1062.71
Info: useSync: 0 useProxySync: 0
LDB: =============== DONE WITH MIGRATION ================ 1062.71
LDB: ============= START OF LOAD BALANCING ============== 1070.83
LDB: ============== END OF LOAD BALANCING =============== 1070.83
Info: useSync: 0 useProxySync: 0
LDB: =============== DONE WITH MIGRATION ================ 1070.83
LDB: ============= START OF LOAD BALANCING ============== 1070.99
LDB: TIME 1070.99 LOAD: AVG 0.0132009 MAX 0.145673  PROXIES: TOTAL 112 MAXPE 7 MAXPATCH 7 None MEM: 0 MB
LDB: TIME 1070.99 LOAD: AVG 0.0132009 MAX 0.145673  PROXIES: TOTAL 112 MAXPE 7 MAXPATCH 7 RefineTorusLB MEM: 0 MB
LDB: TIME 1070.99 LOAD: AVG 0.0132009 MAX 0.145673  PROXIES: TOTAL 112 MAXPE 7 MAXPATCH 7 RefineTorusLB MEM: 0 MB
LDB: Reverting to original mapping
LDB: ============== END OF LOAD BALANCING =============== 1070.99
Info: useSync: 0 useProxySync: 0
LDB: =============== DONE WITH MIGRATION ================ 1070.99
WRITING COORDINATES TO DCD FILE MD.dcd AT STEP 265000
PRESSURE: 265000 -621.854 205.568 -127.063 259.595 -505.37 -301.427 -311.381 -462.965 245.501
GPRESSURE: 265000 -642.968 482.758 -216.803 274.468 -406.185 -304.432 -293.603 -461.884 245.725
PRESSAVG: 265000 -178.748 38.5953 7.87788 44.4034 -203.643 24.6482 2.20589 16.812 208.071
GPRESSAVG: 265000 -178.38 39.0013 7.96048 44.0327 -204.002 24.4679 1.76338 16.9824 208.055
ENERGY:  265000         0.0000         0.0000         0.0000         0.0000          -5601.7689       380.1179         0.0000         0.0000       911.4632          -4310.1878       289.5639     -5221.6510     -4307.8749       298.3095           -293.9079      -267.8092     22548.0941       -58.1066       -58.1090

LDB: ============= START OF LOAD BALANCING ============== 1078.36
LDB: ============== END OF LOAD BALANCING =============== 1078.36
Info: useSync: 0 useProxySync: 0
LDB: =============== DONE WITH MIGRATION ================ 1078.36
LDB: ============= START OF LOAD BALANCING ============== 1078.52
LDB: TIME 1078.52 LOAD: AVG 0.013435 MAX 0.145912  PROXIES: TOTAL 112 MAXPE 7 MAXPATCH 7 None MEM: 0 MB
LDB: TIME 1078.52 LOAD: AVG 0.013435 MAX 0.145912  PROXIES: TOTAL 112 MAXPE 7 MAXPATCH 7 RefineTorusLB MEM: 0 MB
LDB: TIME 1078.52 LOAD: AVG 0.013435 MAX 0.145912  PROXIES: TOTAL 112 MAXPE 7 MAXPATCH 7 RefineTorusLB MEM: 0 MB
LDB: ============== END OF LOAD BALANCING =============== 1078.52
Info: useSync: 0 useProxySync: 0
LDB: =============== DONE WITH MIGRATION ================ 1078.52
LDB: ============= START OF LOAD BALANCING ============== 1086.36
LDB: ============== END OF LOAD BALANCING =============== 1086.36
Info: useSync: 0 useProxySync: 0
LDB: =============== DONE WITH MIGRATION ================ 1086.36
LDB: ============= START OF LOAD BALANCING ============== 1086.53
LDB: TIME 1086.53 LOAD: AVG 0.0135506 MAX 0.147474  PROXIES: TOTAL 112 MAXPE 7 MAXPATCH 7 None MEM: 0 MB
LDB: TIME 1086.53 LOAD: AVG 0.0135506 MAX 0.147474  PROXIES: TOTAL 112 MAXPE 7 MAXPATCH 7 RefineTorusLB MEM: 0 MB
LDB: TIME 1086.53 LOAD: AVG 0.0135506 MAX 0.147474  PROXIES: TOTAL 112 MAXPE 7 MAXPATCH 7 RefineTorusLB MEM: 0 MB
LDB: Reverting to original mapping
LDB: ============== END OF LOAD BALANCING =============== 1086.53
Info: useSync: 0 useProxySync: 0
LDB: =============== DONE WITH MIGRATION ================ 1086.53
WRITING COORDINATES TO DCD FILE MD.dcd AT STEP 270000
PRESSURE: 270000 -72.4679 -606.907 64.3462 -304.404 519.144 -152.893 -332.416 -424.103 -1160.26
GPRESSURE: 270000 -101.8 -413.256 70.404 -436.287 646.101 -86.3327 -349.16 -442.053 -1203.67
PRESSAVG: 270000 -361.85 -16.842 32.9084 9.70082 -340.344 92.0166 -23.6553 45.76 -25.3901
GPRESSAVG: 270000 -361.979 -17.0679 33.2675 10.0012 -339.967 92.0572 -23.4961 45.7489 -25.4384
ENERGY:  270000         0.0000         0.0000         0.0000         0.0000          -5570.9898       404.2400         0.0000         0.0000       912.7448          -4254.0050       289.9710     -5166.7498     -4252.9491       299.8425           -237.8625      -219.7901     22548.0941      -242.5277      -242.4615

LDB: ============= START OF LOAD BALANCING ============== 1094.28
LDB: ============== END OF LOAD BALANCING =============== 1094.28
Info: useSync: 0 useProxySync: 0
LDB: =============== DONE WITH MIGRATION ================ 1094.29
LDB: ============= START OF LOAD BALANCING ============== 1094.5
LDB: TIME 1094.5 LOAD: AVG 0.0145454 MAX 0.145191  PROXIES: TOTAL 112 MAXPE 7 MAXPATCH 7 None MEM: 0 MB
LDB: TIME 1094.5 LOAD: AVG 0.0145454 MAX 0.145191  PROXIES: TOTAL 112 MAXPE 7 MAXPATCH 7 RefineTorusLB MEM: 0 MB
LDB: TIME 1094.5 LOAD: AVG 0.0145454 MAX 0.145191  PROXIES: TOTAL 112 MAXPE 7 MAXPATCH 7 RefineTorusLB MEM: 0 MB
LDB: ============== END OF LOAD BALANCING =============== 1094.5
Info: useSync: 0 useProxySync: 0
LDB: =============== DONE WITH MIGRATION ================ 1094.5
LDB: ============= START OF LOAD BALANCING ============== 1102.87
LDB: ============== END OF LOAD BALANCING =============== 1102.88
Info: useSync: 0 useProxySync: 0
LDB: =============== DONE WITH MIGRATION ================ 1102.92
LDB: ============= START OF LOAD BALANCING ============== 1103.18
LDB: TIME 1103.18 LOAD: AVG 0.0188226 MAX 0.182856  PROXIES: TOTAL 112 MAXPE 7 MAXPATCH 7 None MEM: 0 MB
LDB: TIME 1103.18 LOAD: AVG 0.0188226 MAX 0.182856  PROXIES: TOTAL 112 MAXPE 7 MAXPATCH 7 RefineTorusLB MEM: 0 MB
LDB: TIME 1103.18 LOAD: AVG 0.0188226 MAX 0.182856  PROXIES: TOTAL 112 MAXPE 7 MAXPATCH 7 RefineTorusLB MEM: 0 MB
LDB: Reverting to original mapping
LDB: ============== END OF LOAD BALANCING =============== 1103.18
Info: useSync: 0 useProxySync: 0
LDB: =============== DONE WITH MIGRATION ================ 1103.18
LDB: ============= START OF LOAD BALANCING ============== 1110.04
LDB: ============== END OF LOAD BALANCING =============== 1110.04
Info: useSync: 0 useProxySync: 0
LDB: =============== DONE WITH MIGRATION ================ 1110.04
LDB: ============= START OF LOAD BALANCING ============== 1110.2
LDB: TIME 1110.2 LOAD: AVG 0.0139151 MAX 0.151406  PROXIES: TOTAL 112 MAXPE 7 MAXPATCH 7 None MEM: 0 MB
LDB: TIME 1110.2 LOAD: AVG 0.0139151 MAX 0.151406  PROXIES: TOTAL 112 MAXPE 7 MAXPATCH 7 RefineTorusLB MEM: 0 MB
LDB: TIME 1110.2 LOAD: AVG 0.0139151 MAX 0.151406  PROXIES: TOTAL 112 MAXPE 7 MAXPATCH 7 RefineTorusLB MEM: 0 MB
LDB: Reverting to original mapping
LDB: ============== END OF LOAD BALANCING =============== 1110.2
Info: useSync: 0 useProxySync: 0
LDB: =============== DONE WITH MIGRATION ================ 1110.2
WRITING COORDINATES TO DCD FILE MD.dcd AT STEP 275000
PRESSURE: 275000 -484.851 -157.307 -405.99 -285.258 1009.2 -683.759 -64.0324 -181.46 -229.323
GPRESSURE: 275000 -504.727 -166.032 -366.312 -440.424 1146.98 -612.899 -112.773 -241.383 -301.322
PRESSAVG: 275000 -170.759 32.7184 -79.1719 0.219499 -191.674 46.35 -19.2953 81.1929 428.094
GPRESSAVG: 275000 -170.815 32.9674 -79.5327 0.387523 -191.378 46.1157 -18.8653 81.2553 428.067
ENERGY:  275000         0.0000         0.0000         0.0000         0.0000          -5577.6085       386.4670         0.0000         0.0000       930.8710          -4260.2705       295.7295     -5191.1415     -4258.5761       300.5674             98.3429       113.6448     22548.0941        21.8873        21.9582

LDB: ============= START OF LOAD BALANCING ============== 1117.09
LDB: ============== END OF LOAD BALANCING =============== 1117.09
Info: useSync: 0 useProxySync: 0
LDB: =============== DONE WITH MIGRATION ================ 1117.09
LDB: ============= START OF LOAD BALANCING ============== 1117.25
LDB: TIME 1117.25 LOAD: AVG 0.0136527 MAX 0.145856  PROXIES: TOTAL 112 MAXPE 7 MAXPATCH 7 None MEM: 0 MB
LDB: TIME 1117.25 LOAD: AVG 0.0136527 MAX 0.145856  PROXIES: TOTAL 112 MAXPE 7 MAXPATCH 7 RefineTorusLB MEM: 0 MB
LDB: TIME 1117.25 LOAD: AVG 0.0136527 MAX 0.145856  PROXIES: TOTAL 112 MAXPE 7 MAXPATCH 7 RefineTorusLB MEM: 0 MB
LDB: ============== END OF LOAD BALANCING =============== 1117.25
Info: useSync: 0 useProxySync: 0
LDB: =============== DONE WITH MIGRATION ================ 1117.25
LDB: ============= START OF LOAD BALANCING ============== 1123.82
LDB: ============== END OF LOAD BALANCING =============== 1123.82
Info: useSync: 0 useProxySync: 0
LDB: =============== DONE WITH MIGRATION ================ 1123.82
LDB: ============= START OF LOAD BALANCING ============== 1124.1
LDB: TIME 1124.11 LOAD: AVG 0.017196 MAX 0.148734  PROXIES: TOTAL 112 MAXPE 7 MAXPATCH 7 None MEM: 0 MB
LDB: TIME 1124.11 LOAD: AVG 0.017196 MAX 0.148734  PROXIES: TOTAL 112 MAXPE 7 MAXPATCH 7 RefineTorusLB MEM: 0 MB
LDB: TIME 1124.11 LOAD: AVG 0.017196 MAX 0.148734  PROXIES: TOTAL 112 MAXPE 7 MAXPATCH 7 RefineTorusLB MEM: 0 MB
LDB: ============== END OF LOAD BALANCING =============== 1124.12
Info: useSync: 0 useProxySync: 0
LDB: =============== DONE WITH MIGRATION ================ 1124.14
WRITING COORDINATES TO DCD FILE MD.dcd AT STEP 280000
PRESSURE: 280000 -843.381 363.811 434.725 124.865 -617.997 487.194 661.711 309.838 -1090.64
GPRESSURE: 280000 -764.906 262.803 494.753 -33.9297 -554.645 340.233 655.538 233.328 -1139.35
PRESSAVG: 280000 -197.638 8.14218 -80.7613 -19.5588 -226.271 6.55572 -47.6656 -54.1459 234.136
GPRESSAVG: 280000 -197.288 8.18818 -80.7538 -20.1628 -226.72 6.48377 -47.2083 -53.9733 234.058
ENERGY:  280000         0.0000         0.0000         0.0000         0.0000          -5588.0741       358.0490         0.0000         0.0000       953.4460          -4276.5791       302.9014     -5230.0251     -4274.6918       300.0909           -850.6715      -819.6351     22548.0941       -63.2575       -63.3165

LDB: ============= START OF LOAD BALANCING ============== 1131.57
LDB: ============== END OF LOAD BALANCING =============== 1131.57
Info: useSync: 0 useProxySync: 0
LDB: =============== DONE WITH MIGRATION ================ 1131.57
LDB: ============= START OF LOAD BALANCING ============== 1131.73
LDB: TIME 1131.74 LOAD: AVG 0.0136283 MAX 0.145652  PROXIES: TOTAL 112 MAXPE 7 MAXPATCH 7 None MEM: 0 MB
LDB: TIME 1131.74 LOAD: AVG 0.0136283 MAX 0.145652  PROXIES: TOTAL 112 MAXPE 7 MAXPATCH 7 RefineTorusLB MEM: 0 MB
LDB: TIME 1131.74 LOAD: AVG 0.0136283 MAX 0.145652  PROXIES: TOTAL 112 MAXPE 7 MAXPATCH 7 RefineTorusLB MEM: 0 MB
LDB: Reverting to original mapping
LDB: ============== END OF LOAD BALANCING =============== 1131.74
Info: useSync: 0 useProxySync: 0
LDB: =============== DONE WITH MIGRATION ================ 1131.74
LDB: ============= START OF LOAD BALANCING ============== 1139.32
LDB: ============== END OF LOAD BALANCING =============== 1139.32
Info: useSync: 0 useProxySync: 0
LDB: =============== DONE WITH MIGRATION ================ 1139.32
LDB: ============= START OF LOAD BALANCING ============== 1139.48
LDB: TIME 1139.48 LOAD: AVG 0.0134681 MAX 0.146728  PROXIES: TOTAL 112 MAXPE 7 MAXPATCH 7 None MEM: 0 MB
LDB: TIME 1139.48 LOAD: AVG 0.0134681 MAX 0.146728  PROXIES: TOTAL 112 MAXPE 7 MAXPATCH 7 RefineTorusLB MEM: 0 MB
LDB: TIME 1139.48 LOAD: AVG 0.0134681 MAX 0.146728  PROXIES: TOTAL 112 MAXPE 7 MAXPATCH 7 RefineTorusLB MEM: 0 MB
LDB: ============== END OF LOAD BALANCING =============== 1139.48
Info: useSync: 0 useProxySync: 0
LDB: =============== DONE WITH MIGRATION ================ 1139.48
LDB: ============= START OF LOAD BALANCING ============== 1147.37
LDB: ============== END OF LOAD BALANCING =============== 1147.37
Info: useSync: 0 useProxySync: 0
LDB: =============== DONE WITH MIGRATION ================ 1147.37
LDB: ============= START OF LOAD BALANCING ============== 1147.53
LDB: TIME 1147.53 LOAD: AVG 0.0135792 MAX 0.14606  PROXIES: TOTAL 112 MAXPE 7 MAXPATCH 7 None MEM: 0 MB
LDB: TIME 1147.53 LOAD: AVG 0.0135792 MAX 0.14606  PROXIES: TOTAL 112 MAXPE 7 MAXPATCH 7 RefineTorusLB MEM: 0 MB
LDB: TIME 1147.53 LOAD: AVG 0.0135792 MAX 0.14606  PROXIES: TOTAL 112 MAXPE 7 MAXPATCH 7 RefineTorusLB MEM: 0 MB
LDB: ============== END OF LOAD BALANCING =============== 1147.53
Info: useSync: 0 useProxySync: 0
LDB: =============== DONE WITH MIGRATION ================ 1147.53
WRITING COORDINATES TO DCD FILE MD.dcd AT STEP 285000
PRESSURE: 285000 256.172 169.833 -60.4647 599.814 -668.203 -442.202 173.345 -450.562 500.683
GPRESSURE: 285000 169.127 -274.463 -278.318 1031.75 -712.055 -483.987 474.315 -244.349 668.963
PRESSAVG: 285000 -297.289 -40.6659 -38.6494 -20.9462 -333.679 6.83409 -13.2281 55.7964 122.316
GPRESSAVG: 285000 -297.59 -40.6262 -39.096 -20.6967 -333.818 6.73961 -13.3065 56.2628 122.164
ENERGY:  285000         0.0000         0.0000         0.0000         0.0000          -5564.5225       378.4978         0.0000         0.0000       926.4643          -4259.5605       294.3296     -5186.0247     -4257.6961       298.2273             29.5504        42.0116     22548.0941      -169.5507      -169.7478

LDB: ============= START OF LOAD BALANCING ============== 1156.41
LDB: ============== END OF LOAD BALANCING =============== 1156.41
Info: useSync: 0 useProxySync: 0
LDB: =============== DONE WITH MIGRATION ================ 1156.41
LDB: ============= START OF LOAD BALANCING ============== 1156.57
LDB: TIME 1156.57 LOAD: AVG 0.0135494 MAX 0.146051  PROXIES: TOTAL 112 MAXPE 7 MAXPATCH 7 None MEM: 0 MB
LDB: TIME 1156.57 LOAD: AVG 0.0135494 MAX 0.146051  PROXIES: TOTAL 112 MAXPE 7 MAXPATCH 7 RefineTorusLB MEM: 0 MB
LDB: TIME 1156.57 LOAD: AVG 0.0135494 MAX 0.146051  PROXIES: TOTAL 112 MAXPE 7 MAXPATCH 7 RefineTorusLB MEM: 0 MB
LDB: ============== END OF LOAD BALANCING =============== 1156.57
Info: useSync: 0 useProxySync: 0
LDB: =============== DONE WITH MIGRATION ================ 1156.57
LDB: ============= START OF LOAD BALANCING ============== 1165.12
LDB: ============== END OF LOAD BALANCING =============== 1165.12
Info: useSync: 0 useProxySync: 0
LDB: =============== DONE WITH MIGRATION ================ 1165.13
LDB: ============= START OF LOAD BALANCING ============== 1165.31
LDB: TIME 1165.31 LOAD: AVG 0.0151254 MAX 0.168957  PROXIES: TOTAL 112 MAXPE 7 MAXPATCH 7 None MEM: 0 MB
LDB: TIME 1165.31 LOAD: AVG 0.0151254 MAX 0.168957  PROXIES: TOTAL 112 MAXPE 7 MAXPATCH 7 RefineTorusLB MEM: 0 MB
LDB: TIME 1165.31 LOAD: AVG 0.0151254 MAX 0.168957  PROXIES: TOTAL 112 MAXPE 7 MAXPATCH 7 RefineTorusLB MEM: 0 MB
LDB: ============== END OF LOAD BALANCING =============== 1165.31
Info: useSync: 0 useProxySync: 0
LDB: =============== DONE WITH MIGRATION ================ 1165.31
PRESSURE: 290000 -347.739 375.177 609.17 96.7428 -1339.41 -15.2185 284.159 82.5303 112.781
GPRESSURE: 290000 -412.593 398.65 308.155 139.538 -1236.7 -91.7358 539.024 213.373 176.214
PRESSAVG: 290000 -230.722 10.0254 -22.0031 8.41524 -348.664 -73.0084 2.09814 -1.92041 262.144
GPRESSAVG: 290000 -230.333 9.81876 -21.9833 8.28666 -349.228 -72.5484 2.01027 -2.3234 262.207
ENERGY:  290000         0.0000         0.0000         0.0000         0.0000          -5583.3500       351.6059         0.0000         0.0000       913.6285          -4318.1156       290.2518     -5231.7441     -4317.2844       302.5700           -524.7898      -491.0270     22548.0941      -105.7473      -105.7847

WRITING COORDINATES TO DCD FILE MD.dcd AT STEP 290000
LDB: ============= START OF LOAD BALANCING ============== 1172.71
LDB: ============== END OF LOAD BALANCING =============== 1172.71
Info: useSync: 0 useProxySync: 0
LDB: =============== DONE WITH MIGRATION ================ 1172.72
LDB: ============= START OF LOAD BALANCING ============== 1173.09
LDB: TIME 1173.09 LOAD: AVG 0.0161247 MAX 0.149475  PROXIES: TOTAL 112 MAXPE 7 MAXPATCH 7 None MEM: 0 MB
LDB: TIME 1173.09 LOAD: AVG 0.0161247 MAX 0.149475  PROXIES: TOTAL 112 MAXPE 7 MAXPATCH 7 RefineTorusLB MEM: 0 MB
LDB: TIME 1173.09 LOAD: AVG 0.0161247 MAX 0.149475  PROXIES: TOTAL 112 MAXPE 7 MAXPATCH 7 RefineTorusLB MEM: 0 MB
LDB: Reverting to original mapping
LDB: ============== END OF LOAD BALANCING =============== 1173.09
Info: useSync: 0 useProxySync: 0
LDB: =============== DONE WITH MIGRATION ================ 1173.09
LDB: ============= START OF LOAD BALANCING ============== 1180.94
LDB: ============== END OF LOAD BALANCING =============== 1180.94
Info: useSync: 0 useProxySync: 0
LDB: =============== DONE WITH MIGRATION ================ 1180.94
LDB: ============= START OF LOAD BALANCING ============== 1181.18
LDB: TIME 1181.18 LOAD: AVG 0.0159628 MAX 0.16735  PROXIES: TOTAL 112 MAXPE 7 MAXPATCH 7 None MEM: 0 MB
LDB: TIME 1181.18 LOAD: AVG 0.0159628 MAX 0.16735  PROXIES: TOTAL 112 MAXPE 7 MAXPATCH 7 RefineTorusLB MEM: 0 MB
LDB: TIME 1181.18 LOAD: AVG 0.0159628 MAX 0.16735  PROXIES: TOTAL 112 MAXPE 7 MAXPATCH 7 RefineTorusLB MEM: 0 MB
LDB: Reverting to original mapping
LDB: ============== END OF LOAD BALANCING =============== 1181.18
Info: useSync: 0 useProxySync: 0
LDB: =============== DONE WITH MIGRATION ================ 1181.18
LDB: ============= START OF LOAD BALANCING ============== 1188.74
LDB: ============== END OF LOAD BALANCING =============== 1188.74
Info: useSync: 0 useProxySync: 0
LDB: =============== DONE WITH MIGRATION ================ 1188.74
LDB: ============= START OF LOAD BALANCING ============== 1188.9
LDB: TIME 1188.9 LOAD: AVG 0.0132223 MAX 0.145935  PROXIES: TOTAL 112 MAXPE 7 MAXPATCH 7 None MEM: 0 MB
LDB: TIME 1188.9 LOAD: AVG 0.0132223 MAX 0.145935  PROXIES: TOTAL 112 MAXPE 7 MAXPATCH 7 RefineTorusLB MEM: 0 MB
LDB: TIME 1188.9 LOAD: AVG 0.0132223 MAX 0.145935  PROXIES: TOTAL 112 MAXPE 7 MAXPATCH 7 RefineTorusLB MEM: 0 MB
LDB: ============== END OF LOAD BALANCING =============== 1188.9
Info: useSync: 0 useProxySync: 0
LDB: =============== DONE WITH MIGRATION ================ 1188.9
WRITING COORDINATES TO DCD FILE MD.dcd AT STEP 295000
PRESSURE: 295000 -151.76 -168.997 -81.3527 -205.757 -279.089 -581.156 -363.737 -327.816 966.62
GPRESSURE: 295000 52.2824 -133.982 -90.2599 -165.585 -321.18 -332.937 -367.199 -454.762 859.3
PRESSAVG: 295000 -348.456 11.6451 -34.3568 12.4131 -277.823 -38.4281 -93.7402 62.6076 306.957
GPRESSAVG: 295000 -348.489 11.6569 -34.2341 12.4262 -277.746 -38.2926 -94.1363 63.0635 306.812
ENERGY:  295000         0.0000         0.0000         0.0000         0.0000          -5695.5623       422.1699         0.0000         0.0000       965.7297          -4307.6627       306.8038     -5273.3924     -4305.1438       296.5385            178.5903       196.8008     22548.0941      -106.4407      -106.4744

LDB: ============= START OF LOAD BALANCING ============== 1195.96
LDB: ============== END OF LOAD BALANCING =============== 1195.96
Info: useSync: 0 useProxySync: 0
LDB: =============== DONE WITH MIGRATION ================ 1195.96
LDB: ============= START OF LOAD BALANCING ============== 1196.12
LDB: TIME 1196.12 LOAD: AVG 0.0132148 MAX 0.145168  PROXIES: TOTAL 112 MAXPE 7 MAXPATCH 7 None MEM: 0 MB
LDB: TIME 1196.12 LOAD: AVG 0.0132148 MAX 0.145168  PROXIES: TOTAL 112 MAXPE 7 MAXPATCH 7 RefineTorusLB MEM: 0 MB
LDB: TIME 1196.12 LOAD: AVG 0.0132148 MAX 0.145168  PROXIES: TOTAL 112 MAXPE 7 MAXPATCH 7 RefineTorusLB MEM: 0 MB
LDB: ============== END OF LOAD BALANCING =============== 1196.12
Info: useSync: 0 useProxySync: 0
LDB: =============== DONE WITH MIGRATION ================ 1196.12
LDB: ============= START OF LOAD BALANCING ============== 1203.74
LDB: ============== END OF LOAD BALANCING =============== 1203.74
Info: useSync: 0 useProxySync: 0
LDB: =============== DONE WITH MIGRATION ================ 1203.74
LDB: ============= START OF LOAD BALANCING ============== 1203.9
LDB: TIME 1203.9 LOAD: AVG 0.0133512 MAX 0.144668  PROXIES: TOTAL 112 MAXPE 7 MAXPATCH 7 None MEM: 0 MB
LDB: TIME 1203.9 LOAD: AVG 0.0133512 MAX 0.144668  PROXIES: TOTAL 112 MAXPE 7 MAXPATCH 7 RefineTorusLB MEM: 0 MB
LDB: TIME 1203.9 LOAD: AVG 0.0133512 MAX 0.144668  PROXIES: TOTAL 112 MAXPE 7 MAXPATCH 7 RefineTorusLB MEM: 0 MB
LDB: ============== END OF LOAD BALANCING =============== 1203.9
Info: useSync: 0 useProxySync: 0
LDB: =============== DONE WITH MIGRATION ================ 1203.9
PRESSURE: 300000 -145.498 437.584 40.4539 137.753 404.65 -214.463 -62.0881 3.59885 -960.705
GPRESSURE: 300000 -162.625 434.661 -108.908 114.692 400.102 -94.5054 -71.644 -85.1021 -882.69
PRESSAVG: 300000 -328.289 -7.9327 7.81442 -18.2804 -373.569 -43.2921 -80.0804 25.1638 74.7417
GPRESSAVG: 300000 -328.543 -7.75423 8.28902 -18.5605 -373.358 -43.8361 -80.2811 25.5239 74.9494
TIMING: 300000  CPU: 1143.33, 0.00377235/step  Wall: 1211.01, 0.00396206/step, 0.220114 hours remaining, 0.000000 MB of memory in use.
PERFORMANCE: 300000  averaging 42.8084 ns/day, 0.00403659 sec/step with standard deviation 7.98248e-05
ETITLE:      TS           BOND          ANGLE          DIHED          IMPRP               ELECT            VDW       BOUNDARY           MISC        KINETIC               TOTAL           TEMP      POTENTIAL         TOTAL3        TEMPAVG            PRESSURE      GPRESSURE         VOLUME       PRESSAVG      GPRESSAVG

ENERGY:  300000         0.0000         0.0000         0.0000         0.0000          -5604.4563       377.6019         0.0000         0.0000       984.7178          -4242.1367       312.8362     -5226.8544     -4239.5618       294.3204           -233.8508      -215.0710     22548.0941      -209.0387      -208.9838

WRITING EXTENDED SYSTEM TO RESTART FILE AT STEP 300000
WRITING COORDINATES TO DCD FILE MD.dcd AT STEP 300000
WRITING COORDINATES TO RESTART FILE AT STEP 300000
FINISHED WRITING RESTART COORDINATES
WRITING VELOCITIES TO RESTART FILE AT STEP 300000
FINISHED WRITING RESTART VELOCITIES
LDB: ============= START OF LOAD BALANCING ============== 1212.29
LDB: ============== END OF LOAD BALANCING =============== 1212.3
Info: useSync: 0 useProxySync: 0
LDB: =============== DONE WITH MIGRATION ================ 1212.31
LDB: ============= START OF LOAD BALANCING ============== 1212.56
LDB: TIME 1212.56 LOAD: AVG 0.0152296 MAX 0.145902  PROXIES: TOTAL 112 MAXPE 7 MAXPATCH 7 None MEM: 0 MB
LDB: TIME 1212.56 LOAD: AVG 0.0152296 MAX 0.145902  PROXIES: TOTAL 112 MAXPE 7 MAXPATCH 7 RefineTorusLB MEM: 0 MB
LDB: TIME 1212.56 LOAD: AVG 0.0152296 MAX 0.145902  PROXIES: TOTAL 112 MAXPE 7 MAXPATCH 7 RefineTorusLB MEM: 0 MB
LDB: Reverting to original mapping
LDB: ============== END OF LOAD BALANCING =============== 1212.56
Info: useSync: 0 useProxySync: 0
LDB: =============== DONE WITH MIGRATION ================ 1212.56
LDB: ============= START OF LOAD BALANCING ============== 1220.12
LDB: ============== END OF LOAD BALANCING =============== 1220.13
Info: useSync: 0 useProxySync: 0
LDB: =============== DONE WITH MIGRATION ================ 1220.14
LDB: ============= START OF LOAD BALANCING ============== 1220.4
LDB: TIME 1220.4 LOAD: AVG 0.0162359 MAX 0.179155  PROXIES: TOTAL 112 MAXPE 7 MAXPATCH 7 None MEM: 0 MB
LDB: TIME 1220.4 LOAD: AVG 0.0162359 MAX 0.179155  PROXIES: TOTAL 112 MAXPE 7 MAXPATCH 7 RefineTorusLB MEM: 0 MB
LDB: TIME 1220.4 LOAD: AVG 0.0162359 MAX 0.179155  PROXIES: TOTAL 112 MAXPE 7 MAXPATCH 7 RefineTorusLB MEM: 0 MB
LDB: Reverting to original mapping
LDB: ============== END OF LOAD BALANCING =============== 1220.4
Info: useSync: 0 useProxySync: 0
LDB: =============== DONE WITH MIGRATION ================ 1220.4
LDB: ============= START OF LOAD BALANCING ============== 1227.95
LDB: ============== END OF LOAD BALANCING =============== 1227.95
Info: useSync: 0 useProxySync: 0
LDB: =============== DONE WITH MIGRATION ================ 1227.95
LDB: ============= START OF LOAD BALANCING ============== 1228.21
LDB: TIME 1228.21 LOAD: AVG 0.0155573 MAX 0.150239  PROXIES: TOTAL 112 MAXPE 7 MAXPATCH 7 None MEM: 0 MB
LDB: TIME 1228.21 LOAD: AVG 0.0155573 MAX 0.150239  PROXIES: TOTAL 112 MAXPE 7 MAXPATCH 7 RefineTorusLB MEM: 0 MB
LDB: TIME 1228.21 LOAD: AVG 0.0155573 MAX 0.150239  PROXIES: TOTAL 112 MAXPE 7 MAXPATCH 7 RefineTorusLB MEM: 0 MB
LDB: ============== END OF LOAD BALANCING =============== 1228.21
Info: useSync: 0 useProxySync: 0
LDB: =============== DONE WITH MIGRATION ================ 1228.21
WRITING COORDINATES TO DCD FILE MD.dcd AT STEP 305000
PRESSURE: 305000 287.245 -160.455 684.533 415.316 -891.935 517.204 1076.39 122.973 869.568
GPRESSURE: 305000 442.858 -388.992 768.196 629.665 -1040.31 312.6 1199.48 361.039 916.078
PRESSAVG: 305000 -288.1 -45.6841 9.39771 -44.884 -298.733 1.07787 2.93068 39.5438 130.718
GPRESSAVG: 305000 -287.756 -45.7208 8.96768 -44.7031 -298.89 1.3598 3.60477 39.8199 130
ENERGY:  305000         0.0000         0.0000         0.0000         0.0000          -5649.1986       403.2180         0.0000         0.0000       905.5634          -4340.4172       287.6895     -5245.9806     -4339.5585       295.6613             88.2925       106.2092     22548.0941      -152.0382      -152.2155

LDB: ============= START OF LOAD BALANCING ============== 1237
LDB: ============== END OF LOAD BALANCING =============== 1237
Info: useSync: 0 useProxySync: 0
LDB: =============== DONE WITH MIGRATION ================ 1237
LDB: ============= START OF LOAD BALANCING ============== 1237.26
LDB: TIME 1237.27 LOAD: AVG 0.0187263 MAX 0.230314  PROXIES: TOTAL 112 MAXPE 7 MAXPATCH 7 None MEM: 0 MB
LDB: TIME 1237.27 LOAD: AVG 0.0187263 MAX 0.230314  PROXIES: TOTAL 112 MAXPE 7 MAXPATCH 7 RefineTorusLB MEM: 0 MB
LDB: TIME 1237.27 LOAD: AVG 0.0187263 MAX 0.230314  PROXIES: TOTAL 112 MAXPE 7 MAXPATCH 7 RefineTorusLB MEM: 0 MB
LDB: ============== END OF LOAD BALANCING =============== 1237.27
Info: useSync: 0 useProxySync: 0
LDB: =============== DONE WITH MIGRATION ================ 1237.27
LDB: ============= START OF LOAD BALANCING ============== 1244.44
LDB: ============== END OF LOAD BALANCING =============== 1244.44
Info: useSync: 0 useProxySync: 0
LDB: =============== DONE WITH MIGRATION ================ 1244.45
LDB: ============= START OF LOAD BALANCING ============== 1244.77
LDB: TIME 1244.77 LOAD: AVG 0.016403 MAX 0.170541  PROXIES: TOTAL 112 MAXPE 7 MAXPATCH 7 None MEM: 0 MB
LDB: TIME 1244.77 LOAD: AVG 0.016403 MAX 0.170541  PROXIES: TOTAL 112 MAXPE 7 MAXPATCH 7 RefineTorusLB MEM: 0 MB
LDB: TIME 1244.77 LOAD: AVG 0.016403 MAX 0.170541  PROXIES: TOTAL 112 MAXPE 7 MAXPATCH 7 RefineTorusLB MEM: 0 MB
LDB: ============== END OF LOAD BALANCING =============== 1244.77
Info: useSync: 0 useProxySync: 0
LDB: =============== DONE WITH MIGRATION ================ 1244.77
WRITING COORDINATES TO DCD FILE MD.dcd AT STEP 310000
PRESSURE: 310000 -201.131 417.392 -12.5242 130.386 -302.339 312.748 294.699 765.38 -446.263
GPRESSURE: 310000 -277.805 519.591 343.696 61.6339 -263.232 305.425 -99.1661 568.577 -301.952
PRESSAVG: 310000 -275.084 -11.8231 -87.6211 -35.6229 -232.728 5.75226 -19.3026 44.1367 72.1805
GPRESSAVG: 310000 -275.024 -11.3995 -87.5833 -35.7417 -232.842 5.2848 -19.6484 44.3257 72.1428
ENERGY:  310000         0.0000         0.0000         0.0000         0.0000          -5565.1182       369.2096         0.0000         0.0000       963.0214          -4232.8873       305.9434     -5195.9086     -4231.1715       297.9376           -316.5776      -280.9966     22548.0941      -145.2105      -145.2409

LDB: ============= START OF LOAD BALANCING ============== 1253.1
LDB: ============== END OF LOAD BALANCING =============== 1253.1
Info: useSync: 0 useProxySync: 0
LDB: =============== DONE WITH MIGRATION ================ 1253.1
LDB: ============= START OF LOAD BALANCING ============== 1253.28
LDB: TIME 1253.28 LOAD: AVG 0.0140161 MAX 0.151481  PROXIES: TOTAL 112 MAXPE 7 MAXPATCH 7 None MEM: 0 MB
LDB: TIME 1253.28 LOAD: AVG 0.0140161 MAX 0.151481  PROXIES: TOTAL 112 MAXPE 7 MAXPATCH 7 RefineTorusLB MEM: 0 MB
LDB: TIME 1253.28 LOAD: AVG 0.0140161 MAX 0.151481  PROXIES: TOTAL 112 MAXPE 7 MAXPATCH 7 RefineTorusLB MEM: 0 MB
LDB: Reverting to original mapping
LDB: ============== END OF LOAD BALANCING =============== 1253.28
Info: useSync: 0 useProxySync: 0
LDB: =============== DONE WITH MIGRATION ================ 1253.28
LDB: ============= START OF LOAD BALANCING ============== 1260.69
LDB: ============== END OF LOAD BALANCING =============== 1260.69
Info: useSync: 0 useProxySync: 0
LDB: =============== DONE WITH MIGRATION ================ 1260.69
LDB: ============= START OF LOAD BALANCING ============== 1260.85
LDB: TIME 1260.85 LOAD: AVG 0.013841 MAX 0.148839  PROXIES: TOTAL 112 MAXPE 7 MAXPATCH 7 None MEM: 0 MB
LDB: TIME 1260.85 LOAD: AVG 0.013841 MAX 0.148839  PROXIES: TOTAL 112 MAXPE 7 MAXPATCH 7 RefineTorusLB MEM: 0 MB
LDB: TIME 1260.85 LOAD: AVG 0.013841 MAX 0.148839  PROXIES: TOTAL 112 MAXPE 7 MAXPATCH 7 RefineTorusLB MEM: 0 MB
LDB: ============== END OF LOAD BALANCING =============== 1260.85
Info: useSync: 0 useProxySync: 0
LDB: =============== DONE WITH MIGRATION ================ 1260.85
LDB: ============= START OF LOAD BALANCING ============== 1268.93
LDB: ============== END OF LOAD BALANCING =============== 1268.93
Info: useSync: 0 useProxySync: 0
LDB: =============== DONE WITH MIGRATION ================ 1268.93
LDB: ============= START OF LOAD BALANCING ============== 1269.09
LDB: TIME 1269.09 LOAD: AVG 0.0135088 MAX 0.145203  PROXIES: TOTAL 112 MAXPE 7 MAXPATCH 7 None MEM: 0 MB
LDB: TIME 1269.09 LOAD: AVG 0.0135088 MAX 0.145203  PROXIES: TOTAL 112 MAXPE 7 MAXPATCH 7 RefineTorusLB MEM: 0 MB
LDB: TIME 1269.09 LOAD: AVG 0.0135088 MAX 0.145203  PROXIES: TOTAL 112 MAXPE 7 MAXPATCH 7 RefineTorusLB MEM: 0 MB
LDB: Reverting to original mapping
LDB: ============== END OF LOAD BALANCING =============== 1269.09
Info: useSync: 0 useProxySync: 0
LDB: =============== DONE WITH MIGRATION ================ 1269.09
PRESSURE: 315000 189.047 821.361 -850.833 743.097 285.76 530.901 -839.68 406.819 195.47
GPRESSURE: 315000 183.26 1083.11 -851.36 486.814 369.415 869.934 -851.005 -111.873 194.587
PRESSAVG: 315000 -145.434 48.2141 16.1975 40.1628 -262.088 -55.3675 42.4334 1.57664 340.866
GPRESSAVG: 315000 -145.57 48.3098 15.9056 39.9558 -261.951 -55.339 42.471 1.85727 340.8
ENERGY:  315000         0.0000         0.0000         0.0000         0.0000          -5570.8809       407.6056         0.0000         0.0000      1002.7998          -4160.4754       318.5807     -5163.2753     -4158.8181       306.4593            223.4259       249.0875     22548.0941       -22.2187       -22.2400

WRITING COORDINATES TO DCD FILE MD.dcd AT STEP 315000
LDB: ============= START OF LOAD BALANCING ============== 1276.37
LDB: ============== END OF LOAD BALANCING =============== 1276.37
Info: useSync: 0 useProxySync: 0
LDB: =============== DONE WITH MIGRATION ================ 1276.37
LDB: ============= START OF LOAD BALANCING ============== 1276.53
LDB: TIME 1276.53 LOAD: AVG 0.0135988 MAX 0.145753  PROXIES: TOTAL 112 MAXPE 7 MAXPATCH 7 None MEM: 0 MB
LDB: TIME 1276.53 LOAD: AVG 0.0135988 MAX 0.145753  PROXIES: TOTAL 112 MAXPE 7 MAXPATCH 7 RefineTorusLB MEM: 0 MB
LDB: TIME 1276.53 LOAD: AVG 0.0135988 MAX 0.145753  PROXIES: TOTAL 112 MAXPE 7 MAXPATCH 7 RefineTorusLB MEM: 0 MB
LDB: Reverting to original mapping
LDB: ============== END OF LOAD BALANCING =============== 1276.53
Info: useSync: 0 useProxySync: 0
LDB: =============== DONE WITH MIGRATION ================ 1276.53
LDB: ============= START OF LOAD BALANCING ============== 1284.36
LDB: ============== END OF LOAD BALANCING =============== 1284.36
Info: useSync: 0 useProxySync: 0
LDB: =============== DONE WITH MIGRATION ================ 1284.36
LDB: ============= START OF LOAD BALANCING ============== 1284.52
LDB: TIME 1284.52 LOAD: AVG 0.0136012 MAX 0.145844  PROXIES: TOTAL 112 MAXPE 7 MAXPATCH 7 None MEM: 0 MB
LDB: TIME 1284.52 LOAD: AVG 0.0136012 MAX 0.145844  PROXIES: TOTAL 112 MAXPE 7 MAXPATCH 7 RefineTorusLB MEM: 0 MB
LDB: TIME 1284.52 LOAD: AVG 0.0136012 MAX 0.145844  PROXIES: TOTAL 112 MAXPE 7 MAXPATCH 7 RefineTorusLB MEM: 0 MB
LDB: Reverting to original mapping
LDB: ============== END OF LOAD BALANCING =============== 1284.52
Info: useSync: 0 useProxySync: 0
LDB: =============== DONE WITH MIGRATION ================ 1284.52
WRITING COORDINATES TO DCD FILE MD.dcd AT STEP 320000
PRESSURE: 320000 -329.723 -599.432 -709.55 -622.862 -1301.91 -372.996 -789.987 -647.797 267.219
GPRESSURE: 320000 -340.574 -458.017 -796.353 -419.617 -1169.41 -660.165 -861.184 -560.894 195
PRESSAVG: 320000 -171.433 5.57333 30.9628 -65.7699 -316.395 23.4744 16.5963 44.5837 101.443
GPRESSAVG: 320000 -170.805 4.92123 31.025 -65.678 -316.722 23.6676 16.4061 44.4147 101.371
ENERGY:  320000         0.0000         0.0000         0.0000         0.0000          -5620.0986       378.2958         0.0000         0.0000       930.6432          -4311.1596       295.6572     -5241.8028     -4309.0708       300.2660           -454.8046      -438.3275     22548.0941      -128.7950      -128.7185

LDB: ============= START OF LOAD BALANCING ============== 1292.67
LDB: ============== END OF LOAD BALANCING =============== 1292.67
Info: useSync: 0 useProxySync: 0
LDB: =============== DONE WITH MIGRATION ================ 1292.67
LDB: ============= START OF LOAD BALANCING ============== 1292.83
LDB: TIME 1292.83 LOAD: AVG 0.013382 MAX 0.146077  PROXIES: TOTAL 112 MAXPE 7 MAXPATCH 7 None MEM: 0 MB
LDB: TIME 1292.83 LOAD: AVG 0.013382 MAX 0.146077  PROXIES: TOTAL 112 MAXPE 7 MAXPATCH 7 RefineTorusLB MEM: 0 MB
LDB: TIME 1292.83 LOAD: AVG 0.013382 MAX 0.146077  PROXIES: TOTAL 112 MAXPE 7 MAXPATCH 7 RefineTorusLB MEM: 0 MB
LDB: Reverting to original mapping
LDB: ============== END OF LOAD BALANCING =============== 1292.83
Info: useSync: 0 useProxySync: 0
LDB: =============== DONE WITH MIGRATION ================ 1292.83
LDB: ============= START OF LOAD BALANCING ============== 1300.32
LDB: ============== END OF LOAD BALANCING =============== 1300.32
Info: useSync: 0 useProxySync: 0
LDB: =============== DONE WITH MIGRATION ================ 1300.32
LDB: ============= START OF LOAD BALANCING ============== 1300.5
LDB: TIME 1300.5 LOAD: AVG 0.0144607 MAX 0.162693  PROXIES: TOTAL 112 MAXPE 7 MAXPATCH 7 None MEM: 0 MB
LDB: TIME 1300.5 LOAD: AVG 0.0144607 MAX 0.162693  PROXIES: TOTAL 112 MAXPE 7 MAXPATCH 7 RefineTorusLB MEM: 0 MB
LDB: TIME 1300.5 LOAD: AVG 0.0144607 MAX 0.162693  PROXIES: TOTAL 112 MAXPE 7 MAXPATCH 7 RefineTorusLB MEM: 0 MB
LDB: Reverting to original mapping
LDB: ============== END OF LOAD BALANCING =============== 1300.5
Info: useSync: 0 useProxySync: 0
LDB: =============== DONE WITH MIGRATION ================ 1300.5
LDB: ============= START OF LOAD BALANCING ============== 1308.26
LDB: ============== END OF LOAD BALANCING =============== 1308.26
Info: useSync: 0 useProxySync: 0
LDB: =============== DONE WITH MIGRATION ================ 1308.26
LDB: ============= START OF LOAD BALANCING ============== 1308.52
LDB: TIME 1308.52 LOAD: AVG 0.0133702 MAX 0.145134  PROXIES: TOTAL 112 MAXPE 7 MAXPATCH 7 None MEM: 0 MB
LDB: TIME 1308.52 LOAD: AVG 0.0133702 MAX 0.145134  PROXIES: TOTAL 112 MAXPE 7 MAXPATCH 7 RefineTorusLB MEM: 0 MB
LDB: TIME 1308.52 LOAD: AVG 0.0133702 MAX 0.145134  PROXIES: TOTAL 112 MAXPE 7 MAXPATCH 7 RefineTorusLB MEM: 0 MB
LDB: ============== END OF LOAD BALANCING =============== 1308.52
Info: useSync: 0 useProxySync: 0
LDB: =============== DONE WITH MIGRATION ================ 1308.52
WRITING COORDINATES TO DCD FILE MD.dcd AT STEP 325000
PRESSURE: 325000 -227.595 583.52 273.707 -470.306 -393.302 439.646 470.314 730.602 45.286
GPRESSURE: 325000 11.4343 636.391 379.493 -11.6264 -500.059 258.953 396.738 959.078 -24.136
PRESSAVG: 325000 -277.682 2.29217 28.4592 -37.8532 -292.202 25.2841 -32.5233 36.2058 192.694
GPRESSAVG: 325000 -277.623 2.33652 28.4373 -37.3968 -291.543 25.3995 -32.2063 36.1802 192.655
ENERGY:  325000         0.0000         0.0000         0.0000         0.0000          -5539.3944       370.8099         0.0000         0.0000       903.3513          -4265.2332       286.9868     -5168.5845     -4263.4558       296.0138           -191.8704      -170.9201     22548.0941      -125.7298      -125.5035

LDB: ============= START OF LOAD BALANCING ============== 1315.18
LDB: ============== END OF LOAD BALANCING =============== 1315.18
Info: useSync: 0 useProxySync: 0
LDB: =============== DONE WITH MIGRATION ================ 1315.18
LDB: ============= START OF LOAD BALANCING ============== 1315.34
LDB: TIME 1315.34 LOAD: AVG 0.0132055 MAX 0.145903  PROXIES: TOTAL 112 MAXPE 7 MAXPATCH 7 None MEM: 0 MB
LDB: TIME 1315.34 LOAD: AVG 0.0132055 MAX 0.145903  PROXIES: TOTAL 112 MAXPE 7 MAXPATCH 7 RefineTorusLB MEM: 0 MB
LDB: TIME 1315.34 LOAD: AVG 0.0132055 MAX 0.145903  PROXIES: TOTAL 112 MAXPE 7 MAXPATCH 7 RefineTorusLB MEM: 0 MB
LDB: ============== END OF LOAD BALANCING =============== 1315.34
Info: useSync: 0 useProxySync: 0
LDB: =============== DONE WITH MIGRATION ================ 1315.34
LDB: ============= START OF LOAD BALANCING ============== 1323.9
LDB: ============== END OF LOAD BALANCING =============== 1323.9
Info: useSync: 0 useProxySync: 0
LDB: =============== DONE WITH MIGRATION ================ 1323.9
LDB: ============= START OF LOAD BALANCING ============== 1324.06
LDB: TIME 1324.06 LOAD: AVG 0.0134396 MAX 0.146401  PROXIES: TOTAL 112 MAXPE 7 MAXPATCH 7 None MEM: 0 MB
LDB: TIME 1324.06 LOAD: AVG 0.0134396 MAX 0.146401  PROXIES: TOTAL 112 MAXPE 7 MAXPATCH 7 RefineTorusLB MEM: 0 MB
LDB: TIME 1324.06 LOAD: AVG 0.0134396 MAX 0.146401  PROXIES: TOTAL 112 MAXPE 7 MAXPATCH 7 RefineTorusLB MEM: 0 MB
LDB: Reverting to original mapping
LDB: ============== END OF LOAD BALANCING =============== 1324.06
Info: useSync: 0 useProxySync: 0
LDB: =============== DONE WITH MIGRATION ================ 1324.06
WRITING COORDINATES TO DCD FILE MD.dcd AT STEP 330000
PRESSURE: 330000 -248.009 -207.904 369.18 115.438 -630.629 -157.662 251.886 -136.736 -1127.54
GPRESSURE: 330000 -248.109 -138.284 296.921 231.929 -646.825 -384.552 471.504 46.4321 -1064.87
PRESSAVG: 330000 -232.932 27.0481 -38.5125 30.3609 -190.736 17.2291 3.50931 28.6069 185.558
GPRESSAVG: 330000 -232.616 27.0493 -38.2454 29.923 -190.711 17.1801 3.11032 28.236 185.422
ENERGY:  330000         0.0000         0.0000         0.0000         0.0000          -5618.7158       386.1042         0.0000         0.0000       920.1292          -4312.4824       292.3170     -5232.6116     -4310.9809       302.3768           -668.7274      -653.2683     22548.0941       -79.3701       -79.3016

LDB: ============= START OF LOAD BALANCING ============== 1331.78
LDB: ============== END OF LOAD BALANCING =============== 1331.78
Info: useSync: 0 useProxySync: 0
LDB: =============== DONE WITH MIGRATION ================ 1331.78
LDB: ============= START OF LOAD BALANCING ============== 1331.94
LDB: TIME 1331.94 LOAD: AVG 0.013318 MAX 0.145257  PROXIES: TOTAL 112 MAXPE 7 MAXPATCH 7 None MEM: 0 MB
LDB: TIME 1331.94 LOAD: AVG 0.013318 MAX 0.145257  PROXIES: TOTAL 112 MAXPE 7 MAXPATCH 7 RefineTorusLB MEM: 0 MB
LDB: TIME 1331.94 LOAD: AVG 0.013318 MAX 0.145257  PROXIES: TOTAL 112 MAXPE 7 MAXPATCH 7 RefineTorusLB MEM: 0 MB
LDB: ============== END OF LOAD BALANCING =============== 1331.94
Info: useSync: 0 useProxySync: 0
LDB: =============== DONE WITH MIGRATION ================ 1331.94
LDB: ============= START OF LOAD BALANCING ============== 1339.33
LDB: ============== END OF LOAD BALANCING =============== 1339.33
Info: useSync: 0 useProxySync: 0
LDB: =============== DONE WITH MIGRATION ================ 1339.33
LDB: ============= START OF LOAD BALANCING ============== 1339.49
LDB: TIME 1339.49 LOAD: AVG 0.0136451 MAX 0.147204  PROXIES: TOTAL 112 MAXPE 7 MAXPATCH 7 None MEM: 0 MB
LDB: TIME 1339.49 LOAD: AVG 0.0136451 MAX 0.147204  PROXIES: TOTAL 112 MAXPE 7 MAXPATCH 7 RefineTorusLB MEM: 0 MB
LDB: TIME 1339.49 LOAD: AVG 0.0136451 MAX 0.147204  PROXIES: TOTAL 112 MAXPE 7 MAXPATCH 7 RefineTorusLB MEM: 0 MB
LDB: Reverting to original mapping
LDB: ============== END OF LOAD BALANCING =============== 1339.49
Info: useSync: 0 useProxySync: 0
LDB: =============== DONE WITH MIGRATION ================ 1339.49
LDB: ============= START OF LOAD BALANCING ============== 1347.43
LDB: ============== END OF LOAD BALANCING =============== 1347.43
Info: useSync: 0 useProxySync: 0
LDB: =============== DONE WITH MIGRATION ================ 1347.43
LDB: ============= START OF LOAD BALANCING ============== 1347.59
LDB: TIME 1347.59 LOAD: AVG 0.0134556 MAX 0.145531  PROXIES: TOTAL 112 MAXPE 7 MAXPATCH 7 None MEM: 0 MB
LDB: TIME 1347.59 LOAD: AVG 0.0134556 MAX 0.145531  PROXIES: TOTAL 112 MAXPE 7 MAXPATCH 7 RefineTorusLB MEM: 0 MB
LDB: TIME 1347.59 LOAD: AVG 0.0134556 MAX 0.145531  PROXIES: TOTAL 112 MAXPE 7 MAXPATCH 7 RefineTorusLB MEM: 0 MB
LDB: ============== END OF LOAD BALANCING =============== 1347.59
Info: useSync: 0 useProxySync: 0
LDB: =============== DONE WITH MIGRATION ================ 1347.59
WRITING COORDINATES TO DCD FILE MD.dcd AT STEP 335000
PRESSURE: 335000 -885.968 -196.849 -462.854 -263.858 -553.118 -113.819 -215.945 8.87781 -199.003
GPRESSURE: 335000 -840.058 -168.007 -582.36 -364.983 -501.094 -404.478 15.6537 -103.995 -228.655
PRESSAVG: 335000 -306.673 -40.4733 27.1964 -47.1717 -332.809 -60.5578 11.24 -19.8556 199.005
GPRESSAVG: 335000 -306.649 -39.9105 26.8122 -47.1984 -332.929 -60.8337 10.9477 -20.2725 198.848
ENERGY:  335000         0.0000         0.0000         0.0000         0.0000          -5543.3008       348.1447         0.0000         0.0000       969.2543          -4225.9018       307.9236     -5195.1561     -4223.7775       298.6170           -546.0295      -523.2690     22548.0941      -146.8255      -146.9100

LDB: ============= START OF LOAD BALANCING ============== 1354.79
LDB: ============== END OF LOAD BALANCING =============== 1354.79
Info: useSync: 0 useProxySync: 0
LDB: =============== DONE WITH MIGRATION ================ 1354.79
LDB: ============= START OF LOAD BALANCING ============== 1354.98
LDB: TIME 1354.98 LOAD: AVG 0.0149597 MAX 0.161813  PROXIES: TOTAL 112 MAXPE 7 MAXPATCH 7 None MEM: 0 MB
LDB: TIME 1354.98 LOAD: AVG 0.0149597 MAX 0.161813  PROXIES: TOTAL 112 MAXPE 7 MAXPATCH 7 RefineTorusLB MEM: 0 MB
LDB: TIME 1354.98 LOAD: AVG 0.0149597 MAX 0.161813  PROXIES: TOTAL 112 MAXPE 7 MAXPATCH 7 RefineTorusLB MEM: 0 MB
LDB: Reverting to original mapping
LDB: ============== END OF LOAD BALANCING =============== 1354.98
Info: useSync: 0 useProxySync: 0
LDB: =============== DONE WITH MIGRATION ================ 1354.98
LDB: ============= START OF LOAD BALANCING ============== 1362.23
LDB: ============== END OF LOAD BALANCING =============== 1362.23
Info: useSync: 0 useProxySync: 0
LDB: =============== DONE WITH MIGRATION ================ 1362.23
LDB: ============= START OF LOAD BALANCING ============== 1362.39
LDB: TIME 1362.39 LOAD: AVG 0.0133795 MAX 0.146531  PROXIES: TOTAL 112 MAXPE 7 MAXPATCH 7 None MEM: 0 MB
LDB: TIME 1362.39 LOAD: AVG 0.0133795 MAX 0.146531  PROXIES: TOTAL 112 MAXPE 7 MAXPATCH 7 RefineTorusLB MEM: 0 MB
LDB: TIME 1362.39 LOAD: AVG 0.0133795 MAX 0.146531  PROXIES: TOTAL 112 MAXPE 7 MAXPATCH 7 RefineTorusLB MEM: 0 MB
LDB: ============== END OF LOAD BALANCING =============== 1362.39
Info: useSync: 0 useProxySync: 0
LDB: =============== DONE WITH MIGRATION ================ 1362.39
WRITING COORDINATES TO DCD FILE MD.dcd AT STEP 340000
PRESSURE: 340000 -163.987 -82.4822 198.138 -41.6858 -940.174 413.458 -148.329 288.767 32.4129
GPRESSURE: 340000 -90.8422 -31.6951 -55.949 -23.8803 -942.723 460.545 -32.6714 101.844 -32.0246
PRESSAVG: 340000 -264.918 -19.7137 -7.10213 -9.3386 -375.941 -31.5251 -75.4861 -30.5081 136.689
GPRESSAVG: 340000 -265.046 -19.9766 -6.94307 -8.96738 -375.862 -32.1804 -74.9828 -29.9872 136.586
ENERGY:  340000         0.0000         0.0000         0.0000         0.0000          -5508.5871       363.8920         0.0000         0.0000       897.2694          -4247.4257       285.0546     -5144.6950     -4245.5893       301.7526           -357.2492      -355.1966     22548.0941      -168.0568      -168.1074

LDB: ============= START OF LOAD BALANCING ============== 1369.76
LDB: ============== END OF LOAD BALANCING =============== 1369.76
Info: useSync: 0 useProxySync: 0
LDB: =============== DONE WITH MIGRATION ================ 1369.76
LDB: ============= START OF LOAD BALANCING ============== 1369.97
LDB: TIME 1369.97 LOAD: AVG 0.0146414 MAX 0.145614  PROXIES: TOTAL 112 MAXPE 7 MAXPATCH 7 None MEM: 0 MB
LDB: TIME 1369.97 LOAD: AVG 0.0146414 MAX 0.145614  PROXIES: TOTAL 112 MAXPE 7 MAXPATCH 7 RefineTorusLB MEM: 0 MB
LDB: TIME 1369.97 LOAD: AVG 0.0146414 MAX 0.145614  PROXIES: TOTAL 112 MAXPE 7 MAXPATCH 7 RefineTorusLB MEM: 0 MB
LDB: Reverting to original mapping
LDB: ============== END OF LOAD BALANCING =============== 1369.97
Info: useSync: 0 useProxySync: 0
LDB: =============== DONE WITH MIGRATION ================ 1369.97
LDB: ============= START OF LOAD BALANCING ============== 1377.63
LDB: ============== END OF LOAD BALANCING =============== 1377.63
Info: useSync: 0 useProxySync: 0
LDB: =============== DONE WITH MIGRATION ================ 1377.63
LDB: ============= START OF LOAD BALANCING ============== 1377.8
LDB: TIME 1377.8 LOAD: AVG 0.0134509 MAX 0.147452  PROXIES: TOTAL 112 MAXPE 7 MAXPATCH 7 None MEM: 0 MB
LDB: TIME 1377.8 LOAD: AVG 0.0134509 MAX 0.147452  PROXIES: TOTAL 112 MAXPE 7 MAXPATCH 7 RefineTorusLB MEM: 0 MB
LDB: TIME 1377.8 LOAD: AVG 0.0134509 MAX 0.147452  PROXIES: TOTAL 112 MAXPE 7 MAXPATCH 7 RefineTorusLB MEM: 0 MB
LDB: ============== END OF LOAD BALANCING =============== 1377.8
Info: useSync: 0 useProxySync: 0
LDB: =============== DONE WITH MIGRATION ================ 1377.8
LDB: ============= START OF LOAD BALANCING ============== 1384.6
LDB: ============== END OF LOAD BALANCING =============== 1384.6
Info: useSync: 0 useProxySync: 0
LDB: =============== DONE WITH MIGRATION ================ 1384.6
LDB: ============= START OF LOAD BALANCING ============== 1384.76
LDB: TIME 1384.76 LOAD: AVG 0.0134962 MAX 0.146821  PROXIES: TOTAL 112 MAXPE 7 MAXPATCH 7 None MEM: 0 MB
LDB: TIME 1384.76 LOAD: AVG 0.0134962 MAX 0.146821  PROXIES: TOTAL 112 MAXPE 7 MAXPATCH 7 RefineTorusLB MEM: 0 MB
LDB: TIME 1384.76 LOAD: AVG 0.0134962 MAX 0.146821  PROXIES: TOTAL 112 MAXPE 7 MAXPATCH 7 RefineTorusLB MEM: 0 MB
LDB: ============== END OF LOAD BALANCING =============== 1384.76
Info: useSync: 0 useProxySync: 0
LDB: =============== DONE WITH MIGRATION ================ 1384.76
PRESSURE: 345000 -714.824 14.0358 -317.756 240.218 125.81 261.492 -753.362 -325.102 -261.146
GPRESSURE: 345000 -509.282 -68.7238 -370.943 175.054 -30.6173 296.988 -584.915 -408.473 -209.528
PRESSAVG: 345000 -358.301 13.787 30.41 -1.47721 -256.872 -35.6323 -64.5221 -19.9994 173.133
GPRESSAVG: 345000 -358.026 14.107 30.2048 -1.68712 -256.714 -35.8549 -64.9487 -19.9541 172.562
ENERGY:  345000         0.0000         0.0000         0.0000         0.0000          -5678.1098       407.7730         0.0000         0.0000       950.9585          -4319.3782       302.1112     -5270.3368     -4317.3102       299.3082           -283.3865      -249.8091     22548.0941      -147.3469      -147.3925

WRITING COORDINATES TO DCD FILE MD.dcd AT STEP 345000
LDB: ============= START OF LOAD BALANCING ============== 1392.16
LDB: ============== END OF LOAD BALANCING =============== 1392.16
Info: useSync: 0 useProxySync: 0
LDB: =============== DONE WITH MIGRATION ================ 1392.16
LDB: ============= START OF LOAD BALANCING ============== 1392.32
LDB: TIME 1392.32 LOAD: AVG 0.0135226 MAX 0.147657  PROXIES: TOTAL 112 MAXPE 7 MAXPATCH 7 None MEM: 0 MB
LDB: TIME 1392.32 LOAD: AVG 0.0135226 MAX 0.147657  PROXIES: TOTAL 112 MAXPE 7 MAXPATCH 7 RefineTorusLB MEM: 0 MB
LDB: TIME 1392.32 LOAD: AVG 0.0135226 MAX 0.147657  PROXIES: TOTAL 112 MAXPE 7 MAXPATCH 7 RefineTorusLB MEM: 0 MB
LDB: Reverting to original mapping
LDB: ============== END OF LOAD BALANCING =============== 1392.32
Info: useSync: 0 useProxySync: 0
LDB: =============== DONE WITH MIGRATION ================ 1392.32
LDB: ============= START OF LOAD BALANCING ============== 1401.42
LDB: ============== END OF LOAD BALANCING =============== 1401.42
Info: useSync: 0 useProxySync: 0
LDB: =============== DONE WITH MIGRATION ================ 1401.42
LDB: ============= START OF LOAD BALANCING ============== 1401.58
LDB: TIME 1401.58 LOAD: AVG 0.0138747 MAX 0.146587  PROXIES: TOTAL 112 MAXPE 7 MAXPATCH 7 None MEM: 0 MB
LDB: TIME 1401.58 LOAD: AVG 0.0138747 MAX 0.146587  PROXIES: TOTAL 112 MAXPE 7 MAXPATCH 7 RefineTorusLB MEM: 0 MB
LDB: TIME 1401.58 LOAD: AVG 0.0138747 MAX 0.146587  PROXIES: TOTAL 112 MAXPE 7 MAXPATCH 7 RefineTorusLB MEM: 0 MB
LDB: Reverting to original mapping
LDB: ============== END OF LOAD BALANCING =============== 1401.58
Info: useSync: 0 useProxySync: 0
LDB: =============== DONE WITH MIGRATION ================ 1401.58
PRESSURE: 350000 -497.483 84.3338 -22.2856 142.318 -44.2628 223.065 61.8523 325.031 98.6116
GPRESSURE: 350000 -515.035 229.285 -123.176 -13.3991 -65.0701 314.97 316.272 94.9828 247.434
PRESSAVG: 350000 -206.413 32.6058 -8.41946 -10.3864 -218.747 -18.1631 -79.9001 -56.3154 182.851
GPRESSAVG: 350000 -206.355 33.0004 -8.19356 -10.475 -218.467 -17.9283 -80.1489 -56.2821 182.806
TIMING: 350000  CPU: 1330.43, 0.00374193/step  Wall: 1408.51, 0.00395012/step, 0.164588 hours remaining, 0.000000 MB of memory in use.
PERFORMANCE: 350000  averaging 42.9398 ns/day, 0.00402424 sec/step with standard deviation 7.98636e-05
ETITLE:      TS           BOND          ANGLE          DIHED          IMPRP               ELECT            VDW       BOUNDARY           MISC        KINETIC               TOTAL           TEMP      POTENTIAL         TOTAL3        TEMPAVG            PRESSURE      GPRESSURE         VOLUME       PRESSAVG      GPRESSAVG

ENERGY:  350000         0.0000         0.0000         0.0000         0.0000          -5640.2465       396.8242         0.0000         0.0000       933.4756          -4309.9467       296.5570     -5243.4223     -4307.6991       298.7984           -147.7114      -110.8904     22548.0941       -80.7696       -80.6719

WRITING EXTENDED SYSTEM TO RESTART FILE AT STEP 350000
WRITING COORDINATES TO DCD FILE MD.dcd AT STEP 350000
WRITING COORDINATES TO RESTART FILE AT STEP 350000
FINISHED WRITING RESTART COORDINATES
WRITING VELOCITIES TO RESTART FILE AT STEP 350000
FINISHED WRITING RESTART VELOCITIES
LDB: ============= START OF LOAD BALANCING ============== 1409.58
LDB: ============== END OF LOAD BALANCING =============== 1409.58
Info: useSync: 0 useProxySync: 0
LDB: =============== DONE WITH MIGRATION ================ 1409.58
LDB: ============= START OF LOAD BALANCING ============== 1409.74
LDB: TIME 1409.74 LOAD: AVG 0.0134969 MAX 0.146644  PROXIES: TOTAL 112 MAXPE 7 MAXPATCH 7 None MEM: 0 MB
LDB: TIME 1409.74 LOAD: AVG 0.0134969 MAX 0.146644  PROXIES: TOTAL 112 MAXPE 7 MAXPATCH 7 RefineTorusLB MEM: 0 MB
LDB: TIME 1409.74 LOAD: AVG 0.0134969 MAX 0.146644  PROXIES: TOTAL 112 MAXPE 7 MAXPATCH 7 RefineTorusLB MEM: 0 MB
LDB: ============== END OF LOAD BALANCING =============== 1409.74
Info: useSync: 0 useProxySync: 0
LDB: =============== DONE WITH MIGRATION ================ 1409.74
LDB: ============= START OF LOAD BALANCING ============== 1417.09
LDB: ============== END OF LOAD BALANCING =============== 1417.09
Info: useSync: 0 useProxySync: 0
LDB: =============== DONE WITH MIGRATION ================ 1417.09
LDB: ============= START OF LOAD BALANCING ============== 1417.25
LDB: TIME 1417.25 LOAD: AVG 0.0133619 MAX 0.145486  PROXIES: TOTAL 112 MAXPE 7 MAXPATCH 7 None MEM: 0 MB
LDB: TIME 1417.25 LOAD: AVG 0.0133619 MAX 0.145486  PROXIES: TOTAL 112 MAXPE 7 MAXPATCH 7 RefineTorusLB MEM: 0 MB
LDB: TIME 1417.25 LOAD: AVG 0.0133619 MAX 0.145486  PROXIES: TOTAL 112 MAXPE 7 MAXPATCH 7 RefineTorusLB MEM: 0 MB
LDB: Reverting to original mapping
LDB: ============== END OF LOAD BALANCING =============== 1417.25
Info: useSync: 0 useProxySync: 0
LDB: =============== DONE WITH MIGRATION ================ 1417.25
LDB: ============= START OF LOAD BALANCING ============== 1424.77
LDB: ============== END OF LOAD BALANCING =============== 1424.77
Info: useSync: 0 useProxySync: 0
LDB: =============== DONE WITH MIGRATION ================ 1424.77
LDB: ============= START OF LOAD BALANCING ============== 1424.93
LDB: TIME 1424.93 LOAD: AVG 0.0133039 MAX 0.144549  PROXIES: TOTAL 112 MAXPE 7 MAXPATCH 7 None MEM: 0 MB
LDB: TIME 1424.93 LOAD: AVG 0.0133039 MAX 0.144549  PROXIES: TOTAL 112 MAXPE 7 MAXPATCH 7 RefineTorusLB MEM: 0 MB
LDB: TIME 1424.93 LOAD: AVG 0.0133039 MAX 0.144549  PROXIES: TOTAL 112 MAXPE 7 MAXPATCH 7 RefineTorusLB MEM: 0 MB
LDB: Reverting to original mapping
LDB: ============== END OF LOAD BALANCING =============== 1424.93
Info: useSync: 0 useProxySync: 0
LDB: =============== DONE WITH MIGRATION ================ 1424.93
PRESSURE: 355000 -796.941 120.196 -368.664 73.5974 106.486 138.154 -203.475 -234.562 363.804
GPRESSURE: 355000 -842.167 -205.795 -383.332 76.9644 100.177 164.861 108.508 -611.536 471.046
PRESSAVG: 355000 -134.923 -16.2314 -50.4697 -2.90637 -257.399 -10.9941 -90.4122 -26.6344 284.303
GPRESSAVG: 355000 -135.235 -16.8296 -50.7286 -2.77529 -257.627 -11.0281 -89.8889 -26.4079 284.459
ENERGY:  355000         0.0000         0.0000         0.0000         0.0000          -5632.6464       408.6587         0.0000         0.0000       957.9534          -4266.0343       304.3334     -5223.9877     -4264.0639       296.7388           -108.8837       -90.3145     22548.0941       -36.0064       -36.1344

WRITING COORDINATES TO DCD FILE MD.dcd AT STEP 355000
LDB: ============= START OF LOAD BALANCING ============== 1432.35
LDB: ============== END OF LOAD BALANCING =============== 1432.35
Info: useSync: 0 useProxySync: 0
LDB: =============== DONE WITH MIGRATION ================ 1432.35
LDB: ============= START OF LOAD BALANCING ============== 1432.51
LDB: TIME 1432.51 LOAD: AVG 0.0135943 MAX 0.145428  PROXIES: TOTAL 112 MAXPE 7 MAXPATCH 7 None MEM: 0 MB
LDB: TIME 1432.51 LOAD: AVG 0.0135943 MAX 0.145428  PROXIES: TOTAL 112 MAXPE 7 MAXPATCH 7 RefineTorusLB MEM: 0 MB
LDB: TIME 1432.51 LOAD: AVG 0.0135943 MAX 0.145428  PROXIES: TOTAL 112 MAXPE 7 MAXPATCH 7 RefineTorusLB MEM: 0 MB
LDB: ============== END OF LOAD BALANCING =============== 1432.51
Info: useSync: 0 useProxySync: 0
LDB: =============== DONE WITH MIGRATION ================ 1432.51
LDB: ============= START OF LOAD BALANCING ============== 1439.73
LDB: ============== END OF LOAD BALANCING =============== 1439.73
Info: useSync: 0 useProxySync: 0
LDB: =============== DONE WITH MIGRATION ================ 1439.73
LDB: ============= START OF LOAD BALANCING ============== 1439.92
LDB: TIME 1439.92 LOAD: AVG 0.0145634 MAX 0.145223  PROXIES: TOTAL 112 MAXPE 7 MAXPATCH 7 None MEM: 0 MB
LDB: TIME 1439.92 LOAD: AVG 0.0145634 MAX 0.145223  PROXIES: TOTAL 112 MAXPE 7 MAXPATCH 7 RefineTorusLB MEM: 0 MB
LDB: TIME 1439.92 LOAD: AVG 0.0145634 MAX 0.145223  PROXIES: TOTAL 112 MAXPE 7 MAXPATCH 7 RefineTorusLB MEM: 0 MB
LDB: ============== END OF LOAD BALANCING =============== 1439.92
Info: useSync: 0 useProxySync: 0
LDB: =============== DONE WITH MIGRATION ================ 1439.92
PRESSURE: 360000 -721.601 -131.609 15.6708 99.9328 193.097 169.041 77.6776 634.898 -878.144
GPRESSURE: 360000 -599.905 83.7528 188.245 -124.37 118.12 460.563 141.443 111.537 -863.27
PRESSAVG: 360000 -145.695 -21.0956 -48.8883 5.1579 -180.834 -15.0011 27.9388 10.2903 289.936
GPRESSAVG: 360000 -145.557 -21.3264 -48.8557 5.49329 -180.342 -14.7922 28.262 10.0911 289.527
ENERGY:  360000         0.0000         0.0000         0.0000         0.0000          -5560.8844       344.8819         0.0000         0.0000       930.6470          -4285.3556       295.6584     -5216.0026     -4282.8369       303.3583           -468.8829      -448.3519     22548.0941       -12.1977       -12.1240

WRITING COORDINATES TO DCD FILE MD.dcd AT STEP 360000
LDB: ============= START OF LOAD BALANCING ============== 1447.5
LDB: ============== END OF LOAD BALANCING =============== 1447.5
Info: useSync: 0 useProxySync: 0
LDB: =============== DONE WITH MIGRATION ================ 1447.5
LDB: ============= START OF LOAD BALANCING ============== 1447.66
LDB: TIME 1447.66 LOAD: AVG 0.0132812 MAX 0.145888  PROXIES: TOTAL 112 MAXPE 7 MAXPATCH 7 None MEM: 0 MB
LDB: TIME 1447.66 LOAD: AVG 0.0132812 MAX 0.145888  PROXIES: TOTAL 112 MAXPE 7 MAXPATCH 7 RefineTorusLB MEM: 0 MB
LDB: TIME 1447.66 LOAD: AVG 0.0132812 MAX 0.145888  PROXIES: TOTAL 112 MAXPE 7 MAXPATCH 7 RefineTorusLB MEM: 0 MB
LDB: ============== END OF LOAD BALANCING =============== 1447.66
Info: useSync: 0 useProxySync: 0
LDB: =============== DONE WITH MIGRATION ================ 1447.66
LDB: ============= START OF LOAD BALANCING ============== 1455.04
LDB: ============== END OF LOAD BALANCING =============== 1455.04
Info: useSync: 0 useProxySync: 0
LDB: =============== DONE WITH MIGRATION ================ 1455.04
LDB: ============= START OF LOAD BALANCING ============== 1455.2
LDB: TIME 1455.2 LOAD: AVG 0.0134256 MAX 0.14569  PROXIES: TOTAL 112 MAXPE 7 MAXPATCH 7 None MEM: 0 MB
LDB: TIME 1455.2 LOAD: AVG 0.0134256 MAX 0.14569  PROXIES: TOTAL 112 MAXPE 7 MAXPATCH 7 RefineTorusLB MEM: 0 MB
LDB: TIME 1455.2 LOAD: AVG 0.0134256 MAX 0.14569  PROXIES: TOTAL 112 MAXPE 7 MAXPATCH 7 RefineTorusLB MEM: 0 MB
LDB: ============== END OF LOAD BALANCING =============== 1455.2
Info: useSync: 0 useProxySync: 0
LDB: =============== DONE WITH MIGRATION ================ 1455.2
LDB: ============= START OF LOAD BALANCING ============== 1462.44
LDB: ============== END OF LOAD BALANCING =============== 1462.44
Info: useSync: 0 useProxySync: 0
LDB: =============== DONE WITH MIGRATION ================ 1462.44
LDB: ============= START OF LOAD BALANCING ============== 1462.6
LDB: TIME 1462.6 LOAD: AVG 0.0134278 MAX 0.146272  PROXIES: TOTAL 112 MAXPE 7 MAXPATCH 7 None MEM: 0 MB
LDB: TIME 1462.6 LOAD: AVG 0.0134278 MAX 0.146272  PROXIES: TOTAL 112 MAXPE 7 MAXPATCH 7 RefineTorusLB MEM: 0 MB
LDB: TIME 1462.6 LOAD: AVG 0.0134278 MAX 0.146272  PROXIES: TOTAL 112 MAXPE 7 MAXPATCH 7 RefineTorusLB MEM: 0 MB
LDB: Reverting to original mapping
LDB: ============== END OF LOAD BALANCING =============== 1462.6
Info: useSync: 0 useProxySync: 0
LDB: =============== DONE WITH MIGRATION ================ 1462.6
WRITING COORDINATES TO DCD FILE MD.dcd AT STEP 365000
PRESSURE: 365000 -518.47 -353.121 -39.0056 -358.753 -1135.14 627.765 -527.854 109.408 1498.33
GPRESSURE: 365000 -472.529 -362.792 -177.406 -280.491 -1059.54 360.669 -512.926 -6.9969 1363.47
PRESSAVG: 365000 -173.732 -0.149537 15.3554 37.8183 -233.344 -25.5093 -76.4316 24.6454 340.372
GPRESSAVG: 365000 -173.373 -0.109578 15.5203 37.8763 -233.754 -25.4858 -76.9101 24.5446 340.555
ENERGY:  365000         0.0000         0.0000         0.0000         0.0000          -5602.8620       374.0027         0.0000         0.0000       983.7646          -4245.0947       312.5334     -5228.8593     -4242.2236       298.3207            -51.7601       -56.2004     22548.0941       -22.2345       -22.1905

LDB: ============= START OF LOAD BALANCING ============== 1471.16
LDB: ============== END OF LOAD BALANCING =============== 1471.16
Info: useSync: 0 useProxySync: 0
LDB: =============== DONE WITH MIGRATION ================ 1471.16
LDB: ============= START OF LOAD BALANCING ============== 1471.38
LDB: TIME 1471.38 LOAD: AVG 0.0140406 MAX 0.146775  PROXIES: TOTAL 112 MAXPE 7 MAXPATCH 7 None MEM: 0 MB
LDB: TIME 1471.38 LOAD: AVG 0.0140406 MAX 0.146775  PROXIES: TOTAL 112 MAXPE 7 MAXPATCH 7 RefineTorusLB MEM: 0 MB
LDB: TIME 1471.38 LOAD: AVG 0.0140406 MAX 0.146775  PROXIES: TOTAL 112 MAXPE 7 MAXPATCH 7 RefineTorusLB MEM: 0 MB
LDB: Reverting to original mapping
LDB: ============== END OF LOAD BALANCING =============== 1471.38
Info: useSync: 0 useProxySync: 0
LDB: =============== DONE WITH MIGRATION ================ 1471.38
LDB: ============= START OF LOAD BALANCING ============== 1478.93
LDB: ============== END OF LOAD BALANCING =============== 1478.93
Info: useSync: 0 useProxySync: 0
LDB: =============== DONE WITH MIGRATION ================ 1478.93
LDB: ============= START OF LOAD BALANCING ============== 1479.11
LDB: TIME 1479.11 LOAD: AVG 0.0138161 MAX 0.145656  PROXIES: TOTAL 112 MAXPE 7 MAXPATCH 7 None MEM: 0 MB
LDB: TIME 1479.11 LOAD: AVG 0.0138161 MAX 0.145656  PROXIES: TOTAL 112 MAXPE 7 MAXPATCH 7 RefineTorusLB MEM: 0 MB
LDB: TIME 1479.11 LOAD: AVG 0.0138161 MAX 0.145656  PROXIES: TOTAL 112 MAXPE 7 MAXPATCH 7 RefineTorusLB MEM: 0 MB
LDB: Reverting to original mapping
LDB: ============== END OF LOAD BALANCING =============== 1479.11
Info: useSync: 0 useProxySync: 0
LDB: =============== DONE WITH MIGRATION ================ 1479.11
WRITING COORDINATES TO DCD FILE MD.dcd AT STEP 370000
PRESSURE: 370000 -1323.74 -205.469 -49.0688 71.8764 -124.408 -331.579 -339.726 -89.69 269.383
GPRESSURE: 370000 -1399.64 -260.239 -141.241 167.567 -160.883 -282.207 -406.729 -128.666 358.933
PRESSAVG: 370000 -187.565 3.9706 -35.5322 29.345 -169.571 -45.9183 -3.03784 37.6452 260.465
GPRESSAVG: 370000 -187.781 4.06706 -35.6317 29.6751 -169.3 -45.7551 -2.78258 37.9095 260.74
ENERGY:  370000         0.0000         0.0000         0.0000         0.0000          -5573.7475       370.4599         0.0000         0.0000       920.7511          -4282.5365       292.5145     -5203.2876     -4278.9399       300.0324           -392.9204      -400.5300     22548.0941       -32.2237       -32.1137

LDB: ============= START OF LOAD BALANCING ============== 1486.23
LDB: ============== END OF LOAD BALANCING =============== 1486.23
Info: useSync: 0 useProxySync: 0
LDB: =============== DONE WITH MIGRATION ================ 1486.23
LDB: ============= START OF LOAD BALANCING ============== 1486.39
LDB: TIME 1486.39 LOAD: AVG 0.0135663 MAX 0.145778  PROXIES: TOTAL 112 MAXPE 7 MAXPATCH 7 None MEM: 0 MB
LDB: TIME 1486.39 LOAD: AVG 0.0135663 MAX 0.145778  PROXIES: TOTAL 112 MAXPE 7 MAXPATCH 7 RefineTorusLB MEM: 0 MB
LDB: TIME 1486.39 LOAD: AVG 0.0135663 MAX 0.145778  PROXIES: TOTAL 112 MAXPE 7 MAXPATCH 7 RefineTorusLB MEM: 0 MB
LDB: Reverting to original mapping
LDB: ============== END OF LOAD BALANCING =============== 1486.39
Info: useSync: 0 useProxySync: 0
LDB: =============== DONE WITH MIGRATION ================ 1486.39
LDB: ============= START OF LOAD BALANCING ============== 1494.43
LDB: ============== END OF LOAD BALANCING =============== 1494.43
Info: useSync: 0 useProxySync: 0
LDB: =============== DONE WITH MIGRATION ================ 1494.43
LDB: ============= START OF LOAD BALANCING ============== 1494.61
LDB: TIME 1494.61 LOAD: AVG 0.0151981 MAX 0.170097  PROXIES: TOTAL 112 MAXPE 7 MAXPATCH 7 None MEM: 0 MB
LDB: TIME 1494.61 LOAD: AVG 0.0151981 MAX 0.170097  PROXIES: TOTAL 112 MAXPE 7 MAXPATCH 7 RefineTorusLB MEM: 0 MB
LDB: TIME 1494.61 LOAD: AVG 0.0151981 MAX 0.170097  PROXIES: TOTAL 112 MAXPE 7 MAXPATCH 7 RefineTorusLB MEM: 0 MB
LDB: ============== END OF LOAD BALANCING =============== 1494.61
Info: useSync: 0 useProxySync: 0
LDB: =============== DONE WITH MIGRATION ================ 1494.61
LDB: ============= START OF LOAD BALANCING ============== 1502.21
LDB: ============== END OF LOAD BALANCING =============== 1502.21
Info: useSync: 0 useProxySync: 0
LDB: =============== DONE WITH MIGRATION ================ 1502.21
LDB: ============= START OF LOAD BALANCING ============== 1502.59
LDB: TIME 1502.6 LOAD: AVG 0.0175663 MAX 0.19439  PROXIES: TOTAL 112 MAXPE 7 MAXPATCH 7 None MEM: 0 MB
LDB: TIME 1502.6 LOAD: AVG 0.0175663 MAX 0.19439  PROXIES: TOTAL 112 MAXPE 7 MAXPATCH 7 RefineTorusLB MEM: 0 MB
LDB: TIME 1502.6 LOAD: AVG 0.0175663 MAX 0.19439  PROXIES: TOTAL 112 MAXPE 7 MAXPATCH 7 RefineTorusLB MEM: 0 MB
LDB: Reverting to original mapping
LDB: ============== END OF LOAD BALANCING =============== 1502.61
Info: useSync: 0 useProxySync: 0
LDB: =============== DONE WITH MIGRATION ================ 1502.61
WRITING COORDINATES TO DCD FILE MD.dcd AT STEP 375000
PRESSURE: 375000 -866.554 211.703 -196.462 25.5003 95.8146 452.734 179.968 714.946 425.457
GPRESSURE: 375000 -878.953 -17.4241 -311.107 65.1068 148.382 614.265 -49.1156 758.2 429.3
PRESSAVG: 375000 -289.553 -6.51573 -25.9567 -1.57381 -277.852 -60.9108 -31.4639 -4.861 139.88
GPRESSAVG: 375000 -289.796 -6.39654 -25.89 -1.70568 -277.861 -61.2025 -31.6174 -4.885 140.071
ENERGY:  375000         0.0000         0.0000         0.0000         0.0000          -5603.1387       381.8095         0.0000         0.0000       962.5102          -4258.8190       305.7810     -5221.3292     -4256.1517       296.1092           -115.0942      -100.4236     22548.0941      -142.5084      -142.5289

LDB: ============= START OF LOAD BALANCING ============== 1509.87
LDB: ============== END OF LOAD BALANCING =============== 1509.87
Info: useSync: 0 useProxySync: 0
LDB: =============== DONE WITH MIGRATION ================ 1509.87
LDB: ============= START OF LOAD BALANCING ============== 1510.03
LDB: TIME 1510.03 LOAD: AVG 0.0134183 MAX 0.145396  PROXIES: TOTAL 112 MAXPE 7 MAXPATCH 7 None MEM: 0 MB
LDB: TIME 1510.03 LOAD: AVG 0.0134183 MAX 0.145396  PROXIES: TOTAL 112 MAXPE 7 MAXPATCH 7 RefineTorusLB MEM: 0 MB
LDB: TIME 1510.03 LOAD: AVG 0.0134183 MAX 0.145396  PROXIES: TOTAL 112 MAXPE 7 MAXPATCH 7 RefineTorusLB MEM: 0 MB
LDB: Reverting to original mapping
LDB: ============== END OF LOAD BALANCING =============== 1510.03
Info: useSync: 0 useProxySync: 0
LDB: =============== DONE WITH MIGRATION ================ 1510.03
LDB: ============= START OF LOAD BALANCING ============== 1518.16
LDB: ============== END OF LOAD BALANCING =============== 1518.16
Info: useSync: 0 useProxySync: 0
LDB: =============== DONE WITH MIGRATION ================ 1518.16
LDB: ============= START OF LOAD BALANCING ============== 1518.34
LDB: TIME 1518.34 LOAD: AVG 0.0151715 MAX 0.168783  PROXIES: TOTAL 112 MAXPE 7 MAXPATCH 7 None MEM: 0 MB
LDB: TIME 1518.34 LOAD: AVG 0.0151715 MAX 0.168783  PROXIES: TOTAL 112 MAXPE 7 MAXPATCH 7 RefineTorusLB MEM: 0 MB
LDB: TIME 1518.34 LOAD: AVG 0.0151715 MAX 0.168783  PROXIES: TOTAL 112 MAXPE 7 MAXPATCH 7 RefineTorusLB MEM: 0 MB
LDB: Reverting to original mapping
LDB: ============== END OF LOAD BALANCING =============== 1518.34
Info: useSync: 0 useProxySync: 0
LDB: =============== DONE WITH MIGRATION ================ 1518.34
WRITING COORDINATES TO DCD FILE MD.dcd AT STEP 380000
PRESSURE: 380000 -332.795 -227.853 -138.498 -486.908 128.772 595.168 -198.668 804.394 245.139
GPRESSURE: 380000 -285.364 -165.087 -76.1408 -388.959 68.5272 874.756 -61.216 707.32 313.147
PRESSAVG: 380000 -130.537 61.311 13.3458 -25.6171 -188.06 45.4635 29.6175 31.7074 316.038
GPRESSAVG: 380000 -130.572 61.0054 13.6099 -25.5293 -188.467 45.3312 29.5933 31.9101 315.791
ENERGY:  380000         0.0000         0.0000         0.0000         0.0000          -5574.9047       394.0503         0.0000         0.0000       950.5007          -4230.3537       301.9657     -5180.8544     -4227.2102       299.9601             13.7052        32.1033     22548.0941        -0.8526        -1.0827

LDB: ============= START OF LOAD BALANCING ============== 1525.96
LDB: ============== END OF LOAD BALANCING =============== 1525.96
Info: useSync: 0 useProxySync: 0
LDB: =============== DONE WITH MIGRATION ================ 1525.96
LDB: ============= START OF LOAD BALANCING ============== 1526.21
LDB: TIME 1526.21 LOAD: AVG 0.0150283 MAX 0.147864  PROXIES: TOTAL 112 MAXPE 7 MAXPATCH 7 None MEM: 0 MB
LDB: TIME 1526.21 LOAD: AVG 0.0150283 MAX 0.147864  PROXIES: TOTAL 112 MAXPE 7 MAXPATCH 7 RefineTorusLB MEM: 0 MB
LDB: TIME 1526.21 LOAD: AVG 0.0150283 MAX 0.147864  PROXIES: TOTAL 112 MAXPE 7 MAXPATCH 7 RefineTorusLB MEM: 0 MB
LDB: Reverting to original mapping
LDB: ============== END OF LOAD BALANCING =============== 1526.21
Info: useSync: 0 useProxySync: 0
LDB: =============== DONE WITH MIGRATION ================ 1526.21
LDB: ============= START OF LOAD BALANCING ============== 1532.92
LDB: ============== END OF LOAD BALANCING =============== 1532.92
Info: useSync: 0 useProxySync: 0
LDB: =============== DONE WITH MIGRATION ================ 1532.92
LDB: ============= START OF LOAD BALANCING ============== 1533.08
LDB: TIME 1533.08 LOAD: AVG 0.013496 MAX 0.145988  PROXIES: TOTAL 112 MAXPE 7 MAXPATCH 7 None MEM: 0 MB
LDB: TIME 1533.08 LOAD: AVG 0.013496 MAX 0.145988  PROXIES: TOTAL 112 MAXPE 7 MAXPATCH 7 RefineTorusLB MEM: 0 MB
LDB: TIME 1533.08 LOAD: AVG 0.013496 MAX 0.145988  PROXIES: TOTAL 112 MAXPE 7 MAXPATCH 7 RefineTorusLB MEM: 0 MB
LDB: Reverting to original mapping
LDB: ============== END OF LOAD BALANCING =============== 1533.08
Info: useSync: 0 useProxySync: 0
LDB: =============== DONE WITH MIGRATION ================ 1533.09
LDB: ============= START OF LOAD BALANCING ============== 1540.2
LDB: ============== END OF LOAD BALANCING =============== 1540.2
Info: useSync: 0 useProxySync: 0
LDB: =============== DONE WITH MIGRATION ================ 1540.2
LDB: ============= START OF LOAD BALANCING ============== 1540.36
LDB: TIME 1540.36 LOAD: AVG 0.0135638 MAX 0.14606  PROXIES: TOTAL 112 MAXPE 7 MAXPATCH 7 None MEM: 0 MB
LDB: TIME 1540.36 LOAD: AVG 0.0135638 MAX 0.14606  PROXIES: TOTAL 112 MAXPE 7 MAXPATCH 7 RefineTorusLB MEM: 0 MB
LDB: TIME 1540.36 LOAD: AVG 0.0135638 MAX 0.14606  PROXIES: TOTAL 112 MAXPE 7 MAXPATCH 7 RefineTorusLB MEM: 0 MB
LDB: ============== END OF LOAD BALANCING =============== 1540.36
Info: useSync: 0 useProxySync: 0
LDB: =============== DONE WITH MIGRATION ================ 1540.36
PRESSURE: 385000 251.956 150.625 112.209 70.8122 -529.345 144.121 341.791 154.939 161.158
GPRESSURE: 385000 239.941 -206.19 72.9766 182.855 -472.69 -71.7216 321.836 54.8078 193.503
PRESSAVG: 385000 -229.293 -3.73702 26.9705 -2.06226 -170.765 -71.2004 -1.93734 15.1944 192.886
GPRESSAVG: 385000 -229.165 -3.59524 26.8455 -1.64049 -170.993 -71.0102 -1.38875 14.7306 192.823
ENERGY:  385000         0.0000         0.0000         0.0000         0.0000          -5677.7390       419.5982         0.0000         0.0000       951.9643          -4306.1765       302.4307     -5258.1408     -4303.5184       300.3701            -38.7435       -13.0822     22548.0941       -69.0573       -69.1118

WRITING COORDINATES TO DCD FILE MD.dcd AT STEP 385000
LDB: ============= START OF LOAD BALANCING ============== 1548.15
LDB: ============== END OF LOAD BALANCING =============== 1548.15
Info: useSync: 0 useProxySync: 0
LDB: =============== DONE WITH MIGRATION ================ 1548.15
LDB: ============= START OF LOAD BALANCING ============== 1548.34
LDB: TIME 1548.34 LOAD: AVG 0.0151697 MAX 0.17048  PROXIES: TOTAL 112 MAXPE 7 MAXPATCH 7 None MEM: 0 MB
LDB: TIME 1548.34 LOAD: AVG 0.0151697 MAX 0.17048  PROXIES: TOTAL 112 MAXPE 7 MAXPATCH 7 RefineTorusLB MEM: 0 MB
LDB: TIME 1548.34 LOAD: AVG 0.0151697 MAX 0.17048  PROXIES: TOTAL 112 MAXPE 7 MAXPATCH 7 RefineTorusLB MEM: 0 MB
LDB: ============== END OF LOAD BALANCING =============== 1548.34
Info: useSync: 0 useProxySync: 0
LDB: =============== DONE WITH MIGRATION ================ 1548.34
LDB: ============= START OF LOAD BALANCING ============== 1555.69
LDB: ============== END OF LOAD BALANCING =============== 1555.69
Info: useSync: 0 useProxySync: 0
LDB: =============== DONE WITH MIGRATION ================ 1555.69
LDB: ============= START OF LOAD BALANCING ============== 1556.05
LDB: TIME 1556.05 LOAD: AVG 0.0197685 MAX 0.173191  PROXIES: TOTAL 112 MAXPE 7 MAXPATCH 7 None MEM: 0 MB
LDB: TIME 1556.05 LOAD: AVG 0.0197685 MAX 0.173191  PROXIES: TOTAL 112 MAXPE 7 MAXPATCH 7 RefineTorusLB MEM: 0 MB
LDB: TIME 1556.05 LOAD: AVG 0.0197685 MAX 0.173191  PROXIES: TOTAL 112 MAXPE 7 MAXPATCH 7 RefineTorusLB MEM: 0 MB
LDB: ============== END OF LOAD BALANCING =============== 1556.06
Info: useSync: 0 useProxySync: 0
LDB: =============== DONE WITH MIGRATION ================ 1556.11
PRESSURE: 390000 -419.355 -213.499 -318.691 209.039 -809.043 174.826 -440.043 -136.371 178.343
GPRESSURE: 390000 -322.292 -206.156 -369.879 451.164 -783.073 118.911 -126.491 -191.808 159.319
PRESSAVG: 390000 -218.264 5.21279 18.9843 -11.4007 -157.552 12.222 22.5129 43.6542 305.584
GPRESSAVG: 390000 -218.005 5.53277 19.1548 -11.6665 -157.43 11.6942 21.8672 44.3804 305.239
ENERGY:  390000         0.0000         0.0000         0.0000         0.0000          -5672.1658       400.8807         0.0000         0.0000       959.8740          -4311.4110       304.9436     -5271.2851     -4309.9623       299.8193           -350.0185      -315.3486     22548.0941       -23.4108       -23.3985

WRITING COORDINATES TO DCD FILE MD.dcd AT STEP 390000
LDB: ============= START OF LOAD BALANCING ============== 1564.73
LDB: ============== END OF LOAD BALANCING =============== 1564.73
Info: useSync: 0 useProxySync: 0
LDB: =============== DONE WITH MIGRATION ================ 1564.73
LDB: ============= START OF LOAD BALANCING ============== 1565
LDB: TIME 1565 LOAD: AVG 0.0177787 MAX 0.148149  PROXIES: TOTAL 112 MAXPE 7 MAXPATCH 7 None MEM: 0 MB
LDB: TIME 1565 LOAD: AVG 0.0177787 MAX 0.148149  PROXIES: TOTAL 112 MAXPE 7 MAXPATCH 7 RefineTorusLB MEM: 0 MB
LDB: TIME 1565 LOAD: AVG 0.0177787 MAX 0.148149  PROXIES: TOTAL 112 MAXPE 7 MAXPATCH 7 RefineTorusLB MEM: 0 MB
LDB: ============== END OF LOAD BALANCING =============== 1565
Info: useSync: 0 useProxySync: 0
LDB: =============== DONE WITH MIGRATION ================ 1565
LDB: ============= START OF LOAD BALANCING ============== 1572.5
LDB: ============== END OF LOAD BALANCING =============== 1572.5
Info: useSync: 0 useProxySync: 0
LDB: =============== DONE WITH MIGRATION ================ 1572.5
LDB: ============= START OF LOAD BALANCING ============== 1572.66
LDB: TIME 1572.66 LOAD: AVG 0.0136081 MAX 0.146785  PROXIES: TOTAL 112 MAXPE 7 MAXPATCH 7 None MEM: 0 MB
LDB: TIME 1572.66 LOAD: AVG 0.0136081 MAX 0.146785  PROXIES: TOTAL 112 MAXPE 7 MAXPATCH 7 RefineTorusLB MEM: 0 MB
LDB: TIME 1572.66 LOAD: AVG 0.0136081 MAX 0.146785  PROXIES: TOTAL 112 MAXPE 7 MAXPATCH 7 RefineTorusLB MEM: 0 MB
LDB: ============== END OF LOAD BALANCING =============== 1572.66
Info: useSync: 0 useProxySync: 0
LDB: =============== DONE WITH MIGRATION ================ 1572.66
LDB: ============= START OF LOAD BALANCING ============== 1580.38
LDB: ============== END OF LOAD BALANCING =============== 1580.38
Info: useSync: 0 useProxySync: 0
LDB: =============== DONE WITH MIGRATION ================ 1580.38
LDB: ============= START OF LOAD BALANCING ============== 1580.64
LDB: TIME 1580.64 LOAD: AVG 0.016154 MAX 0.173333  PROXIES: TOTAL 112 MAXPE 7 MAXPATCH 7 None MEM: 0 MB
LDB: TIME 1580.64 LOAD: AVG 0.016154 MAX 0.173333  PROXIES: TOTAL 112 MAXPE 7 MAXPATCH 7 RefineTorusLB MEM: 0 MB
LDB: TIME 1580.64 LOAD: AVG 0.016154 MAX 0.173333  PROXIES: TOTAL 112 MAXPE 7 MAXPATCH 7 RefineTorusLB MEM: 0 MB
LDB: ============== END OF LOAD BALANCING =============== 1580.64
Info: useSync: 0 useProxySync: 0
LDB: =============== DONE WITH MIGRATION ================ 1580.64
WRITING COORDINATES TO DCD FILE MD.dcd AT STEP 395000
PRESSURE: 395000 -788.406 180.674 93.7174 -51.0992 -924.337 542.42 -89.0508 37.9332 1282.61
GPRESSURE: 395000 -768.495 206.862 270.451 -172.79 -749.588 910.709 -247.539 -35.1504 1146.45
PRESSAVG: 395000 -295.121 11.1276 34.0694 49.6679 -279.201 2.02729 61.1378 7.96857 167.348
GPRESSAVG: 395000 -295.144 11.0884 33.6944 49.5567 -279.248 2.26937 61.5393 7.43713 167.205
ENERGY:  395000         0.0000         0.0000         0.0000         0.0000          -5633.6125       393.3749         0.0000         0.0000       966.2115          -4274.0260       306.9569     -5240.2376     -4270.7083       294.3142           -143.3783      -123.8792     22548.0941      -135.6579      -135.7291

LDB: ============= START OF LOAD BALANCING ============== 1588.44
LDB: ============== END OF LOAD BALANCING =============== 1588.44
Info: useSync: 0 useProxySync: 0
LDB: =============== DONE WITH MIGRATION ================ 1588.44
LDB: ============= START OF LOAD BALANCING ============== 1588.6
LDB: TIME 1588.6 LOAD: AVG 0.0135686 MAX 0.145968  PROXIES: TOTAL 112 MAXPE 7 MAXPATCH 7 None MEM: 0 MB
LDB: TIME 1588.6 LOAD: AVG 0.0135686 MAX 0.145968  PROXIES: TOTAL 112 MAXPE 7 MAXPATCH 7 RefineTorusLB MEM: 0 MB
LDB: TIME 1588.6 LOAD: AVG 0.0135686 MAX 0.145968  PROXIES: TOTAL 112 MAXPE 7 MAXPATCH 7 RefineTorusLB MEM: 0 MB
LDB: ============== END OF LOAD BALANCING =============== 1588.6
Info: useSync: 0 useProxySync: 0
LDB: =============== DONE WITH MIGRATION ================ 1588.6
LDB: ============= START OF LOAD BALANCING ============== 1596.35
LDB: ============== END OF LOAD BALANCING =============== 1596.35
Info: useSync: 0 useProxySync: 0
LDB: =============== DONE WITH MIGRATION ================ 1596.35
LDB: ============= START OF LOAD BALANCING ============== 1596.51
LDB: TIME 1596.51 LOAD: AVG 0.0134956 MAX 0.145421  PROXIES: TOTAL 112 MAXPE 7 MAXPATCH 7 None MEM: 0 MB
LDB: TIME 1596.51 LOAD: AVG 0.0134956 MAX 0.145421  PROXIES: TOTAL 112 MAXPE 7 MAXPATCH 7 RefineTorusLB MEM: 0 MB
LDB: TIME 1596.51 LOAD: AVG 0.0134956 MAX 0.145421  PROXIES: TOTAL 112 MAXPE 7 MAXPATCH 7 RefineTorusLB MEM: 0 MB
LDB: ============== END OF LOAD BALANCING =============== 1596.51
Info: useSync: 0 useProxySync: 0
LDB: =============== DONE WITH MIGRATION ================ 1596.51
WRITING COORDINATES TO DCD FILE MD.dcd AT STEP 400000
WRITING COORDINATES TO RESTART FILE AT STEP 400000
FINISHED WRITING RESTART COORDINATES
WRITING VELOCITIES TO RESTART FILE AT STEP 400000
FINISHED WRITING RESTART VELOCITIES
PRESSURE: 400000 -687.201 -746.003 -39.0811 -573.847 -194.156 171.854 100.591 169.848 -827.918
GPRESSURE: 400000 -483.271 -694.089 32.905 -640.584 -99.7845 278.798 -57.5784 63.5693 -1082.78
PRESSAVG: 400000 -266.734 20.6159 48.517 0.540446 -280.936 8.08593 -64.5123 32.7884 207.874
GPRESSAVG: 400000 -266.832 20.4996 48.596 1.12326 -281.167 8.08118 -64.2445 32.8253 208.072
TIMING: 400000  CPU: 1516.11, 0.00371356/step  Wall: 1604.79, 0.00392556/step, 0.109043 hours remaining, 0.000000 MB of memory in use.
PERFORMANCE: 400000  averaging 43.0718 ns/day, 0.0040119 sec/step with standard deviation 8.17564e-05
ETITLE:      TS           BOND          ANGLE          DIHED          IMPRP               ELECT            VDW       BOUNDARY           MISC        KINETIC               TOTAL           TEMP      POTENTIAL         TOTAL3        TEMPAVG            PRESSURE      GPRESSURE         VOLUME       PRESSAVG      GPRESSAVG

ENERGY:  400000         0.0000         0.0000         0.0000         0.0000          -5532.4641       322.0819         0.0000         0.0000       965.0221          -4245.3601       306.5791     -5210.3822     -4243.4087       296.9636           -569.7582      -555.2791     22548.0941      -113.2652      -113.3091

WRITING EXTENDED SYSTEM TO RESTART FILE AT STEP 400000
LDB: ============= START OF LOAD BALANCING ============== 1605.96
LDB: ============== END OF LOAD BALANCING =============== 1605.96
Info: useSync: 0 useProxySync: 0
LDB: =============== DONE WITH MIGRATION ================ 1605.96
LDB: ============= START OF LOAD BALANCING ============== 1606.24
LDB: TIME 1606.24 LOAD: AVG 0.0152916 MAX 0.162543  PROXIES: TOTAL 112 MAXPE 7 MAXPATCH 7 None MEM: 0 MB
LDB: TIME 1606.24 LOAD: AVG 0.0152916 MAX 0.162543  PROXIES: TOTAL 112 MAXPE 7 MAXPATCH 7 RefineTorusLB MEM: 0 MB
LDB: TIME 1606.24 LOAD: AVG 0.0152916 MAX 0.162543  PROXIES: TOTAL 112 MAXPE 7 MAXPATCH 7 RefineTorusLB MEM: 0 MB
LDB: ============== END OF LOAD BALANCING =============== 1606.24
Info: useSync: 0 useProxySync: 0
LDB: =============== DONE WITH MIGRATION ================ 1606.24
LDB: ============= START OF LOAD BALANCING ============== 1613.44
LDB: ============== END OF LOAD BALANCING =============== 1613.44
Info: useSync: 0 useProxySync: 0
LDB: =============== DONE WITH MIGRATION ================ 1613.44
LDB: ============= START OF LOAD BALANCING ============== 1613.61
LDB: TIME 1613.61 LOAD: AVG 0.0140478 MAX 0.147351  PROXIES: TOTAL 112 MAXPE 7 MAXPATCH 7 None MEM: 0 MB
LDB: TIME 1613.61 LOAD: AVG 0.0140478 MAX 0.147351  PROXIES: TOTAL 112 MAXPE 7 MAXPATCH 7 RefineTorusLB MEM: 0 MB
LDB: TIME 1613.61 LOAD: AVG 0.0140478 MAX 0.147351  PROXIES: TOTAL 112 MAXPE 7 MAXPATCH 7 RefineTorusLB MEM: 0 MB
LDB: ============== END OF LOAD BALANCING =============== 1613.61
Info: useSync: 0 useProxySync: 0
LDB: =============== DONE WITH MIGRATION ================ 1613.61
LDB: ============= START OF LOAD BALANCING ============== 1620.44
LDB: ============== END OF LOAD BALANCING =============== 1620.44
Info: useSync: 0 useProxySync: 0
LDB: =============== DONE WITH MIGRATION ================ 1620.44
LDB: ============= START OF LOAD BALANCING ============== 1620.6
LDB: TIME 1620.6 LOAD: AVG 0.0136155 MAX 0.145956  PROXIES: TOTAL 112 MAXPE 7 MAXPATCH 7 None MEM: 0 MB
LDB: TIME 1620.6 LOAD: AVG 0.0136155 MAX 0.145956  PROXIES: TOTAL 112 MAXPE 7 MAXPATCH 7 RefineTorusLB MEM: 0 MB
LDB: TIME 1620.6 LOAD: AVG 0.0136155 MAX 0.145956  PROXIES: TOTAL 112 MAXPE 7 MAXPATCH 7 RefineTorusLB MEM: 0 MB
LDB: ============== END OF LOAD BALANCING =============== 1620.6
Info: useSync: 0 useProxySync: 0
LDB: =============== DONE WITH MIGRATION ================ 1620.6
WRITING COORDINATES TO DCD FILE MD.dcd AT STEP 405000
PRESSURE: 405000 -152.013 88.7581 360.083 189.006 35.1263 330.216 373.395 300.363 -215.791
GPRESSURE: 405000 -78.2316 50.4059 473.535 -89.3943 77.3699 454.825 265.381 287.026 -286.626
PRESSAVG: 405000 -262.779 -30.0099 52.2743 16.2587 -120.102 25.8729 -78.9505 -71.4183 380.176
GPRESSAVG: 405000 -262.804 -29.9107 52.442 16.1596 -120.056 26.1927 -79.5475 -71.677 380.457
ENERGY:  405000         0.0000         0.0000         0.0000         0.0000          -5585.4407       394.4955         0.0000         0.0000       919.1897          -4271.7555       292.0185     -5190.9452     -4270.0210       300.8191           -110.8926       -95.8294     22548.0941        -0.9016        -0.8013

LDB: ============= START OF LOAD BALANCING ============== 1628.31
LDB: ============== END OF LOAD BALANCING =============== 1628.31
Info: useSync: 0 useProxySync: 0
LDB: =============== DONE WITH MIGRATION ================ 1628.31
LDB: ============= START OF LOAD BALANCING ============== 1628.52
LDB: TIME 1628.52 LOAD: AVG 0.0149011 MAX 0.148184  PROXIES: TOTAL 112 MAXPE 7 MAXPATCH 7 None MEM: 0 MB
LDB: TIME 1628.52 LOAD: AVG 0.0149011 MAX 0.148184  PROXIES: TOTAL 112 MAXPE 7 MAXPATCH 7 RefineTorusLB MEM: 0 MB
LDB: TIME 1628.52 LOAD: AVG 0.0149011 MAX 0.148184  PROXIES: TOTAL 112 MAXPE 7 MAXPATCH 7 RefineTorusLB MEM: 0 MB
LDB: ============== END OF LOAD BALANCING =============== 1628.52
Info: useSync: 0 useProxySync: 0
LDB: =============== DONE WITH MIGRATION ================ 1628.52
LDB: ============= START OF LOAD BALANCING ============== 1636.22
LDB: ============== END OF LOAD BALANCING =============== 1636.22
Info: useSync: 0 useProxySync: 0
LDB: =============== DONE WITH MIGRATION ================ 1636.22
LDB: ============= START OF LOAD BALANCING ============== 1636.38
LDB: TIME 1636.38 LOAD: AVG 0.0134659 MAX 0.145761  PROXIES: TOTAL 112 MAXPE 7 MAXPATCH 7 None MEM: 0 MB
LDB: TIME 1636.38 LOAD: AVG 0.0134659 MAX 0.145761  PROXIES: TOTAL 112 MAXPE 7 MAXPATCH 7 RefineTorusLB MEM: 0 MB
LDB: TIME 1636.38 LOAD: AVG 0.0134659 MAX 0.145761  PROXIES: TOTAL 112 MAXPE 7 MAXPATCH 7 RefineTorusLB MEM: 0 MB
LDB: Reverting to original mapping
LDB: ============== END OF LOAD BALANCING =============== 1636.38
Info: useSync: 0 useProxySync: 0
LDB: =============== DONE WITH MIGRATION ================ 1636.38
WRITING COORDINATES TO DCD FILE MD.dcd AT STEP 410000
PRESSURE: 410000 81.8449 -93.7014 -82.0571 -169.629 -980.644 -314.311 -318.244 -735.869 199.342
GPRESSURE: 410000 -211.961 -52.0894 27.9577 -177.614 -830.771 -285.252 -657.322 -835.474 393.381
PRESSAVG: 410000 -180.715 -65.463 43.209 -19.5138 -186.421 9.11412 38.8755 29.7 184.998
GPRESSAVG: 410000 -180.735 -65.4095 43.3295 -19.5427 -186.19 9.24113 39.0938 29.5326 184.787
ENERGY:  410000         0.0000         0.0000         0.0000         0.0000          -5563.3464       370.7815         0.0000         0.0000       929.0227          -4263.5422       295.1423     -5192.5648     -4262.5912       299.4109           -233.1523      -216.4504     22548.0941       -60.7128       -60.7125

LDB: ============= START OF LOAD BALANCING ============== 1645.09
LDB: ============== END OF LOAD BALANCING =============== 1645.09
Info: useSync: 0 useProxySync: 0
LDB: =============== DONE WITH MIGRATION ================ 1645.09
LDB: ============= START OF LOAD BALANCING ============== 1645.31
LDB: TIME 1645.31 LOAD: AVG 0.0166977 MAX 0.198283  PROXIES: TOTAL 112 MAXPE 7 MAXPATCH 7 None MEM: 0 MB
LDB: TIME 1645.31 LOAD: AVG 0.0166977 MAX 0.198283  PROXIES: TOTAL 112 MAXPE 7 MAXPATCH 7 RefineTorusLB MEM: 0 MB
LDB: TIME 1645.31 LOAD: AVG 0.0166977 MAX 0.198283  PROXIES: TOTAL 112 MAXPE 7 MAXPATCH 7 RefineTorusLB MEM: 0 MB
LDB: Reverting to original mapping
LDB: ============== END OF LOAD BALANCING =============== 1645.31
Info: useSync: 0 useProxySync: 0
LDB: =============== DONE WITH MIGRATION ================ 1645.32
LDB: ============= START OF LOAD BALANCING ============== 1653.48
LDB: ============== END OF LOAD BALANCING =============== 1653.48
Info: useSync: 0 useProxySync: 0
LDB: =============== DONE WITH MIGRATION ================ 1653.48
LDB: ============= START OF LOAD BALANCING ============== 1653.64
LDB: TIME 1653.64 LOAD: AVG 0.0133944 MAX 0.145745  PROXIES: TOTAL 112 MAXPE 7 MAXPATCH 7 None MEM: 0 MB
LDB: TIME 1653.64 LOAD: AVG 0.0133944 MAX 0.145745  PROXIES: TOTAL 112 MAXPE 7 MAXPATCH 7 RefineTorusLB MEM: 0 MB
LDB: TIME 1653.64 LOAD: AVG 0.0133944 MAX 0.145745  PROXIES: TOTAL 112 MAXPE 7 MAXPATCH 7 RefineTorusLB MEM: 0 MB
LDB: ============== END OF LOAD BALANCING =============== 1653.64
Info: useSync: 0 useProxySync: 0
LDB: =============== DONE WITH MIGRATION ================ 1653.64
LDB: ============= START OF LOAD BALANCING ============== 1660.87
LDB: ============== END OF LOAD BALANCING =============== 1660.87
Info: useSync: 0 useProxySync: 0
LDB: =============== DONE WITH MIGRATION ================ 1660.87
LDB: ============= START OF LOAD BALANCING ============== 1661.13
LDB: TIME 1661.13 LOAD: AVG 0.0157354 MAX 0.17356  PROXIES: TOTAL 112 MAXPE 7 MAXPATCH 7 None MEM: 0 MB
LDB: TIME 1661.13 LOAD: AVG 0.0157354 MAX 0.17356  PROXIES: TOTAL 112 MAXPE 7 MAXPATCH 7 RefineTorusLB MEM: 0 MB
LDB: TIME 1661.13 LOAD: AVG 0.0157354 MAX 0.17356  PROXIES: TOTAL 112 MAXPE 7 MAXPATCH 7 RefineTorusLB MEM: 0 MB
LDB: ============== END OF LOAD BALANCING =============== 1661.13
Info: useSync: 0 useProxySync: 0
LDB: =============== DONE WITH MIGRATION ================ 1661.13
WRITING COORDINATES TO DCD FILE MD.dcd AT STEP 415000
PRESSURE: 415000 -658.68 302.713 517.452 401.684 236.211 110.717 -262.525 16.7659 -172.175
GPRESSURE: 415000 -645.006 293.656 986.737 422.423 155.4 -71.5907 -441.499 22.8867 -82.5326
PRESSAVG: 415000 -274.648 -6.58802 19.4321 -24.1267 -267.447 30.6293 -40.7735 -46.9634 173.38
GPRESSAVG: 415000 -274.855 -6.62221 19.491 -24.3929 -267.33 30.4628 -40.8468 -46.5875 173.005
ENERGY:  415000         0.0000         0.0000         0.0000         0.0000          -5603.6169       388.8581         0.0000         0.0000       959.1947          -4255.5641       304.7277     -5214.7587     -4253.1042       296.9004           -198.2145      -190.7128     22548.0941      -122.9051      -123.0601

LDB: ============= START OF LOAD BALANCING ============== 1668.56
LDB: ============== END OF LOAD BALANCING =============== 1668.56
Info: useSync: 0 useProxySync: 0
LDB: =============== DONE WITH MIGRATION ================ 1668.56
LDB: ============= START OF LOAD BALANCING ============== 1668.72
LDB: TIME 1668.72 LOAD: AVG 0.0134153 MAX 0.146006  PROXIES: TOTAL 112 MAXPE 7 MAXPATCH 7 None MEM: 0 MB
LDB: TIME 1668.72 LOAD: AVG 0.0134153 MAX 0.146006  PROXIES: TOTAL 112 MAXPE 7 MAXPATCH 7 RefineTorusLB MEM: 0 MB
LDB: TIME 1668.72 LOAD: AVG 0.0134153 MAX 0.146006  PROXIES: TOTAL 112 MAXPE 7 MAXPATCH 7 RefineTorusLB MEM: 0 MB
LDB: Reverting to original mapping
LDB: ============== END OF LOAD BALANCING =============== 1668.72
Info: useSync: 0 useProxySync: 0
LDB: =============== DONE WITH MIGRATION ================ 1668.72
LDB: ============= START OF LOAD BALANCING ============== 1677.5
LDB: ============== END OF LOAD BALANCING =============== 1677.5
Info: useSync: 0 useProxySync: 0
LDB: =============== DONE WITH MIGRATION ================ 1677.5
LDB: ============= START OF LOAD BALANCING ============== 1677.93
LDB: TIME 1677.93 LOAD: AVG 0.0207267 MAX 0.260789  PROXIES: TOTAL 112 MAXPE 7 MAXPATCH 7 None MEM: 0 MB
LDB: TIME 1677.93 LOAD: AVG 0.0207267 MAX 0.260789  PROXIES: TOTAL 112 MAXPE 7 MAXPATCH 7 RefineTorusLB MEM: 0 MB
LDB: TIME 1677.93 LOAD: AVG 0.0207267 MAX 0.260789  PROXIES: TOTAL 112 MAXPE 7 MAXPATCH 7 RefineTorusLB MEM: 0 MB
LDB: ============== END OF LOAD BALANCING =============== 1677.93
Info: useSync: 0 useProxySync: 0
LDB: =============== DONE WITH MIGRATION ================ 1677.93
PRESSURE: 420000 993.94 74.2192 58.6849 488.288 374.319 41.3888 471.489 -440.915 654.546
GPRESSURE: 420000 874.462 -76.9584 272.667 461.266 491.764 123.665 500.054 -631.209 734.637
PRESSAVG: 420000 -321.728 -16.2277 57.814 -15.2296 -248.65 -5.61797 31.7781 -16.1323 64.3714
GPRESSAVG: 420000 -321.758 -16.53 57.6585 -15.0318 -248.715 -5.41866 32.0665 -16.007 64.7308
ENERGY:  420000         0.0000         0.0000         0.0000         0.0000          -5681.3809       472.3756         0.0000         0.0000       934.0209          -4274.9844       296.7302     -5209.0053     -4272.4053       297.5018            674.2685       700.2877     22548.0941      -168.6689      -168.5808

WRITING COORDINATES TO DCD FILE MD.dcd AT STEP 420000
LDB: ============= START OF LOAD BALANCING ============== 1685.18
LDB: ============== END OF LOAD BALANCING =============== 1685.18
Info: useSync: 0 useProxySync: 0
LDB: =============== DONE WITH MIGRATION ================ 1685.18
LDB: ============= START OF LOAD BALANCING ============== 1685.36
LDB: TIME 1685.36 LOAD: AVG 0.0139693 MAX 0.14544  PROXIES: TOTAL 112 MAXPE 7 MAXPATCH 7 None MEM: 0 MB
LDB: TIME 1685.36 LOAD: AVG 0.0139693 MAX 0.14544  PROXIES: TOTAL 112 MAXPE 7 MAXPATCH 7 RefineTorusLB MEM: 0 MB
LDB: TIME 1685.36 LOAD: AVG 0.0139693 MAX 0.14544  PROXIES: TOTAL 112 MAXPE 7 MAXPATCH 7 RefineTorusLB MEM: 0 MB
LDB: Reverting to original mapping
LDB: ============== END OF LOAD BALANCING =============== 1685.36
Info: useSync: 0 useProxySync: 0
LDB: =============== DONE WITH MIGRATION ================ 1685.36
LDB: ============= START OF LOAD BALANCING ============== 1693.8
LDB: ============== END OF LOAD BALANCING =============== 1693.8
Info: useSync: 0 useProxySync: 0
LDB: =============== DONE WITH MIGRATION ================ 1693.8
LDB: ============= START OF LOAD BALANCING ============== 1694.04
LDB: TIME 1694.04 LOAD: AVG 0.0151547 MAX 0.168287  PROXIES: TOTAL 112 MAXPE 7 MAXPATCH 7 None MEM: 0 MB
LDB: TIME 1694.04 LOAD: AVG 0.0151547 MAX 0.168287  PROXIES: TOTAL 112 MAXPE 7 MAXPATCH 7 RefineTorusLB MEM: 0 MB
LDB: TIME 1694.04 LOAD: AVG 0.0151547 MAX 0.168287  PROXIES: TOTAL 112 MAXPE 7 MAXPATCH 7 RefineTorusLB MEM: 0 MB
LDB: Reverting to original mapping
LDB: ============== END OF LOAD BALANCING =============== 1694.04
Info: useSync: 0 useProxySync: 0
LDB: =============== DONE WITH MIGRATION ================ 1694.04
LDB: ============= START OF LOAD BALANCING ============== 1702.37
LDB: ============== END OF LOAD BALANCING =============== 1702.38
Info: useSync: 0 useProxySync: 0
LDB: =============== DONE WITH MIGRATION ================ 1702.38
LDB: ============= START OF LOAD BALANCING ============== 1702.65
LDB: TIME 1702.65 LOAD: AVG 0.0153358 MAX 0.161223  PROXIES: TOTAL 112 MAXPE 7 MAXPATCH 7 None MEM: 0 MB
LDB: TIME 1702.65 LOAD: AVG 0.0153358 MAX 0.161223  PROXIES: TOTAL 112 MAXPE 7 MAXPATCH 7 RefineTorusLB MEM: 0 MB
LDB: TIME 1702.65 LOAD: AVG 0.0153358 MAX 0.161223  PROXIES: TOTAL 112 MAXPE 7 MAXPATCH 7 RefineTorusLB MEM: 0 MB
LDB: ============== END OF LOAD BALANCING =============== 1702.65
Info: useSync: 0 useProxySync: 0
LDB: =============== DONE WITH MIGRATION ================ 1702.69
PRESSURE: 425000 150.042 381.447 150.12 295.252 -86.3493 215.242 416.259 492.787 1007.9
GPRESSURE: 425000 234.505 328.208 18.8925 79.7497 64.5402 574.482 862.31 518.554 868.578
PRESSAVG: 425000 -316.866 36.204 19.9925 33.4523 -161.922 -12.7508 -40.6415 61.0058 131.76
GPRESSAVG: 425000 -316.625 36.3583 19.763 33.5906 -162.044 -12.8533 -40.244 61.2337 131.94
ENERGY:  425000         0.0000         0.0000         0.0000         0.0000          -5649.2941       420.1544         0.0000         0.0000       950.0706          -4279.0690       301.8291     -5229.1397     -4277.3652       293.8302            357.1966       389.2077     22548.0941      -115.6762      -115.5766

WRITING COORDINATES TO DCD FILE MD.dcd AT STEP 425000
LDB: ============= START OF LOAD BALANCING ============== 1709.89
LDB: ============== END OF LOAD BALANCING =============== 1709.89
Info: useSync: 0 useProxySync: 0
LDB: =============== DONE WITH MIGRATION ================ 1709.89
LDB: ============= START OF LOAD BALANCING ============== 1710.08
LDB: TIME 1710.08 LOAD: AVG 0.0150777 MAX 0.169841  PROXIES: TOTAL 112 MAXPE 7 MAXPATCH 7 None MEM: 0 MB
LDB: TIME 1710.08 LOAD: AVG 0.0150777 MAX 0.169841  PROXIES: TOTAL 112 MAXPE 7 MAXPATCH 7 RefineTorusLB MEM: 0 MB
LDB: TIME 1710.08 LOAD: AVG 0.0150777 MAX 0.169841  PROXIES: TOTAL 112 MAXPE 7 MAXPATCH 7 RefineTorusLB MEM: 0 MB
LDB: ============== END OF LOAD BALANCING =============== 1710.08
Info: useSync: 0 useProxySync: 0
LDB: =============== DONE WITH MIGRATION ================ 1710.08
LDB: ============= START OF LOAD BALANCING ============== 1719.3
LDB: ============== END OF LOAD BALANCING =============== 1719.3
Info: useSync: 0 useProxySync: 0
LDB: =============== DONE WITH MIGRATION ================ 1719.31
LDB: ============= START OF LOAD BALANCING ============== 1719.46
LDB: TIME 1719.47 LOAD: AVG 0.0134483 MAX 0.14558  PROXIES: TOTAL 112 MAXPE 7 MAXPATCH 7 None MEM: 0 MB
LDB: TIME 1719.47 LOAD: AVG 0.0134483 MAX 0.14558  PROXIES: TOTAL 112 MAXPE 7 MAXPATCH 7 RefineTorusLB MEM: 0 MB
LDB: TIME 1719.47 LOAD: AVG 0.0134483 MAX 0.14558  PROXIES: TOTAL 112 MAXPE 7 MAXPATCH 7 RefineTorusLB MEM: 0 MB
LDB: Reverting to original mapping
LDB: ============== END OF LOAD BALANCING =============== 1719.47
Info: useSync: 0 useProxySync: 0
LDB: =============== DONE WITH MIGRATION ================ 1719.47
WRITING COORDINATES TO DCD FILE MD.dcd AT STEP 430000
PRESSURE: 430000 -552.968 -370.029 488.76 -255.587 -903.265 270.21 734.93 587.802 -661.904
GPRESSURE: 430000 -418.227 -314.478 488.287 -229.833 -947.063 43.277 616.872 703.902 -701.509
PRESSAVG: 430000 -158.821 20.2396 63.6122 25.6076 -281.531 -32.6916 -16.0545 -23.4318 199.691
GPRESSAVG: 430000 -158.52 20.4789 63.7366 25.5126 -281.571 -33.032 -15.7159 -23.5788 199.556
ENERGY:  430000         0.0000         0.0000         0.0000         0.0000          -5609.7663       361.3794         0.0000         0.0000       946.1483          -4302.2386       300.5830     -5248.3869     -4299.7351       298.3329           -706.0453      -688.9334     22548.0941       -80.2203       -80.1783

LDB: ============= START OF LOAD BALANCING ============== 1726.61
LDB: ============== END OF LOAD BALANCING =============== 1726.61
Info: useSync: 0 useProxySync: 0
LDB: =============== DONE WITH MIGRATION ================ 1726.61
LDB: ============= START OF LOAD BALANCING ============== 1726.81
LDB: TIME 1726.81 LOAD: AVG 0.0131941 MAX 0.145138  PROXIES: TOTAL 112 MAXPE 7 MAXPATCH 7 None MEM: 0 MB
LDB: TIME 1726.81 LOAD: AVG 0.0131941 MAX 0.145138  PROXIES: TOTAL 112 MAXPE 7 MAXPATCH 7 RefineTorusLB MEM: 0 MB
LDB: TIME 1726.81 LOAD: AVG 0.0131941 MAX 0.145138  PROXIES: TOTAL 112 MAXPE 7 MAXPATCH 7 RefineTorusLB MEM: 0 MB
LDB: ============== END OF LOAD BALANCING =============== 1726.81
Info: useSync: 0 useProxySync: 0
LDB: =============== DONE WITH MIGRATION ================ 1726.81
LDB: ============= START OF LOAD BALANCING ============== 1733.37
LDB: ============== END OF LOAD BALANCING =============== 1733.37
Info: useSync: 0 useProxySync: 0
LDB: =============== DONE WITH MIGRATION ================ 1733.37
LDB: ============= START OF LOAD BALANCING ============== 1733.53
LDB: TIME 1733.53 LOAD: AVG 0.0133796 MAX 0.145455  PROXIES: TOTAL 112 MAXPE 7 MAXPATCH 7 None MEM: 0 MB
LDB: TIME 1733.53 LOAD: AVG 0.0133796 MAX 0.145455  PROXIES: TOTAL 112 MAXPE 7 MAXPATCH 7 RefineTorusLB MEM: 0 MB
LDB: TIME 1733.53 LOAD: AVG 0.0133796 MAX 0.145455  PROXIES: TOTAL 112 MAXPE 7 MAXPATCH 7 RefineTorusLB MEM: 0 MB
LDB: Reverting to original mapping
LDB: ============== END OF LOAD BALANCING =============== 1733.53
Info: useSync: 0 useProxySync: 0
LDB: =============== DONE WITH MIGRATION ================ 1733.53
LDB: ============= START OF LOAD BALANCING ============== 1739.86
LDB: ============== END OF LOAD BALANCING =============== 1739.86
Info: useSync: 0 useProxySync: 0
LDB: =============== DONE WITH MIGRATION ================ 1739.86
LDB: ============= START OF LOAD BALANCING ============== 1740.04
LDB: TIME 1740.04 LOAD: AVG 0.0144628 MAX 0.162724  PROXIES: TOTAL 112 MAXPE 7 MAXPATCH 7 None MEM: 0 MB
LDB: TIME 1740.04 LOAD: AVG 0.0144628 MAX 0.162724  PROXIES: TOTAL 112 MAXPE 7 MAXPATCH 7 RefineTorusLB MEM: 0 MB
LDB: TIME 1740.04 LOAD: AVG 0.0144628 MAX 0.162724  PROXIES: TOTAL 112 MAXPE 7 MAXPATCH 7 RefineTorusLB MEM: 0 MB
LDB: Reverting to original mapping
LDB: ============== END OF LOAD BALANCING =============== 1740.04
Info: useSync: 0 useProxySync: 0
LDB: =============== DONE WITH MIGRATION ================ 1740.04
WRITING COORDINATES TO DCD FILE MD.dcd AT STEP 435000
PRESSURE: 435000 -131.257 -7.56667 918.194 18.599 -188.58 121.783 390.382 -63.1877 -164.16
GPRESSURE: 435000 74.4448 -4.42768 948.877 92.9467 -176.122 193.987 423.308 -208.964 -323.014
PRESSAVG: 435000 -297.558 -20.2828 -13.3967 -12.3612 -269.05 53.7942 -84.931 -9.69106 125.609
GPRESSAVG: 435000 -297.647 -19.854 -13.3406 -12.5265 -269.287 53.6519 -84.9654 -9.48902 126.2
ENERGY:  435000         0.0000         0.0000         0.0000         0.0000          -5674.3453       411.7434         0.0000         0.0000       965.4835          -4297.1185       306.7256     -5262.6019     -4295.0826       296.2689           -161.3325      -141.5637     22548.0941      -146.9998      -146.9114

LDB: ============= START OF LOAD BALANCING ============== 1746.31
LDB: ============== END OF LOAD BALANCING =============== 1746.31
Info: useSync: 0 useProxySync: 0
LDB: =============== DONE WITH MIGRATION ================ 1746.31
LDB: ============= START OF LOAD BALANCING ============== 1746.49
LDB: TIME 1746.49 LOAD: AVG 0.014676 MAX 0.169447  PROXIES: TOTAL 112 MAXPE 7 MAXPATCH 7 None MEM: 0 MB
LDB: TIME 1746.49 LOAD: AVG 0.014676 MAX 0.169447  PROXIES: TOTAL 112 MAXPE 7 MAXPATCH 7 RefineTorusLB MEM: 0 MB
LDB: TIME 1746.49 LOAD: AVG 0.014676 MAX 0.169447  PROXIES: TOTAL 112 MAXPE 7 MAXPATCH 7 RefineTorusLB MEM: 0 MB
LDB: Reverting to original mapping
LDB: ============== END OF LOAD BALANCING =============== 1746.49
Info: useSync: 0 useProxySync: 0
LDB: =============== DONE WITH MIGRATION ================ 1746.49
LDB: ============= START OF LOAD BALANCING ============== 1752.92
LDB: ============== END OF LOAD BALANCING =============== 1752.92
Info: useSync: 0 useProxySync: 0
LDB: =============== DONE WITH MIGRATION ================ 1752.92
LDB: ============= START OF LOAD BALANCING ============== 1753.08
LDB: TIME 1753.08 LOAD: AVG 0.0132741 MAX 0.145757  PROXIES: TOTAL 112 MAXPE 7 MAXPATCH 7 None MEM: 0 MB
LDB: TIME 1753.08 LOAD: AVG 0.0132741 MAX 0.145757  PROXIES: TOTAL 112 MAXPE 7 MAXPATCH 7 RefineTorusLB MEM: 0 MB
LDB: TIME 1753.08 LOAD: AVG 0.0132741 MAX 0.145757  PROXIES: TOTAL 112 MAXPE 7 MAXPATCH 7 RefineTorusLB MEM: 0 MB
LDB: ============== END OF LOAD BALANCING =============== 1753.08
Info: useSync: 0 useProxySync: 0
LDB: =============== DONE WITH MIGRATION ================ 1753.08
PRESSURE: 440000 -808.152 135.442 -90.3354 195.812 -638.549 83.8101 260.127 -242.837 -257.156
GPRESSURE: 440000 -920.919 48.6996 18.8445 444.237 -615.164 69.5144 158.444 -364.834 -138.687
PRESSAVG: 440000 -237.415 0.239561 -70.6474 -22.4192 -218.017 0.665495 -59.7604 -18.4654 206.643
GPRESSAVG: 440000 -237.368 0.146521 -70.5477 -22.1867 -217.649 0.392358 -59.9969 -18.4616 206.628
ENERGY:  440000         0.0000         0.0000         0.0000         0.0000          -5624.9160       376.8922         0.0000         0.0000       935.0390          -4312.9848       297.0537     -5248.0238     -4311.1352       296.4096           -567.9525      -558.2568     22548.0941       -82.9297       -82.7962

WRITING COORDINATES TO DCD FILE MD.dcd AT STEP 440000
LDB: ============= START OF LOAD BALANCING ============== 1759.31
LDB: ============== END OF LOAD BALANCING =============== 1759.31
Info: useSync: 0 useProxySync: 0
LDB: =============== DONE WITH MIGRATION ================ 1759.31
LDB: ============= START OF LOAD BALANCING ============== 1759.47
LDB: TIME 1759.47 LOAD: AVG 0.0131942 MAX 0.145569  PROXIES: TOTAL 112 MAXPE 7 MAXPATCH 7 None MEM: 0 MB
LDB: TIME 1759.47 LOAD: AVG 0.0131942 MAX 0.145569  PROXIES: TOTAL 112 MAXPE 7 MAXPATCH 7 RefineTorusLB MEM: 0 MB
LDB: TIME 1759.47 LOAD: AVG 0.0131942 MAX 0.145569  PROXIES: TOTAL 112 MAXPE 7 MAXPATCH 7 RefineTorusLB MEM: 0 MB
LDB: ============== END OF LOAD BALANCING =============== 1759.47
Info: useSync: 0 useProxySync: 0
LDB: =============== DONE WITH MIGRATION ================ 1759.47
LDB: ============= START OF LOAD BALANCING ============== 1765.71
LDB: ============== END OF LOAD BALANCING =============== 1765.71
Info: useSync: 0 useProxySync: 0
LDB: =============== DONE WITH MIGRATION ================ 1765.71
LDB: ============= START OF LOAD BALANCING ============== 1765.87
LDB: TIME 1765.87 LOAD: AVG 0.0131619 MAX 0.145814  PROXIES: TOTAL 112 MAXPE 7 MAXPATCH 7 None MEM: 0 MB
LDB: TIME 1765.87 LOAD: AVG 0.0131619 MAX 0.145814  PROXIES: TOTAL 112 MAXPE 7 MAXPATCH 7 RefineTorusLB MEM: 0 MB
LDB: TIME 1765.87 LOAD: AVG 0.0131619 MAX 0.145814  PROXIES: TOTAL 112 MAXPE 7 MAXPATCH 7 RefineTorusLB MEM: 0 MB
LDB: Reverting to original mapping
LDB: ============== END OF LOAD BALANCING =============== 1765.87
Info: useSync: 0 useProxySync: 0
LDB: =============== DONE WITH MIGRATION ================ 1765.87
LDB: ============= START OF LOAD BALANCING ============== 1772.23
LDB: ============== END OF LOAD BALANCING =============== 1772.23
Info: useSync: 0 useProxySync: 0
LDB: =============== DONE WITH MIGRATION ================ 1772.23
LDB: ============= START OF LOAD BALANCING ============== 1772.39
LDB: TIME 1772.39 LOAD: AVG 0.0134275 MAX 0.145553  PROXIES: TOTAL 112 MAXPE 7 MAXPATCH 7 None MEM: 0 MB
LDB: TIME 1772.39 LOAD: AVG 0.0134275 MAX 0.145553  PROXIES: TOTAL 112 MAXPE 7 MAXPATCH 7 RefineTorusLB MEM: 0 MB
LDB: TIME 1772.39 LOAD: AVG 0.0134275 MAX 0.145553  PROXIES: TOTAL 112 MAXPE 7 MAXPATCH 7 RefineTorusLB MEM: 0 MB
LDB: Reverting to original mapping
LDB: ============== END OF LOAD BALANCING =============== 1772.39
Info: useSync: 0 useProxySync: 0
LDB: =============== DONE WITH MIGRATION ================ 1772.39
WRITING COORDINATES TO DCD FILE MD.dcd AT STEP 445000
PRESSURE: 445000 -516.043 -316.975 114.231 120.768 -404.802 -166.975 107.565 -361.004 428.515
GPRESSURE: 445000 -511.526 4.98293 74.8604 -77.2272 -323.434 -95.4517 -46.5222 -483.397 382.035
PRESSAVG: 445000 -187.553 13.7287 -3.31434 -9.46468 -331.873 -45.8265 -7.04207 -99.4568 49.5233
GPRESSAVG: 445000 -187.336 13.5262 -3.80928 -10.0158 -332.059 -45.901 -6.57967 -99.2209 49.7071
ENERGY:  445000         0.0000         0.0000         0.0000         0.0000          -5656.1868       409.5995         0.0000         0.0000       891.4812          -4355.1062       283.2157     -5246.5873     -4353.5466       294.4371           -164.1099      -150.9752     22548.0941      -156.6341      -156.5627

LDB: ============= START OF LOAD BALANCING ============== 1778.59
LDB: ============== END OF LOAD BALANCING =============== 1778.59
Info: useSync: 0 useProxySync: 0
LDB: =============== DONE WITH MIGRATION ================ 1778.59
LDB: ============= START OF LOAD BALANCING ============== 1778.75
LDB: TIME 1778.75 LOAD: AVG 0.0132304 MAX 0.144594  PROXIES: TOTAL 112 MAXPE 7 MAXPATCH 7 None MEM: 0 MB
LDB: TIME 1778.75 LOAD: AVG 0.0132304 MAX 0.144594  PROXIES: TOTAL 112 MAXPE 7 MAXPATCH 7 RefineTorusLB MEM: 0 MB
LDB: TIME 1778.75 LOAD: AVG 0.0132304 MAX 0.144594  PROXIES: TOTAL 112 MAXPE 7 MAXPATCH 7 RefineTorusLB MEM: 0 MB
LDB: ============== END OF LOAD BALANCING =============== 1778.75
Info: useSync: 0 useProxySync: 0
LDB: =============== DONE WITH MIGRATION ================ 1778.75
LDB: ============= START OF LOAD BALANCING ============== 1785
LDB: ============== END OF LOAD BALANCING =============== 1785
Info: useSync: 0 useProxySync: 0
LDB: =============== DONE WITH MIGRATION ================ 1785
LDB: ============= START OF LOAD BALANCING ============== 1785.16
LDB: TIME 1785.16 LOAD: AVG 0.0133093 MAX 0.145104  PROXIES: TOTAL 112 MAXPE 7 MAXPATCH 7 None MEM: 0 MB
LDB: TIME 1785.16 LOAD: AVG 0.0133093 MAX 0.145104  PROXIES: TOTAL 112 MAXPE 7 MAXPATCH 7 RefineTorusLB MEM: 0 MB
LDB: TIME 1785.16 LOAD: AVG 0.0133093 MAX 0.145104  PROXIES: TOTAL 112 MAXPE 7 MAXPATCH 7 RefineTorusLB MEM: 0 MB
LDB: ============== END OF LOAD BALANCING =============== 1785.16
Info: useSync: 0 useProxySync: 0
LDB: =============== DONE WITH MIGRATION ================ 1785.16
WRITING COORDINATES TO DCD FILE MD.dcd AT STEP 450000
WRITING COORDINATES TO RESTART FILE AT STEP 450000
FINISHED WRITING RESTART COORDINATES
WRITING VELOCITIES TO RESTART FILE AT STEP 450000
FINISHED WRITING RESTART VELOCITIES
PRESSURE: 450000 -200.94 457.562 473.063 146.73 36.483 156.196 313.369 42.6505 49.3133
GPRESSURE: 450000 -75.0139 726.504 411.484 -124.648 -135.6 180.667 146.373 -194.536 197.799
PRESSAVG: 450000 -199.351 -29.1963 43.5424 -12.3871 -340.404 -49.5186 -54.4008 -84.0291 243.576
GPRESSAVG: 450000 -199.227 -28.9105 43.7654 -12.4379 -340.272 -49.7858 -55.0898 -84.1726 243.811
TIMING: 450000  CPU: 1694.2, 0.00356181/step  Wall: 1790.11, 0.00370646/step, 0.0514786 hours remaining, 0.000000 MB of memory in use.
PERFORMANCE: 450000  averaging 43.4393 ns/day, 0.00397796 sec/step with standard deviation 0.000127338
ETITLE:      TS           BOND          ANGLE          DIHED          IMPRP               ELECT            VDW       BOUNDARY           MISC        KINETIC               TOTAL           TEMP      POTENTIAL         TOTAL3        TEMPAVG            PRESSURE      GPRESSURE         VOLUME       PRESSAVG      GPRESSAVG

ENERGY:  450000         0.0000         0.0000         0.0000         0.0000          -5599.7985       390.4191         0.0000         0.0000       946.8861          -4262.4932       300.8174     -5209.3794     -4260.6961       295.4776            -38.3812        -4.2716     22548.0941       -98.7265       -98.5625

WRITING EXTENDED SYSTEM TO RESTART FILE AT STEP 450000
LDB: ============= START OF LOAD BALANCING ============== 1790.95
LDB: ============== END OF LOAD BALANCING =============== 1790.95
Info: useSync: 0 useProxySync: 0
LDB: =============== DONE WITH MIGRATION ================ 1790.95
LDB: ============= START OF LOAD BALANCING ============== 1791.12
LDB: TIME 1791.12 LOAD: AVG 0.0137504 MAX 0.153285  PROXIES: TOTAL 112 MAXPE 7 MAXPATCH 7 None MEM: 0 MB
LDB: TIME 1791.12 LOAD: AVG 0.0137504 MAX 0.153285  PROXIES: TOTAL 112 MAXPE 7 MAXPATCH 7 RefineTorusLB MEM: 0 MB
LDB: TIME 1791.12 LOAD: AVG 0.0137504 MAX 0.153285  PROXIES: TOTAL 112 MAXPE 7 MAXPATCH 7 RefineTorusLB MEM: 0 MB
LDB: Reverting to original mapping
LDB: ============== END OF LOAD BALANCING =============== 1791.12
Info: useSync: 0 useProxySync: 0
LDB: =============== DONE WITH MIGRATION ================ 1791.12
LDB: ============= START OF LOAD BALANCING ============== 1797.31
LDB: ============== END OF LOAD BALANCING =============== 1797.31
Info: useSync: 0 useProxySync: 0
LDB: =============== DONE WITH MIGRATION ================ 1797.31
LDB: ============= START OF LOAD BALANCING ============== 1797.47
LDB: TIME 1797.47 LOAD: AVG 0.0135116 MAX 0.148329  PROXIES: TOTAL 112 MAXPE 7 MAXPATCH 7 None MEM: 0 MB
LDB: TIME 1797.47 LOAD: AVG 0.0135116 MAX 0.148329  PROXIES: TOTAL 112 MAXPE 7 MAXPATCH 7 RefineTorusLB MEM: 0 MB
LDB: TIME 1797.47 LOAD: AVG 0.0135116 MAX 0.148329  PROXIES: TOTAL 112 MAXPE 7 MAXPATCH 7 RefineTorusLB MEM: 0 MB
LDB: ============== END OF LOAD BALANCING =============== 1797.47
Info: useSync: 0 useProxySync: 0
LDB: =============== DONE WITH MIGRATION ================ 1797.47
LDB: ============= START OF LOAD BALANCING ============== 1803.8
LDB: ============== END OF LOAD BALANCING =============== 1803.8
Info: useSync: 0 useProxySync: 0
LDB: =============== DONE WITH MIGRATION ================ 1803.8
LDB: ============= START OF LOAD BALANCING ============== 1803.93
LDB: TIME 1803.93 LOAD: AVG 0.0115673 MAX 0.117632  PROXIES: TOTAL 112 MAXPE 7 MAXPATCH 7 None MEM: 0 MB
LDB: TIME 1803.93 LOAD: AVG 0.0115673 MAX 0.117632  PROXIES: TOTAL 112 MAXPE 7 MAXPATCH 7 RefineTorusLB MEM: 0 MB
LDB: TIME 1803.93 LOAD: AVG 0.0115673 MAX 0.117632  PROXIES: TOTAL 112 MAXPE 7 MAXPATCH 7 RefineTorusLB MEM: 0 MB
LDB: ============== END OF LOAD BALANCING =============== 1803.93
Info: useSync: 0 useProxySync: 0
LDB: =============== DONE WITH MIGRATION ================ 1803.93
WRITING COORDINATES TO DCD FILE MD.dcd AT STEP 455000
PRESSURE: 455000 -888.029 442.068 -758.377 775.304 -1210.41 116.716 -600.365 270.268 307.516
GPRESSURE: 455000 -995.786 356.461 -539.939 890.471 -1204.79 22.745 -719.594 237.724 492.169
PRESSAVG: 455000 -218.463 -38.1151 -36.0065 -5.16226 -274.046 -48.8306 -41.0279 -34.5571 194.067
GPRESSAVG: 455000 -218.656 -38.2112 -36.3671 -4.93965 -273.986 -48.4046 -40.5079 -34.7699 194.136
ENERGY:  455000         0.0000         0.0000         0.0000         0.0000          -5619.6490       366.3580         0.0000         0.0000       940.3369          -4312.9542       298.7368     -5253.2910     -4310.8862       300.0122           -596.9728      -569.4688     22548.0941       -99.4809       -99.5018

LDB: ============= START OF LOAD BALANCING ============== 1809.52
LDB: ============== END OF LOAD BALANCING =============== 1809.52
Info: useSync: 0 useProxySync: 0
LDB: =============== DONE WITH MIGRATION ================ 1809.52
LDB: ============= START OF LOAD BALANCING ============== 1809.68
LDB: TIME 1809.68 LOAD: AVG 0.013231 MAX 0.145177  PROXIES: TOTAL 112 MAXPE 7 MAXPATCH 7 None MEM: 0 MB
LDB: TIME 1809.68 LOAD: AVG 0.013231 MAX 0.145177  PROXIES: TOTAL 112 MAXPE 7 MAXPATCH 7 RefineTorusLB MEM: 0 MB
LDB: TIME 1809.68 LOAD: AVG 0.013231 MAX 0.145177  PROXIES: TOTAL 112 MAXPE 7 MAXPATCH 7 RefineTorusLB MEM: 0 MB
LDB: ============== END OF LOAD BALANCING =============== 1809.68
Info: useSync: 0 useProxySync: 0
LDB: =============== DONE WITH MIGRATION ================ 1809.68
LDB: ============= START OF LOAD BALANCING ============== 1814.56
LDB: ============== END OF LOAD BALANCING =============== 1814.56
Info: useSync: 0 useProxySync: 0
LDB: =============== DONE WITH MIGRATION ================ 1814.56
LDB: ============= START OF LOAD BALANCING ============== 1814.67
LDB: TIME 1814.67 LOAD: AVG 0.0100318 MAX 0.0994484  PROXIES: TOTAL 112 MAXPE 7 MAXPATCH 7 None MEM: 0 MB
LDB: TIME 1814.67 LOAD: AVG 0.0100318 MAX 0.0994484  PROXIES: TOTAL 112 MAXPE 7 MAXPATCH 7 RefineTorusLB MEM: 0 MB
LDB: TIME 1814.67 LOAD: AVG 0.0100318 MAX 0.0994484  PROXIES: TOTAL 112 MAXPE 7 MAXPATCH 7 RefineTorusLB MEM: 0 MB
LDB: Reverting to original mapping
LDB: ============== END OF LOAD BALANCING =============== 1814.67
Info: useSync: 0 useProxySync: 0
LDB: =============== DONE WITH MIGRATION ================ 1814.67
PRESSURE: 460000 -785.53 -504.263 -597.421 -785.981 -514.099 984.064 -422.882 885.31 275.82
GPRESSURE: 460000 -717.256 -531.186 -639.178 -667.564 -678.44 821.546 -275.988 1009.41 401.353
PRESSAVG: 460000 -282.242 15.9122 -22.0491 29.1496 -398.913 36.744 -55.5216 -48.5169 127.491
GPRESSAVG: 460000 -282.31 15.9869 -22.1474 29.2113 -399.338 36.5129 -55.7131 -48.1437 127.347
ENERGY:  460000         0.0000         0.0000         0.0000         0.0000          -5605.3893       373.1946         0.0000         0.0000       945.7652          -4286.4295       300.4613     -5232.1947     -4285.4607       295.6408           -341.2699      -331.4478     22548.0941      -184.5546      -184.7670

WRITING COORDINATES TO DCD FILE MD.dcd AT STEP 460000
LDB: ============= START OF LOAD BALANCING ============== 1819.29
LDB: ============== END OF LOAD BALANCING =============== 1819.29
Info: useSync: 0 useProxySync: 0
LDB: =============== DONE WITH MIGRATION ================ 1819.29
LDB: ============= START OF LOAD BALANCING ============== 1819.39
LDB: TIME 1819.39 LOAD: AVG 0.0100363 MAX 0.0996898  PROXIES: TOTAL 112 MAXPE 7 MAXPATCH 7 None MEM: 0 MB
LDB: TIME 1819.39 LOAD: AVG 0.0100363 MAX 0.0996898  PROXIES: TOTAL 112 MAXPE 7 MAXPATCH 7 RefineTorusLB MEM: 0 MB
LDB: TIME 1819.39 LOAD: AVG 0.0100363 MAX 0.0996898  PROXIES: TOTAL 112 MAXPE 7 MAXPATCH 7 RefineTorusLB MEM: 0 MB
LDB: ============== END OF LOAD BALANCING =============== 1819.39
Info: useSync: 0 useProxySync: 0
LDB: =============== DONE WITH MIGRATION ================ 1819.4
LDB: ============= START OF LOAD BALANCING ============== 1824.2
LDB: ============== END OF LOAD BALANCING =============== 1824.2
Info: useSync: 0 useProxySync: 0
LDB: =============== DONE WITH MIGRATION ================ 1824.2
LDB: ============= START OF LOAD BALANCING ============== 1824.36
LDB: TIME 1824.36 LOAD: AVG 0.0133783 MAX 0.154238  PROXIES: TOTAL 112 MAXPE 7 MAXPATCH 7 None MEM: 0 MB
LDB: TIME 1824.36 LOAD: AVG 0.0133783 MAX 0.154238  PROXIES: TOTAL 112 MAXPE 7 MAXPATCH 7 RefineTorusLB MEM: 0 MB
LDB: TIME 1824.36 LOAD: AVG 0.0133783 MAX 0.154238  PROXIES: TOTAL 112 MAXPE 7 MAXPATCH 7 RefineTorusLB MEM: 0 MB
LDB: Reverting to original mapping
LDB: ============== END OF LOAD BALANCING =============== 1824.36
Info: useSync: 0 useProxySync: 0
LDB: =============== DONE WITH MIGRATION ================ 1824.36
LDB: ============= START OF LOAD BALANCING ============== 1829.28
LDB: ============== END OF LOAD BALANCING =============== 1829.28
Info: useSync: 0 useProxySync: 0
LDB: =============== DONE WITH MIGRATION ================ 1829.28
LDB: ============= START OF LOAD BALANCING ============== 1829.39
LDB: TIME 1829.39 LOAD: AVG 0.0100151 MAX 0.0996835  PROXIES: TOTAL 112 MAXPE 7 MAXPATCH 7 None MEM: 0 MB
LDB: TIME 1829.39 LOAD: AVG 0.0100151 MAX 0.0996835  PROXIES: TOTAL 112 MAXPE 7 MAXPATCH 7 RefineTorusLB MEM: 0 MB
LDB: TIME 1829.39 LOAD: AVG 0.0100151 MAX 0.0996835  PROXIES: TOTAL 112 MAXPE 7 MAXPATCH 7 RefineTorusLB MEM: 0 MB
LDB: ============== END OF LOAD BALANCING =============== 1829.39
Info: useSync: 0 useProxySync: 0
LDB: =============== DONE WITH MIGRATION ================ 1829.39
PRESSURE: 465000 -531.83 -129.573 -632.338 55.4418 433.581 -58.8979 -107.239 216.363 -45.0292
GPRESSURE: 465000 -388.517 -309.707 -653.263 119.173 495.912 -224.271 153.624 537.454 -197.942
PRESSAVG: 465000 -265.695 -59.7646 -10.7662 -0.877427 -183.559 49.4563 -116.97 39.8868 159.483
GPRESSAVG: 465000 -265.334 -59.8759 -10.9871 -0.654503 -183.758 49.6679 -116.958 39.9488 159.464
ENERGY:  465000         0.0000         0.0000         0.0000         0.0000          -5588.3028       385.6729         0.0000         0.0000       958.6701          -4243.9599       304.5611     -5202.6300     -4241.4367       298.5328            -47.7597       -30.1824     22548.0941       -96.5905       -96.5427

WRITING COORDINATES TO DCD FILE MD.dcd AT STEP 465000
LDB: ============= START OF LOAD BALANCING ============== 1834.31
LDB: ============== END OF LOAD BALANCING =============== 1834.31
Info: useSync: 0 useProxySync: 0
LDB: =============== DONE WITH MIGRATION ================ 1834.31
LDB: ============= START OF LOAD BALANCING ============== 1834.47
LDB: TIME 1834.47 LOAD: AVG 0.0132775 MAX 0.152098  PROXIES: TOTAL 112 MAXPE 7 MAXPATCH 7 None MEM: 0 MB
LDB: TIME 1834.47 LOAD: AVG 0.0132775 MAX 0.152098  PROXIES: TOTAL 112 MAXPE 7 MAXPATCH 7 RefineTorusLB MEM: 0 MB
LDB: TIME 1834.47 LOAD: AVG 0.0132775 MAX 0.152098  PROXIES: TOTAL 112 MAXPE 7 MAXPATCH 7 RefineTorusLB MEM: 0 MB
LDB: Reverting to original mapping
LDB: ============== END OF LOAD BALANCING =============== 1834.47
Info: useSync: 0 useProxySync: 0
LDB: =============== DONE WITH MIGRATION ================ 1834.47
LDB: ============= START OF LOAD BALANCING ============== 1839.05
LDB: ============== END OF LOAD BALANCING =============== 1839.05
Info: useSync: 0 useProxySync: 0
LDB: =============== DONE WITH MIGRATION ================ 1839.05
LDB: ============= START OF LOAD BALANCING ============== 1839.21
LDB: TIME 1839.21 LOAD: AVG 0.013477 MAX 0.149991  PROXIES: TOTAL 112 MAXPE 7 MAXPATCH 7 None MEM: 0 MB
LDB: TIME 1839.21 LOAD: AVG 0.013477 MAX 0.149991  PROXIES: TOTAL 112 MAXPE 7 MAXPATCH 7 RefineTorusLB MEM: 0 MB
LDB: TIME 1839.21 LOAD: AVG 0.013477 MAX 0.149991  PROXIES: TOTAL 112 MAXPE 7 MAXPATCH 7 RefineTorusLB MEM: 0 MB
LDB: ============== END OF LOAD BALANCING =============== 1839.21
Info: useSync: 0 useProxySync: 0
LDB: =============== DONE WITH MIGRATION ================ 1839.21
WRITING COORDINATES TO DCD FILE MD.dcd AT STEP 470000
PRESSURE: 470000 256.972 394.142 406.809 347.739 -1183.76 119.751 911.157 136.905 753.616
GPRESSURE: 470000 296.323 203.721 408.796 468.436 -1242.79 31.36 892.006 -70.1321 842.372
PRESSAVG: 470000 -120.779 -33.5499 20.2063 6.92048 -202.354 -1.20925 26.9365 -111.564 307.242
GPRESSAVG: 470000 -120.797 -33.8208 20.4405 6.82108 -202.227 -1.55712 26.6746 -111.406 307.275
ENERGY:  470000         0.0000         0.0000         0.0000         0.0000          -5606.8162       387.6336         0.0000         0.0000       949.1261          -4270.0566       301.5290     -5219.1827     -4266.8370       301.8258            -57.7235       -34.6976     22548.0941        -5.2970        -5.2495

LDB: ============= START OF LOAD BALANCING ============== 1844.34
LDB: ============== END OF LOAD BALANCING =============== 1844.34
Info: useSync: 0 useProxySync: 0
LDB: =============== DONE WITH MIGRATION ================ 1844.34
LDB: ============= START OF LOAD BALANCING ============== 1844.45
LDB: TIME 1844.45 LOAD: AVG 0.00990155 MAX 0.0994797  PROXIES: TOTAL 112 MAXPE 7 MAXPATCH 7 None MEM: 0 MB
LDB: TIME 1844.45 LOAD: AVG 0.00990155 MAX 0.0994797  PROXIES: TOTAL 112 MAXPE 7 MAXPATCH 7 RefineTorusLB MEM: 0 MB
LDB: TIME 1844.45 LOAD: AVG 0.00990155 MAX 0.0994797  PROXIES: TOTAL 112 MAXPE 7 MAXPATCH 7 RefineTorusLB MEM: 0 MB
LDB: Reverting to original mapping
LDB: ============== END OF LOAD BALANCING =============== 1844.45
Info: useSync: 0 useProxySync: 0
LDB: =============== DONE WITH MIGRATION ================ 1844.45
LDB: ============= START OF LOAD BALANCING ============== 1848.99
LDB: ============== END OF LOAD BALANCING =============== 1848.99
Info: useSync: 0 useProxySync: 0
LDB: =============== DONE WITH MIGRATION ================ 1848.99
LDB: ============= START OF LOAD BALANCING ============== 1849.1
LDB: TIME 1849.1 LOAD: AVG 0.00977813 MAX 0.0985818  PROXIES: TOTAL 112 MAXPE 7 MAXPATCH 7 None MEM: 0 MB
LDB: TIME 1849.1 LOAD: AVG 0.00977813 MAX 0.0985818  PROXIES: TOTAL 112 MAXPE 7 MAXPATCH 7 RefineTorusLB MEM: 0 MB
LDB: TIME 1849.1 LOAD: AVG 0.00977813 MAX 0.0985818  PROXIES: TOTAL 112 MAXPE 7 MAXPATCH 7 RefineTorusLB MEM: 0 MB
LDB: Reverting to original mapping
LDB: ============== END OF LOAD BALANCING =============== 1849.1
Info: useSync: 0 useProxySync: 0
LDB: =============== DONE WITH MIGRATION ================ 1849.1
LDB: ============= START OF LOAD BALANCING ============== 1853.79
LDB: ============== END OF LOAD BALANCING =============== 1853.79
Info: useSync: 0 useProxySync: 0
LDB: =============== DONE WITH MIGRATION ================ 1853.79
LDB: ============= START OF LOAD BALANCING ============== 1853.92
LDB: TIME 1853.92 LOAD: AVG 0.01185 MAX 0.129474  PROXIES: TOTAL 112 MAXPE 7 MAXPATCH 7 None MEM: 0 MB
LDB: TIME 1853.92 LOAD: AVG 0.01185 MAX 0.129474  PROXIES: TOTAL 112 MAXPE 7 MAXPATCH 7 RefineTorusLB MEM: 0 MB
LDB: TIME 1853.92 LOAD: AVG 0.01185 MAX 0.129474  PROXIES: TOTAL 112 MAXPE 7 MAXPATCH 7 RefineTorusLB MEM: 0 MB
LDB: Reverting to original mapping
LDB: ============== END OF LOAD BALANCING =============== 1853.92
Info: useSync: 0 useProxySync: 0
LDB: =============== DONE WITH MIGRATION ================ 1853.92
PRESSURE: 475000 -32.8136 -416.26 -17.0227 -525.404 -226.975 372.347 -161.387 169.019 183.401
GPRESSURE: 475000 17.1816 -634.775 -12.2247 -410.595 -225.163 324.685 -244.584 15.4324 178.296
PRESSAVG: 475000 -246.751 25.0487 2.57681 44.4627 -220.898 33.193 -86.7612 -0.761309 277.397
GPRESSAVG: 475000 -246.521 24.8432 2.67432 44.0413 -220.911 33.4531 -86.5507 -0.589381 277.272
ENERGY:  475000         0.0000         0.0000         0.0000         0.0000          -5609.5961       401.1485         0.0000         0.0000       950.7377          -4257.7099       302.0410     -5208.4476     -4255.3354       297.7783            -25.4626        -9.8952     22548.0941       -63.4174       -63.3865

WRITING COORDINATES TO DCD FILE MD.dcd AT STEP 475000
LDB: ============= START OF LOAD BALANCING ============== 1858.61
LDB: ============== END OF LOAD BALANCING =============== 1858.61
Info: useSync: 0 useProxySync: 0
LDB: =============== DONE WITH MIGRATION ================ 1858.61
LDB: ============= START OF LOAD BALANCING ============== 1858.75
LDB: TIME 1858.75 LOAD: AVG 0.011467 MAX 0.122095  PROXIES: TOTAL 112 MAXPE 7 MAXPATCH 7 None MEM: 0 MB
LDB: TIME 1858.75 LOAD: AVG 0.011467 MAX 0.122095  PROXIES: TOTAL 112 MAXPE 7 MAXPATCH 7 RefineTorusLB MEM: 0 MB
LDB: TIME 1858.75 LOAD: AVG 0.011467 MAX 0.122095  PROXIES: TOTAL 112 MAXPE 7 MAXPATCH 7 RefineTorusLB MEM: 0 MB
LDB: Reverting to original mapping
LDB: ============== END OF LOAD BALANCING =============== 1858.75
Info: useSync: 0 useProxySync: 0
LDB: =============== DONE WITH MIGRATION ================ 1858.75
LDB: ============= START OF LOAD BALANCING ============== 1863.74
LDB: ============== END OF LOAD BALANCING =============== 1863.74
Info: useSync: 0 useProxySync: 0
LDB: =============== DONE WITH MIGRATION ================ 1863.74
LDB: ============= START OF LOAD BALANCING ============== 1863.85
LDB: TIME 1863.85 LOAD: AVG 0.00998698 MAX 0.0992714  PROXIES: TOTAL 112 MAXPE 7 MAXPATCH 7 None MEM: 0 MB
LDB: TIME 1863.85 LOAD: AVG 0.00998698 MAX 0.0992714  PROXIES: TOTAL 112 MAXPE 7 MAXPATCH 7 RefineTorusLB MEM: 0 MB
LDB: TIME 1863.85 LOAD: AVG 0.00998698 MAX 0.0992714  PROXIES: TOTAL 112 MAXPE 7 MAXPATCH 7 RefineTorusLB MEM: 0 MB
LDB: Reverting to original mapping
LDB: ============== END OF LOAD BALANCING =============== 1863.85
Info: useSync: 0 useProxySync: 0
LDB: =============== DONE WITH MIGRATION ================ 1863.85
PRESSURE: 480000 571.24 148.814 -92.8994 287.591 -94.8211 -21.536 34.4902 -134.526 1035.36
GPRESSURE: 480000 598.367 31.5884 -409.71 379.906 -37.0872 199.128 76.6444 -262.052 969.028
PRESSAVG: 480000 -218.342 -15.5002 10.0318 24.0482 -269.782 48.84 -42.3668 -31.139 427.93
GPRESSAVG: 480000 -218.156 -15.6081 9.68813 24.0552 -269.728 48.2733 -42.1868 -31.2448 427.872
ENERGY:  480000         0.0000         0.0000         0.0000         0.0000          -5652.2428       445.2739         0.0000         0.0000       915.9131          -4291.0558       290.9775     -5206.9689     -4288.6245       301.0649            503.9255       510.1024     22548.0941       -20.0646       -20.0040

WRITING COORDINATES TO DCD FILE MD.dcd AT STEP 480000
LDB: ============= START OF LOAD BALANCING ============== 1868.21
LDB: ============== END OF LOAD BALANCING =============== 1868.21
Info: useSync: 0 useProxySync: 0
LDB: =============== DONE WITH MIGRATION ================ 1868.21
LDB: ============= START OF LOAD BALANCING ============== 1868.33
LDB: TIME 1868.33 LOAD: AVG 0.0105366 MAX 0.105482  PROXIES: TOTAL 112 MAXPE 7 MAXPATCH 7 None MEM: 0 MB
LDB: TIME 1868.33 LOAD: AVG 0.0105366 MAX 0.105482  PROXIES: TOTAL 112 MAXPE 7 MAXPATCH 7 RefineTorusLB MEM: 0 MB
LDB: TIME 1868.33 LOAD: AVG 0.0105366 MAX 0.105482  PROXIES: TOTAL 112 MAXPE 7 MAXPATCH 7 RefineTorusLB MEM: 0 MB
LDB: Reverting to original mapping
LDB: ============== END OF LOAD BALANCING =============== 1868.33
Info: useSync: 0 useProxySync: 0
LDB: =============== DONE WITH MIGRATION ================ 1868.33
LDB: ============= START OF LOAD BALANCING ============== 1873.27
LDB: ============== END OF LOAD BALANCING =============== 1873.27
Info: useSync: 0 useProxySync: 0
LDB: =============== DONE WITH MIGRATION ================ 1873.27
LDB: ============= START OF LOAD BALANCING ============== 1873.38
LDB: TIME 1873.38 LOAD: AVG 0.00984234 MAX 0.099481  PROXIES: TOTAL 112 MAXPE 7 MAXPATCH 7 None MEM: 0 MB
LDB: TIME 1873.38 LOAD: AVG 0.00984234 MAX 0.099481  PROXIES: TOTAL 112 MAXPE 7 MAXPATCH 7 RefineTorusLB MEM: 0 MB
LDB: TIME 1873.38 LOAD: AVG 0.00984234 MAX 0.099481  PROXIES: TOTAL 112 MAXPE 7 MAXPATCH 7 RefineTorusLB MEM: 0 MB
LDB: ============== END OF LOAD BALANCING =============== 1873.38
Info: useSync: 0 useProxySync: 0
LDB: =============== DONE WITH MIGRATION ================ 1873.38
LDB: ============= START OF LOAD BALANCING ============== 1878.18
LDB: ============== END OF LOAD BALANCING =============== 1878.18
Info: useSync: 0 useProxySync: 0
LDB: =============== DONE WITH MIGRATION ================ 1878.18
LDB: ============= START OF LOAD BALANCING ============== 1878.28
LDB: TIME 1878.28 LOAD: AVG 0.00984601 MAX 0.0991101  PROXIES: TOTAL 112 MAXPE 7 MAXPATCH 7 None MEM: 0 MB
LDB: TIME 1878.28 LOAD: AVG 0.00984601 MAX 0.0991101  PROXIES: TOTAL 112 MAXPE 7 MAXPATCH 7 RefineTorusLB MEM: 0 MB
LDB: TIME 1878.28 LOAD: AVG 0.00984601 MAX 0.0991101  PROXIES: TOTAL 112 MAXPE 7 MAXPATCH 7 RefineTorusLB MEM: 0 MB
LDB: Reverting to original mapping
LDB: ============== END OF LOAD BALANCING =============== 1878.28
Info: useSync: 0 useProxySync: 0
LDB: =============== DONE WITH MIGRATION ================ 1878.29
PRESSURE: 485000 594.43 -133.851 -728.132 135.632 -137.186 2.67662 -833.048 -324.264 -304.916
GPRESSURE: 485000 493.256 -223.943 -304.945 74.9265 -149.909 -225.752 -782.937 49.8854 -149.498
PRESSAVG: 485000 -272.788 -45.9607 2.84802 -22.6548 -251.365 48.0643 12.0647 23.9409 225.161
GPRESSAVG: 485000 -273.196 -45.9423 2.9671 -22.5426 -251.4 48.0397 12.2029 23.8291 225.271
ENERGY:  485000         0.0000         0.0000         0.0000         0.0000          -5649.5410       423.1310         0.0000         0.0000       974.9160          -4251.4941       309.7222     -5226.4100     -4249.1585       298.5368             50.7759        64.6165     22548.0941       -99.6641       -99.7748

WRITING COORDINATES TO DCD FILE MD.dcd AT STEP 485000
LDB: ============= START OF LOAD BALANCING ============== 1883.23
LDB: ============== END OF LOAD BALANCING =============== 1883.23
Info: useSync: 0 useProxySync: 0
LDB: =============== DONE WITH MIGRATION ================ 1883.23
LDB: ============= START OF LOAD BALANCING ============== 1883.34
LDB: TIME 1883.34 LOAD: AVG 0.00986192 MAX 0.0994133  PROXIES: TOTAL 112 MAXPE 7 MAXPATCH 7 None MEM: 0 MB
LDB: TIME 1883.34 LOAD: AVG 0.00986192 MAX 0.0994133  PROXIES: TOTAL 112 MAXPE 7 MAXPATCH 7 RefineTorusLB MEM: 0 MB
LDB: TIME 1883.34 LOAD: AVG 0.00986192 MAX 0.0994133  PROXIES: TOTAL 112 MAXPE 7 MAXPATCH 7 RefineTorusLB MEM: 0 MB
LDB: ============== END OF LOAD BALANCING =============== 1883.34
Info: useSync: 0 useProxySync: 0
LDB: =============== DONE WITH MIGRATION ================ 1883.34
LDB: ============= START OF LOAD BALANCING ============== 1888.13
LDB: ============== END OF LOAD BALANCING =============== 1888.13
Info: useSync: 0 useProxySync: 0
LDB: =============== DONE WITH MIGRATION ================ 1888.13
LDB: ============= START OF LOAD BALANCING ============== 1888.24
LDB: TIME 1888.24 LOAD: AVG 0.00992811 MAX 0.0997333  PROXIES: TOTAL 112 MAXPE 7 MAXPATCH 7 None MEM: 0 MB
LDB: TIME 1888.24 LOAD: AVG 0.00992811 MAX 0.0997333  PROXIES: TOTAL 112 MAXPE 7 MAXPATCH 7 RefineTorusLB MEM: 0 MB
LDB: TIME 1888.24 LOAD: AVG 0.00992811 MAX 0.0997333  PROXIES: TOTAL 112 MAXPE 7 MAXPATCH 7 RefineTorusLB MEM: 0 MB
LDB: ============== END OF LOAD BALANCING =============== 1888.24
Info: useSync: 0 useProxySync: 0
LDB: =============== DONE WITH MIGRATION ================ 1888.24
PRESSURE: 490000 -598.365 178.896 123.224 -141.268 100.728 480.403 602.756 -1.00517 563.318
GPRESSURE: 490000 -470.847 320.762 125.408 -159.026 195.835 434.703 671.447 192.693 408.724
PRESSAVG: 490000 -188.87 -2.93781 25.9411 3.123 -266.157 -26.5587 5.50302 -50.9409 186.629
GPRESSAVG: 490000 -189.055 -3.29747 25.9504 2.73427 -265.779 -26.7959 5.32171 -50.8154 186.171
ENERGY:  490000         0.0000         0.0000         0.0000         0.0000          -5654.2256       411.5501         0.0000         0.0000       951.6811          -4290.9943       302.3407     -5242.6754     -4289.9691       296.3301             21.8940        44.5704     22548.0941       -89.4658       -89.5543

WRITING COORDINATES TO DCD FILE MD.dcd AT STEP 490000
LDB: ============= START OF LOAD BALANCING ============== 1893.39
LDB: ============== END OF LOAD BALANCING =============== 1893.39
Info: useSync: 0 useProxySync: 0
LDB: =============== DONE WITH MIGRATION ================ 1893.39
LDB: ============= START OF LOAD BALANCING ============== 1893.57
LDB: TIME 1893.57 LOAD: AVG 0.0139295 MAX 0.163054  PROXIES: TOTAL 112 MAXPE 7 MAXPATCH 7 None MEM: 0 MB
LDB: TIME 1893.57 LOAD: AVG 0.0139295 MAX 0.163054  PROXIES: TOTAL 112 MAXPE 7 MAXPATCH 7 RefineTorusLB MEM: 0 MB
LDB: TIME 1893.57 LOAD: AVG 0.0139295 MAX 0.163054  PROXIES: TOTAL 112 MAXPE 7 MAXPATCH 7 RefineTorusLB MEM: 0 MB
LDB: Reverting to original mapping
LDB: ============== END OF LOAD BALANCING =============== 1893.57
Info: useSync: 0 useProxySync: 0
LDB: =============== DONE WITH MIGRATION ================ 1893.57
LDB: ============= START OF LOAD BALANCING ============== 1898.23
LDB: ============== END OF LOAD BALANCING =============== 1898.23
Info: useSync: 0 useProxySync: 0
LDB: =============== DONE WITH MIGRATION ================ 1898.23
LDB: ============= START OF LOAD BALANCING ============== 1898.35
LDB: TIME 1898.35 LOAD: AVG 0.0105473 MAX 0.107334  PROXIES: TOTAL 112 MAXPE 7 MAXPATCH 7 None MEM: 0 MB
LDB: TIME 1898.35 LOAD: AVG 0.0105473 MAX 0.107334  PROXIES: TOTAL 112 MAXPE 7 MAXPATCH 7 RefineTorusLB MEM: 0 MB
LDB: TIME 1898.35 LOAD: AVG 0.0105473 MAX 0.107334  PROXIES: TOTAL 112 MAXPE 7 MAXPATCH 7 RefineTorusLB MEM: 0 MB
LDB: Reverting to original mapping
LDB: ============== END OF LOAD BALANCING =============== 1898.35
Info: useSync: 0 useProxySync: 0
LDB: =============== DONE WITH MIGRATION ================ 1898.35
LDB: ============= START OF LOAD BALANCING ============== 1903.62
LDB: ============== END OF LOAD BALANCING =============== 1903.62
Info: useSync: 0 useProxySync: 0
LDB: =============== DONE WITH MIGRATION ================ 1903.62
LDB: ============= START OF LOAD BALANCING ============== 1903.74
LDB: TIME 1903.74 LOAD: AVG 0.0105405 MAX 0.108995  PROXIES: TOTAL 112 MAXPE 7 MAXPATCH 7 None MEM: 0 MB
LDB: TIME 1903.74 LOAD: AVG 0.0105405 MAX 0.108995  PROXIES: TOTAL 112 MAXPE 7 MAXPATCH 7 RefineTorusLB MEM: 0 MB
LDB: TIME 1903.74 LOAD: AVG 0.0105405 MAX 0.108995  PROXIES: TOTAL 112 MAXPE 7 MAXPATCH 7 RefineTorusLB MEM: 0 MB
LDB: ============== END OF LOAD BALANCING =============== 1903.74
Info: useSync: 0 useProxySync: 0
LDB: =============== DONE WITH MIGRATION ================ 1903.74
PRESSURE: 495000 -132.182 545.465 33.9829 428.5 -850.52 516.74 -30.8769 133.078 317.46
GPRESSURE: 495000 -94.3154 551.171 181.722 395.752 -975.21 564.16 -42.7962 192.684 533.533
PRESSAVG: 495000 -207.566 38.0827 14.1217 8.99716 -292.519 -5.18623 -23.6905 -77.7395 231.011
GPRESSAVG: 495000 -207.565 38.4493 14.4909 9.15345 -292.765 -5.09453 -23.8376 -77.7413 231.448
ENERGY:  495000         0.0000         0.0000         0.0000         0.0000          -5620.7804       376.2431         0.0000         0.0000       908.3558          -4336.1815       288.5767     -5244.5373     -4336.0391       300.5957           -221.7472      -178.6642     22548.0941       -89.6916       -89.6272

WRITING COORDINATES TO DCD FILE MD.dcd AT STEP 495000
LDB: ============= START OF LOAD BALANCING ============== 1908.72
LDB: ============== END OF LOAD BALANCING =============== 1908.72
Info: useSync: 0 useProxySync: 0
LDB: =============== DONE WITH MIGRATION ================ 1908.72
LDB: ============= START OF LOAD BALANCING ============== 1908.82
LDB: TIME 1908.82 LOAD: AVG 0.00988786 MAX 0.099112  PROXIES: TOTAL 112 MAXPE 7 MAXPATCH 7 None MEM: 0 MB
LDB: TIME 1908.82 LOAD: AVG 0.00988786 MAX 0.099112  PROXIES: TOTAL 112 MAXPE 7 MAXPATCH 7 RefineTorusLB MEM: 0 MB
LDB: TIME 1908.82 LOAD: AVG 0.00988786 MAX 0.099112  PROXIES: TOTAL 112 MAXPE 7 MAXPATCH 7 RefineTorusLB MEM: 0 MB
LDB: ============== END OF LOAD BALANCING =============== 1908.82
Info: useSync: 0 useProxySync: 0
LDB: =============== DONE WITH MIGRATION ================ 1908.82
LDB: ============= START OF LOAD BALANCING ============== 1913.84
LDB: ============== END OF LOAD BALANCING =============== 1913.84
Info: useSync: 0 useProxySync: 0
LDB: =============== DONE WITH MIGRATION ================ 1913.84
LDB: ============= START OF LOAD BALANCING ============== 1913.95
LDB: TIME 1913.95 LOAD: AVG 0.00990328 MAX 0.0983086  PROXIES: TOTAL 112 MAXPE 7 MAXPATCH 7 None MEM: 0 MB
LDB: TIME 1913.95 LOAD: AVG 0.00990328 MAX 0.0983086  PROXIES: TOTAL 112 MAXPE 7 MAXPATCH 7 RefineTorusLB MEM: 0 MB
LDB: TIME 1913.95 LOAD: AVG 0.00990328 MAX 0.0983086  PROXIES: TOTAL 112 MAXPE 7 MAXPATCH 7 RefineTorusLB MEM: 0 MB
LDB: Reverting to original mapping
LDB: ============== END OF LOAD BALANCING =============== 1913.95
Info: useSync: 0 useProxySync: 0
LDB: =============== DONE WITH MIGRATION ================ 1913.95
WRITING COORDINATES TO DCD FILE MD.dcd AT STEP 500000
WRITING COORDINATES TO RESTART FILE AT STEP 500000
FINISHED WRITING RESTART COORDINATES
WRITING VELOCITIES TO RESTART FILE AT STEP 500000
FINISHED WRITING RESTART VELOCITIES
PRESSURE: 500000 30.6887 26.0594 49.8821 410.951 -55.5273 740.125 127.109 534.557 1091.85
GPRESSURE: 500000 95.4265 41.003 0.533289 371.981 -212.888 586.034 369.761 843.974 1181.3
PRESSAVG: 500000 -368.089 23.1357 16.4627 27.8085 -291.313 -25.0745 94.878 -37.3466 231.546
GPRESSAVG: 500000 -368.112 23.2922 15.8189 27.9086 -291.228 -24.9845 95.4419 -37.5455 231.406
TIMING: 500000  CPU: 1820.88, 0.00253361/step  Wall: 1917.72, 0.0025521/step, 0 hours remaining, 0.000000 MB of memory in use.
PERFORMANCE: 500000  averaging 45.0542 ns/day, 0.00383538 sec/step with standard deviation 0.000466607
ETITLE:      TS           BOND          ANGLE          DIHED          IMPRP               ELECT            VDW       BOUNDARY           MISC        KINETIC               TOTAL           TEMP      POTENTIAL         TOTAL3        TEMPAVG            PRESSURE      GPRESSURE         VOLUME       PRESSAVG      GPRESSAVG

ENERGY:  500000         0.0000         0.0000         0.0000         0.0000          -5580.2239       399.8936         0.0000         0.0000       924.3613          -4255.9690       293.6615     -5180.3303     -4254.4884       295.5170            355.6719       354.6118     22548.0941      -142.6185      -142.6446

WRITING EXTENDED SYSTEM TO RESTART FILE AT STEP 500000
WRITING EXTENDED SYSTEM TO OUTPUT FILE AT STEP 500000
CLOSING EXTENDED SYSTEM TRAJECTORY FILE
WRITING COORDINATES TO OUTPUT FILE AT STEP 500000
CLOSING COORDINATE DCD FILE MD.dcd
WRITING VELOCITIES TO OUTPUT FILE AT STEP 500000
====================================================

WallClock: 1918.136230  CPUTime: 1821.225342  Memory: 0.000000 MB
[Partition 0][Node 0] End of program
